code,title,image_url,page_url,views,date_scraped
FC2PPV-4884888,[No *High quality Yui 22 years old Nogi◯ beauty's anal licking] Nogi◯ beauty tries anal licking The cute girl licks the anus so much that she gives a blowjob and releases a large amount of the old man's sperm ♡ Anal licking feels so good that the sperm splattered on her face lol,https://pic.javct.net/poster/04112026/1776755796.jpg,https://javct.net/v/fc2ppv-4884888,60,2026-07-15
FC2PPV-4884649,"[Uncensored] Gravure idol Aiko, 24 years old, the distance is too close to show off her beautiful breasts, and on nights when she can't say anything",https://pic.javct.net/poster/04112026/1776755525.jpg,https://javct.net/v/fc2ppv-4884649,25,2026-07-15
PA-042126-100,What If Your Dream Wife Wearing an Apron Naked? : Sakura Sakurai,https://pic.javct.net/poster/04112026/1776755661.jpg,https://javct.net/v/pa-042126-100,55,2026-07-15
10-042126-01,Collects the cum that was sprayed on her face and tastes every drop,https://pic.javct.net/poster/04112026/1776755750.jpg,https://javct.net/v/10-042126-01,09,2026-07-15
HZ-3829,Beauty Collection Vol.117 - Meirin,https://pic.javct.net/poster/04112026/1776755601.jpg,https://javct.net/v/hz-3829,59,2026-07-15
CR-042126-001,The tragedy of a wife who repays her husband's debts with her body,https://pic.javct.net/poster/04112026/1776755732.jpg,https://javct.net/v/cr-042126-001,61,2026-07-15
1P-042126-001,Happy Around in School! : Luxury Spa Club,https://pic.javct.net/poster/04112026/1776755765.jpg,https://javct.net/v/1p-042126-001,60,2026-07-15
FC2PPV-4884772,[Uncensored/Complete amateur/Creampie/Squirting] Neat and innocent 149cm short girl in uniform She's so cute that she inserts herself into a vagina that tightens so tight that you push her back and gives her a rich creampie ♡,https://pic.javct.net/poster/04112026/1776755692.jpg,https://javct.net/v/fc2ppv-4884772,14,2026-07-15
FC2PPV-4884691,"[Uncensored] Big-breasted receptionist Sayaka, 25 years old, her response is not a job, but a sex video record that is destroyed by a too polite distance",https://pic.javct.net/poster/04112026/1776755717.jpg,https://javct.net/v/fc2ppv-4884691,18,2026-07-15
FC2PPV-4884935,[Amateur's first shot] Sumire (18) 163 cm 47 kg D cup and the cutest shooting data was collected from the forehead camera's first person perspective video,https://pic.javct.net/poster/04112026/1776733868.jpg,https://javct.net/v/fc2ppv-4884935,66,2026-07-15
FC2PPV-4884375,"[Slender] A Kansai guy woke up after having sex for the first time in 2 years. He wanted more. He couldn't help but squirt at the overflowing moans. Two consecutive creampies, and a strong squirting finish.",https://pic.javct.net/poster/04112026/1776733779.jpg,https://javct.net/v/fc2ppv-4884375,63,2026-07-15
10-041926-01,Treasured Pussy Selection: Ai Nakano,https://pic.javct.net/poster/04112026/1776669419.jpg,https://javct.net/v/10-041926-01,14,2026-07-15
CR-042026-001,SEX establishment in which staff dress in costumes,https://pic.javct.net/poster/04112026/1776669371.jpg,https://javct.net/v/cr-042026-001,59,2026-07-15
FC2PPV-4883860,"[Limited Uncensored] A hole is made in the official layer condom of the fireworks costume, and she impregnates him on a dangerous day and accepts the invitation and has sex with him...♡ [Fireworks/Collapse Star Rail]",https://pic.javct.net/poster/04112026/1776645835.jpg,https://javct.net/v/fc2ppv-4883860,27,2026-07-15
FC2PPV-4883599,"[Complete secret version] [I cup] [Big breasts] [Creampie] Haruka, a new I cup graduate employee, was fo**ed to leave the company due to escalating harassment from her colleagues and boss [Chapter 1]",https://pic.javct.net/poster/04112026/1776576303.jpg,https://javct.net/v/fc2ppv-4883599,112,2026-07-15
FC2PPV-4883692,"[Uncensored] Hostess Marin, 23 years old, at first it was meant to be light, but before she knew it, the sex had become intense and she couldn't get out of it.",https://pic.javct.net/poster/04112026/1776576339.jpg,https://javct.net/v/fc2ppv-4883692,36,2026-07-15
HZ-3830,Asi-Hame!! Vol.26 - Zhang,https://pic.javct.net/poster/04112026/1776576140.jpg,https://javct.net/v/hz-3830,61,2026-07-15
FC2PPV-4878741,[Uncensored] ** The hidden face of nursery teacher Yumi (22)... Her secret is too neat,https://pic.javct.net/poster/04112026/1776576108.jpg,https://javct.net/v/fc2ppv-4878741,17,2026-07-15
FC2PPV-4882927,[Resale] [Mawashi Project] Here is a divine work full of F-cup beauties whose erotic marshmallow bodies make you irresistible no matter what you wear.,https://pic.javct.net/poster/04112026/1776570068.jpg,https://javct.net/v/fc2ppv-4882927,78,2026-07-15
FC2PPV-4879997,"[Uncensored] Ayame (27) Secretary with big breasts and beautiful breasts, intimate private life that is not usually shown",https://pic.javct.net/poster/04112026/1776576189.jpg,https://javct.net/v/fc2ppv-4879997,16,2026-07-15
FC2PPV-4883529,"380_[Dirty language graffiti] Thank you for her retirement, Runa-chan. Pervert dirty words graffiti on her super dynamite body. At the end, the three actors make Runa-chan enjoy her body to their heart's content. Creampie 4P Runa-chan Chapter 10 [Overseas version]",https://pic.javct.net/poster/04112026/1776569680.jpg,https://javct.net/v/fc2ppv-4883529,58,2026-07-15
HZ-3827,Perverted Maid Turns Into A Nympho With Her Master's Junk - Kaede Takagaki,https://pic.javct.net/poster/04112026/1776487863.jpg,https://javct.net/v/hz-3827,61,2026-07-15
PA-041826-100,It's Hawaii! A Bikini wife in high spirits!,https://pic.javct.net/poster/04112026/1776506834.jpg,https://javct.net/v/pa-041826-100,60,2026-07-15
10-041826-01,SEX within seconds of meeting : Ai Nakano,https://pic.javct.net/poster/04112026/1776487893.jpg,https://javct.net/v/10-041826-01,47,2026-07-15
FC2PPV-4938458,"[Individual video] The newlywed ballet school teacher is made into a meat urinal with a cock and is poured with thick semen, making her very excited...",https://pic.javct.net/poster/07052026/b0019488dc.jpg,https://javct.net/v/fc2ppv-4938458,31,2026-07-15
VEMA-030-RM,Busty Nurse Wife - Ai Airi [Uncensored L**ked],https://pic.javct.net/poster/07052026/287f47e571.jpg,https://javct.net/v/vema-030-rm,90,2026-07-15
DASD-314-RM,First Anal Fuck Original Pies Zenana To Have Her Husband Chigusa [Uncensored L**ked],https://pic.javct.net/poster/07052026/aa18620f83.jpg,https://javct.net/v/dasd-314-rm,120,2026-07-15
VEC-063-RM,Rei Aoki Incontinence Openly Can Not Stand Apartment Wife Peeing [Uncensored L**ked],https://pic.javct.net/poster/07052026/c243d5d9e7.jpg,https://javct.net/v/vec-063-rm,90,2026-07-15
AEDS-167-RM,Battle Of Sexual Feeling Este Squirting Secret To The New Mom!! 2 «Annals Of The Squirting Voyeur Verification Of The First Time In My Life» [Uncensored L**ked],https://pic.javct.net/poster/07052026/d18015f266.jpg,https://javct.net/v/aeds-167-rm,90,2026-07-15
NYKD-124-RM,Maiko Nijo Takes Her Sixtieth Birthday For The First Time,https://pic.javct.net/poster/20233001/1675482952.jpg,https://javct.net/v/nykd-124-rm,122,2026-07-15
OIGS-048-RM,Rope Sickness Married Woman Bondage Desire And Guy Volunteer Shiokawa Sea Urchin,https://pic.javct.net/poster/20233001/1676086832.jpg,https://javct.net/v/oigs-048-rm,108,2026-07-15
SGA-086-RM,G Cup Married Tairareina 28-year-old AV Debut Normal Sex Not Only Husband And Busty Wife Restraint Not Play Forget That Only Once Too Much Agony To Bondage Excitement Female Dog Flowering In The First Bondage! ! 49 [Uncensored L**ked],https://pic.javct.net/poster/07052026/09c261d914.jpg,https://javct.net/v/sga-086-rm,125,2026-07-15
NUKA-60-RM,Six Shots Without Pulling Out Incest Copulation Yumiko Mitsuse,https://pic.javct.net/poster/20222612/1674701229.jpg,https://javct.net/v/nuka-60-rm,95,2026-07-15
XRW-777-RM,"Take In Bondage Fucker Half Married Woman On SNS And Take It To Me, To**ure Rolling Training Nishida Karina [Uncensored L**ked]",https://pic.javct.net/poster/07052026/18a603c5af.jpg,https://javct.net/v/xrw-777-rm,101,2026-07-15
JJGG-004-RM,"A slender but busty married woman who was left alone for 5 years. ""I'm sorry for being such an old woman..."" the trembling 45-year-old housewife smiled and begged for creampie. Keori Nakamura",https://pic.javct.net/poster/07052026/07a9ba2abb.jpg,https://javct.net/v/jjgg-004-rm,118,2026-07-15
YMDS-275-RM,"My brother's wife, the target of my twisted love and hate is my sister-in-law, revenge edition, Hazuki Ichinose [Uncensored L**ked]",https://pic.javct.net/poster/07052026/36d0de90ca.jpg,https://javct.net/v/ymds-275-rm,64,2026-07-15
DLDSS-513-RM,"""My salary has increased again this year.'' Despite my husband saying happily, I am being creampied by my husband's boss. ‘I Want to Fall in Love’ Exclusive Actress “Creampie” Lifted. Fuuka Sakurazaka",https://pic.javct.net/poster/07052026/7159709cf9.jpg,https://javct.net/v/dldss-513-rm,166,2026-07-15
JUY-358-RM,"""N, No, Please Don't... My Husband Will Wake Up!!"" A Big Ass Housewife Is Trying To Keep Her Voice Down During A Thrilling Cowgirl Session Maya Takeuchi",https://pic.javct.net/poster/20220406/1655776807.jpg,https://javct.net/v/juy-358-rm,117,2026-07-15
WA-591,"No Way, I Won't Be Able To Go To Work Tomorrow! I Seduced A Busty Working Woman And We Had Amazing Chemistry When I Had Sex With Her.",https://pic.javct.net/poster/07052026/1fc5f7fef7.jpg,https://javct.net/v/wa-591,300,2026-07-15
YMDS-276-RM,"My brother's wife, the target of my twisted love and hatred is my sister-in-law, lust edition, Hazuki Ichinose [Uncensored L**ked]",https://pic.javct.net/poster/07052026/225aa0cb6a.jpg,https://javct.net/v/ymds-276-rm,61,2026-07-15
FC2PPV-4938613,[Personal photography] A 35-year-old mature wife writhes in agony as her whole body is covered in erogenous zones. Her unprocessed pubic hair may be valuable.,https://pic.javct.net/poster/07052026/d2a8af4d90.jpg,https://javct.net/v/fc2ppv-4938613,39,2026-07-15
259LUXU-289,Luxury TV 346,https://pic.javct.net/poster/07052026/efb7a1ce22.jpg,https://javct.net/v/259luxu-289,60,2026-07-15
259LUXU-299,Luxury TV 312,https://pic.javct.net/poster/07052026/d462057e1b.jpg,https://javct.net/v/259luxu-299,59,2026-07-15
259LUXU-293,Luxury TV 325,https://pic.javct.net/poster/07052026/5a58bb69ea.jpg,https://javct.net/v/259luxu-293,58,2026-07-15
259LUXU-291,Luxury TV 290,https://pic.javct.net/poster/07052026/db7d1ca2a7.jpg,https://javct.net/v/259luxu-291,59,2026-07-15
259LUXU-297,Luxury TV 296,https://pic.javct.net/poster/07052026/229d96992c.jpg,https://javct.net/v/259luxu-297,57,2026-07-15
259LUXU-309,Luxury TV 318,https://pic.javct.net/poster/07052026/9c4681c4af.jpg,https://javct.net/v/259luxu-309,59,2026-07-15
259LUXU-308,Luxury TV 324,https://pic.javct.net/poster/07052026/038d85e67c.jpg,https://javct.net/v/259luxu-308,57,2026-07-15
FC2PPV-4936225,"[Completely treasured video] Ah, no, no, no, no, no, no, no, no, no, no, no, no, no. Breaking through the limits with my dick. A superb sex friend of a slippery beautiful pussy filmed with a promise not to show it to anyone. Limited release of the appearance of a slippery and beautiful pussy that collapses and goes crazy",https://pic.javct.net/poster/07052026/3239bcf432.jpg,https://javct.net/v/fc2ppv-4936225,77,2026-07-15
FC2PPV-4933130,"[Super close-up pussy cuppa~] The lewd appearance of a receptionist at a major department store ♡ A slender beauty's pussy, anal, boobs and fingers are covered up. Smooth hairless/narrow vagina/nice ass/dopin' pussy/extremely close-up view",https://pic.javct.net/poster/07052026/fbbdb0a039.jpg,https://javct.net/v/fc2ppv-4933130,45,2026-07-15
FC2PPV-4926047,"Face Showing Case #138 where an amateur came to do naughty things. To be honest, she was so much of the type that she almost orgasmed on the way...w In the case of fair-skinned beauty Yuka-chan (20)",https://pic.javct.net/poster/05192026/2691eb7d5b.jpg,https://javct.net/v/fc2ppv-4926047,67,2026-07-15
FC2PPV-4915538,"Case #136 where an amateur came to do naughty things with her face exposed. The case of Miku-chan (20), a cute fairy who was given a toy and a lot of mouth fuck.",https://pic.javct.net/poster/05192026/2e031dc88c.jpg,https://javct.net/v/fc2ppv-4915538,56,2026-07-15
FC2PPV-4903172,"[Uncensored x Personal Shooting] Kerberos Special Edition When I asked for a rental girlfriend who was OK with sex, a F-cup beauty with a great figure appeared and she was in no condition to flirt with me.",https://pic.javct.net/poster/04112026/6c34681552.jpg,https://javct.net/v/fc2ppv-4903172,46,2026-07-15
FC2PPV-4899692,"Case #132 where an amateur came to do naughty things with her face exposed Miku-chan (20), a beautiful, fair-skinned and cute girl with an outstanding figure transforms.",https://pic.javct.net/poster/04112026/3f1f029f4e.jpg,https://javct.net/v/fc2ppv-4899692,58,2026-07-15
FC2PPV-4870849,"[Complete amateur] A refreshing and cute 32-year-old single woman sucks a middle-aged man's thick dick, and after making him cum, she licks his pussy and loves to have intense sex. Her enchanted expression is irresistible.",https://pic.javct.net/poster/06032026/1774847642.jpg,https://javct.net/v/fc2ppv-4870849,58,2026-07-15
FC2PPV-4865386,"As a graduation gift, I made a grown-up promise with an 18-year-old... I secretly became friends with my friend Imo⚫︎to.In my last uniform, I had my first creampie in my life, swallowed, and had a cleaning blow job.",https://pic.javct.net/poster/06032026/1773982176.jpg,https://javct.net/v/fc2ppv-4865386,70,2026-07-15
FC2PPV-4855213,"[Complete amateur] Beautiful, cute and wonderful single person, her pussy is thoroughly attacked and she screams with electric massager, finger pussy splash, thick dick piston",https://pic.javct.net/poster/01202026/1772253991.jpg,https://javct.net/v/fc2ppv-4855213,57,2026-07-15
FC2PPV-4846835,[Super close-up pussy cuppa~] Neat and clean black hair long uniform Fair skin and smooth long limbs ♡ Obedient de M natural pussy hair pussy anal open up natural pubic hair / small clitoris / beautiful butt / labia without dark spots / super close-up view,https://pic.javct.net/poster/01202026/1770784948.jpg,https://javct.net/v/fc2ppv-4846835,15,2026-07-15
FC2PPV-4837194,"[Complete amateur] A single user with a naughty body and a cute face seems to like being fucked violently, so he stirs it with his fingers, gets drenched with a large amount of splash, and screams with the piston of the old man's thick penis.",https://pic.javct.net/poster/01202026/1769318339.jpg,https://javct.net/v/fc2ppv-4837194,64,2026-07-15
FC2PPV-4825574,"[Uncensored/Creampie] Photo session Sexual harassment of cosplayers, humiliating photo session, massive creampie cum on beautiful pussy",https://pic.javct.net/poster/12082025/1767588899.jpg,https://javct.net/v/fc2ppv-4825574,64,2026-07-15
FC2PPV-4819991,[Complete Amateur] A very cute single mother with an elegant and naughty technique that makes the old man's dick go crazy. The atmosphere like a married couple is erotic.,https://pic.javct.net/poster/12082025/1766807904.jpg,https://javct.net/v/fc2ppv-4819991,47,2026-07-15
FC2PPV-4820724,CP0443 Masturbation showing off the slimy beauty of a fair-skinned pussy,https://pic.javct.net/poster/12082025/1766724426.jpg,https://javct.net/v/fc2ppv-4820724,31,2026-07-15
FC2PPV-4810880,"[Real amateur] A god-style beauty with a marshmallow, slender body, F-cup, beautiful breasts, beautiful butt, beautiful legs, and a beautiful pussy, with a strong desire for approval, is begged for a serious creampie, and is released in half, half, and inside.",https://pic.javct.net/poster/12082025/1765342972.jpg,https://javct.net/v/fc2ppv-4810880,63,2026-07-15
FC2PPV-4798264,Sakamichi idol type 150cm size everyone's I. Mo./U. and Nagisa-chan\! A plump single lined. Tight/. Lo./ Beautiful pussy ♡ Is there anyone who doesn't like it?,https://pic.javct.net/poster/10232025/1763182415.jpg,https://javct.net/v/fc2ppv-4798264,129,2026-07-15
FC2PPV-4792623,"[Complete amateur] A cute and beautiful 32-year-old single girl whose nervousness and wariness gradually disappear, and she is made to cum by a standing thick dick.",https://pic.javct.net/poster/10232025/1762583561.jpg,https://javct.net/v/fc2ppv-4792623,59,2026-07-15
FC2PPV-4791714,"[First shoot] [Sensitive] Yes, if you open your mouth, you can talk machine guns or give a vacuum blowjob. An office lady with a nice butt and a unique world view is in agony with a seven-colored moaning voice.",https://pic.javct.net/poster/10232025/1762402658.jpg,https://javct.net/v/fc2ppv-4791714,78,2026-07-15
PT-207,Cheer Fuck : Shizuku Hatano,https://pic.javct.net/poster/09052025/1759364394.jpg,https://javct.net/v/pt-207,120,2026-07-15
HEY-223,Sexy Massage Make He manly : Kanna Kitayama,https://pic.javct.net/poster/09052025/1759363877.jpg,https://javct.net/v/hey-223,120,2026-07-15
HEY-222,"Bichi-jo -Dirty Private Lesson- : Miyu Shiina, Ayaka Haruyama",https://pic.javct.net/poster/09052025/1759364028.jpg,https://javct.net/v/hey-222,120,2026-07-15
HEY-224,Office Lady Loves Washroom Masturbation : Kanon Sugiura,https://pic.javct.net/poster/09052025/1759363993.jpg,https://javct.net/v/hey-224,120,2026-07-15
HEY-219,Koukotsu : Maki Hojo,https://pic.javct.net/poster/09052025/1759277995.jpg,https://javct.net/v/hey-219,150,2026-07-15
PT-206,Girl Gets Creampied By Fake Fortune-Teller : Mika Kirishima,https://pic.javct.net/poster/09052025/1759277930.jpg,https://javct.net/v/pt-206,100,2026-07-15
MUDR-150-RM,Adolescent Cuckholding My Girlfriend Was Fucked By An Unknown Older Man... Miruku Himeno,https://static.javct.net/poster/mudr-150.jpg,https://javct.net/v/mudr-150-rm,141,2026-07-15
PKPD-168-RM,Dental Assistant Sex Friend Iroha-chan With A Certain Personality Can't Say No to Cuckoldry! Iroha Minami,https://pic.javct.net/poster/20212709/1635800442.jpg,https://javct.net/v/pkpd-168-rm,140,2026-07-15
MIAA-159-RM,"I Was Stranded With My Girlfriend's Little Sister By A Sudden Rainstorm, And So We Had To Stick It Out Until Morning... Akari Neo [Uncensored L**ked]",https://pic.javct.net/poster/20220406/1654569994.jpg,https://javct.net/v/miaa-159-rm,120,2026-07-15
JUY-355-RM,I Can't Tell My Dear Husband I Like Cock That Reaches The Back Of My Throat Hikari Anzai [Uncensored L**ked],https://pic.javct.net/poster/20220406/1656495894.jpg,https://javct.net/v/juy-355-rm,116,2026-07-15
NDRA-088-RM,I'm Fucking My Girlfriend's Mom In Secret... Iori Yuki [Uncensored L**ked],https://static.javct.net/poster/ndra-088.jpg,https://javct.net/v/ndra-088-rm,120,2026-07-15
JUY-943-RM,Her First Appearance With Madonna! - My Husband Doesn't Know About My Secret Desires - Shoko Akiyama [Uncensored L**ked],https://pic.javct.net/poster/20220406/1655138513.jpg,https://javct.net/v/juy-943-rm,118,2026-07-15
HZGD-202-RM,"""Taken Advantage Of By My Terrible Brother-in-law, Making Me Give Into Pleasure I've Never Known Before..."" Emotions Remain The Same As Always, But The Husband Switches Places With The Brother-in-law. Tsubasa Hachino [Uncensored L**ked]",https://pic.javct.net/poster/20212709/1637178109.jpg,https://javct.net/v/hzgd-202-rm,119,2026-07-15
HZGD-201-RM,"I Went Home To Visit My Family And Met My Stepmom's Employee, A Sensual Colossal Tits Married Woman. Madoka Shizuki [Uncensored L**ked]",https://pic.javct.net/poster/20212709/1633426262.jpg,https://javct.net/v/hzgd-201-rm,118,2026-07-15
HZGD-200-RM,Can't Turn This Married Woman Down. A Genuine Wife Brings On A Part-timer To Satisfy Her With A Risky Creampie. Nonoka Nogi [Uncensored L**ked],https://pic.javct.net/poster/20212709/1633426319.jpg,https://javct.net/v/hzgd-200-rm,120,2026-07-15
NGOD-137-RM,A Housewife With A Provisionary License 8 Please Approve My Application... Lena Aoi [Uncensored L**ked],https://pic.javct.net/poster/20212011/1640864156.jpg,https://javct.net/v/ngod-137-rm,163,2026-07-15
NKKD-220-RM,Ideal Married Life In The Countryside...The Perfect Chance For This Thirsty Wife To Get A Taste Of Local Farmers' Huge Cocks Inside Her Chitose Yuki [Uncensored L**ked],https://static.javct.net/poster/nkkd-220.jpg,https://javct.net/v/nkkd-220-rm,124,2026-07-15
NDRA-046-RM,The Wife Who Became A Whore For My Neighbor 8 Her Nipple Was Prime For Fondling And Fucking Monami Takarada [Uncensored L**ked],https://pic.javct.net/poster/20221202/1646654725.jpg,https://javct.net/v/ndra-046-rm,132,2026-07-15
JUNY-043-RM,Dirty Men Toy With Curvy Bodied Girl Even While Her Boyfriend Is Right There. Colossal Tits And Massive Ass In Swimsuit Gets Teased By Personal Trainer. Climax NTR Getting Cheated On Pervert. Reo Fujisawa [Uncensored L**ked],https://pic.javct.net/poster/20212308/1631859469.jpg,https://javct.net/v/juny-043-rm,172,2026-07-15
PPPD-515-RM,My Girlfriend's Sister Seduces Me With Her Big Tits And Welcomes Creampie Mao Hamasaki [Uncensored L**ked],https://pic.javct.net/poster/20221108/1661666861.jpg,https://javct.net/v/pppd-515-rm,119,2026-07-15
JUY-339-RM,The Night My Wife Got Fucked The Lustful Nightmare That Her Husband Had Secretly Wished For Rin Yamamoto [Uncensored L**ked],https://pic.javct.net/poster/20212011/1640937205.jpg,https://javct.net/v/juy-339-rm,119,2026-07-15
EBON-006-RM,"""Someday, surely..."" Before you know it, your beloved c**ldhood friend's body is being stained by your friend... The c**ldhood friend BSS series, which has sold over 230,000 copies in total, is finally being made into a film! Until I take everything from you - Riho Shishido [Uncensored L**ked]",https://pic.javct.net/poster/05192026/e9bee068bf.jpg,https://javct.net/v/ebon-006-rm,112,2026-07-15
DVDES-799-RM,"A Married Couple Heads To The Men's Bath On An Extreme Cuckold Mission To Test The Bonds Of Their Love! If The Husband Can Watch His Beloved Busty Wife Ride Another Man's Raw Cock, They'll Win 1,000,000 Yen! In Hakone Hot Springs [Uncensored L**ked]",https://pic.javct.net/poster/20212011/1643855768.jpg,https://javct.net/v/dvdes-799-rm,183,2026-07-15
EBON-006,"""Someday, surely..."" Before you know it, your beloved c**ldhood friend's body is being stained by your friend... The c**ldhood friend BSS series, which has sold over 230,000 copies in total, is finally being made into a film! Until I take everything from you - Riho Shishido",https://pic.javct.net/poster/05192026/e9bee068bf.jpg,https://javct.net/v/ebon-006,112,2026-07-15
STARS-062-RM,A Realtor Fucks The Husband Of A Couple Who Came To Purchase A Home And Forces Him To Give Her A Creampie Mana Sakura [Uncensored L**ked],https://pic.javct.net/poster/20220406/1657165983.jpg,https://javct.net/v/stars-062-rm,135,2026-07-15
JUY-336-RM,Ever Since That Day When I Got My Pussy Pumped To The Deepest Depths Of My Life... Reika Hashimoto [Uncensored L**ked],https://pic.javct.net/poster/20220406/1656495835.jpg,https://javct.net/v/juy-336-rm,120,2026-07-15
PPPD-494-RM,A Horny Slut With Big Tits Steals Her Best Friend's Boyfriend The Elder Sister Hitomi [Uncensored L**ked],https://pic.javct.net/poster/20221108/1661448361.jpg,https://javct.net/v/pppd-494-rm,119,2026-07-15
START-305-SUB,Hikari Aozora [English Subtitle],https://pic.javct.net/poster/20250903/1743464892.jpg,https://javct.net/v/start-305-sub,129,2026-07-15
ROE-352-SUB,Miki Akai [English Subtitle],https://pic.javct.net/poster/20250903/1743705626.jpg,https://javct.net/v/roe-352-sub,140,2026-07-15
PKPD-138-RM,I Picked Up A Girl With F-Cup Tits Who I Found In The Office District And Fucked Her Raw Minami Haruhana [Uncensored L**ked],https://static.javct.net/poster/pkpd-138.jpg,https://javct.net/v/pkpd-138-rm,139,2026-07-15
VRTM-327-RM,"When I Called A Housekeeper Over To My Bachelor Pad She Turned Out To Be Totally Stacked! Her Big Tits Gave Me Wood, And She Felt So Bad For Me She Gave Me A Handjob! Only My Huge Dick Turned Her On So Much She Couldn't Stop There - She Had To Ride It Cowgirl Style! Grinding Away And Begging For My Creampie! 2 [Uncensored L**ked]",https://pic.javct.net/poster/20221108/1663504006.jpg,https://javct.net/v/vrtm-327-rm,220,2026-07-15
GVG-404-RM,The Sexy PTA Chairwoman And The Student Council Brats [Uncensored L**ked],https://pic.javct.net/poster/20220406/1656676520.jpg,https://javct.net/v/gvg-404-rm,133,2026-07-15
VOSS-009-RM,"I Was Being Bullied For Having A Big Dick, So I Stopped Going To School, And When My Female Teacher Came To Visit Because She Was Worried About Me, She Took One Look At My Huge Cock And Got Hot And Horny 2 Hisae Yabe [Uncensored L**ked]",https://pic.javct.net/poster/20212011/1643856572.jpg,https://javct.net/v/voss-009-rm,99,2026-07-15
JUY-949-RM,A G-Cup Titty Married Woman Is Continuously Getting Fucked Raw Endless Ejaculations!! Ultra High-Class Creampie Baths Chikako Maru [Uncensored L**ked],https://pic.javct.net/poster/20221202/1649812871.jpg,https://javct.net/v/juy-949-rm,115,2026-07-15
GVG-373-RM,The Sexy PTA Chairwoman And The Naughty Student Council Yuna Takase [Uncensored L**ked],https://pic.javct.net/poster/20221904/1652315847.jpg,https://javct.net/v/gvg-373-rm,136,2026-07-15
MAZO-016-RM,"Department Store Receptionist, 27 Years Old, Tied Up With Chains, Womanizer Uterus Convulsions, Pure M, Gokubi Dcup, God's Constriction, Creampie During Lunch Break [Uncensored L**ked]",https://pic.javct.net/poster/05192026/506c6c50e1.jpg,https://javct.net/v/mazo-016-rm,75,2026-07-15
JUY-194-RM,The Coincidental Secret Room A Married Woman Female Doctor And Her Patient Nozomi Tanihara [Uncensored L**ked],https://pic.javct.net/poster/20212011/1640801270.jpg,https://javct.net/v/juy-194-rm,118,2026-07-15
SDDE-411-RM,"No Matter How Many Times They Fuck She's Still Horny. Countless Rounds Of Orgasmic Sex. One Night, Two Day Hotel Stay Of Ecstasy - 12 Loads In All! [Uncensored L**ked]",https://pic.javct.net/poster/20220406/1654569935.jpg,https://javct.net/v/sdde-411-rm,151,2026-07-15
MAZO-008-RM,Manners Instructor 26 Years Old Dildo Electric Demon Leverage Cheating SEX Continues Even During Engagement Perverted Woman Who Becomes A Semen Toilet Uterus Trampling Exciting Climax [Uncensored L**ked],https://pic.javct.net/poster/05192026/6e988e4fda.jpg,https://javct.net/v/mazo-008-rm,78,2026-07-15
GVG-801-RM,A Sexy Weather Girl Elder Sister And Her Bad Boys Mari Takasugi [Uncensored L**ked],https://pic.javct.net/poster/20212011/1643623764.jpg,https://javct.net/v/gvg-801-rm,136,2026-07-15
JUL-489-SUB,"A Madonna Label Exclusive Kana Mito She's Lifting Her Lesbian Ban!! While On A Business Trip, To Her Surprise, She Was Booked Into The Same Room At The Business Hotel With Her Cute Colleague, Whom She Discovered, To Her Further Surprise, That She Was A Lesbian. [English Subtitle]",https://pic.javct.net/poster/20212709/1636394681.jpg,https://javct.net/v/jul-489-sub,166,2026-07-15
ROYD-067-RM,"My C**ldhood Friend Is A Beautiful Older Woman With F-Cup Titties, And Now That I've Paid My Subscription Fees, I Can Insert My Dick Whenever I Want, As Much As I Want! As Long As I Pay The Monthly Fees, I Can Fuck Her Anytime, Anywhere, As Much As I Like! Mikako Horiuchi [Uncensored L**ked]",https://pic.javct.net/poster/20212308/1632470195.jpg,https://javct.net/v/royd-067-rm,157,2026-07-15
JUY-053-RM,My Lady Boss Is Cumming At Me Hard For Sex At The Office Eriko Miura [Uncensored L**ked],https://pic.javct.net/poster/20221904/1651464392.jpg,https://javct.net/v/juy-053-rm,119,2026-07-15
T28-381-RM,The Elderly Home Helper That Can't Say No To A Creampie [Uncensored L**ked],https://pic.javct.net/poster/20222109/1665547568.jpg,https://javct.net/v/t28-381-rm,124,2026-07-15
HUNTB-151-RM,"Door To Anywhere ""Aah, Pervert! Why Are You Here!? Get out!"" You Can Go Anywhere With This Door! And You Can Cum Anywhere With It Too! [Uncensored L**ked]",https://pic.javct.net/poster/20212709/1637308899.jpg,https://javct.net/v/huntb-151-rm,165,2026-07-15
MAZO-026-RM,A Public School Student 1 Years Old Trained To Train A First-Class Body As A Track And Field Club Super Sensitive Nipple Twist And Faints In Agony Irresponsible Seeding Sex Loving Masochist Lady [Uncensored L**ked],https://pic.javct.net/poster/04112026/3ca4374d65.jpg,https://javct.net/v/mazo-026-rm,72,2026-07-15
JUY-935-RM,"My Last Summer Break, Private Lessons With My Favorite Female Teacher In A Sweaty Classroom - Ayaka Makimura [Uncensored L**ked]",https://pic.javct.net/poster/20212011/1641085593.jpg,https://javct.net/v/juy-935-rm,120,2026-07-15
GVG-770-RM,A Sexy Weather Girl And Naughty Brats. Akari Mitani [Uncensored L**ked],https://pic.javct.net/poster/20212011/1643623940.jpg,https://javct.net/v/gvg-770-rm,137,2026-07-15
JUE-007-RM,"Showa. Female Medic Goes Out Looking For Her Lover On The Battlefield. A Sad And Ephemeral Wartime Story About Ongoing Struggles, Sex With Those In Power, Fucking A Father In Law. Ai Mukai. [Uncensored L**ked]",https://pic.javct.net/poster/20221202/1647760447.jpg,https://javct.net/v/jue-007-rm,120,2026-07-15
HDKA-246-RM,Nude Maid. Nude Maid Referral Office. Ena Satsuki [Uncensored L**ked],https://pic.javct.net/poster/20212011/1638335334.jpg,https://javct.net/v/hdka-246-rm,120,2026-07-15
JUL-489-RM,"A Madonna Label Exclusive Kana Mito She's Lifting Her Lesbian Ban!! While On A Business Trip, To Her Surprise, She Was Booked Into The Same Room At The Business Hotel With Her Cute Colleague, Whom She Discovered, To Her Further Surprise, That She Was A Lesbian. [Uncensored L**ked]",https://pic.javct.net/poster/20212709/1636394681.jpg,https://javct.net/v/jul-489-rm,166,2026-07-15
JUL-537-RM,On A Two Night Three Day Trip I Was Ordered To Stay In The Hotel And Ended Up Seducing The Hot Receptionist... Aoi Mukai [Uncensored L**ked],https://static.javct.net/poster/jul-537.jpg,https://javct.net/v/jul-537-rm,119,2026-07-15
JUY-917-RM,"I Got A New Job, And Now I'm The Fresh Face In The Office, And My Lady Boss Is Always Toying With Me During Work Hours Yuka Oshima [Uncensored L**ked]",https://pic.javct.net/poster/20221904/1652889883.jpg,https://javct.net/v/juy-917-rm,119,2026-07-15
ADN-691-SUB,My Female Boss Was Transferred To The Middle Of Nowhere And All I Have To Do Is Have Sex... Natsume Ayaka [English Subtitle],https://pic.javct.net/poster/20252204/1748538750.jpg,https://javct.net/v/adn-691-sub,120,2026-07-15
HSODA-124-RM,"[Lewd ASMR] Whispering ""Cum Inside Me Again Today,"" My Reason Completely Breaks Down In This Decadent Affair With A Goddess Of Bodily Fluids. [Completely Subjective. So Stimulating It Makes Your Brain Tremble] Ayatsuki Nanao [Uncensored L**ked]",https://pic.javct.net/poster/07052026/306b14e8b3.jpg,https://javct.net/v/hsoda-124-rm,150,2026-07-15
SONE-680-SUB,"I'm On A Business Trip With A Cute But Cheeky Coworker Who Hates Me, And I Missed The Last Train, So I Ended Up Sharing A Room With Her. When I Woke Up In The Morning, She Was Acting Like A Little Sister And Wanted My Dick... Rika Natsuzora [English Subtitle]",https://pic.javct.net/poster/20250903/1743704039.jpg,https://javct.net/v/sone-680-sub,120,2026-07-15
EUMD-001-RM,Hey sticky slut! J Cup Glamorous Female Boss Mion Hazuki Who Plays With The Older And Lower [Uncensored L**ked],https://pic.javct.net/poster/07052026/8319a9c46d.jpg,https://javct.net/v/eumd-001-rm,125,2026-07-15
PKPD-158-RM,"A Documentary On Mitsuki, My Amateur Fuck-Buddy, Who Is An Extremely Beautiful Girl, Neat and Clean, Small-Titted, And Looking For A Job. Mitsuki Hirose. [Uncensored L**ked]",https://static.javct.net/poster/pkpd-158.jpg,https://javct.net/v/pkpd-158-rm,141,2026-07-15
HSODA-124,"[Lewd ASMR] Whispering ""Cum Inside Me Again Today,"" My Reason Completely Breaks Down In This Decadent Affair With A Goddess Of Bodily Fluids. [Completely Subjective. So Stimulating It Makes Your Brain Tremble] Ayatsuki Nanao",https://pic.javct.net/poster/07052026/306b14e8b3.jpg,https://javct.net/v/hsoda-124,150,2026-07-15
SNOS-274,"A Junior Coworker From My Part-time Job Stayed Over At My Place Friday Night, And The Next Day We Had Sex After Waking Up, Watched TV, Ate Snacks, And Had Sex Again. It Was A Weekend Of Non-stop Sex That Continued Until Night. - Nozomi Araki",https://pic.javct.net/poster/07052026/cb1dc4b0c7.jpg,https://javct.net/v/snos-274,120,2026-07-15
PKPD-148-RM,"Amateur Fuck Buddy Documentary - Kinda Sorta Almost My Girlfriend - Record Of A Creampie Fuck With My Fuck Buddy Riku, An Office Lady With Colossal I-Cup Tits - Riku Serina [Uncensored L**ked]",https://static.javct.net/poster/pkpd-148.jpg,https://javct.net/v/pkpd-148-rm,140,2026-07-15
APAK-208-RM,(Lewd Masochist! Twitching With Pleasure!) Model Tier Gorgeous Office Worker Works On Day Off To End Up Getting Pounded And Face-fucked Like Crazy For Intense Creampie Sex Caught On Camera. Riona Hirose [Uncensored L**ked],https://pic.javct.net/poster/20212011/1639198108.jpg,https://javct.net/v/apak-208-rm,131,2026-07-15
SAME-227-RM,The Person My Subordinate Assaulted Was The Woman I Loved. [Uncensored L**ked],https://pic.javct.net/poster/05192026/e7611f74e1.jpg,https://javct.net/v/same-227-rm,130,2026-07-15
PKPD-145-RM,Amateur Fuck Buddy Documentary - Lightly Buzzed Creampie Sex With Fragrant Pretty Office Lady In Pantyhose - Hana Shirato [Uncensored L**ked],https://static.javct.net/poster/pkpd-145.jpg,https://javct.net/v/pkpd-145-rm,123,2026-07-15
SAME-227,The Person My Subordinate Assaulted Was The Woman I Loved.,https://pic.javct.net/poster/05192026/e7611f74e1.jpg,https://javct.net/v/same-227,130,2026-07-15
ADN-789,A Married Woman Who Hadn't Had Sex Even Once In Four Years Of Marriage Was Embraced By Her Boss One Night.,https://pic.javct.net/poster/05192026/9699e2c512.jpg,https://javct.net/v/adn-789,120,2026-07-15
MDBK-216-RM,I Will Be Taking Care Of You Today  Hot And Steamy Sexual Service By A Delivery Service Secretary In A Miniskirt [Uncensored L**ked],https://pic.javct.net/poster/20212011/1641638778.jpg,https://javct.net/v/mdbk-216-rm,143,2026-07-15
FCDC-113-RM,A Slutty Female Boss Seduces Her Workers With Her Erect Nipples And Her Big Ass - Honoka Takigawa [Uncensored L**ked],https://pic.javct.net/poster/20221904/1652841165.jpg,https://javct.net/v/fcdc-113-rm,142,2026-07-15
SDAM-175,A record of group sex for employees of a major rubber products manufacturer.,https://pic.javct.net/poster/05192026/d5c7761885.jpg,https://javct.net/v/sdam-175,143,2026-07-15
XRW-732-RM,"Making My Tall, Proud And Aspirational Female Boss Give Deep Throat!! Honoka Takigawa [Uncensored L**ked]",https://pic.javct.net/poster/20221904/1652841107.jpg,https://javct.net/v/xrw-732-rm,181,2026-07-15
ROYD-227-SUB,"When I Woke Up In The Morning, I Found My Fellow Female Co-worker In Her Underwear In Her Room! She's Always Being Rude And Rude To Me, But I've Been Relying On Her... Hina Nitori [English Subtitle]",https://pic.javct.net/poster/20250903/1742494326.jpg,https://javct.net/v/royd-227-sub,130,2026-07-15
DOKS-630-RM,An Komatsu [Uncensored L**ked],https://pic.javct.net/poster/20253001/1740903149.jpg,https://javct.net/v/doks-630-rm,127,2026-07-15
LORS-001-RM,Blue Collar Girl Goes To Hospital For Injury And Gets Teased By Perverted Doctor! [Uncensored L**ked],https://pic.javct.net/poster/05192026/b6bbc889b0.jpg,https://javct.net/v/lors-001-rm,120,2026-07-15
EBOD-469-RM,"Do You Want Your Tits Extra-Extra Large? Watch E-BODY And Decide! This 49 K-Cup Is An Office Girl, But She Wants To Be A Porn Star - We Make Her Dream Come True! Shizuka Mizuguchi [Uncensored L**ked]",https://pic.javct.net/poster/20221202/1649951327.jpg,https://javct.net/v/ebod-469-rm,119,2026-07-15
SNOS-304-RM,"I Went Drinking With A Serious New Female Employee And She Transformed Into A 'super-sexually Enthusiastic, Laughing Drunk'! I Had The Best Night Of My Life, Getting Fucked 10 Times Until Morning. Natsumi Natsu [Uncensored L**ked]",https://pic.javct.net/poster/05192026/cd2cc1bff3.jpg,https://javct.net/v/snos-304-rm,120,2026-07-15
SVDVD-578-RM,Shame! A Naked Coed Medical Examination Female Employees Must Endure Getting Each And Every One Of Their Holes Checked While Their Associates Watch [Uncensored L**ked],https://pic.javct.net/poster/20221108/1662371946.jpg,https://javct.net/v/svdvd-578-rm,236,2026-07-15
MOPG-045,I Want You To Commit.Masochist Training Bondage Mariko Miyoshi,https://pic.javct.net/poster/07052026/be408d27ac.jpg,https://javct.net/v/mopg-045,109,2026-07-15
XRW-774-RM,A Yakuza Widow Bears The Resentment Of Her Clan And Gets Fucked Hard - Kanna Misaki [Uncensored L**ked],https://pic.javct.net/poster/20221202/1647523957.jpg,https://javct.net/v/xrw-774-rm,109,2026-07-15
ATID-218,Yuu Asou Rina Takeuchi Gauze ASUKA Lady-k**ler,https://pic.javct.net/poster/20230207/1690172997.jpg,https://javct.net/v/atid-218,120,2026-07-15
REAL-629-RM,Fast Pleasure Handjob Dirty Blame M Man K**ling Of The Strongest Slut Technician M Erogenous Nishinippori Bizarre Clinic Active Enrolled Miss Matsushima Nami [Uncensored L**ked],https://pic.javct.net/poster/05192026/1fd18bbee9.jpg,https://javct.net/v/real-629-rm,125,2026-07-15
MOPG-036,I Want You To Commit.Which Masochism? Bondage Mirou Ann,https://pic.javct.net/poster/07052026/fc3313148d.jpg,https://javct.net/v/mopg-036,123,2026-07-15
GTJ-093-RM,Rough Play/Meat Ball Aya Shiomi [Uncensored L**ked],https://static.javct.net/poster/gtj-093.jpg,https://javct.net/v/gtj-093-rm,123,2026-07-15
FC2PPV-4927200,"[Fntia freezes because it's too extreme] **pyjpx*jsps An I-cup idol with divine breasts is exposed by the window and exposed! ""Absolutely not! People will see it! Two consecutive creampies in a sense of immorality!'' It's a video that can never be published as it was featured in a weekly magazine",https://pic.javct.net/poster/05192026/afff6d8bd6.jpg,https://javct.net/v/fc2ppv-4927200,34,2026-07-15
MUDR-120-RM,"From That Day Onward... The Beautiful Young Girl in Uniform Underwent S&M, Breaking In And Creampies - Mitsuki Nagisa [Uncensored L**ked]",https://pic.javct.net/poster/20221202/1644728286.jpg,https://javct.net/v/mudr-120-rm,115,2026-07-15
CEMD-858-RM,A lewd and masochistic mature woman - First anal release & 2-hole 3P sex - Saki Aikawa [Uncensored L**ked],https://pic.javct.net/poster/05192026/e5b960fa64.jpg,https://javct.net/v/cemd-858-rm,154,2026-07-15
CEMD-858,A lewd and masochistic mature woman - First anal release & 2-hole 3P sex - Saki Aikawa,https://pic.javct.net/poster/05192026/e5b960fa64.jpg,https://javct.net/v/cemd-858,154,2026-07-15
BRV-159-RM,The Science of Agony - Masochistic Woman's Encyclopedia NEO 9 [Uncensored L**ked],https://pic.javct.net/poster/05192026/2be3d1ab04.jpg,https://javct.net/v/brv-159-rm,118,2026-07-15
COU-011-RM,"""Don't Put It In..."" My Wife's Mother Is So Sexy I Ended Up Having Creampie Sex With Her. 2-disc Set [Uncensored L**ked]",https://pic.javct.net/poster/05192026/22fc8c32d7.jpg,https://javct.net/v/cou-011-rm,240,2026-07-15
REAL-580-RM,S&M And Relentless Orgasms Hina Kinami [Uncensored L**ked],https://pic.javct.net/poster/20221202/1647307338.jpg,https://javct.net/v/real-580-rm,143,2026-07-15
MXGS-795-RM,Customs Channel 42 Nozomi Aso [Uncensored L**ked],https://pic.javct.net/poster/05192026/df5394a56d.jpg,https://javct.net/v/mxgs-795-rm,120,2026-07-15
EMU-028-RM,"I'll Forever Slut Strongest Of Riko Tachibana, Retirement, Special Hell Slut! [Uncensored L**ked]",https://pic.javct.net/poster/05192026/09c169b19c.jpg,https://javct.net/v/emu-028-rm,120,2026-07-15
MXGS-703-RM,Aso Rare × Bondage QUEEN [Uncensored L**ked],https://pic.javct.net/poster/05192026/b26ee6a0cc.jpg,https://javct.net/v/mxgs-703-rm,125,2026-07-15
REAL-629,Fast Pleasure Handjob Dirty Blame M Man K**ling Of The Strongest Slut Technician M Erogenous Nishinippori Bizarre Clinic Active Enrolled Miss Matsushima Nami,https://pic.javct.net/poster/05192026/1fd18bbee9.jpg,https://javct.net/v/real-629,125,2026-07-15
JBD-280-RM,Sailor Uniform And Bondage Rope... Ichika Matsumoto [Uncensored L**ked],https://pic.javct.net/poster/20221202/1648797604.jpg,https://javct.net/v/jbd-280-rm,116,2026-07-15
XRW-658-RM,"Aphrodisiac Sprightly Caught Inside And Out!Nonstop 4 Hour Special!Chirami Sakura, Mariana Yukizuki, Mio Kimishima, Rika Goto [Uncensored L**ked]",https://pic.javct.net/poster/05192026/17c2f69894.jpg,https://javct.net/v/xrw-658-rm,240,2026-07-15
IESP-683-RM,Rara Kudo In Open Season For Lesbians: I Fell In Love With The Cameraman's Cousin [Uncensored L**ked],https://static.javct.net/poster/iesp-683.jpg,https://javct.net/v/iesp-683-rm,122,2026-07-15
GVH-848-RM,Restraining A Masochistic Man And Imprinting Pleasure On Him With Ejaculation Control And Follow-up Male Cum! Titjob GOD Bondage Slut! Yoshine Yuria [Uncensored L**ked],https://pic.javct.net/poster/05192026/25f7ad6350.jpg,https://javct.net/v/gvh-848-rm,160,2026-07-15
LUCY-027-RM,"The Secret Of My Female Boss: In Private, She Was A Submissive Masochistic Woman - Saki Usumi [Uncensored L**ked]",https://pic.javct.net/poster/05192026/45dec560ec.jpg,https://javct.net/v/lucy-027-rm,116,2026-07-15
FC2PPV-4901451,"[200,000 followers collapse] A popular Hcup cosplayer who regularly posts extreme posts at large-scale events. An extremely intense photo shoot in which she challenged herself due to default on debt repayments. Massive molestation and misdeed while jumping with the whites of her eyes peeled [13",https://pic.javct.net/poster/05192026/e086d49f67.jpg,https://javct.net/v/fc2ppv-4901451,61,2026-07-15
LUCY-027,"The Secret Of My Female Boss: In Private, She Was A Submissive Masochistic Woman - Saki Usumi",https://pic.javct.net/poster/05192026/45dec560ec.jpg,https://javct.net/v/lucy-027,116,2026-07-15
DVRT-016-RM,"I Want To Be A Naked Director When I Filmed My Mom As A Model, I Got Excited... Yuri Sasahara",https://pic.javct.net/poster/20233001/1675396751.jpg,https://javct.net/v/dvrt-016-rm,145,2026-07-15
SCD-221-RM,"Yu Kawakami, A Slut Mother With A Plump Body And A Cute Smile, Giving Me An Aphrodisiac",https://pic.javct.net/poster/20233001/1676689262.jpg,https://javct.net/v/scd-221-rm,121,2026-07-15
T38-066-RM,Intense Incestuous Sex With My Busty Younger Sister Who Returned To The Countryside - Mami Zenba,https://pic.javct.net/poster/07052026/354f2f4ab9.jpg,https://javct.net/v/t38-066-rm,150,2026-07-15
IENF-455-RM,"I wanted to lose my virginity to my first girlfriend, but I never expected to lose my virginity to my younger sister...",https://pic.javct.net/poster/07052026/df5d6a1b3e.jpg,https://javct.net/v/ienf-455-rm,128,2026-07-15
T28-569,Uncle Threatened R**e R**e Uncle Who Returned Home To Bon Holiday,https://pic.javct.net/poster/07052026/36ef60c54f.jpg,https://javct.net/v/t28-569,150,2026-07-15
BKD-302-RM,"Mother-to-c**ld Copulation [Tsukuya Road, Joshu] Yui Hatano [Uncensored L**ked]",https://pic.javct.net/poster/20233001/1676687785.jpg,https://javct.net/v/bkd-302-rm,121,2026-07-15
KTKL-117-RM,My Daughter 148cm38kg [Uncensored L**ked],https://pic.javct.net/poster/20233001/1675480407.jpg,https://javct.net/v/ktkl-117-rm,120,2026-07-15
NGHJ-068-RM,"Outside The One-way Mirror Is Her Beloved Husband, Whom She Has Just Remarried... The Busty New Stepmother And Her Virgin Son Are Alone In A Private Room For Incestuous Sex, With Him Taking Her Virginity And Cumming Inside Her. ""If We Have Sex... Will You Call Me Mom?"" The Stepmother's Pussy Gently Accepts Her Son And The Virile Virgin's Dick Will Not Stop At Just One Ejaculation. [Uncensored L**ked]",https://pic.javct.net/poster/07052026/f59d0b01b3.jpg,https://javct.net/v/nghj-068-rm,191,2026-07-15
KTRA-006,Beauty Big Breasts Slender Soba And Futabato Yoshika,https://pic.javct.net/poster/07052026/88215f7176.jpg,https://javct.net/v/ktra-006,121,2026-07-15
SDDE-416-RM,"Continuous And Cooking, Washing, Sexual Desire Processing 10 Sons Sex Morning Life Tall Angrily Milk Mom Hen [Uncensored L**ked]",https://pic.javct.net/poster/20230104/1680711996.jpg,https://javct.net/v/sdde-416-rm,135,2026-07-15
T28-568,"On The Day My Parents Were Away, I Fucked My Sister All Day Long Until My Sperm Dried Up - Inaba Ruka",https://pic.javct.net/poster/07052026/3e0506f10e.jpg,https://javct.net/v/t28-568,120,2026-07-15
IENF-455,"I wanted to lose my virginity to my first girlfriend, but I never expected to lose my virginity to my younger sister...",https://pic.javct.net/poster/07052026/df5d6a1b3e.jpg,https://javct.net/v/ienf-455,128,2026-07-15
T38-066,Intense Incestuous Sex With My Busty Younger Sister Who Returned To The Countryside - Mami Zenba,https://pic.javct.net/poster/07052026/354f2f4ab9.jpg,https://javct.net/v/t38-066,150,2026-07-15
JUAN-015-RM,"Ryoko Izumi, A Mother Who Lifts The Ban On Anal For Her Son [Uncensored L**ked]",https://pic.javct.net/poster/20233001/1676690456.jpg,https://javct.net/v/juan-015-rm,121,2026-07-15
LULU-262-RM,"My Adult Younger Brother Was Irritated By The Defenseless Breasts Of A Big-breasted NEET Older Sister Who I Met For The First Time In Several Years, So I Impregnated Her Many Times As A Raw Masturbator And Instilled A Sense Of Responsibility In Her. Yuria Yoshine [Uncensored L**ked]",https://pic.javct.net/poster/20231912/1703829546.jpg,https://javct.net/v/lulu-262-rm,160,2026-07-15
MDVHJ-074-RM,"When My Husband Is Away From Home At Work, I'm Going Crazy With My Unfaithful Father-In-Law Who Has A Big Cock... Chapter 2 Miyu Hirosue [Uncensored L**ked]",https://pic.javct.net/poster/20222612/1674789548.jpg,https://javct.net/v/mdvhj-074-rm,110,2026-07-15
SPRD-817-SUB,Is Rubbed His Son Again And Again Mother Kondo Ikumi [English Subtitle],https://pic.javct.net/poster/20230207/1689120615.jpg,https://javct.net/v/sprd-817-sub,130,2026-07-15
TARD-008-RM,"I'll Inspire My Mother, Let Me Do What Your Mother. Sha Teen C**ld Katagiri Rika Fujishita [Uncensored L**ked]",https://pic.javct.net/poster/07052026/52b785de2f.jpg,https://javct.net/v/tard-008-rm,120,2026-07-15
ALDN-123-RM,Mating Maiko Kashiwagi With Her Daughter's Husband [Uncensored L**ked],https://pic.javct.net/poster/20233001/1676084540.jpg,https://javct.net/v/aldn-123-rm,105,2026-07-15
T38-067-RM,Distorted Remarriage Life: A Married Woman Controlled By Her New Husband's Father. [Uncensored L**ked],https://pic.javct.net/poster/07052026/68c13a84ad.jpg,https://javct.net/v/t38-067-rm,130,2026-07-15
AOZ-176Z-RM,Biological C**ld Incest Picture Which I Was R**ed By Horny The Chest Peeping Out From Clothes Disturbed Mother Was Drunk [Uncensored L**ked],https://pic.javct.net/poster/20241901/1706659043.jpg,https://javct.net/v/aoz-176z-rm,110,2026-07-15
IBW-905Z-RM,Incest Video Of A Daughter Who Continues To Be Fucked By Her Father Kozue Fujita [Uncensored L**ked],https://pic.javct.net/poster/20222612/1674789869.jpg,https://javct.net/v/ibw-905z-rm,110,2026-07-15
IMO-019-RM,"While I Was Masturbating In The Bathroom, My Sister Who Was Completely Naked Broke In! ? Forbidden Domestic Brother And Sister Creampie Incest (2) [Uncensored L**ked]",https://pic.javct.net/poster/20233001/1675566357.jpg,https://javct.net/v/imo-019-rm,111,2026-07-15
MUDR-149-RM,Sweet Girls 345: Live-action Version - Rei Kuruki,https://static.javct.net/poster/mudr-149.jpg,https://javct.net/v/mudr-149-rm,120,2026-07-15
MKD-226-RM,10 Liters Squirted - An Ultra-Sensitive F-Cup MILF's Porn Debut! Misa Kyono,https://static.javct.net/poster/mkd-226.jpg,https://javct.net/v/mkd-226-rm,118,2026-07-15
MKD-227-RM,The AV Debut Of A Devilishly Beautiful 50-something Woman With F-cups! Rinka Satsuki,https://static.javct.net/poster/mkd-227.jpg,https://javct.net/v/mkd-227-rm,117,2026-07-15
PKPD-167-RM,"Auika, 18-Year-old Masochistic Girl From Brass Band With Short Black Hair. Creampie OK During Paid Dating",https://pic.javct.net/poster/20212709/1635742797.jpg,https://javct.net/v/pkpd-167-rm,140,2026-07-15
SDAB-187-RM,"Alone Until Morning With Neighborhood Gangster Daddy After School. Fresh Pussy Overflowing With Semen In First Raw Fuck Creampie, Non Hanakado",https://static.javct.net/poster/1627973589.jpg,https://javct.net/v/sdab-187-rm,149,2026-07-15
PTS-550,"You Might Have A Chance Too?! I, An Amateur, Had Completely Private Sex With A Professional AV Actress.",https://pic.javct.net/poster/07052026/265c34364d.jpg,https://javct.net/v/pts-550,205,2026-07-15
JUY-720-RM,My Mom's Friends Nanami Kawakami [Uncensored L**ked],https://pic.javct.net/poster/20212011/1643623352.jpg,https://javct.net/v/juy-720-rm,120,2026-07-15
FSFST-006,Treasured Gonzo Video Before AV Debut Shizuku Kashiwagi,https://pic.javct.net/poster/07052026/224b20c9c6.jpg,https://javct.net/v/fsfst-006,57,2026-07-15
XVSR-347,To My Daughter Who Loved It Was A Cum Shot Celebrating Four Hours By Hasegawa Kyomi,https://pic.javct.net/poster/07052026/24389c0cd7.jpg,https://javct.net/v/xvsr-347,240,2026-07-15
MKD-224-RM,You Won't Believe How Far She Squirts! Voluptous 50 Year Old Woman Makes Her Porn Debut! Ran Matsushima [Uncensored L**ked],https://static.javct.net/poster/mkd-224.jpg,https://javct.net/v/mkd-224-rm,112,2026-07-15
PKPD-166-RM,"A Lovers' Lovey-Dovey Documentary A Super, Super, Super Cute 145cm-Tall Minimally-Sized Actress A Half-In, Half-Out Lovey-Dovey Date With Reina Usami [Uncensored L**ked]",https://pic.javct.net/poster/20212709/1633425928.jpg,https://javct.net/v/pkpd-166-rm,139,2026-07-15
MUDR-148-RM,Young 145cm Tall Girl Delivered To Your Doorstep Are You Okay With Me? Nae Sakuragi [Uncensored L**ked],https://static.javct.net/poster/mudr-148.jpg,https://javct.net/v/mudr-148-rm,163,2026-07-15
SDAB-186-RM,"Non-Chan, Madonna of the much loved Brass Band, Chatting during Breaks and Going Home together After School For the Best Times. Non Kamon [Uncensored L**ked]",https://static.javct.net/poster/1625550422.jpg,https://javct.net/v/sdab-186-rm,122,2026-07-15
PKPD-165-RM,An 18-Year-Old Who Is OK With A Creampie During Compensated Dating. A Girl Who Is A Refined Gal From A School For Young Ladies. Reona Tomiyasu [Uncensored L**ked],https://pic.javct.net/poster/20212709/1633425985.jpg,https://javct.net/v/pkpd-165-rm,139,2026-07-15
USBA-028-RM,Aphrodisiac BDSM - Aphrodisiac-Addled Bukkake Sends This Sub To Heaven Chitose Yuki [Uncensored L**ked],https://static.javct.net/poster/usba-028.jpg,https://javct.net/v/usba-028-rm,133,2026-07-15
TKD-042-RM,Hot Ass Landlady Hunting Virgin Boys Rina Takakura [Uncensored L**ked],https://pic.javct.net/poster/20212709/1635853888.jpg,https://javct.net/v/tkd-042-rm,120,2026-07-15
SPRD-1196-RM,My Stepson - This Stepmom Can't Resist The Advances Of Her Amorous Stepson - Eriko Miura [Uncensored L**ked],https://pic.javct.net/poster/20212011/1641443667.jpg,https://javct.net/v/sprd-1196-rm,126,2026-07-15
VAGU-136-RM,Devilishly Good Jerk Offs With Chitose Saegusa!! I Got My Cum Shots Off With Erotic Cosplay And Dirty Talk [Uncensored L**ked],https://pic.javct.net/poster/20221904/1652713859.jpg,https://javct.net/v/vagu-136-rm,119,2026-07-15
URKK-043-RM,At Least 10 Times! The Big Titty Love Salon Where You Can Cum As Many Times As You Like On Bouncy Tits-Yuki Chitose [Uncensored L**ked],https://static.javct.net/poster/urkk-043.jpg,https://javct.net/v/urkk-043-rm,135,2026-07-15
MIDV-058-SUB,Stimulating Both Sight And Sound As Your Offered Jerk-off Guidance! ASMR POV JOI High Quality Video Shoko Takahashi For Masturbation Support. [English Subtitle],https://pic.javct.net/poster/20221202/1645766937.jpg,https://javct.net/v/midv-058-sub,160,2026-07-15
ACZD-188-RM,Boys X Lesbians: Secret Anal Sex Yuri Orgasm [Uncensored L**ked],https://pic.javct.net/poster/20243105/1718297546.jpg,https://javct.net/v/aczd-188-rm,138,2026-07-15
HSM-065-RM,"Hime.Love 18-year-old Petite Beautiful Girls Tsukino Ruru And Touma Serika. Despite Their Short Stature, These Two Boys Have Huge Penises And Are Trying Out Their First Toys, Reverse Threesomes, And Mutual Lesbian Sex. [Uncensored L**ked]",https://pic.javct.net/poster/20243105/1718508180.jpg,https://javct.net/v/hsm-065-rm,160,2026-07-15
MIGD-626-RM,Incredibly Beautiful Woman Shemale Debut AyaginuSaki Anzu那 [Uncensored L**ked],https://pic.javct.net/poster/05192026/3ce2ec951b.jpg,https://javct.net/v/migd-626-rm,120,2026-07-15
DASS-999-RM,"Dasu! The Mushroom Festival 2026, A Grand Celebration Of Penises, Has Begun! A Carnival Of Orgies With Gorgeous Actresses Carrying Penises On A Portable Shrine! Ichinose Ram, Yuzuki Renka, Hiiragi Momiji, Ikeda Marina [Uncensored L**ked]",https://pic.javct.net/poster/07052026/5efd20af4c.jpg,https://javct.net/v/dass-999-rm,220,2026-07-15
PMGG-030,"A beautiful girl with a national treasure and a big dick and a lewd asshole! I have a boyfriend, but I don't have a sex friend's penis ♪ ""Please insert your penis, which is bigger and harder than my boyfriend's...//"" This is a lovey-dovey sex scene where she flirts with his dick and talks dirty all the time. [Fuyuka] Fuyuka Tsukishiro",https://pic.javct.net/poster/07052026/54a85a0795.jpg,https://javct.net/v/pmgg-030,79,2026-07-15
HSM-048-RM,Intrinsic De M Minimum L**ita Man's Daughter Hoshino Kumi First Training [Uncensored L**ked],https://pic.javct.net/poster/20222612/1673323409.jpg,https://javct.net/v/hsm-048-rm,140,2026-07-15
ARAN-074-RM,"Brainwashing Club That Keeps You Going Aphrodisiac Ascension Beauty Salon Nanako, A Male Daughter Trained By A Pleasure-filled Masochist [Uncensored L**ked]",https://pic.javct.net/poster/20231711/1700887447.jpg,https://javct.net/v/aran-074-rm,110,2026-07-15
CEMD-864-RM,Akari Niimura Destroys Transsexual Ena Hisaki With A Strap-on Anal Sex! [Uncensored L**ked],https://pic.javct.net/poster/07052026/29dd01ba6d.jpg,https://javct.net/v/cemd-864-rm,131,2026-07-15
YAKO-096,A Super Rare Black Gyaru/transgender Woman Has Arrived In Kabukicho.,https://pic.javct.net/poster/07052026/11ecff1f36.jpg,https://javct.net/v/yako-096,199,2026-07-15
FEM-034,Excavation Man's Daughter♂AVDebut Rui Amane,https://pic.javct.net/poster/07052026/9faf4dd18e.jpg,https://javct.net/v/fem-034,121,2026-07-15
BOKD-318,"AV Debut: I May Look Like This, But I Have A Penis. - Hana Kanade",https://pic.javct.net/poster/07052026/90cba14f20.jpg,https://javct.net/v/bokd-318,130,2026-07-15
CEMD-864,Akari Niimura Destroys Transsexual Ena Hisaki With A Strap-on Anal Sex!,https://pic.javct.net/poster/07052026/29dd01ba6d.jpg,https://javct.net/v/cemd-864,131,2026-07-15
DASS-999,"Dasu! The Mushroom Festival 2026, A Grand Celebration Of Penises, Has Begun! A Carnival Of Orgies With Gorgeous Actresses Carrying Penises On A Portable Shrine! Ichinose Ram, Yuzuki Renka, Hiiragi Momiji, Ikeda Marina",https://pic.javct.net/poster/07052026/5efd20af4c.jpg,https://javct.net/v/dass-999,220,2026-07-15
ACZD-145-RM,A Super-beautiful Man Who Is In Heat By Having His Anus Licked. He Trains His Sensitive Body To Convulse And Beg. Nanako [Uncensored L**ked],https://pic.javct.net/poster/20231011/1699617272.jpg,https://javct.net/v/aczd-145-rm,151,2026-07-15
JMTY-079-RM,"[Youth X Transgender X Drama] Back When We Lost Our Virginity, We Were So Engrossed In Putting Our Holes Into Each Other. ""Our First Kiss, Our First Cumshot, Our First Anal Sex, And Then Reverse Anal, It's All A Great Memory."" Kondo Mumu [Uncensored L**ked]",https://pic.javct.net/poster/07052026/872c2873cc.jpg,https://javct.net/v/jmty-079-rm,120,2026-07-15
HERY-159-RM,I Fall In Love With A Boy Nanako [Uncensored L**ked],https://pic.javct.net/poster/20250606/1750443756.jpg,https://javct.net/v/hery-159-rm,105,2026-07-15
BOKD-156,Massive Ejaculation Of Iki Rolling With Toy Toy Blame 27 People 240 Minutes,https://pic.javct.net/poster/07052026/aee4c9e73d.jpg,https://javct.net/v/bokd-156,240,2026-07-15
KTKN-013-RM,"No Questions Asked, An Overwhelming Presence, A Stunningly Beautiful Cross-dressing Boy Who Is 190cm Tall. [Uncensored L**ked]",https://pic.javct.net/poster/05192026/7f1c4c7b81.jpg,https://javct.net/v/ktkn-013-rm,215,2026-07-15
MOOC-023-RM,"At The Personal Gym That Everyone's Talking About, I Was Seduced By The Sexy, Muscular Cross-dressing Male Instructor's Dick-flashing Trap And Instantly Got A Full Erection And Pumped Up! She Liked My Rock-hard Big Dick And Rode Me, Shaking Her Clitoris And Milking Me Dry Again And Again. Suzune Nico [Uncensored L**ked]",https://pic.javct.net/poster/05192026/2d1c6208f9.jpg,https://javct.net/v/mooc-023-rm,160,2026-07-15
MOOC-024-RM,"The Story Of How I, Out Of Curiosity, Asked My Friend's Younger Sister, A Cross-dressing Boy (J-type), About Masturbation, And Ended Up Being Taught About Prostate Stimulation For The First Time, Receiving A Big Dick Reverse Anal Sex Lesson, And Experiencing Female Orgasm. (by Hifumi Yuuri) [Uncensored L**ked]",https://pic.javct.net/poster/05192026/3d1647dc50.jpg,https://javct.net/v/mooc-024-rm,160,2026-07-15
NVH-082-RM,"""A Beautiful Girl? No, A Cross-dressing Pretty Boy."" II [Uncensored L**ked]",https://pic.javct.net/poster/05192026/16a0daf4de.jpg,https://javct.net/v/nvh-082-rm,170,2026-07-15
JMTY-079,"[Youth X Transgender X Drama] Back When We Lost Our Virginity, We Were So Engrossed In Putting Our Holes Into Each Other. ""Our First Kiss, Our First Cumshot, Our First Anal Sex, And Then Reverse Anal, It's All A Great Memory."" Kondo Mumu",https://pic.javct.net/poster/07052026/872c2873cc.jpg,https://javct.net/v/jmty-079,120,2026-07-15
TANP-019-RM,Koi No Kirameki Chibitori And Ikemen BOY In Southern Country [Uncensored L**ked],https://pic.javct.net/poster/20230302/1679111502.jpg,https://javct.net/v/tanp-019-rm,194,2026-07-15
SAL-263-RM,"176cm Tall, Model-type Transsexual 'Mel' - Three Consecutive Anal Sex Scenes: Anal Sex, Sleep Sex, And Maid R**e! [Uncensored L**ked]",https://pic.javct.net/poster/05192026/d8a03e1cc1.jpg,https://javct.net/v/sal-263-rm,155,2026-07-15
KATU-098-RM,A Horny Snack Bar Mama With Rock Hard Nipples A Horny Slut Tanned Gal Bitch With A Big Ass [Uncensored L**ked],https://pic.javct.net/poster/20221904/1650691439.jpg,https://javct.net/v/katu-098-rm,151,2026-07-15
JUNY-035-RM,My Old Friend's Got Thick Thighs - Grinding Them Together To Wring Out Every Last Drop Of Cum Reo Fujisawa [Uncensored L**ked],https://static.javct.net/poster/juny-035.jpg,https://javct.net/v/juny-035-rm,126,2026-07-15
JUNY-056-RM,The Temptation Of Voluptuous Flesh: The Hot Slut Next Door Seduced Me With Her Naughty Exposed Curves Reo Fujisawa [Uncensored L**ked],https://pic.javct.net/poster/20212011/1644561180.jpg,https://javct.net/v/juny-056-rm,148,2026-07-15
BAB-038-RM,The Lewdest Girl In History Was Hiding These Huge G-cup Breasts - Rino Yuki [Uncensored L**ked],https://pic.javct.net/poster/20212011/1637468766.jpg,https://javct.net/v/bab-038-rm,94,2026-07-15
JUFE-076-RM,I Had Creampie Sex With My Wife's Hot Sister With Colossal Tits While My Wife Was Away On A Company Trip For 5 Days. Ruka Inaba [Uncensored L**ked],https://pic.javct.net/poster/20220707/1658281244.jpg,https://javct.net/v/jufe-076-rm,163,2026-07-15
JUY-843-RM,The Worst Man Made Me Cum So Hard I Could Die... Akari Mitani [Uncensored L**ked],https://pic.javct.net/poster/20221202/1650304956.jpg,https://javct.net/v/juy-843-rm,118,2026-07-15
JUFE-034-RM,All The Male Subs Are Talking About It!? The Ball-Charging Pub Where Men Are Teased Mercilessly. Miyu Yanagi [Uncensored L**ked],https://pic.javct.net/poster/20220707/1658280323.jpg,https://javct.net/v/jufe-034-rm,152,2026-07-15
NIMA-006-RM,The Long-Awaited Live-Action Adaptation Of The Ultimate Fleshy Comic Featuring Nanami Matsumoto! A Slightly Ugly Girl Who'll Ruin You For Anyone Else Her Face Is 40 Out Of 100 But Her Body Is 120 Out Of 100 Nanami Matsumoto [Uncensored L**ked],https://pic.javct.net/poster/20221202/1646702221.jpg,https://javct.net/v/nima-006-rm,118,2026-07-15
VENX-023-RM,"Lately, This Voluptuous Mature Woman Started To Worry About Her Figure, But I Got A Super Erection Watching The Bride's Mother Bashfully Fret And Frown Maria Nagai [Uncensored L**ked]",https://pic.javct.net/poster/20212709/1632732687.jpg,https://javct.net/v/venx-023-rm,89,2026-07-15
JUY-531-RM,The Married Woman Investigator Wears Jeans Maki Tomoda [Uncensored L**ked],https://pic.javct.net/poster/20220707/1659400606.jpg,https://javct.net/v/juy-531-rm,119,2026-07-15
ENKI-039-RM,Naughty Japanese Sex Fest Breaks Out! Horny Blue-Eyed Slut Jun-chan Gets Fucked Raw by a Big White Cock and Cum Splashed in her Pussy. [Uncensored L**ked],https://static.javct.net/poster/enki-039.jpg,https://javct.net/v/enki-039-rm,237,2026-07-15
FOCS-068-RM,Creampie Volunteer AV Debut! Minori Mashiro Loves Cooking And She Uses The Huge E-Cup Tits And Big Ass That Fall Out Of Her Apron As Weapons During Sex! Creampie Challenge! [Uncensored L**ked],https://pic.javct.net/poster/20221904/1652425268.jpg,https://javct.net/v/focs-068-rm,122,2026-07-15
NKKD-225-RM,My Coworker Fucked My Wife On The Emergency Stairs At My Office!! 2 [Uncensored L**ked],https://pic.javct.net/poster/20212308/1631255948.jpg,https://javct.net/v/nkkd-225-rm,197,2026-07-15
FOCS-064-RM,"Extremely Slutty Drooling Woman!! Raunchy Sex With Deep Kissing And Nipple Licking, Yuuka Waraku [Uncensored L**ked]",https://pic.javct.net/poster/20221202/1650012332.jpg,https://javct.net/v/focs-064-rm,124,2026-07-15
FOCS-060-RM,Anal Licking! Temptress Maid With A Beautiful Huge Ass Uses Her Asshole To Induce Temptation. Get To Have A Creampie Load After Giving Anal Cunnilingus. Meisa Kawakita [Uncensored L**ked],https://pic.javct.net/poster/20221202/1650012605.jpg,https://javct.net/v/focs-060-rm,124,2026-07-15
EBOD-451-RM,The Temptation Of A Voluptuous Babe In High-Legged Lingerie With Plenty Of Camel Toe    Chitose Saegusa [Uncensored L**ked],https://pic.javct.net/poster/20221108/1661401477.jpg,https://javct.net/v/ebod-451-rm,118,2026-07-15
JUFE-343-RM,Weak-Willed Busty Nurse Mina Kitano Is In Charge of My Penis [Uncensored L**ked],https://pic.javct.net/poster/20212709/1635488737.jpg,https://javct.net/v/jufe-343-rm,154,2026-07-15
TIKB-116-RM,"My Super Cute Friend With Benefits Hana-tan, Starring Hana Shirato [Uncensored L**ked]",https://static.javct.net/poster/tikb-116.jpg,https://javct.net/v/tikb-116-rm,131,2026-07-15
TIKP-063-RM,"(The Fuck Log) When Ena Satsuki Gets Down To Party, She Unleashes Her Slut Aura Full Throttle, And That's How We Filmed This POV Video! [Uncensored L**ked]",https://pic.javct.net/poster/20212709/1636876662.jpg,https://javct.net/v/tikp-063-rm,118,2026-07-15
SOAV-083-RM,A Married Woman's Cheating Heart. Mei Hosho [Uncensored L**ked],https://pic.javct.net/poster/20212011/1638654795.jpg,https://javct.net/v/soav-083-rm,143,2026-07-15
DORI-038,"Paco Shooting No.38 I Was Asked ""Don't Raw! Put On Rubber!"" But Ignore It And Insert Raw Chin! Creampie As It Is! When I Pulled Out J ●, I Shook My Body In Small Steps And Felt It With My Whole Body J ●",https://pic.javct.net/poster/07052026/7314992d19.jpg,https://javct.net/v/dori-038,94,2026-07-15
FNEO-024,"""I Will Not Put Up With It Anymore ..."" I Want To Know Him Too Fushidara Figure ... ""I Want And Want To Excuse ... ..."" And Over The Body With A Muddy Kiss And Erection Ji ○ Port Mushaburi, Man Juice Slap Jubba Busty Female Students Can Not Suppress The Desire That Blew The Tide",https://pic.javct.net/poster/07052026/e9a428d982.jpg,https://javct.net/v/fneo-024,129,2026-07-15
AKDL-144,"When she is living together, she is always nuki and tall.",https://pic.javct.net/poster/07052026/152c93cb99.jpg,https://javct.net/v/akdl-144,156,2026-07-15
MIGD-675,First Anal Sex Nishida Karina,https://pic.javct.net/poster/07052026/356b5a2be2.jpg,https://javct.net/v/migd-675,150,2026-07-15
FC2PPV-4938589,226 A store-bought pussy opener interview with all 5 girls creampied (of course),https://pic.javct.net/poster/07052026/c33afa275f.jpg,https://javct.net/v/fc2ppv-4938589,95,2026-07-15
ETQR-463-RM,Service Sex Chie Full Of Motherhood Of A Beautiful Girl In Uniform With Big Tits,https://pic.javct.net/poster/20233001/1676781468.jpg,https://javct.net/v/etqr-463-rm,80,2026-07-15
DOCP-180-RM,"I'm Gonna Get It! Add To The Weakness Of The Beauty Maid Who Has Been Dispatched In The Housekeeping Agency Service, And Follow-up Piston Fo**ed Out! 2 [Uncensored L**ked]",https://pic.javct.net/poster/07052026/fb498a3fa0.jpg,https://javct.net/v/docp-180-rm,235,2026-07-15
ALDN-126-RM,Kyoko Maki Asked Her Father-In-Law To Get Pregnant Without Telling Her Husband,https://pic.javct.net/poster/20233001/1676084350.jpg,https://javct.net/v/aldn-126-rm,130,2026-07-15
CHRV-173-RM,Younger Sister's Tits That Ruin Her Brother! My Sister's Huge Breasts Are Worth Seeing! Sailor Uniform Raw Creampie! I Cup 98cm Saku-chan,https://pic.javct.net/poster/20233001/1676089247.jpg,https://javct.net/v/chrv-173-rm,150,2026-07-15
FC2PPV-4938580,"[Successful pick-up after frequent visits] While at work, I was called to the parking lot in the name of inspection in uniform and exposed outdoors and gave a standing blowjob while many people came and creampied me from the standing position. Review bonus included'' 《fat only/uncensored/chubby》",https://pic.javct.net/poster/07052026/ea6a86b0cb.jpg,https://javct.net/v/fc2ppv-4938580,28,2026-07-15
FC2PPV-4938540,"Educational ㊐. I don't have enough part-time jobs to match up with a big jerk, so I applied out of curiosity. ""I want you to maximize my strength // Pink Man'' I beg for creampie while convulsing,",https://pic.javct.net/poster/07052026/51ec0608ad.jpg,https://javct.net/v/fc2ppv-4938540,47,2026-07-15
FC2PPV-4938657,227 Thoroughly taste the body of a sparkling beauty with a raw dick ♡ Uncensored with special bonus,https://pic.javct.net/poster/07052026/606d8a1f3d.jpg,https://javct.net/v/fc2ppv-4938657,48,2026-07-15
FC2PPV-4938484,"[No] The popular fair-skinned F-cup beauty is back again with flashy hair, slim style, and even more cuteness⤴ Super beautiful skin and dazzling micro bikini. Gokkun creampie. *Bonus High resolution",https://pic.javct.net/poster/07052026/98950e2207.jpg,https://javct.net/v/fc2ppv-4938484,52,2026-07-15
DORI-080-RM,"Paco Shooting No.80 When I Cum, I Made The Colossal Tits J  Tighten My Cock  With A Man , ""This Chin  Is Really Good"", And I Cummed It Out 3 Times!",https://pic.javct.net/poster/20233001/1676171995.jpg,https://javct.net/v/dori-080-rm,81,2026-07-15
EUMD-002-RM,Only Affair SEX Wins The Father Of A Student Who Seduces With Sexy Lingerie G Cup Temptation BODY Private Tutor Emily,https://pic.javct.net/poster/20233001/1675606535.jpg,https://javct.net/v/eumd-002-rm,116,2026-07-15
NNPJ-437-RM,My Lover Abandoned My Engagement ... * Daddy Activity With Sickness! I Forget Loneliness Every Time I'm Struck ... A Girl Who Begs For A Piston And Is Injured. [The Theory That A Weak Woman Loses Reason] [Uncensored L**ked],https://pic.javct.net/poster/07052026/3eb7af0c06.jpg,https://javct.net/v/nnpj-437-rm,120,2026-07-15
FOCS-124-RM,Short Height 148cm Big Breasts [Rookie Office Lady] From The Night In The Shared Room When I Was Fucked By The Tricks Of My Disliked Boss... The Breeding Process Of Falling Into A Sperm Pot With Uncontrollable Pleasure Chiba Ayame,https://pic.javct.net/poster/20230104/1681444006.jpg,https://javct.net/v/focs-124-rm,120,2026-07-15
FOCS-123-RM,300 Experienced People! ? Neat And Clean Bitch Rookie Debut From The First Man's Squirting & Creampie SEX Erotic Supernova Meku Tozaki,https://pic.javct.net/poster/20230104/1681444067.jpg,https://javct.net/v/focs-123-rm,120,2026-07-15
CHUC-050-RM,"Emi Nishino (24) Emi Nishino, A G-cup Office Lady Who Secretly Cums Inside Her Boyfriend",https://pic.javct.net/poster/20231011/1697085150.jpg,https://javct.net/v/chuc-050-rm,60,2026-07-15
YMDD-316-RM,"Uncle, Let's Play - A Bad Girl For Just One Day - Misuzu Takeuchi",https://pic.javct.net/poster/20230302/1677901087.jpg,https://javct.net/v/ymdd-316-rm,120,2026-07-15
HZ-3891,Beauty Collection Vol.129 - Rina Kashino,https://pic.javct.net/poster/07052026/d656b4c959.jpg,https://javct.net/v/hz-3891,55,2026-07-15
HZ-3890,Filthy Play - Yuka Negishi,https://pic.javct.net/poster/07052026/0eec1a29c2.jpg,https://javct.net/v/hz-3890,58,2026-07-15
HZ-3888,Bonus Special Vol.13 - Mirai Minano - Nako Nagase - Nozomi Maruyama,https://pic.javct.net/poster/07052026/6db4435697.jpg,https://javct.net/v/hz-3888,55,2026-07-15
HZ-3885,Immorality in Bed Vol.3 - Nanami Hashimoto,https://pic.javct.net/poster/07052026/404548eb97.jpg,https://javct.net/v/hz-3885,61,2026-07-15
HZ-3883,Beauty Collection Vol.127 - Rinka Tachibana,https://pic.javct.net/poster/05192026/aed4501f3e.jpg,https://javct.net/v/hz-3883,61,2026-07-15
HZ-3880,Bonus Special Vol.12 - Rin Hinami - Airi Mikumo - Satomi Ishikawa,https://pic.javct.net/poster/05192026/6d678e6eaa.jpg,https://javct.net/v/hz-3880,60,2026-07-15
HZ-3879,Beauty Collection Vol.126 - Yuna Mori,https://pic.javct.net/poster/05192026/f24508b0b0.jpg,https://javct.net/v/hz-3879,61,2026-07-15
BGN-064-RM,Rookie Prestige Exclusive Debut Mai Nanami Our Moody Girlfriend. [Uncensored L**ked],https://static.javct.net/poster/bgn-064.jpg,https://javct.net/v/bgn-064-rm,225,2026-07-15
HZ-3871,Seductive Women Sk**led at Sucking - Yui Shinjo - Miyu Morita,https://pic.javct.net/poster/05192026/2c28635f31.jpg,https://javct.net/v/hz-3871,52,2026-07-15
HZ-3867,Bonus Special Vol.11 - Misaki Nanbara - Ryu Enami - Mari Onodera,https://pic.javct.net/poster/05192026/dfe48a9ef8.jpg,https://javct.net/v/hz-3867,53,2026-07-15
HZ-3866,Beauty Collection Vol.124 - Mami Sakai,https://pic.javct.net/poster/05192026/c597bd4285.jpg,https://javct.net/v/hz-3866,61,2026-07-15
HZ-3864,Bitch-jo -The Lewd Landlady's Work Guidance- - Momoha Sakurada,https://pic.javct.net/poster/05192026/fa4823fbe3.jpg,https://javct.net/v/hz-3864,61,2026-07-15
HZ-3862,Beauty Collection Vol.123 - Nozomi Hamada,https://pic.javct.net/poster/05192026/95ba95d267.jpg,https://javct.net/v/hz-3862,61,2026-07-15
HZ-3861,Asi-Hame!! Vol.27 - Chen,https://pic.javct.net/poster/05192026/1dcc75eb0e.jpg,https://javct.net/v/hz-3861,61,2026-07-15
HZ-3860,Naughty Bitches Having Sex At The Entrance Vol.2 - Satomi - Kurumi Kokoro,https://pic.javct.net/poster/05192026/37ce0c8972.jpg,https://javct.net/v/hz-3860,60,2026-07-15
HZ-3859,Rio Ayanami Gives A Wet Licking And Hard Sucking! - Rio Ayanami,https://pic.javct.net/poster/05192026/d3f78023c2.jpg,https://javct.net/v/hz-3859,19,2026-07-15
HZ-3850,Beauty Collection Vol.121 - Yui Nanase,https://pic.javct.net/poster/04112026/9d1f690735.jpg,https://javct.net/v/hz-3850,61,2026-07-15
FC2PPV-4831216,"My Dragon Maid can only do sex, and even exposes her ahegao face and cums, but I forgive her because she's cute! Layered ejaculation deep inside her vagina!",https://pic.javct.net/poster/04112026/21bf6fc4eb.jpg,https://javct.net/v/fc2ppv-4831216,30,2026-07-15
HZ-3846,Beauty Collection Vol.120 - Ami Ogura,https://pic.javct.net/poster/04112026/6df9806905.jpg,https://javct.net/v/hz-3846,61,2026-07-15
HZ-3842,Miko Sakura Licks Asshole Relentlessly! - Miko Sakura,https://pic.javct.net/poster/04112026/4aaff769a8.jpg,https://javct.net/v/hz-3842,18,2026-07-15
HZ-3837,Beauty Collection Vol.119 - Rion,https://pic.javct.net/poster/04112026/cbe3dbfa19.jpg,https://javct.net/v/hz-3837,61,2026-07-15
HZ-3825,Beauty Collection Vol.116 - Nako Nagase,https://pic.javct.net/poster/04112026/1776148653.jpg,https://javct.net/v/hz-3825,61,2026-07-15
HZ-3822,Bonus Special Vol.7 - Mirei Imada - Shizuka Oshiro - Akari Satsuki,https://pic.javct.net/poster/06032026/1775794305.jpg,https://javct.net/v/hz-3822,44,2026-07-15
BBAN-264-RM,Guy's House Of Maid-Master And Slave Lesbian Lady [Uncensored L**ked],https://pic.javct.net/poster/20221904/1650857652.jpg,https://javct.net/v/bban-264-rm,180,2026-07-15
CEMD-345-RM,Ayaka Mochizuki Develops And Trains Lesbians! Mio Ichijo Falls Into A Pleasure Lesbian Swamp With Ahegao Eyes [Uncensored L**ked],https://pic.javct.net/poster/20230206/1686374154.jpg,https://javct.net/v/cemd-345-rm,135,2026-07-15
VIO-78,"Intertwined Tongues, Mingling Saliva, Lesbian Lovemaking",https://pic.javct.net/poster/07052026/650cf1d623.jpg,https://javct.net/v/vio-78,118,2026-07-15
ANG-015,"Yura Kana X Yukina Mafuyu Big Sister's Private Shoot: Godly Lesbian Swimsuits - Women Take The Camera Themselves And Meticulously Photograph Cute Girls In Swimsuits! Featuring Close-ups Of Fetishes Like Pubic Hair And Hairy Armpits, Inherited From Her Dad's Private Shoots, As Well As Embarrassing Scenes Of Women Urinating, Lotion Application, And Lesbian Sex, All Enjoyed While Fully Clothed In This Lesbian Sex Video.",https://pic.javct.net/poster/07052026/e0798f425e.jpg,https://javct.net/v/ang-015,93,2026-07-15
HODV-20526-RM,Rio Hamasaki Hana Tomorrow K**lala Pet Beast Beauty Of A Female Teacher Cast Big W [Uncensored L**ked],https://pic.javct.net/poster/07052026/9cf360f13f.jpg,https://javct.net/v/hodv-20526-rm,240,2026-07-15
GIGL-772,"No Way! I Can't Believe She Came From Kissing Another Woman... In A Private Room With Another Woman, She Was Unexpectedly Kissed By Another Woman And Her Desire Switch Was Flipped, So She Couldn't Refuse When She Was Seduced By Another Woman.",https://pic.javct.net/poster/07052026/04e5258bbd.jpg,https://javct.net/v/gigl-772,240,2026-07-15
HUNTC-616-RM,"""What?! No Way! Am I The Only One In My Class Who Gets Erections? No, Am I The Only One In The World?!"" It's Been A Year Since All The Other Men Stopped Getting Erections... But For Some Reason, I'm The Only One Who Gets Erections, And I've Entered A Period Of Incredible Popularity!! Putting An End To The Era Where My Female Classmates Were Satisfied With Just Having Lesbian Encounters Among Themselves!! [Uncensored L**ked]",https://pic.javct.net/poster/07052026/a1da54cdc6.jpg,https://javct.net/v/huntc-616-rm,240,2026-07-15
BBAN-593-RM,"Meeting You Changed My World. A Dream Lesbian Liberation Documentary About Loving And Being Loved By The Person I've Always Admired. Hanatori Toka, Kato Tsubaki [Uncensored L**ked]",https://pic.javct.net/poster/07052026/989eb2cefe.jpg,https://javct.net/v/bban-593-rm,170,2026-07-15
BBAN-581-RM,[Celebrating The Comeback] [Celebrating The Return Of Lesbians] Hasumi Claire's Amazing Technique! A Strap-on Lesbian Visit To Your Home And I'll Make You Cum Like Crazy! [Uncensored L**ked],https://pic.javct.net/poster/07052026/c3ea3fc1a4.jpg,https://javct.net/v/bban-581-rm,220,2026-07-15
DASS-985-RM,"Want To Be My Pet? A True Story. The Stunning Beauties Who Keep Lesbian Pets: Kyoko Hanamiya, Kana Yura, Kotone Fuyua [Uncensored L**ked]",https://pic.javct.net/poster/07052026/facf9365c7.jpg,https://javct.net/v/dass-985-rm,190,2026-07-15
BBAN-598-RM,"""Why Am I The One Who's Fallen For Yuri?!"" I Was Supposed To Be Cupid, But I Was Seduced By A Beautiful Girl And Completely Defeated By Pleasure... I Ended Up Showing My Best Friend, Who Was In A WSS (I Was The One Who Liked Her First...) State, My Lesbian Sex. [Uncensored L**ked]",https://pic.javct.net/poster/07052026/fc8d30a1e1.jpg,https://javct.net/v/bban-598-rm,120,2026-07-15
BBAN-592-RM,I never expected a gal to cum in a movie theater where a movie was showing... A shameful lesbian molester who can't even make a sound and is thoroughly instilled with pleasure until the end credits. [Uncensored L**ked],https://pic.javct.net/poster/07052026/856acd7051.jpg,https://javct.net/v/bban-592-rm,118,2026-07-15
MVG-137-RM,Covered In Cum!! Lewd Masochistic Gal Lesbian Fuck!! Nozomi Arimura / Aya Nogi [Uncensored L**ked],https://pic.javct.net/poster/07202025/1755882025.jpg,https://javct.net/v/mvg-137-rm,155,2026-07-15
OPUD-313-RM,Thick Breast Milk Piss! Bathing Drinking Urine Lesbian Nozomi Hazuki Minori Kuwata [Uncensored L**ked],https://pic.javct.net/poster/20233001/1676821431.jpg,https://javct.net/v/opud-313-rm,120,2026-07-15
BDA-091-RM,Violated Female Inmate Doing Hard Time On The Inside Ai Hoshina [Uncensored L**ked],https://pic.javct.net/poster/20212709/1635834889.jpg,https://javct.net/v/bda-091-rm,136,2026-07-15
HUNT-806-RM,"Nurse's Frustration With ""busy! ""It Thinks That It Can Do H Soon As The Hospital To Believe Such A Rumor, Just Nurse's Straight-laced Attitude Of An Ultra-cold ... Businesslike.But When There, I Found A Hospital Lesbian Scene Secret Of Beauty Nurse Couple Ubu Nurse Couple Pretty Inpatient Tits Woman Doctor Couple! [Uncensored L**ked]",https://pic.javct.net/poster/01202026/1772793525.jpg,https://javct.net/v/hunt-806-rm,245,2026-07-15
HUNTC-616,"""What?! No Way! Am I The Only One In My Class Who Gets Erections? No, Am I The Only One In The World?!"" It's Been A Year Since All The Other Men Stopped Getting Erections... But For Some Reason, I'm The Only One Who Gets Erections, And I've Entered A Period Of Incredible Popularity!! Putting An End To The Era Where My Female Classmates Were Satisfied With Just Having Lesbian Encounters Among Themselves!!",https://pic.javct.net/poster/07052026/a1da54cdc6.jpg,https://javct.net/v/huntc-616,240,2026-07-15
HSODA-118-RM,Amateur Monitoring Of Beauty Treatments Using A Magic Mirror. [Uncensored L**ked],https://pic.javct.net/poster/07052026/405b7aea14.jpg,https://javct.net/v/hsoda-118-rm,130,2026-07-15
HSODA-118,Amateur Monitoring Of Beauty Treatments Using A Magic Mirror.,https://pic.javct.net/poster/07052026/405b7aea14.jpg,https://javct.net/v/hsoda-118,130,2026-07-15
BBAN-593,"Meeting You Changed My World. A Dream Lesbian Liberation Documentary About Loving And Being Loved By The Person I've Always Admired. Hanatori Toka, Kato Tsubaki",https://pic.javct.net/poster/07052026/989eb2cefe.jpg,https://javct.net/v/bban-593,170,2026-07-15
BBAN-592,I never expected a gal to cum in a movie theater where a movie was showing... A shameful lesbian molester who can't even make a sound and is thoroughly instilled with pleasure until the end credits.,https://pic.javct.net/poster/07052026/856acd7051.jpg,https://javct.net/v/bban-592,118,2026-07-15
ONEZ-166-RM,About The Matter That I Was Able To Etch With My Guess Idol Who Will Immediately Make Me Fucked!Kotori Fukada Vol.003 [Uncensored L**ked],https://pic.javct.net/poster/07052026/932715aa25.jpg,https://javct.net/v/onez-166-rm,125,2026-07-15
TANF-041-RM,A Cosplayer Who Dreams Of Becoming An Idol Is Tricked Into Becoming A Drug-fueled AV Actress - BadFilm #05,https://pic.javct.net/poster/07052026/c703ea7140.jpg,https://javct.net/v/tanf-041-rm,155,2026-07-15
FC2PPV-4938427,I masturbated the waist of Yuzuki Yuzuki with teratera silver panties at God Style.,https://pic.javct.net/poster/07052026/0508dab245.jpg,https://javct.net/v/fc2ppv-4938427,56,2026-07-15
420HHL-155-RM,"KAINE(21) ​​Amateur Hoi Hoi Lover, Amateur, Couple Gonzo, Cosplay, Slender, Waist, Black Hair, Beautiful Girl, Squirting, Facial [Uncensored L**ked]",https://pic.javct.net/poster/07052026/a31a5be011.jpg,https://javct.net/v/420hhl-155-rm,70,2026-07-15
YMDS-272-RM,Little sister catering service A sweet and melting reward time for a kitten who is good at serving! Ruka Itoi [Uncensored L**ked],https://pic.javct.net/poster/07052026/4fda2d6b2c.jpg,https://javct.net/v/ymds-272-rm,81,2026-07-15
TNOZ-048-RM,"I Taught This Super Arrogant F-cup Busty Cosplayer A Lesson In Real Bodily Fluid Play By Having Her Swallow Saliva And Pee. Everyone Gave Her Deep Kisses + Continuous Irrumation, Crying And Sobbing = I Kept Bringing Her To Orgasm Until Her Shaved Pussy Was Destroyed With Intense Thrusting, Turning Her Into A Complete Masochist In A 7-person Orgy.",https://pic.javct.net/poster/07052026/0a08511a7a.jpg,https://javct.net/v/tnoz-048-rm,151,2026-07-15
CIEL-003-RM,"""I've Made A Lunch Box!"" I Cup Huge Tits System Her Energetic Support Cheerleader SEX Was Too Heavy And Sweaty. Himesaki Hana [Uncensored L**ked]",https://pic.javct.net/poster/20233001/1676170325.jpg,https://javct.net/v/ciel-003-rm,115,2026-07-15
NNNC-019-RM,"""Hey, Let's Do It Again"" Genuine Raw Creampie Raw Fucking 3 SEX Beautiful Gal's Ma  Semen Injection Hikaru Konno [Uncensored L**ked]",https://pic.javct.net/poster/20233001/1676171359.jpg,https://javct.net/v/nnnc-019-rm,95,2026-07-15
420HHL-154-RM,"SATO(28) Amateur Hoi Hoi Lover, Amateur, Couple POV, Cosplay, Big Tits, Slut, Facial [Uncensored L**ked]",https://pic.javct.net/poster/07052026/c0e29b184d.jpg,https://javct.net/v/420hhl-154-rm,105,2026-07-15
YMDS-271-RM,Sister catering service 24-hour unlimited service with natural G cup big breasts! Ruka Itoi [Uncensored L**ked],https://pic.javct.net/poster/07052026/39a4a9cd92.jpg,https://javct.net/v/ymds-271-rm,72,2026-07-15
DDH-429-RM,Nagisa [Uncensored L**ked],https://pic.javct.net/poster/07052026/6b9642c86a.jpg,https://javct.net/v/ddh-429-rm,69,2026-07-15
CMV-206,"Marunouchi Beauty Office Lady's Anal Cavity Wide Open, Enema Leads To Humiliating Collapse - Arisa Togawa",https://pic.javct.net/poster/07052026/c234b72eff.jpg,https://javct.net/v/cmv-206,185,2026-07-15
LID-019-RM,R * Queen Hatano Yui [Uncensored L**ked],https://pic.javct.net/poster/07052026/632cdbf1d4.jpg,https://javct.net/v/lid-019-rm,87,2026-07-15
ONEZ-162-RM,About The Matter That I Was A Bizarre Friend When I Called Deriherg When I Was A Student Minami Aya [Uncensored L**ked],https://pic.javct.net/poster/07052026/344cc5e894.jpg,https://javct.net/v/onez-162-rm,120,2026-07-15
ABP-955-RM,"Hentai Samurai × Maria Aine Close-up Eros 4 Hours Part 2 By Obscene Close-ups, Dissect All The Eros Of Maria Aine [Uncensored L**ked]",https://pic.javct.net/poster/20250606/1751468928.jpg,https://javct.net/v/abp-955-rm,240,2026-07-15
FC2PPV-4936346,"Blue Akaserina is seriously naughty, big and beautiful, slender, fair-skinned, super slim body, and has slender legs.",https://pic.javct.net/poster/07052026/a3c6e3c7a5.jpg,https://javct.net/v/fc2ppv-4936346,94,2026-07-15
RKI-751-RM,"Let Me Stay The Night, Nerd Boy. A Sexy And Cute Girl With A Strong Libido Who Will Even Let Me Have Cosplay Sex With Her, And I Can Cum Inside Her As Much As I Want And Mark Her. Kurumi Sakura [Uncensored L**ked]",https://pic.javct.net/poster/07052026/42de24fc0c.jpg,https://javct.net/v/rki-751-rm,100,2026-07-15
T28-485-RM,Over Wearing Like A Clothes Girl To An Adult! [Uncensored L**ked],https://pic.javct.net/poster/20240410/1729702817.jpg,https://javct.net/v/t28-485-rm,180,2026-07-15
SDAB-183-RM,Boyish Girls Dressed As Boys And First Vaginal Cum Shot In Men's Costumes 3 Raw Ji  Port! Don't Be Quick [Uncensored L**ked],https://static.javct.net/poster/sdab-183.jpg,https://javct.net/v/sdab-183-rm,140,2026-07-15
YST-290-RM,Toa Kotone Silently Devoured My Sister Who Started Layering [Uncensored L**ked],https://pic.javct.net/poster/20230302/1677819460.jpg,https://javct.net/v/yst-290-rm,101,2026-07-15
FC2PPV-4937700,[No] Recommended ☆ Gonzo with naked exposure with a beautiful woman on the way home ☆ Massive creampie,https://pic.javct.net/poster/07052026/27e5797405.jpg,https://javct.net/v/fc2ppv-4937700,52,2026-07-15
MKMP-739-RM,"Her Cute Butt Costume Is So Irresistible That It's Guaranteed To Make Men Swoon!! Erika Ozaki, A Cafe Girl With A Peachy Butt, Is So Easily Swayed By Men That She'll Readily Give Them A Handjob. [Uncensored L**ked]",https://pic.javct.net/poster/07052026/7ddb33517b.jpg,https://javct.net/v/mkmp-739-rm,130,2026-07-15
FC2PPV-4936585,"A succubus cosplay with an I-cup divine breasts gravure idol who farts two times in a row and shoots the camera is seriously geeky!! Even when there is trouble, she gets carried away and is cheeky, so this time she will release the scene during the shooting as it is without editing.",https://pic.javct.net/poster/07052026/0a2e55095a.jpg,https://javct.net/v/fc2ppv-4936585,35,2026-07-15
XRW-776-RM,Piston Mom Who Fires His Son-in-law First Time Many Times Mio Ichijo And Anzu Momoi [Uncensored L**ked],https://pic.javct.net/poster/07052026/d82ba19619.jpg,https://javct.net/v/xrw-776-rm,127,2026-07-15
FAX-531-RM,"Henry Tsukamoto Showa Porn Drama Married-out Erotic Is Always Hungry Daughter-mother Was Seen Are, Masturbation Is To Father The Connivance Father And Daughter Kin Parent Incest [Uncensored L**ked]",https://pic.javct.net/poster/07052026/0e752ae955.jpg,https://javct.net/v/fax-531-rm,105,2026-07-15
FAX-529-RM,Henry Tsukamoto Love Of Pleasure Licking Pleasure / Rim Is Joy / Interpolation Is The Pleasure / Interpolation Is Is Joy [Uncensored L**ked],https://pic.javct.net/poster/07052026/c2432ee60d.jpg,https://javct.net/v/fax-529-rm,105,2026-07-15
ADN-292,"A Woman Who Is Convenient Is Fine. On A Night When My Consciousness Was So Disturbed, I Fell In Love With My Married Boss. Yuai Kana",https://pic.javct.net/poster/07052026/f97b5491e3.jpg,https://javct.net/v/adn-292,150,2026-07-15
XRW-775-RM,Sober And Serious G-Cup Pretty Soap Morimoto Tsugumi Who Has Been Caught In Recruiting High-income Bytes [Uncensored L**ked],https://pic.javct.net/poster/07052026/b4eb17b509.jpg,https://javct.net/v/xrw-775-rm,129,2026-07-15
NSFS-330-RM,Fo**ed Consensual Sex That Made Me Feel It. 8 Married Women Who Fell Into Pleasure. [Uncensored L**ked],https://pic.javct.net/poster/20240410/1731123783.jpg,https://javct.net/v/nsfs-330-rm,260,2026-07-15
START-567-RM,"I can't help but stare at my male friend's sister's defenseless breasts and no bra! When we were alone, I pointed out that she wasn't wearing a bra, and Nano Ogasawara got embarrassed and didn't want to push me, so I just kept fucking her. [Uncensored L**ked]",https://pic.javct.net/poster/07052026/4fca0f539c.jpg,https://javct.net/v/start-567-rm,142,2026-07-15
HEZ-888,"My Beautiful And Cute Young Wife Next Door Is An Angel During The Day, But A Nymphomaniac At Night! I Get A Massive Erection From The Moans I Hear Coming From The Other Side Of The Wall, And One Day I Confessed My Feelings To Her, And Now We Have Sex All The Time In My Room Whenever Her Husband Is Away On Business Trips! - Anzu Sasakura",https://pic.javct.net/poster/07052026/23a67ab213.jpg,https://javct.net/v/hez-888,131,2026-07-15
DASD-348-RM,"In Order To Protect Not Say To My Son The C**ldren From Poor, Kana Mother Miyashita Held Out Myself [Uncensored L**ked]",https://pic.javct.net/poster/20240410/1728558639.jpg,https://javct.net/v/dasd-348-rm,140,2026-07-15
CESD-812-RM,Beautiful Woman Editor Of Nipples Who Want Pets To Sensuality Novelists 5 Karen Mifune [Uncensored L**ked],https://pic.javct.net/poster/07052026/cb8429c6bc.jpg,https://javct.net/v/cesd-812-rm,135,2026-07-15
START-567,"I can't help but stare at my male friend's sister's defenseless breasts and no bra! When we were alone, I pointed out that she wasn't wearing a bra, and Nano Ogasawara got embarrassed and didn't want to push me, so I just kept fucking her.",https://pic.javct.net/poster/07052026/4fca0f539c.jpg,https://javct.net/v/start-567,142,2026-07-15
DRPT-042-RM,Big-ass Sister-in-law Who Seeks Anal Sex By Herself [Kurumi Tamaki Anal Ban! ! ] [Uncensored L**ked],https://pic.javct.net/poster/20230302/1678332455.jpg,https://javct.net/v/drpt-042-rm,135,2026-07-15
MISM-159-RM,Honor student eventually becomes M. Uniform girl training record Rui Hiiragi [Uncensored L**ked],https://pic.javct.net/poster/20221904/1654165484.jpg,https://javct.net/v/mism-159-rm,128,2026-07-15
BACJ-183-RM,"My Heart, Which Only Thinks Of You And Cannot Be Satisfied By Any Other Kind Of Sex, Blooms As Fleetingly As A Night-blooming Cereus. - Yuika Onosaka [Uncensored L**ked]",https://pic.javct.net/poster/07052026/0215d6758c.jpg,https://javct.net/v/bacj-183-rm,126,2026-07-15
FAJS-024-RM,Breasts Squirting Helper Mukai Love [Uncensored L**ked],https://pic.javct.net/poster/07052026/af24dbb95c.jpg,https://javct.net/v/fajs-024-rm,111,2026-07-15
APNS-150-RM,Akari Neo's Sex Processing Female Student [Uncensored L**ked],https://pic.javct.net/poster/20230206/1687879280.jpg,https://javct.net/v/apns-150-rm,121,2026-07-15
NSFS-492-RM,"Jealousy, Erection, And Excitement: Rental Wife 11 - Mika Sumikawa [Uncensored L**ked]",https://pic.javct.net/poster/07052026/1637a8e68f.jpg,https://javct.net/v/nsfs-492-rm,116,2026-07-15
BACJ-185-RM,"The Tall, Busty Senior Who's Good At Her Job Destroys And Tames Her Junior's Sexual Fetishes After Work - Shirasaki Mizuki",https://pic.javct.net/poster/07052026/1094f19663.jpg,https://javct.net/v/bacj-185-rm,114,2026-07-15
CJOD-510-RM,"Whenever My Female Boss Ovulates, She Gets Horny And Wriggles Her Amazing, Voluptuous Body, And With Dirty Talk And Erotic Harassment, She Lets Me Cum Inside Her Once, Twice, Three Times, And This Month Too, She's My Right-hand Man Subordinate JULIA [Uncensored L**ked]",https://pic.javct.net/poster/05192026/aa9224b5b8.jpg,https://javct.net/v/cjod-510-rm,120,2026-07-15
BACJ-185,"The Tall, Busty Senior Who's Good At Her Job Destroys And Tames Her Junior's Sexual Fetishes After Work - Shirasaki Mizuki",https://pic.javct.net/poster/07052026/1094f19663.jpg,https://javct.net/v/bacj-185,114,2026-07-15
NBES-066-RM,Reprint Edition Gratitude Price 1980 Yen A Female Boss And Her Unfaithful Subordinate Natsuho Imai Ended Up Staying In A Twin Room As Part Of The Company's Cost Reduction On A Local Business Trip To The North Kanto Area For 2 Days And 1 Night [Uncensored L**ked],https://pic.javct.net/poster/20230302/1678423970.jpg,https://javct.net/v/nbes-066-rm,120,2026-07-15
HOMA-126-RM,A Younger Female Boss Who Seduces You With Sweet And Awkward Whispering Dirty Words From Behind An Komatsu [Uncensored L**ked],https://pic.javct.net/poster/20233001/1677295360.jpg,https://javct.net/v/homa-126-rm,128,2026-07-15
DSOD-028-RM,"During A Business Trip, A Torrential Downpour Fo**ed Me To Share A Room With My Innocent, Virgin Subordinate. I Teased Him, And... Even After Dawn, We Were Still Passionately Having Sex, Our Saliva Mingling Thickly, Sweating Profusely, And I Was Cumming Inside Him. - Sora Amakawa [Uncensored L**ked]",https://pic.javct.net/poster/07052026/70aa6fb448.jpg,https://javct.net/v/dsod-028-rm,120,2026-07-15
MKMP-741,"I Was In The Same Room As My Beautiful Female Bosses At A Hotel During A Business Trip... Their Lewd Bodies Wrapped Around Me, And While They Verbally Ab**ed Me With Obscene Language, They Milked Me Dry With Their Incredible Hip Movements In A Room-sharing Experience.",https://pic.javct.net/poster/07052026/f7951ed35b.jpg,https://javct.net/v/mkmp-741,140,2026-07-15
DSOD-028,"During A Business Trip, A Torrential Downpour Fo**ed Me To Share A Room With My Innocent, Virgin Subordinate. I Teased Him, And... Even After Dawn, We Were Still Passionately Having Sex, Our Saliva Mingling Thickly, Sweating Profusely, And I Was Cumming Inside Him. - Sora Amakawa",https://pic.javct.net/poster/07052026/70aa6fb448.jpg,https://javct.net/v/dsod-028,120,2026-07-15
CLOT-040-RM,Alluring Black Pantyhose-Wearing Female Boss: Yukina Mafuyu [Uncensored L**ked],https://pic.javct.net/poster/07052026/b29ccba988.jpg,https://javct.net/v/clot-040-rm,126,2026-07-15
CLOT-040,Alluring Black Pantyhose-Wearing Female Boss: Yukina Mafuyu,https://pic.javct.net/poster/07052026/b29ccba988.jpg,https://javct.net/v/clot-040,126,2026-07-15
ATID-689-RM,A Female Boss Is Repeatedly Brought To Orgasm By Her Incompetent Subordinate Using A Clitoral Suction Device Until Her Lower Body Is Shaking Uncontrollably. [Uncensored L**ked],https://pic.javct.net/poster/05192026/154df4c48b.jpg,https://javct.net/v/atid-689-rm,150,2026-07-15
DVMM-414-RM,"By Day, She's A Quiet And Serious Senior Office Lady, But By Night, She's An Insatiable Fellatio Fanatic. Every Night At The Office, She Savors And Sucks Her Junior's Dick Dry, Working Overtime Without Giving Him A Blowjob! Her Beautiful Face Is Covered In Sticky, Gooey Semen As She Lets A Massive Amount Of Semen Cum Into Her Mouth, Finally Satisfying Her. Hibiki Ren [Uncensored L**ked]",https://pic.javct.net/poster/05192026/de42d0b431.jpg,https://javct.net/v/dvmm-414-rm,150,2026-07-15
HODV-21631-RM,She Turned Down A Debut In The Entertainment World. The Best SEXUAL Situation With A Fine Woman Who Seduces Men. Arisu Nanase. [Uncensored L**ked],https://pic.javct.net/poster/20212011/1638531027.jpg,https://javct.net/v/hodv-21631-rm,179,2026-07-15
FOCS-107-RM,Attacked While Sleeping In A Shared Room On A Business Trip... A Female Boss Who Has Been Vaginal Cum Shot Many Times By Two Juniors Even Though She Has A Fiance Mirai Nakamaru [Uncensored L**ked],https://pic.javct.net/poster/20222311/1671160411.jpg,https://javct.net/v/focs-107-rm,120,2026-07-15
MOND-243-RM,Longing Female Boss And Haruka Nogi [Uncensored L**ked],https://pic.javct.net/poster/20230302/1679719845.jpg,https://javct.net/v/mond-243-rm,120,2026-07-15
DVMM-414,"By Day, She's A Quiet And Serious Senior Office Lady, But By Night, She's An Insatiable Fellatio Fanatic. Every Night At The Office, She Savors And Sucks Her Junior's Dick Dry, Working Overtime Without Giving Him A Blowjob! Her Beautiful Face Is Covered In Sticky, Gooey Semen As She Lets A Massive Amount Of Semen Cum Into Her Mouth, Finally Satisfying Her. Hibiki Ren",https://pic.javct.net/poster/05192026/de42d0b431.jpg,https://javct.net/v/dvmm-414,150,2026-07-15
ATID-689,A Female Boss Is Repeatedly Brought To Orgasm By Her Incompetent Subordinate Using A Clitoral Suction Device Until Her Lower Body Is Shaking Uncontrollably.,https://pic.javct.net/poster/05192026/154df4c48b.jpg,https://javct.net/v/atid-689,150,2026-07-15
MADM-166-RM,"Is It Far From Home? Then...Come Over To My House.When I Missed The Last Train And Was Asked To Stay At Home, My Usually Serious Boss Showed Me A Bitchy Appearance That I Can't Imagine At All From The Appearance At Work...Kanna Misaki [Uncensored L**ked]",https://pic.javct.net/poster/20230302/1679720093.jpg,https://javct.net/v/madm-166-rm,150,2026-07-15
HODV-21630-RM,"Momonaga Sarina, I'm So Excited! Female In Heat Loves Making Guys Cum [Uncensored L**ked]",https://pic.javct.net/poster/20212011/1638531084.jpg,https://javct.net/v/hodv-21630-rm,149,2026-07-15
XMOM-55-RM,Closed Room Married Woman Female President And Late Night Cock Overtime Mizuki Yayoi [Uncensored L**ked],https://pic.javct.net/poster/20230104/1681355361.jpg,https://javct.net/v/xmom-55-rm,130,2026-07-15
HUNBL-131-RM,"""If You Don't Want To Be Taken Apart, Hold My Dick In Your Mouth!"" The Two Annoying Female Bosses Were A Lesbian Couple! [Uncensored L**ked]",https://pic.javct.net/poster/20230104/1680838175.jpg,https://javct.net/v/hunbl-131-rm,130,2026-07-15
BGN-053-RM,Newcomer Prestige Exclusive Debut Model Body Height 172 Cm 20 Years Old Mina Rina [Uncensored L**ked],https://pic.javct.net/poster/07052026/ba6b8cc0be.jpg,https://javct.net/v/bgn-053-rm,175,2026-07-15
MADV-637-RM,The School's Most Innocent-looking Girl With A Big Butt And A Slender Waist Approached Me While Wearing A Gym Uniform That Violated School Rules... And I Ended Up Having Unprotected Sex With Nagisa Again And Again.,https://pic.javct.net/poster/07052026/9ff1a4e021.jpg,https://javct.net/v/madv-637-rm,120,2026-07-15
ONED-940-RM,Medal Balls!! Face Shot Of Momentum [Uncensored L**ked],https://pic.javct.net/poster/07052026/6f58cf9d17.jpg,https://javct.net/v/oned-940-rm,126,2026-07-15
PTS-551,"The Bond Between Best Friends! Their Grit! Their Tenacity! Are Put To The Test! When Their Patience Reaches Its Limit, It Unexpectedly Escalates Into A 4P Orgy!",https://pic.javct.net/poster/07052026/03b5abfc80.jpg,https://javct.net/v/pts-551,123,2026-07-15
BAB-084-RM,Kiss Specialized Championship Five Guess Fans Saliva Exchange Thanksgiving Erika Ozaki [Uncensored L**ked],https://pic.javct.net/poster/20233001/1675481528.jpg,https://javct.net/v/bab-084-rm,139,2026-07-15
AGAV-172-RM,Glasses-Wearing Facial Cumshot Story: The Elegant Executive Secretary With Glasses - Miki Mori [Uncensored L**ked],https://pic.javct.net/poster/07052026/f8e61115fc.jpg,https://javct.net/v/agav-172-rm,117,2026-07-15
KV-269-RM,Pacifier Academy Pink Salon Department 11 [Uncensored L**ked],https://pic.javct.net/poster/07052026/10ebf64101.jpg,https://javct.net/v/kv-269-rm,130,2026-07-15
IPTD-445-RM,Momono Nagomi Nurse Erotic Beauty [Uncensored L**ked],https://pic.javct.net/poster/07052026/59933ddd72.jpg,https://javct.net/v/iptd-445-rm,120,2026-07-15
MADV-637,The School's Most Innocent-looking Girl With A Big Butt And A Slender Waist Approached Me While Wearing A Gym Uniform That Violated School Rules... And I Ended Up Having Unprotected Sex With Nagisa Again And Again.,https://pic.javct.net/poster/07052026/9ff1a4e021.jpg,https://javct.net/v/madv-637,120,2026-07-15
KTRA-491-RM,I Can't Stand My Growing No Bra Younger Sister Innocently Showing Her Tits! Nagisa Asami [Uncensored L**ked],https://pic.javct.net/poster/20233001/1676089137.jpg,https://javct.net/v/ktra-491-rm,125,2026-07-15
MADV-636-RM,"NTR In A Competitive Swimsuit: A Sexy, Big-breasted Woman With An Amazing Figure In A High-cut Swimsuit Gets Me Fully Erect. Despite Being Married, She Makes Me Cum Over And Over Again During Intense Sex. Chiba Yuka [Uncensored L**ked]",https://pic.javct.net/poster/07052026/5e51fa9689.jpg,https://javct.net/v/madv-636-rm,140,2026-07-15
MSFH-039-RM,Gear Change P To M Hirose Riona Who Repeats Licking From High Speed To Low Speed [Uncensored L**ked],https://pic.javct.net/poster/01202026/1772407902.jpg,https://javct.net/v/msfh-039-rm,140,2026-07-15
APAK-333-RM,"Hazuki, The Innocent Masochist, Reaches Orgasm With Internal Ejaculation. The Delicate Body Of This Beautiful Girl Groans In Pain! Intense Orgasm From A Devilish Thrust! Direct Hit To The Uterus! Legs Shaking! ""This Is The First Time I've Felt Anything Like This! I'm Going To Break!"" Lewd Orgasm Student Guidance: Sano Hazuki [Uncensored L**ked]",https://pic.javct.net/poster/07052026/96c41a077a.jpg,https://javct.net/v/apak-333-rm,127,2026-07-15
CJOB-208,Practical For Masturbation! The Ultimate Close-up Blowjob Compilation Featuring Only The Cock Being Sucked And Licked! 35 Carefully Selected Scenes.,https://pic.javct.net/poster/07052026/52c621cc41.jpg,https://javct.net/v/cjob-208,240,2026-07-15
SGA-082-RM,"Beautiful Wife Gap E Cup Married Toda Faint 29-year-old AV Debut Usually Too Terrible Is That You And Unfussy, The Reality Was A Pervert Wife Kagidasu The Smell Enters The Switch To The Touch Ji ○! ! 47 [Uncensored L**ked]",https://pic.javct.net/poster/07052026/e4dd967441.jpg,https://javct.net/v/sga-082-rm,130,2026-07-15
AGAV-172,Glasses-Wearing Facial Cumshot Story: The Elegant Executive Secretary With Glasses - Miki Mori,https://pic.javct.net/poster/07052026/f8e61115fc.jpg,https://javct.net/v/agav-172,117,2026-07-15
APNS-415-RM,Humiliating Home Visit: Masochistic Training And Impregnation Sex... Beautiful Teacher Yukimura Izuki Is Framed By A Misbehaving Student. [Uncensored L**ked],https://pic.javct.net/poster/07052026/61002d097e.jpg,https://javct.net/v/apns-415-rm,114,2026-07-15
BANK-241-RM,A Seductive And Alluring Saleswoman With A Seductive Body And An Ecstatic Expression. [Uncensored L**ked],https://pic.javct.net/poster/07052026/f9b08dba1f.jpg,https://javct.net/v/bank-241-rm,125,2026-07-15
SHIND-095-RM,Tracking The Sticky S●●Car M - Home Banned Records #120 & 121 [Uncensored L**ked],https://pic.javct.net/poster/20242012/1735787202.jpg,https://javct.net/v/shind-095-rm,139,2026-07-15
APAK-333,"Hazuki, The Innocent Masochist, Reaches Orgasm With Internal Ejaculation. The Delicate Body Of This Beautiful Girl Groans In Pain! Intense Orgasm From A Devilish Thrust! Direct Hit To The Uterus! Legs Shaking! ""This Is The First Time I've Felt Anything Like This! I'm Going To Break!"" Lewd Orgasm Student Guidance: Sano Hazuki",https://pic.javct.net/poster/07052026/96c41a077a.jpg,https://javct.net/v/apak-333,127,2026-07-15
EBOD-548,Woman BODY Career Four Years To Work!Mystery Continues G Cup Busty Craftsmen Were Carefully Trained In Certain Maintenance Shop!Active Duty Moth Ten System Auto Mechanic Mio (provisional) 21-year-old,https://pic.javct.net/poster/07052026/88829f5cb1.jpg,https://javct.net/v/ebod-548,120,2026-07-15
BANK-240-RM,"A Hot Spring Trip With Enormous, Exquisite Boobs [Uncensored L**ked]",https://pic.javct.net/poster/07052026/aa8d4c31c1.jpg,https://javct.net/v/bank-240-rm,195,2026-07-15
XVSR-348,Perfect Subjectivity I And Icha LOVE Sex Only For You,https://sextb.net/images/default-cover.jpg,https://javct.net/v/xvsr-348,240,2026-07-15
EBOD-552,Wet Clothing Obscene Nipples Hcup Breasts Maid Nene Sakura,https://pic.javct.net/poster/07052026/6460a06c16.jpg,https://javct.net/v/ebod-552,120,2026-07-15
MIST-119-RM,"At ""An Old Traditional Titty Pub"" In The Biggest Entertainment District In Japan, New Girls Will Secretly Fuck Their Customers Raw In Order To Steal Them From The Veteran Girls 04",https://pic.javct.net/poster/01202026/1772176248.jpg,https://javct.net/v/mist-119-rm,145,2026-07-15
FC2PPV-4938541,Uncensored A lecturer at a nail vocational school who loves dicks so much ❤ Raw sex in her stuffy pussy after a day of work - I ejaculated in her slutty mouth,https://pic.javct.net/poster/07052026/807ee8e57f.jpg,https://javct.net/v/fc2ppv-4938541,39,2026-07-15
XVSR-294-RM,"Asami Nagase 's 3rd Anniversary Debut!Amateur Male's ""Well, I Want To Do It!Three Hours Of Dreams That Will Make You Real! !",https://pic.javct.net/poster/05192026/9da8e0ed35.jpg,https://javct.net/v/xvsr-294-rm,180,2026-07-15
MISM-162-RM,Super Rare Tongue-cut Daughter AV Debut Who Came To Tokyo From The Northern Kanto Honoka Takigawa,https://pic.javct.net/poster/20240807/1723826448.jpg,https://javct.net/v/mism-162-rm,120,2026-07-15
SCOP-799-RM,"The Neighbor Gal With A Yankee Temperament Who Was A Scary Impression Is A Super Gentle God Deployment! ! I'm A Pure Virgin, And I'm Empathetic With The Amazing Techniques Unique To Gals, And I'm Lucky To Write Down... I Thought, But Chi Po Is Really Compatible With Me, And I'm Going To Have A Lot Of Creampie FUCK! !",https://pic.javct.net/poster/20233001/1676088445.jpg,https://javct.net/v/scop-799-rm,145,2026-07-15
MFCW-075-RM,Mami [Uncensored L**ked],https://pic.javct.net/poster/07052026/7a2930c70f.jpg,https://javct.net/v/mfcw-075-rm,80,2026-07-15
AKID-114-RM,Year-round Horniness! Pregnancy OK! Slutty Wives' Excessive Sex (individual Shooting) Vol.3 Tall Wives Having Serious Sex With Younger Men Rika-san/F Cup/33 Years Old Rei-san/D Cup/31 Years Old [Uncensored L**ked],https://pic.javct.net/poster/20241115/1734678406.jpg,https://javct.net/v/akid-114-rm,170,2026-07-15
DEBZ-015-RM,In addition [Uncensored L**ked],https://pic.javct.net/poster/07052026/b10f26ba72.jpg,https://javct.net/v/debz-015-rm,63,2026-07-15
PEEP-180-RM,Satsuki [Uncensored L**ked],https://pic.javct.net/poster/07052026/9f9e2de2f4.jpg,https://javct.net/v/peep-180-rm,54,2026-07-15
STSK-156-RM,Personal Photo Session Kawachii KK Swimsuit Swimin K@n [Uncensored L**ked],https://pic.javct.net/poster/20242012/1735746843.jpg,https://javct.net/v/stsk-156-rm,244,2026-07-15
SORA-539-RM,I Found A Good JK Student Exposing Herself After School... [4 JKs] [Uncensored L**ked],https://pic.javct.net/poster/20243105/1718420803.jpg,https://javct.net/v/sora-539-rm,149,2026-07-15
STSK-153-RM,Cheerleader #youth #club Activities #fox Dance #creampie [Uncensored L**ked],https://pic.javct.net/poster/20242012/1735747015.jpg,https://javct.net/v/stsk-153-rm,223,2026-07-15
SW-453-RM,C**ldren's Tutor Now Erection Likely To Share ○ Port Not Be Suppressed Libido Mom Geek Teacher Also Limits Put Up With Boyne And Deca-ass Temptation Of Mom!Hot Co ○ Ma Of Mom Komu Addition Kachikachichi ○ Port Of The Teacher In The Next To The Study Of C**ldren [Uncensored L**ked],https://pic.javct.net/poster/20230908/1694678074.jpg,https://javct.net/v/sw-453-rm,180,2026-07-15
MILK-221-RM,"Perverted Photography, Tailing, Entering The House, Turning An Innocent Schoolgirl Into A Sex Slave, Going Crazy With Pleasure, Absolute Sex, Marui Moeka [Uncensored L**ked]",https://pic.javct.net/poster/20242108/1727283867.jpg,https://javct.net/v/milk-221-rm,115,2026-07-15
HRSM-151-RM,"Shibuya XXX Store, Swimsuit Shop Fitting Room: Confined Space / Captured Alive / Raw Sashimi [Uncensored L**ked]",https://pic.javct.net/poster/07052026/4bf001b89d.jpg,https://javct.net/v/hrsm-151-rm,191,2026-07-15
AKID-064-RM,"After A College Student Limited Drinking Party, Take It Back To The Room To Take A Voyeur In The Room And Shut Up To AV No. 28 Filthy JD Older Sister Hen Mana / I Cup / 21 Years Old / H Cup / 21 Years Old [Uncensored L**ked]",https://pic.javct.net/poster/07052026/3d2f1e92fd.jpg,https://javct.net/v/akid-064-rm,220,2026-07-15
NKKD-365-RM,"Dashcam NTR 38: The Car Camera Witnessed The Entire Incident Of The Cheating - Japan's Unbeatable Team Special Edition - This Time, A Special 120-minute Compilation Is Also Included. [Uncensored L**ked]",https://pic.javct.net/poster/07052026/4f17ededb3.jpg,https://javct.net/v/nkkd-365-rm,230,2026-07-15
CLUB-511-RM,Farewell Party Of My Wife Who Left Off From Work Life My Beloved Bride Was Drunk By Alcohol And Was Brought To Sleep By The Company's Boss And Colleagues.Part 16 [Uncensored L**ked],https://pic.javct.net/poster/07052026/db3f24b8fe.jpg,https://javct.net/v/club-511-rm,230,2026-07-15
NKKD-365,"Dashcam NTR 38: The Car Camera Witnessed The Entire Incident Of The Cheating - Japan's Unbeatable Team Special Edition - This Time, A Special 120-minute Compilation Is Also Included.",https://pic.javct.net/poster/07052026/4f17ededb3.jpg,https://javct.net/v/nkkd-365,230,2026-07-15
T28-483-RM,Record The Video That Was Taken Hid Her Cosplayers [Uncensored L**ked],https://pic.javct.net/poster/04112026/a3e0a2d734.jpg,https://javct.net/v/t28-483-rm,150,2026-07-15
NNPJ-407-RM,Is It Okay To Go Home Because I Pay The Rent For One Month? ?? Guard Firming Chest Loosening Professional Student Grandpa Is An American! Healthy Quarter Basketball Favorite Girl Beautiful Big Tits College Student Goes Crazy With White Eyes Convulsions! 2 Months Rent Is OK Until Raw Vaginal Cum Shot [Uncensored L**ked],https://pic.javct.net/poster/07052026/6f55d838c2.jpg,https://javct.net/v/nnpj-407-rm,120,2026-07-15
MIST-128-RM,It Does Not Fit Just Dial And Wooed Just A Tokyo Famous Deriheru Of Production Ban!cosplay Deriheru Collection 8 Until The Glaring Man Who Is Out Of Raw Medium To Deriheru Miss [Uncensored L**ked],https://pic.javct.net/poster/06032026/1772843052.jpg,https://javct.net/v/mist-128-rm,160,2026-07-15
STSK-231-RM,"A Swimmer Who Is Easily Swayed And Can't Say No, And A Perverted Masseur: The Entire Process Of Sexual Harassment During The Treatment, Involving Four Individuals Belonging To Corporate Teams. [Uncensored L**ked]",https://pic.javct.net/poster/07052026/3b524d01f5.jpg,https://javct.net/v/stsk-231-rm,199,2026-07-15
HRSM-151,"Shibuya XXX Store, Swimsuit Shop Fitting Room: Confined Space / Captured Alive / Raw Sashimi",https://pic.javct.net/poster/07052026/4bf001b89d.jpg,https://javct.net/v/hrsm-151,191,2026-07-15
CLUB-551-RM,Impregnated Orgy Which Pours 40 Sons Into A Female College Student Over The Presumed G Cup With A Desire To Cum Inside [Uncensored L**ked],https://pic.javct.net/poster/20230804/1692806709.jpg,https://javct.net/v/club-551-rm,180,2026-07-15
STSK-233-RM,Model Room Chase ● I Will Never Let You Get Away! Unlimited Raw Cumming With Super-fast Piston Until You Can No Longer Get An Erection!! 2 [Uncensored L**ked],https://pic.javct.net/poster/07052026/a64f97623d.jpg,https://javct.net/v/stsk-233-rm,109,2026-07-15
OKB-191-RM,"Satomi Miyamoto's Plump, Beautiful Buttocks In Divine Bloomers. Cute Girls And Chubby Girls Are Dressed In Tight Bloomers And Gym Clothes, With Extreme Close-ups Showing Their Panties, Sweaty Crotches, And Even The Pores! Plus Ass Fucking, Peeing In Clothes, And Cumming On Bloomers - A Complete Clothing Fetish AV For Bloomer Lovers. [Uncensored L**ked]",https://pic.javct.net/poster/05192026/0e116c7d45.jpg,https://javct.net/v/okb-191-rm,93,2026-07-15
GEBB-050-RM,[Epic Episode] Unscrupulous Multi-level Marketing Members Targeting The Uninformed Are Lured In And Punished With A Penis Instead Of Being Recruited. [Uncensored L**ked],https://pic.javct.net/poster/07052026/c38037e260.jpg,https://javct.net/v/gebb-050-rm,181,2026-07-15
SCOP-651,"Even Though I Hated It So Much, The Body Is Honest When I Can Insert A Port! !Ahehe Pleasure Fall BEST 30 People 4 Hours",https://pic.javct.net/poster/07052026/6396252543.jpg,https://javct.net/v/scop-651,240,2026-07-15
XVSR-292-RM,Dirty School - Smiling Face Of A Peeled Pretty Girl - Rimomi Hatsumi [Uncensored L**ked],https://pic.javct.net/poster/20240410/1731301019.jpg,https://javct.net/v/xvsr-292-rm,120,2026-07-15
MIGD-532-RM,Pies Only Meat Urinal Uehara Ai [Uncensored L**ked],https://pic.javct.net/poster/20222612/1675079874.jpg,https://javct.net/v/migd-532-rm,160,2026-07-15
DV-345-RM,Beautiful Woman Graduate Teacher Kaede Matsushima Sex Slaves [Uncensored L**ked],https://pic.javct.net/poster/07052026/81fcdd07f7.jpg,https://javct.net/v/dv-345-rm,120,2026-07-15
SNIS-620-RM,I Fucked A School Girls - Brainwashed By Aphrodisiac Was Honor Student ~ Onodera Risa [Uncensored L**ked],https://pic.javct.net/poster/07052026/51505d0179.jpg,https://javct.net/v/snis-620-rm,140,2026-07-15
PPPD-519-RM,Busty Daughter Became Even If Les  Up Pies To Ok The World Hitomi [Uncensored L**ked],https://pic.javct.net/poster/20221904/1653969766.jpg,https://javct.net/v/pppd-519-rm,120,2026-07-15
MIDD-402-RM,Aoyama Vegetables Gangbang R**e Big People [Uncensored L**ked],https://pic.javct.net/poster/07052026/187c730eea.jpg,https://javct.net/v/midd-402-rm,120,2026-07-15
STARS-081-RM,Mahiro Yui A Boy's Appearance Is Barked And Gangbanged ... [Uncensored L**ked],https://pic.javct.net/poster/20243105/1719749575.jpg,https://javct.net/v/stars-081-rm,130,2026-07-15
LOVE-042,View Full Attention Hardcore 01 Fuck Young Gal Medicine Milk Poor De Fo**ed Continuous Trick,https://pic.javct.net/poster/07052026/e7436eeb91.jpg,https://javct.net/v/love-042,140,2026-07-15
XRW-764-RM,Bondage Of Undercover Female Investigators 08 [Uncensored L**ked],https://pic.javct.net/poster/20250606/1750224670.jpg,https://javct.net/v/xrw-764-rm,120,2026-07-15
XRW-766-RM,"Being R**ed, Screaming, ""Please Squirt"", Semen Masturbation Does Not Stop But Lewd Beautiful Wife Asuka Takaki [Uncensored L**ked]",https://pic.javct.net/poster/07052026/31e8299b0b.jpg,https://javct.net/v/xrw-766-rm,118,2026-07-15
KAWD-980,I Am Committing A Blank One Hour Remarried Partner's Daughter Every Day Until My Wife Comes Home. Cherry Blossoms,https://pic.javct.net/poster/07052026/adc10ebc38.jpg,https://javct.net/v/kawd-980,120,2026-07-15
STARS-109-RM,"It Is Committed By A Man Who Absolutely Doesn't Want To SEX, And I Have Passed Too Much Though I Rejected It .... Makoto Toda [Uncensored L**ked]",https://pic.javct.net/poster/07052026/c3f9c9532d.jpg,https://javct.net/v/stars-109-rm,120,2026-07-15
FSKT-019,A Woman Who Is Fucked Has A Desire To Be Fucked Again ...This Is True.,https://pic.javct.net/poster/07052026/f28a7a9ca3.jpg,https://javct.net/v/fskt-019,120,2026-07-15
STARS-076-RM,A Female College Student Who Fell For The Pleasure Of Yume Takeda Saunale [Uncensored L**ked],https://pic.javct.net/poster/20243105/1719749390.jpg,https://javct.net/v/stars-076-rm,120,2026-07-15
DASD-245-RM,The Spinning 100 Volley Serizawa Gangbang Fo**ed Out Anal [Uncensored L**ked],https://pic.javct.net/poster/20240807/1721170004.jpg,https://javct.net/v/dasd-245-rm,150,2026-07-15
SVDVD-751,"AV To Stop Time!However, A Sensitive Actress Who Can't Stand The Pant Voice And Squealing Is ""What Is It For Shooting!""And Unplanned Vaginal Cum Shot R**e!",https://pic.javct.net/poster/07052026/1e56d1afbb.jpg,https://javct.net/v/svdvd-751,152,2026-07-15
MIDD-994,Haughty Woman JULIA Soiled Career OL Molester Pride,https://pic.javct.net/poster/07052026/39f3082457.jpg,https://javct.net/v/midd-994,120,2026-07-15
PGD-674-RM,Wife ~ Ray Perpetrated In Front Of Gangbang R**e-husband [Uncensored L**ked],https://pic.javct.net/poster/20252204/1746805481.jpg,https://javct.net/v/pgd-674-rm,120,2026-07-15
SHKD-923,"When A Married Woman (Who Was Trying To Get Pregnant) Gets R**ed And Impregnated By Her Husbands Boss, I Wonder What She Was Thinking As She Was Held In His Arms. Ai Mukai",https://pic.javct.net/poster/07052026/1a013c069a.jpg,https://javct.net/v/shkd-923,90,2026-07-15
T28-561,Incest Image Of The Devil Father Who Continues To Commit Love Daughter Kato Momo,https://pic.javct.net/poster/07052026/d803d17b4c.jpg,https://javct.net/v/t28-561,140,2026-07-15
PA-071426-100,A mix of saliva and love juice! A married woman's intense PtoM sex!  : Aisa Tamano,https://pic.javct.net/poster/07052026/3d5b371eca.jpg,https://javct.net/v/pa-071426-100,62,2026-07-15
SPRD-1130-RM,My Sex Friend From Back In The Day... My Friend's Mother Eriko Miura [Uncensored L**ked],https://pic.javct.net/poster/20212011/1641443727.jpg,https://javct.net/v/sprd-1130-rm,123,2026-07-15
PA-071126-100,"Keep on Fucking an ultra-sensitive, cheating wife who's starving for stimulation until she can't take it anymore",https://pic.javct.net/poster/07052026/dad824f0eb.jpg,https://javct.net/v/pa-071126-100,60,2026-07-15
GVG-832-RM,Mother-And-Son Sex. Ayako Otowa [Uncensored L**ked],https://pic.javct.net/poster/20212011/1637633592.jpg,https://javct.net/v/gvg-832-rm,122,2026-07-15
OBA-021-RM,Fakecest Embezzlement Mother Mari Yonezaki [Uncensored L**ked],https://pic.javct.net/poster/20221202/1645487287.jpg,https://javct.net/v/oba-021-rm,117,2026-07-15
SPRD-807-SUB,Mother Hunted And Molested By Her Son Aki Karino [English Subtitle],https://pic.javct.net/poster/20221202/1645487173.jpg,https://javct.net/v/sprd-807-sub,117,2026-07-15
PA-070926-100,"Even if it's just a quickie, give me a blowjob!",https://pic.javct.net/poster/07052026/5d8ebe4359.jpg,https://javct.net/v/pa-070926-100,37,2026-07-15
FC2PPV-4935049,[A 45-year-old Shinma.ma with a beautiful face and body] **pyjpx*jsps A beautiful witch who enjoys a younger man's raging cock with her mouth and intercrural legs is presented with thick semen.,https://pic.javct.net/poster/07052026/392846a880.jpg,https://javct.net/v/fc2ppv-4935049,57,2026-07-15
1P-070726-001,Double Creampie for Hitomi Sakakibara,https://pic.javct.net/poster/07052026/5a13dca295.jpg,https://javct.net/v/1p-070726-001,54,2026-07-15
PA-070726-100,"Cum inside me, please!  ~A Lustful Mature Woman Begging for Intense, Cum-Filled Sex~",https://pic.javct.net/poster/07052026/4a4f448ded.jpg,https://javct.net/v/pa-070726-100,58,2026-07-15
OBA-096-RM,Mother Son Bath Time Fakecest Mari Yonezaki [Uncensored L**ked],https://pic.javct.net/poster/20221202/1646962870.jpg,https://javct.net/v/oba-096-rm,134,2026-07-15
SPRD-801-SUB,Ultra Authentic Carnal Fakecest Illustrated - Mother Massaged By Her Own Son Yoshie Mizuno [English Subtitle],https://pic.javct.net/poster/20221108/1662965131.jpg,https://javct.net/v/sprd-801-sub,120,2026-07-15
PA-070426-100,Fucking Nonstop in a Reverse Threesome Harem with Horny Mature Women,https://pic.javct.net/poster/07052026/abe3747b33.jpg,https://javct.net/v/pa-070426-100,60,2026-07-15
PA-070226-100,Natural Beauty : Ms. Sakura's Real Face,https://pic.javct.net/poster/05192026/f934eceadd.jpg,https://javct.net/v/pa-070226-100,47,2026-07-15
GVH-157-RM,Mama's True Lies Ena Koume [Uncensored L**ked],https://static.javct.net/poster/gvh-157.jpg,https://javct.net/v/gvh-157-rm,135,2026-07-15
1P-063026-001,PtoM SEX: Misuzu Imada,https://pic.javct.net/poster/05192026/1151ecb2a9.jpg,https://javct.net/v/1p-063026-001,58,2026-07-15
PA-063026-100,I fuck a beautiful E-cup mature woman who feels and cums all the time.,https://pic.javct.net/poster/05192026/b13e03bc95.jpg,https://javct.net/v/pa-063026-100,60,2026-07-15
PA-062726-100,Picking Up Street Prostitution,https://pic.javct.net/poster/05192026/e7b3f1a10b.jpg,https://javct.net/v/pa-062726-100,67,2026-07-15
FC2PPV-4926354,"[43-year-old mother of two c**ldren] **pyjpx*jsps I forgot about being exposed and safe sex, and became just a female bitch who enjoys raw sex and creampie with her face exposed lol",https://pic.javct.net/poster/05192026/8efca51b1c.jpg,https://javct.net/v/fc2ppv-4926354,64,2026-07-15
PA-062526-100,A G-Cup Blonde Beauty's Special Service,https://pic.javct.net/poster/05192026/73010ec02f.jpg,https://javct.net/v/pa-062526-100,23,2026-07-15
FC2PPV-4919405,[A 43-year-old mother with two c**ldren] had an affair with a blow job and cum drinking in an hour until the c**ldren came home,https://pic.javct.net/poster/05192026/0da1ebd539.jpg,https://javct.net/v/fc2ppv-4919405,40,2026-07-15
BABM-003-RM,The Doting Step-Mom Ena Makes Me Feel Loved And Takes Care Of Me And When I Cry She Spoils Me With Sex Ena Koume [Uncensored L**ked],https://pic.javct.net/poster/20212308/1631368853.jpg,https://javct.net/v/babm-003-rm,114,2026-07-15
PA-062326-100,The Forbidden Affair Between the Busty Female Teacher and the Vice Principal,https://pic.javct.net/poster/05192026/e6200f9ae3.jpg,https://javct.net/v/pa-062326-100,55,2026-07-15
DDFF-044-RM,Throat R**e X Nipple R**e Aesthetician Yuri Adachi,https://pic.javct.net/poster/09052025/1760723477.jpg,https://javct.net/v/ddff-044-rm,121,2026-07-15
STARS-086-RM,Creampie Fan Thanksgiving In SODstar Thick Sperm 14 Shot Injection Yume Takeda,https://pic.javct.net/poster/20243105/1719749890.jpg,https://javct.net/v/stars-086-rm,135,2026-07-15
HMN-709-SUB,I Was Only Teaching Her How To Put On A Condom! When My Unattractive Sister Made Her College Debut... Her Overflowing Sexual Desire Exploded! A Naughty Sister Who Grinds On Her Brother's Dick In A Cowgirl Position And Demands A Creampie. Natsu Tojo [English Subtitle],https://pic.javct.net/poster/20252204/1747934671.jpg,https://javct.net/v/hmn-709-sub,150,2026-07-15
259LUXU-292,Luxury TV 320,https://pic.javct.net/poster/07052026/c268150dab.jpg,https://javct.net/v/259luxu-292,58,2026-07-15
259LUXU-296,Luxury TV 286,https://pic.javct.net/poster/07052026/b9408a68d3.jpg,https://javct.net/v/259luxu-296,59,2026-07-15
259LUXU-295,Luxury TV 323,https://pic.javct.net/poster/07052026/a88b8bd0da.jpg,https://javct.net/v/259luxu-295,59,2026-07-15
259LUXU-290,Luxury TV 316,https://pic.javct.net/poster/07052026/79732b2ace.jpg,https://javct.net/v/259luxu-290,58,2026-07-15
259LUXU-305,Luxury TV 282,https://pic.javct.net/poster/07052026/ce7797eaeb.jpg,https://javct.net/v/259luxu-305,55,2026-07-15
259LUXU-304,Luxury TV 298,https://pic.javct.net/poster/07052026/57d3169415.jpg,https://javct.net/v/259luxu-304,58,2026-07-15
259LUXU-303,Luxury TV 295,https://pic.javct.net/poster/07052026/7c36442440.jpg,https://javct.net/v/259luxu-303,61,2026-07-15
259LUXU-300,Luxury TV 301,https://pic.javct.net/poster/07052026/ce4e68248c.jpg,https://javct.net/v/259luxu-300,59,2026-07-15
259LUXU-294,Luxury TV 309,https://pic.javct.net/poster/07052026/b2b5d89d3f.jpg,https://javct.net/v/259luxu-294,57,2026-07-15
200GANA-3412,"""After a delicious meal, I'll make dessert..."" A 25-year-old esthetician with just the right amount of elasticity and an immoral moment at the mercy of her esthetician-trained techniques. A real softie, first shoot 2323",https://pic.javct.net/poster/07052026/6834b7e41a.jpg,https://javct.net/v/200gana-3412,72,2026-07-15
AKDL-087-RM,"Appearing after work! A lewd office lady who sucks dick until late at night, begging for a quick threesome #M girl #loves blowjobs #immediate orgasm convulsions 26 years old",https://pic.javct.net/poster/05192026/a5d94a0b45.jpg,https://javct.net/v/akdl-087-rm,69,2026-07-15
FC2PPV-4903848,The business trip lady is so cute and obscene that she released two loads of white waste [Uncensored creampie],https://pic.javct.net/poster/07052026/e11b96bbe5.jpg,https://javct.net/v/fc2ppv-4903848,83,2026-07-15
FTHT-357-RM,An Incident Involving A Person That Occurred At An AV Shooting Site! The Scene Of The Crime Is Extremely Chaotic... And Then A Savior Appears! ? Detective Nozomi Stands Up! ! ! ~ Yay Takashima Incident ~ [Uncensored L**ked],https://pic.javct.net/poster/07052026/1c66df7f5a.jpg,https://javct.net/v/ftht-357-rm,86,2026-07-15
FTHT-345-RM,Verification! Can You Really Feel The Head Spa Wire? ? The Devil's Hand Of Pleasure Approaches The Female Monitors Who Gathered To Verify The Effectiveness Of Health Equipment! ? 10 Monitor Participants [Distribution Limited Vol.2] [Uncensored L**ked],https://pic.javct.net/poster/07052026/b700796c5f.jpg,https://javct.net/v/ftht-345-rm,125,2026-07-15
FC2PPV-4937567,"[First shot] Her fair-skinned F-cup body is irresistibly neat and clean, and she has a constitution that is hard to imagine, and I was excited to see her panting so much, so I creampied her.",https://pic.javct.net/poster/07052026/27be3d0f87.jpg,https://javct.net/v/fc2ppv-4937567,71,2026-07-15
SABA-813-RM,Job Hunting Female College Students Who Sell Their Bodies To Get Job Offers Too Extreme Power Harassment Interview Video... Raw Vaginal Cum Shot Self-PR Vol.004,https://pic.javct.net/poster/20233001/1676086767.jpg,https://javct.net/v/saba-813-rm,110,2026-07-15
FTHT-344-RM,Verification! Can You Really Feel The Head Spa Wire? ? The Devil's Hand Of Pleasure Approaches The Female Monitors Who Gathered To Verify The Effectiveness Of Health Equipment! ? 10 Monitor Participants [Distribution Limited Vol.1] [Uncensored L**ked],https://pic.javct.net/poster/07052026/6592c161eb.jpg,https://javct.net/v/ftht-344-rm,124,2026-07-15
FTHT-356-RM,Unreasonable Daily Life At A School With An Overwhelmingly High Proportion Of Girls (and Full Of Sluts) ~Sexual FALENO School Edition~ [Uncensored L**ked],https://pic.javct.net/poster/07052026/41eb720ae6.jpg,https://javct.net/v/ftht-356-rm,82,2026-07-15
SDAB-354-RM,"""I want to do more naughty things..."" A naive baby-faced archery girl's full-on sex! 18 year old AV debut Yua Kaname",https://pic.javct.net/poster/07052026/be7c9569b1.jpg,https://javct.net/v/sdab-354-rm,222,2026-07-15
USAG-094-RM,"Amateur Girl Takes On A Fixed Vibrator Blowjob Game!! She Wins A Prize If She Can Make A Man Ejaculate With Her Blowjob... But If She Cums First, She Gets A Follow-up Piston Fuck With Internal Ejaculation!!",https://pic.javct.net/poster/07052026/6b6e420564.jpg,https://javct.net/v/usag-094-rm,126,2026-07-15
259LUXU-306,Luxury TV 280,https://pic.javct.net/poster/07052026/d45b042aa2.jpg,https://javct.net/v/259luxu-306,59,2026-07-15
HZ-3889,Would You Like To Sex With My Wife? - Nami Sawaguchi,https://pic.javct.net/poster/07052026/3e44fdb115.jpg,https://javct.net/v/hz-3889,58,2026-07-15
HZ-3887,Beauty Collection Vol.128 - Kaede Takagaki,https://pic.javct.net/poster/07052026/7f08eb26bb.jpg,https://javct.net/v/hz-3887,60,2026-07-15
HZ-3886,Devouring The Body Of Big Titted MILF! - Miyuki Sugawara,https://pic.javct.net/poster/07052026/b3aab2b6b5.jpg,https://javct.net/v/hz-3886,61,2026-07-15
HZ-3882,Asi-Hame!! Vol.28 - Xiaoxi,https://pic.javct.net/poster/05192026/d87cd38380.jpg,https://javct.net/v/hz-3882,68,2026-07-15
HZ-3881,Widow's Sexual Desire Vol.10 - Ema Kato,https://pic.javct.net/poster/05192026/89de8699b5.jpg,https://javct.net/v/hz-3881,61,2026-07-15
HZ-3873,Having Lovely Time With A Big Tits Amature Gril Vol.17 - Miku Kamiya,https://pic.javct.net/poster/05192026/43fad11cee.jpg,https://javct.net/v/hz-3873,54,2026-07-15
HZ-3872,"Sex Heaven -Savoring a Slender, Mature Beauty- - Aika Hoshino",https://pic.javct.net/poster/05192026/2ecf98cf86.jpg,https://javct.net/v/hz-3872,61,2026-07-15
HZ-3870,Beauty Collection Vol.125 - Yu Okubo,https://pic.javct.net/poster/05192026/74e4872154.jpg,https://javct.net/v/hz-3870,60,2026-07-15
HZ-3869,Single Mother Gets A Cream Pie! - Sakie Hayasaka,https://pic.javct.net/poster/05192026/ed11c5c584.jpg,https://javct.net/v/hz-3869,62,2026-07-15
HZ-3868,Naughty Wife's Immoral Secret Over Her Husband Vol.22 - Mio Togashi,https://pic.javct.net/poster/05192026/5975e32378.jpg,https://javct.net/v/hz-3868,59,2026-07-15
BRV-133-RM,Raw creampie love ◆ A thick vaginal ejaculation special for a perverted 50-year-old lady who smiles and is very satisfied! Large-capacity pack containing 10 people [Uncensored L**ked],https://pic.javct.net/poster/05192026/273f6a92ad.jpg,https://javct.net/v/brv-133-rm,118,2026-07-15
ROYD-088-RM,"Caught Between Two Big-Breasted Older Girls Who Love Taking Care Of Me, I Popped A Boner And Lost My Virginity. Miu Arioka Yuri Oshikawa [Uncensored L**ked]",https://pic.javct.net/poster/20221904/1650619055.jpg,https://javct.net/v/royd-088-rm,221,2026-07-15
HZ-3865,Having Lovely Time With A Big Tits Amature Gril Vol.16 - Mai Kagura,https://pic.javct.net/poster/05192026/fe3c484e26.jpg,https://javct.net/v/hz-3865,59,2026-07-15
FC2PPV-4907806,"Sumire (18) Anyway, this is a first-person angle video of the second shooting of cute Sumire-chan, creampie, anal penetration ATM, and cosplay creampie.",https://pic.javct.net/poster/05192026/9e7d438c0d.jpg,https://javct.net/v/fc2ppv-4907806,58,2026-07-15
HZ-3858,Beauty Collection Vol.122 - Hitomi Tanmura,https://pic.javct.net/poster/05192026/ef10044e0b.jpg,https://javct.net/v/hz-3858,61,2026-07-15
ROYD-065-RM,"The School Idol That Moved Next Door Saw My Boner, And Though She Was Embarassed, She Turned Out To Be A Massive Slut. Mone Kouno [Uncensored L**ked]",https://static.javct.net/poster/royd-065.jpg,https://javct.net/v/royd-065-rm,140,2026-07-15
IZM-016-RM,"A Girl Who Wants To Be Bullied By An Amateur Mr. Nakata Works For A Creampie Consulting Company Arisa 25 Years Old An Erotic C**ld Who Gets Her Perverted Pussy Juice Dripping! Once You Hold It, You Will Be Addicted To The F-cup Horny Body Basic No Bra + Sometimes No Panties Perverted Woman! Arisa Tomioka [Uncensored L**ked]",https://pic.javct.net/poster/20230205/1683348992.jpg,https://javct.net/v/izm-016-rm,120,2026-06-24
EMBM-010-RM,A Serious Bride Who Has Sex In Front Of Her Masochist Husband Mio Ichijo [Uncensored L**ked],https://pic.javct.net/poster/20230104/1681962929.jpg,https://javct.net/v/embm-010-rm,89,2026-06-24
FMDL-001-RM,"Once I've Got A Cock In My Mouth, I Won't Let It Go Until I Ejaculate Ultimate Penis Love Mitsuki Yuina [Uncensored L**ked]",https://pic.javct.net/poster/05192026/c8964d223c.jpg,https://javct.net/v/fmdl-001-rm,127,2026-06-24
DFE-102-RM,Sexual Sensation Explosion Shrimp Arching Acme Salon Morisawa Kana [Uncensored L**ked],https://pic.javct.net/poster/20250606/1751044377.jpg,https://javct.net/v/dfe-102-rm,123,2026-06-24
BGN-067-RM,Rookie Prestige Exclusive Debut New Heroine Raised As An Idol Moe Tokita [Uncensored L**ked],https://static.javct.net/poster/bgn-067.jpg,https://javct.net/v/bgn-067-rm,195,2026-06-24
SRS-081-RM,Yariman Document Lily Nan (21) Working In Tokyo Metropolitan Government File.18 Aiming Three ○ Poko Meister ★ [Uncensored L**ked],https://pic.javct.net/poster/05192026/bd7a2382ae.jpg,https://javct.net/v/srs-081-rm,135,2026-06-24
BAGR-089-RM,"Two Maids Accompany A Young Lady On Her Wedding Night, Helping Her Practice. [Uncensored L**ked]",https://pic.javct.net/poster/05192026/4b28b57898.jpg,https://javct.net/v/bagr-089-rm,139,2026-06-24
IESM-080-RM,Kurosakika lifted the ban on bondage [Uncensored L**ked],https://pic.javct.net/poster/05192026/3ca9db7082.jpg,https://javct.net/v/iesm-080-rm,126,2026-06-24
MIST-517-RM,"Auntie Shot: Auntie Sex By Aunties, For Auntie Enthusiasts, Auntie Madoka, 35 Years Old [Uncensored L**ked]",https://pic.javct.net/poster/05192026/2943621c93.jpg,https://javct.net/v/mist-517-rm,176,2026-06-24
JJGG-001,"A heartbroken 45-year-old who wants to console you. A girl who has lost her love and feels lonely. I still want to be fulfilled. Looking for extraordinary sex, she offered her body... Kasumi Takanashi",https://pic.javct.net/poster/05192026/a5015234d3.jpg,https://javct.net/v/jjgg-001,105,2026-06-24
HUNTA-983-RM,"Things Get Wild During A Sleepover Sports' Training Camp - 1 Night, 2 Days Of Each Male Member Of The Team Passing Around Their Female Manager. [Uncensored L**ked]",https://static.javct.net/poster/hunta-983.jpg,https://javct.net/v/hunta-983-rm,192,2026-06-24
1P-062326-001,An orgy paradise where reason goes out the window!,https://pic.javct.net/poster/05192026/200a5463af.jpg,https://javct.net/v/1p-062326-001,49,2026-06-24
REAL-668,Slutty King's Frenzy Man Squirting & Dry Orgasm Culmination Full Course Haruna Hanana,https://pic.javct.net/poster/05192026/7cac004fa0.jpg,https://javct.net/v/real-668,120,2026-06-24
SRS-080-RM,Yariman Document Saya-chan (21) Hairdresser Assistant File.17 I Have A Lot Of Sex And I Am Aiming For Opo-sommelier. [Uncensored L**ked],https://pic.javct.net/poster/05192026/61c5ddd469.jpg,https://javct.net/v/srs-080-rm,135,2026-06-24
SGKI-097,"With Her Juices Dripping, Her Body Flushed And Sweating Profusely, And Her Body Squirting Profusely, She Secretly Orgasms Repeatedly During The Company Presentation Without The Job Seekers Noticing! A Company Presentation Of Ultimate Ecstasy.",https://pic.javct.net/poster/05192026/7df09f9d5c.jpg,https://javct.net/v/sgki-097,160,2026-06-24
MIJPS-0005-RM,Second Virgin Rookie Announcer Real BS!Exclusive Live Coverage Of Sex The First Time In Five Years! [Uncensored L**ked],https://pic.javct.net/poster/05192026/53f775a139.jpg,https://javct.net/v/mijps-0005-rm,130,2026-06-24
DASS-225-RM,A Humiliating Chain Of R**e Marina Ikeda Was Fucked By A Boss From Another Department And Was Fucked By My Boss Who Was So Disgusting To Death [Uncensored L**ked],https://pic.javct.net/poster/20230908/1694145646.jpg,https://javct.net/v/dass-225-rm,120,2026-06-24
HUNBL-112-RM,The Manager Of Club Activities Is The Club Member's Sex Slave [Uncensored L**ked],https://pic.javct.net/poster/20222109/1665119372.jpg,https://javct.net/v/hunbl-112-rm,170,2026-06-24
SGKI-097-RM,"With Her Juices Dripping, Her Body Flushed And Sweating Profusely, And Her Body Squirting Profusely, She Secretly Orgasms Repeatedly During The Company Presentation Without The Job Seekers Noticing! A Company Presentation Of Ultimate Ecstasy. [Uncensored L**ked]",https://pic.javct.net/poster/05192026/7df09f9d5c.jpg,https://javct.net/v/sgki-097-rm,160,2026-06-24
BAGR-089,"Two Maids Accompany A Young Lady On Her Wedding Night, Helping Her Practice.",https://pic.javct.net/poster/05192026/4b28b57898.jpg,https://javct.net/v/bagr-089,139,2026-06-24
DAVK-081-RM,[Miracle J Cup Beautiful Big Tits] Perverted Boyfriend's NTR Hobby Lent To A Gross Man And A Uniform Beautiful Girl's 100cm Super Soft Colossal Tits Titty Fuck Ejaculation Pai Pamma Co First Seen Man's Sperm 10 Or More Bukkake Creampie Body Fluid Pickled Super Orgy [Uncensored L**ked],https://pic.javct.net/poster/20230205/1683349114.jpg,https://javct.net/v/davk-081-rm,120,2026-06-24
FC2PPV-4924767,"[No] Two black guys with big dicks, a cool beauty with long black hair and a princess cut, violently fucked, and a sweaty hardcore 3P with two consecutive vaginal cum shots at the end [Overseas version] Bonus included",https://pic.javct.net/poster/05192026/bf612b18b1.jpg,https://javct.net/v/fc2ppv-4924767,45,2026-06-24
AKDL-056-RM,[Off-paco video] A bitch layer who is as cute as an idol but gets naughty when she drinks: Kanon Kanon Kanon [Uncensored L**ked],https://pic.javct.net/poster/04112026/13d931ee98.jpg,https://javct.net/v/akdl-056-rm,60,2026-06-24
BBTU-082-RM,Big Tits Bullying Club Hazuki Aoi [Uncensored L**ked],https://pic.javct.net/poster/20243105/1718419220.jpg,https://javct.net/v/bbtu-082-rm,111,2026-06-24
SDAB-188-RM,"Developed An Athletic Club Girl Who Is Going To School By Train With Slut , And Seeded With Plenty Of Sperm In A Rag Apartment",https://static.javct.net/poster/sdab-188.jpg,https://javct.net/v/sdab-188-rm,140,2026-07-15
SNOS-207-RM,"A Short, Unemployed, Unpopular Older Brother Is Looked Down Upon And Teased By His Busty, Tall, Popular Younger Sister, Leading To Devilish Sex. - Honoka Watanabe [Uncensored L**ked]",https://pic.javct.net/poster/05192026/192b4a1389.jpg,https://javct.net/v/snos-207-rm,120,2026-07-15
GETS-119-RM,"Suddenly In The Day There Is A Gym Clothes Girl Who Is Yearning In The Class, Because The Foot Is Ma ○ Co ○ It Has Been Alive In The School ... ... [Uncensored L**ked]",https://pic.javct.net/poster/07052026/89528fda3e.jpg,https://javct.net/v/gets-119-rm,110,2026-07-15
FNEO-023,"Men!Watch Out For Chest Chiller Girls! ""I Want To Touch?I'll Let You Touch, Instead ... ◆ ""I Can Not Stand The Chest Temptation From The Gap Of The Shirt, Arms, Legs, Face Caught In The Fluffy Chest!And Blissful Fucking! ! !",https://pic.javct.net/poster/07052026/e879e1d414.jpg,https://javct.net/v/fneo-023,235,2026-07-15
DORI-037,"Paco Shooting No.37 When I Slowly Insert The Raw Chin And Stand Still, I Turn My Hips And Say ""I'm Moving!"" And Vaginal Cum Shot As It Is!",https://pic.javct.net/poster/07052026/3cd246817b.jpg,https://javct.net/v/dori-037,94,2026-07-15
DEAS-044-RM,In addition [Uncensored L**ked],https://pic.javct.net/poster/07052026/02fdc8a3e9.jpg,https://javct.net/v/deas-044-rm,62,2026-07-15
HUNTB-655-RM,"""Hey... Where Do You Want To Graduate From Virginity? ] Two Girls In My Class Presented The Condoms That They Had, And The Study Session Turned Into A Virgin Graduation Ceremony! Study Session At Home... [Uncensored L**ked]",https://pic.javct.net/poster/20230104/1680842631.jpg,https://javct.net/v/huntb-655-rm,160,2026-07-15
DORI-079-RM,"Paco Shooting No.79 I Was Embarrassed To Say ""Chinchi ..."", But I Cummed Into J Who Sprinkled The Bichabicha Tide! I Got My Sperm-covered Dick Cleaned Up And Got Another Vaginal Cum Shot! [Uncensored L**ked]",https://pic.javct.net/poster/20233001/1676170261.jpg,https://javct.net/v/dori-079-rm,72,2026-07-15
GNS-156,[Sexual Desire Regulations] Masturbation On School Grounds After School Is Strictly Prohibited. Violators Will Be Filmed As Evidence And Punished With Unprotected Intercourse Resulting In Pregnancy.,https://pic.javct.net/poster/07052026/e3eacd2f0f.jpg,https://javct.net/v/gns-156,250,2026-07-15
REAL-997,"No Matter How Much You Cry Or Scream, You Can't Go Home... J●Ring●School Horrible Gangbang BEST",https://pic.javct.net/poster/07052026/fa69fca13e.jpg,https://javct.net/v/real-997,240,2026-07-15
TYAN-009,Track And Field Club Beauty Hunt: Madoka Kikukawa,https://pic.javct.net/poster/07052026/4301bd5270.jpg,https://javct.net/v/tyan-009,122,2026-07-15
DORI-036,Paco Shooting No.36 I Was Groped By The Original Man Many Times And Pierced J ● Who Squirted View View Deeply With Raw Chin And Squeezed The Uterus And Vaginal Cum Shot!,https://pic.javct.net/poster/07052026/99b9411225.jpg,https://javct.net/v/dori-036,81,2026-07-15
FNEO-022,"""I Do Not Want To Hold ..."" A Female Student Who Has Awakened To What Can Be Seen In The Evidence Video Shooting To Expel The Man Of The Mother Who Also Took A Sexual Mischief Repeatedly And Also Took Away The Virgin",https://pic.javct.net/poster/07052026/fd67ad0f69.jpg,https://javct.net/v/fneo-022,142,2026-07-15
CEMD-346-RM,Tears Of Non-Stop Super Squid Sex 28 Yuna Kitano,https://pic.javct.net/poster/20230206/1686374092.jpg,https://javct.net/v/cemd-346-rm,125,2026-07-15
CEMD-347-RM,Tears Of Non-stop Super Squid SEX 29 Riku Ichikawa,https://pic.javct.net/poster/20230206/1686374032.jpg,https://javct.net/v/cemd-347-rm,126,2026-07-15
DANDY-722-RM,"Once I Entered The Semen Extraction Room, I Was Trapped With This Cock-Loving Sexual Monster Nurse Who Wouldn't Let Me Out Until I Produced 20ml Of Semen [Uncensored L**ked]",https://pic.javct.net/poster/20212011/1640457058.jpg,https://javct.net/v/dandy-722-rm,167,2026-07-15
259LUXU-310,Luxury TV 284 (Rio Akiba),https://pic.javct.net/poster/07052026/fb921c0463.jpg,https://javct.net/v/259luxu-310,58,2026-07-15
JUX-375-RM,Nawaato ~ Yui Hatano Yu Kawakami And Engraved Bride Disappeared Bondage Hot Spring - [Uncensored L**ked],https://pic.javct.net/poster/07202025/1754088059.jpg,https://javct.net/v/jux-375-rm,160,2026-07-15
JRZD-356-RM,Sayuri Kobayashi Document Taken Age Fifty First Wife [Uncensored L**ked],https://pic.javct.net/poster/07052026/907bdecc7f.jpg,https://javct.net/v/jrzd-356-rm,130,2026-07-15
KATU-092-RM,"Sally Mom With Big Nipples, Tall Anaconda Lover With Big Tits [Uncensored L**ked]",https://pic.javct.net/poster/20212011/1640412796.jpg,https://javct.net/v/katu-092-rm,151,2026-07-15
HMGL-191-RM,"Shy Bodies. Model, Entertainer, And Porn Actress. Kanna Asumi [Uncensored L**ked]",https://pic.javct.net/poster/20221202/1648315781.jpg,https://javct.net/v/hmgl-191-rm,117,2026-07-15
NKKD-213-RM,Taking A Married Woman Into The Public Bathrooms While She's On A Drive With Her Family And Fucking Her! 7 Toilet Sex [Uncensored L**ked],https://static.javct.net/poster/nkkd-213.jpg,https://javct.net/v/nkkd-213-rm,184,2026-07-15
HZGD-127-RM,Married Woman Violated And Creampied Over And Over By Despicable Neighbor Mika Kurosaki [Uncensored L**ked],https://pic.javct.net/poster/20221202/1647307630.jpg,https://javct.net/v/hzgd-127-rm,112,2026-07-15
HODV-21612-RM,Female Fuck Buddy That Is Just Perfect. 8.5 Head To Toe With Luscious G-cup Tits On This Gal. Sarina Momonaga [Uncensored L**ked],https://pic.javct.net/poster/20212709/1633176332.jpg,https://javct.net/v/hodv-21612-rm,149,2026-07-15
HODV-21612-SUB,Female Fuck Buddy That Is Just Perfect. 8.5 Head To Toe With Luscious G-cup Tits On This Gal. Sarina Momonaga [English Subtitle],https://pic.javct.net/poster/20212709/1633176332.jpg,https://javct.net/v/hodv-21612-sub,149,2026-07-15
HODV-21590-RM,[Full POV] Girls Speaking In Dialect: The Hiroshima Dialect - Ai Tsubakino [Uncensored L**ked],https://static.javct.net/poster/hodv-21590.jpg,https://javct.net/v/hodv-21590-rm,133,2026-07-15
JUX-930-RM,When My Wife Sparkles With Lust... Nene [Uncensored L**ked],https://pic.javct.net/poster/20222109/1665934712.jpg,https://javct.net/v/jux-930-rm,119,2026-07-15
VIPR-076-RM,Erica Sato Invades A Shady AV Shoot!! Erika Sato [Uncensored L**ked],https://pic.javct.net/poster/04112026/e3714f871a.jpg,https://javct.net/v/vipr-076-rm,60,2026-07-15
VIPR-078-RM,Dripping Wet Daydream Theater. Erika Sato . [Uncensored L**ked],https://pic.javct.net/poster/04112026/0f1129f2c2.jpg,https://javct.net/v/vipr-078-rm,59,2026-07-15
FOCS-048-RM,"38"" G-Cup Colossal Tits X 5'8"" Tall Crazy Girl With A Miraculously Slender Body - The Greatest Hard Rock Creampie Of Your Life Mira Sena [Uncensored L**ked]",https://pic.javct.net/poster/20212011/1644570879.jpg,https://javct.net/v/focs-048-rm,118,2026-07-15
VIPR-066-RM,BODY TO BODY Erika Sato [Uncensored L**ked],https://pic.javct.net/poster/04112026/81b6116248.jpg,https://javct.net/v/vipr-066-rm,58,2026-07-15
EKW-080-RM,"Today, I Want Her To Jack Me Off. An Mitsumi [Uncensored L**ked]",https://pic.javct.net/poster/20221904/1653628260.jpg,https://javct.net/v/ekw-080-rm,120,2026-07-15
JUY-865-RM,Madonna Exclusive Hot Mature Woman!! Married Woman's Lust Fuck Dripping With Immorality!! Husband Doesn't Know -My Dirty Lust And Secret- Maki Hojo [Uncensored L**ked],https://pic.javct.net/poster/20221904/1651553483.jpg,https://javct.net/v/juy-865-rm,119,2026-07-15
MIST-369-RM,With Kanami Miura At Night... Having Sex Like Crazy With A Beautiful Girl At Night. Kanami Miura [Uncensored L**ked],https://pic.javct.net/poster/20221202/1649322626.jpg,https://javct.net/v/mist-369-rm,150,2026-07-15
WKD-049-RM,Fallen Woman - Himari Kinoshita [Uncensored L**ked],https://pic.javct.net/poster/20212011/1641054004.jpg,https://javct.net/v/wkd-049-rm,52,2026-07-15
JUL-685-RM,31-day Abstinence Life: 3rd Document Showing The Explosive Desire Of A Married Woman Who Just Likes Dick Too Much!! Saori Nagashima [Uncensored L**ked],https://static.javct.net/poster/jul-685.jpg,https://javct.net/v/jul-685-rm,137,2026-07-15
SSIS-261-US,"Breast, Buttocks, Vagina, 171cm, Tasting The Best Style All Over Marin Hinata 's New World Of Acme [English Subtitle, Reducing Mosaic]",https://pic.javct.net/poster/20212011/1639118863.jpg,https://javct.net/v/ssis-261-us,145,2026-07-15
JUY-602-RM,"She Is Unfaithful With Her Clothes Still On, Full Tight Clothing Fuck. Reiko Sawamura [Uncensored L**ked]",https://pic.javct.net/poster/20220707/1660149537.jpg,https://javct.net/v/juy-602-rm,151,2026-07-15
KATU-090-RM,"Sexy Thick Thigh Job Makes You Want To Fuck 2, 5 Thick Dirty Miniskirt Sluts! [Uncensored L**ked]",https://pic.javct.net/poster/20212709/1634971908.jpg,https://javct.net/v/katu-090-rm,181,2026-07-15
FOCS-020-RM,Undiscovered Talent In Hakata! The 171cm Luxuriously Slender And Pure Beautiful Girl. A Lewd Sexual Extravaganza That Goes For 1 Night And 2 Days Without Sleep. Haru Yamaguchi [Uncensored L**ked],https://pic.javct.net/poster/20212308/1631874901.jpg,https://javct.net/v/focs-020-rm,123,2026-07-15
HBAD-619-RM,This Tall Erotic Wicked Woman Is Planning To Seduce A Rich Old Man And Knock Him Off And Clean Him Out Of All His Money But She Ends Up Getting Fucked Instead And Becoming His Sexy Slut. Mirai Sena. [Uncensored L**ked],https://pic.javct.net/poster/20221904/1650519375.jpg,https://javct.net/v/hbad-619-rm,110,2026-07-15
1P-071426-001,PtoM SEX: Yuki Mizuki,https://pic.javct.net/poster/07052026/468675fff6.jpg,https://javct.net/v/1p-071426-001,61,2026-07-15
CR-071426-001,First-time creampie experience with a stunning H-cup rookie,https://pic.javct.net/poster/07052026/9f7613f8ff.jpg,https://javct.net/v/cr-071426-001,61,2026-07-15
SDJS-379-RM,"Shy Yoda-chan is fo**ed to hold back her cumming during the daytime on weekdays until she can say to herself, ""Please let me cum already!"" Human Resources Department Hikage Yoda [Uncensored L**ked]",https://pic.javct.net/poster/07052026/8c591fafb8.jpg,https://javct.net/v/sdjs-379-rm,159,2026-07-15
SGKI-093B-RM,The ultimate psychological battle where piston vibes are set against 12 chairs Piston Vibe Chair Game 3rd Tournament Preliminary Block B [Uncensored L**ked],https://pic.javct.net/poster/07052026/b04e713e8d.jpg,https://javct.net/v/sgki-093b-rm,101,2026-07-15
BONY-038-RM,A Special Contract Technique Of A Beautiful Life Insurance Lady Who Seduces With An Erotic Body Of G Cup Big Breasts! ! Ami Kiyo [Uncensored L**ked],https://pic.javct.net/poster/20233001/1675998961.jpg,https://javct.net/v/bony-038-rm,165,2026-07-15
SGA-085-RM,"And The Best Mistress, Out The Best In Sexual Intercourse.14 [Uncensored L**ked]",https://pic.javct.net/poster/07052026/1ed057da2c.jpg,https://javct.net/v/sga-085-rm,130,2026-07-15
770RABI-075-RM,Anal Affair Married Woman Who Loves Asshole [Uncensored L**ked],https://pic.javct.net/poster/07052026/5e9b2d77ac.jpg,https://javct.net/v/770rabi-075-rm,47,2026-07-15
770RABI-077-RM,Anal Beautiful Wife Affair Raw Sex Rectal Piston [Uncensored L**ked],https://pic.javct.net/poster/07052026/ce82788afb.jpg,https://javct.net/v/770rabi-077-rm,40,2026-07-15
FSBK-025-RM,"Sexual Fetish Unleashed: Deep Throat And Asshole Fucking, Triple Hole Training By The Person She Loves, Turning Her Into A Masochist, Anal Beauty Mayuri, Takeuchi Mayuri [Uncensored L**ked]",https://pic.javct.net/poster/07052026/123e4decca.jpg,https://javct.net/v/fsbk-025-rm,137,2026-07-15
FC2PPV-4938457,"[Uncensored x Personal Shooting] **pyjpx*jsps A super mature woman who wants too much stimulation tries 3P with her anal released. She has her fingers and anus penetrated, and ends up getting creampied in the anal by an old rare anal wife.",https://pic.javct.net/poster/07052026/72b55f10fe.jpg,https://javct.net/v/fc2ppv-4938457,60,2026-07-15
SDJS-379,"Shy Yoda-chan is fo**ed to hold back her cumming during the daytime on weekdays until she can say to herself, ""Please let me cum already!"" Human Resources Department Hikage Yoda",https://pic.javct.net/poster/07052026/8c591fafb8.jpg,https://javct.net/v/sdjs-379,159,2026-07-15
SGKI-093B,The ultimate psychological battle where piston vibes are set against 12 chairs Piston Vibe Chair Game 3rd Tournament Preliminary Block B,https://pic.javct.net/poster/07052026/b04e713e8d.jpg,https://javct.net/v/sgki-093b,101,2026-07-15
SDAM-177,An ordinary woman's innocent voice Yuzu Asahina,https://pic.javct.net/poster/07052026/193f8c9f80.jpg,https://javct.net/v/sdam-177,156,2026-07-15
MDTE-041-RM,Glittering Girls Who Are Sensitive To Fashion And Sex  Too Dangerous Backside Part-time Job 5 [Uncensored L**ked],https://pic.javct.net/poster/20233001/1676002397.jpg,https://javct.net/v/mdte-041-rm,195,2026-07-15
SGA-084-RM,Wife You Are Tired Of Usually A Bland Sex With E Cup Housewife Aikawa Hiro 32-year-old AV Debut Husband Too Much Propensity Awakening Does Not Stop The Excitement In Intimacies With Others Barre Inevitable Public Place! ! 48 [Uncensored L**ked],https://pic.javct.net/poster/07052026/9722be065a.jpg,https://javct.net/v/sga-084-rm,130,2026-07-15
259LUXU-255,Luxury TV 253,https://pic.javct.net/poster/07052026/5f427d4220.jpg,https://javct.net/v/259luxu-255,57,2026-07-15
259LUXU-254,Luxury TV 241,https://pic.javct.net/poster/07052026/59c835e530.jpg,https://javct.net/v/259luxu-254,59,2026-07-15
259LUXU-247,Luxury TV 236,https://pic.javct.net/poster/07052026/5d808b08e3.jpg,https://javct.net/v/259luxu-247,59,2026-07-15
PPPD-143,Hitomi Let Squid In Milk Exposure,https://pic.javct.net/poster/07052026/5079a8bf29.jpg,https://javct.net/v/pppd-143,120,2026-07-15
NKKD-278-RM,The Moment When My Wife Switches On...Hana Haruna Continues To Be Relentlessly Ringing The Most Sensitive Love Bell (Clitoris) By A Technician Shiatsu Master... [Uncensored L**ked],https://pic.javct.net/poster/20233001/1676001977.jpg,https://javct.net/v/nkkd-278-rm,120,2026-07-15
NINE-066-RM,"The Most Lewd Super A5 Rank Highest Meat In Japan! A Private Video Of A Charismatic K-cup Prostitute At A Married Woman Specialty Store, 13 Shots Of Sluts Will Be Released. Kanon (25 Years Old) [Uncensored L**ked]",https://pic.javct.net/poster/20233001/1676171419.jpg,https://javct.net/v/nine-066-rm,122,2026-07-15
CEAD-747,15 Women Reaching Orgasm Through Nipple Masturbation! Vol. 5 ~ No Men Needed! A Countdown To Climax Played With Fingertips,https://pic.javct.net/poster/07052026/5ed0f14cf9.jpg,https://javct.net/v/cead-747,196,2026-07-15
CHCH-030-RM,Grandma And Her Grandson Have A Soothing Colossal Breasted Beautiful Witch Who Can't Believe She Has A Grandc**ld Her Sperm Krappo Small Devil Rich Breast Sex Activity Hisako (56 Years Old/J Cup) [Uncensored L**ked],https://pic.javct.net/poster/20233001/1676689069.jpg,https://javct.net/v/chch-030-rm,110,2026-07-15
KTKC-157-RM,"During Her School Days, She Went Up In Flames On SNS And Was Toyed With By Her Classmates As A Milk Urinal. Unfortunate Reiwa Edition K-cup Busty Sober C**ld, Second Virgin DEBUT Ayako (super Part-time Clerk) [Uncensored L**ked]",https://pic.javct.net/poster/20233001/1675480468.jpg,https://javct.net/v/ktkc-157-rm,125,2026-07-15
UMAN-007-RM,"No Bra, No Panties, Huge Boobs, Slutty Housewife: The Story Of How The Neighbor's Wife, With Her 120cm K-cup Breasts And Voluptuous Butt, Seduced Me Without A Bra Or Panties. [Uncensored L**ked]",https://pic.javct.net/poster/07052026/0bdb4a06e3.jpg,https://javct.net/v/uman-007-rm,120,2026-07-15
SONE-678-SUB,"See-through, Wet, And Slipping Out! 5 Situations Where A Clothed Big-breasted Woman's Soft J-cup Breasts Unconsciously Tempt You Shino Mayu [English Subtitle]",https://pic.javct.net/poster/20250903/1743704183.jpg,https://javct.net/v/sone-678-sub,120,2026-07-15
NINE-123,"A Voluptuous Gem! A Big, Muscular, Swimmer-type Housewife With J-cup Breasts Makes An Emergency Appearance After Being Sexually Frustrated.",https://pic.javct.net/poster/07052026/eea4dc901f.jpg,https://javct.net/v/nine-123,240,2026-07-15
AVSA-324-RM,Super Close-Up Big Tit Bunny Big Tits Voluptuous Anal Fucking Yuria Yoshine [Uncensored L**ked],https://pic.javct.net/poster/20243105/1720232153.jpg,https://javct.net/v/avsa-324-rm,151,2026-07-15
SAN-471-RM,"Prices Are So High I Can't Make Ends Meet! Even A Single Rice Ball At The Convenience Store Costs About 200 Yen, It's Just Impossible. 002 Marina, Riku [Uncensored L**ked]",https://pic.javct.net/poster/07052026/2777af4501.jpg,https://javct.net/v/san-471-rm,93,2026-07-15
YAKO-095-RM,"Oh, My Beautiful, Chubby, Masochistic Wife Is Falling Into Depravity! A Story Of Obscene Ascension In Shinjuku. 6 Sex Scenes, 4 Hours [Uncensored L**ked]",https://pic.javct.net/poster/05192026/954df975c0.jpg,https://javct.net/v/yako-095-rm,240,2026-07-15
MAQQ-014,"[A Must-see For Enthusiasts] Slime K-cup Busty Young Wife, L**ked. Five Intense Sex Scenes With A Frustrated, Fair-skinned, Soothing Amateur.",https://pic.javct.net/poster/07052026/6fba3c457d.jpg,https://javct.net/v/maqq-014,240,2026-07-15
UMAN-007,"No Bra, No Panties, Huge Boobs, Slutty Housewife: The Story Of How The Neighbor's Wife, With Her 120cm K-cup Breasts And Voluptuous Butt, Seduced Me Without A Bra Or Panties.",https://pic.javct.net/poster/07052026/0bdb4a06e3.jpg,https://javct.net/v/uman-007,120,2026-07-15
BOBB-367-RM,"A Dental Assistant Who Pushes Jcup Colossal Tits Against Her Face Secretly Healing Boobs Service & Intercourse Treatment! Boin ""Suwon Misono"" Box6 [Uncensored L**ked]",https://pic.javct.net/poster/20230302/1678419927.jpg,https://javct.net/v/bobb-367-rm,120,2026-07-15
BANK-113-RM,Busty Married Woman Onsen Dating 30 Years Old Mikuru With Colossal Tits And Natural J Cups [Uncensored L**ked],https://pic.javct.net/poster/20230302/1678427887.jpg,https://javct.net/v/bank-113-rm,125,2026-07-15
AVSA-321-RM,"103cm Glamorous Beautiful Big Tits Cosplayer! She Shakes Her Big Tits And Cums Over And Over Again With The Guys From Her Offline Club, And Has A Cum-bukkake Gangbang Creampie Sex! Aoi Hazuki [Uncensored L**ked]",https://pic.javct.net/poster/20243105/1719024545.jpg,https://javct.net/v/avsa-321-rm,120,2026-07-15
NGOD-349,"A Voluptuous Stepmother Impregnated By Her Nerdy Son... Her Husband Is Unaware Of Her Secret, Gushing Vaginal Fluids And Copious Amounts Of Semen During Incestuous Intercourse Within The Family.",https://pic.javct.net/poster/07052026/b3547007e2.jpg,https://javct.net/v/ngod-349,140,2026-07-15
DOA-035-RM,Muchimuchi Colossal I Cup L**ita Beautiful Girl [Uncensored L**ked],https://pic.javct.net/poster/20233001/1677297875.jpg,https://javct.net/v/doa-035-rm,140,2026-07-15
PAIS-039-RM,"A Charismatic Busty Prostitute, 12 Shots Of A Slut, Will Be Released Private Video. [Uncensored L**ked]",https://pic.javct.net/poster/20233001/1677466834.jpg,https://javct.net/v/pais-039-rm,128,2026-07-15
EMSK-009-RM,ASMR Men's Beauty Salon Mio Ichijo,https://pic.javct.net/poster/20233001/1675395179.jpg,https://javct.net/v/emsk-009-rm,120,2026-07-15
MOPG-044,The Best M Eroticism Trip That The Brain Gets In Convulsions Is Caught Mukai Aoi,https://pic.javct.net/poster/07052026/b138c436a4.jpg,https://javct.net/v/mopg-044,120,2026-07-15
BASJ-002-RM,Auntie Will Teach You Adult Kiss [Uncensored L**ked],https://pic.javct.net/poster/20233001/1676088078.jpg,https://javct.net/v/basj-002-rm,126,2026-07-15
BMW-361,55 Best Handjobs By A Slutty Pervert Who Always Teases Two Spots With Her Sexy Tongue While Rubbing Her Hand:,https://pic.javct.net/poster/07052026/5051601a4a.jpg,https://javct.net/v/bmw-361,220,2026-07-15
FTHTD-215-RM,I Stopped Time To Suck My Favorite Dick. [Uncensored L**ked],https://pic.javct.net/poster/07052026/3efbbf0b6e.jpg,https://javct.net/v/fthtd-215-rm,122,2026-07-15
FTHTD-222-RM,"""Oh No, It's My Fault? My Aunt Is In Trouble."" I Was Getting A Massage At The Home Beauty Salon Run By My Aunt, Who Is A Former Slut With Big Boobs, And My Crotch Reacted In Full Force. A Dick Writhing In Agony With Long Hair Entangled In Bare Legs. I Want You To Insert It Quickly, But Even If You Are So Impatient... Mayu Suzuki [Uncensored L**ked]",https://pic.javct.net/poster/07052026/4ecfb49e6a.jpg,https://javct.net/v/fthtd-222-rm,124,2026-07-15
FTHTD-206-RM,"[Live-action Adaptation] Onii-san, Would You Like To Have Tea With Us? Starring Yui Tenma/Rika Tsubaki Original Work Fumiki Morizuki [Uncensored L**ked]",https://pic.javct.net/poster/07052026/70c8780388.jpg,https://javct.net/v/fthtd-206-rm,105,2026-07-15
AGMX-266,The Tables Have Turned! The Man Is Completely Weakened When His Glans Is To**ured Right After Ejaculation.,https://pic.javct.net/poster/07052026/fd481d51d8.jpg,https://javct.net/v/agmx-266,104,2026-07-15
STARS-478-RM,Dobadoba Sperm Dripping Agony Ascension Mens Este 4 Situ 3sex Lauren Hanakoi [Uncensored L**ked],https://pic.javct.net/poster/20212011/1638341340.jpg,https://javct.net/v/stars-478-rm,135,2026-07-15
BOBB-216,A-gain Le Digital Mosaic Takumi Heal In Doing Beauty Tits Tits Suzumura ABC,https://pic.javct.net/poster/07052026/faa5f138b7.jpg,https://javct.net/v/bobb-216,120,2026-07-15
BACJ-045-RM,Big Ass Older Sister Who Pistons Pistons Until The Ball Is Empty After Dense Straddling Berokisu Mana Nagase [Uncensored L**ked],https://pic.javct.net/poster/20233001/1676088262.jpg,https://javct.net/v/bacj-045-rm,143,2026-07-15
MDBK-422-RM,"Even After Ejaculation, It Never Stops. Endless Simultaneous Nipple And Penis Stimulation. Unlimited Continuous Ejaculation. Nipple Stimulation Specialist Escort Service. Cowgirl Position With Internal Ejaculation Option Available. [Uncensored L**ked]",https://pic.javct.net/poster/07052026/80075fa28c.jpg,https://javct.net/v/mdbk-422-rm,145,2026-07-15
ANB-216-RM,I Became A Mother's Toy And Fainted In Agony! Beautiful Mother-in-law's Bombshell Body! Shizuka Momoi [Uncensored L**ked],https://pic.javct.net/poster/20233001/1675481780.jpg,https://javct.net/v/anb-216-rm,110,2026-07-15
MIGD-628-RM,Specialty Soap Out In Ultra-luxury Tachibana Yuka,https://pic.javct.net/poster/05192026/1ef7f3390c.jpg,https://javct.net/v/migd-628-rm,150,2026-07-15
MIST-290,"At ""An Old Traditional Titty Pub"" In The Biggest Entertainment District In Japan, Your Favorite Girls Will Fuck You Raw With Cowgirl Sex Until You Cum Inside Her - Sachiko",https://pic.javct.net/poster/07052026/e4695bb2aa.jpg,https://javct.net/v/mist-290,160,2026-07-15
MIST-118-RM,Show Off The Big Penis To Handjob Deriheru Miss Your Touch Ban!As Bareback In The Place That Became Addicted To Big Penis!Until You Put Rainy Day Raw Medium To Handjob Miss Full Voyeur!Three [Uncensored L**ked],https://pic.javct.net/poster/01202026/1772097877.jpg,https://javct.net/v/mist-118-rm,160,2026-07-15
PGD-692-RM,M Man Let Go Orgasm Club Mizuki Lisa [Uncensored L**ked],https://pic.javct.net/poster/05192026/cb66d66a3c.jpg,https://javct.net/v/pgd-692-rm,120,2026-07-15
PGD-691-RM,Premium Stylish Soap Gold Oba Yui [Uncensored L**ked],https://pic.javct.net/poster/05192026/41f253d452.jpg,https://javct.net/v/pgd-691-rm,120,2026-07-15
MIGD-673,The Nagomi Soap Is Out Squirting Pretty 2 Hole Ok In The Raw,https://pic.javct.net/poster/07052026/7f415cd159.jpg,https://javct.net/v/migd-673,180,2026-07-15
IENF-256-RM,Riko Momose Highest Class Beauty Cream Pie Soap [Uncensored L**ked],https://pic.javct.net/poster/20233001/1675913829.jpg,https://javct.net/v/ienf-256-rm,140,2026-07-15
PGD-687-RM,Premium Stylish Soap Gold Kawana Misuzu [Uncensored L**ked],https://pic.javct.net/poster/05192026/045190dd49.jpg,https://javct.net/v/pgd-687-rm,120,2026-07-15
ONEZ-160-RM,If You Called Deriheru Nagisa On The Matter I Was A Friend Who Was Bullying Me When I Was A Student [Uncensored L**ked],https://pic.javct.net/poster/07052026/e3f07bd5c8.jpg,https://javct.net/v/onez-160-rm,120,2026-07-15
XVSR-486-RM,Absolutely Can Cum Production Sex Club Miss Makoto Kurata [Uncensored L**ked],https://pic.javct.net/poster/07052026/1d883a345f.jpg,https://javct.net/v/xvsr-486-rm,100,2026-07-15
MIST-206-SUB,Lady Deliher Specializing In Nipple Caresses Who Were Doing 'nipple Licking Handjob' Gave Me A Lust For The Firmness Of The Gripping Hands And Served Us Too Much To Make It Vaginal Cum Shot.3 [English Subtitle],https://pic.javct.net/poster/04112026/643e44ac7d.jpg,https://javct.net/v/mist-206-sub,155,2026-07-15
XVSR-344,Your Home Changes Quickly To Soap Land! !Bishojo Limited Delivery Cream Cream Soap Prepared Masaru Yoshikiri,https://pic.javct.net/poster/07052026/1ec4ddbf79.jpg,https://javct.net/v/xvsr-344,120,2026-07-15
ONED-850-RM,Barely One In The Sex Shop Pakopako 6! Yuma Asami [Uncensored L**ked],https://pic.javct.net/poster/07052026/d3596e55da.jpg,https://javct.net/v/oned-850-rm,120,2026-07-15
NNPJ-408-RM,"Back Byte Verification Document Popular In Ike ○! Wakeari Big Breasts Deriheru Miss Nampa Ayase-san (Tentative) H Cup Active Intelli Tutor Female College Student Forbidden Back Op Production Voyeur Success! !! After That, I Met Outside The Store And Made My AV Debut As It Was! !! [Uncensored L**ked]",https://pic.javct.net/poster/07052026/5f87bebb52.jpg,https://javct.net/v/nnpj-408-rm,120,2026-07-15
XVSR-286-RM,Absolutely Possible Raw Cum Shot Mother-of-lady Okami Young Leave [Uncensored L**ked],https://pic.javct.net/poster/04112026/a2f329598b.jpg,https://javct.net/v/xvsr-286-rm,120,2026-07-15
JUR-746-RM,"I Ran Into A Coworker At A Brothel Who Was Leaving To Get Married... I Added A Bunch Of Extra Options To Her, Who Had Always Treated Me Coldly And Looked Down On Me, And Made Her Cum Until Her Pussy Was Numb. [Uncensored L**ked]",https://pic.javct.net/poster/07052026/2251270b1a.jpg,https://javct.net/v/jur-746-rm,150,2026-07-15
JUL-388,"High-class Whore Nao Jinguji Bewitching, Splendid Married Woman-, The Beauty Is Extreme.",https://pic.javct.net/poster/07052026/03740780f0.jpg,https://javct.net/v/jul-388,120,2026-07-15
SNOS-269-RM,"Called A High-class Escort Service And Miraculously Ran Into My Idol, Legendary Gravure Idol, Kiho Kanematsu, And We Ended Up Having A Secret Relationship... [Uncensored L**ked]",https://pic.javct.net/poster/07052026/6e762696a4.jpg,https://javct.net/v/snos-269-rm,160,2026-07-15
HUNTB-581-RM,Fully Booked Up To Half A Year In Advance! The Popular Secret Of The Rumored Mansion Sekukyaba Is All-you-can-drink All The Time! Norinori's Busty Girls Are Free To Fuck Without Permission At The Same Price! [Uncensored L**ked],https://pic.javct.net/poster/20230104/1682055687.jpg,https://javct.net/v/huntb-581-rm,130,2026-07-15
JUR-746,"I Ran Into A Coworker At A Brothel Who Was Leaving To Get Married... I Added A Bunch Of Extra Options To Her, Who Had Always Treated Me Coldly And Looked Down On Me, And Made Her Cum Until Her Pussy Was Numb.",https://pic.javct.net/poster/07052026/2251270b1a.jpg,https://javct.net/v/jur-746,150,2026-07-15
10-071426-01,Daddy living girls Live matching with whitening female college students,https://pic.javct.net/poster/07052026/077bdf3c8c.jpg,https://javct.net/v/10-071426-01,60,2026-07-15
300MIUM-1445,"[Kneel down and use the back of your throat to serve me] She kneels down with every inch of her carefully manicured body, and as she holds out her cock, her plump lips touch it, and it guides her into her warm mouth.",https://pic.javct.net/poster/07052026/f7ec6895ad.jpg,https://javct.net/v/300mium-1445,65,2026-07-15
FC2PPV-4937803,[First shot 2 shots] First creampie in the pussy of a fair-skinned tall beauty who has participated nationally and has little experience,https://pic.javct.net/poster/07052026/61f1e5b027.jpg,https://javct.net/v/fc2ppv-4937803,89,2026-07-15
FC2PPV-4938435,"[Uncensored] **pyjpx*jsps The number of participants was 2, and we thoroughly fucked the dental receptionist's F cup 〇〇 and lifted her body and mind to heaven with a lotion massage on her tired body ~ Of course, she was impregnated and impregnated.",https://pic.javct.net/poster/07052026/a1d24390b3.jpg,https://javct.net/v/fc2ppv-4938435,72,2026-07-15
FC2PPV-4938374,"""You're wearing a rubber band..."" Secretly cum inside 23-year-old reader model Mayuka without checking the rubber removal pill",https://pic.javct.net/poster/07052026/7b76f8c476.jpg,https://javct.net/v/fc2ppv-4938374,53,2026-07-15
ABW-160-RM,Natural Ingredients Derived Nogi Aya Love Juice 120% 73 New Tide-Blowing Queen Birth [Uncensored L**ked],https://pic.javct.net/poster/20212709/1635469451.jpg,https://javct.net/v/abw-160-rm,145,2026-07-15
DDH-428-RM,Mira [Uncensored L**ked],https://pic.javct.net/poster/07052026/7969cb82e3.jpg,https://javct.net/v/ddh-428-rm,69,2026-07-15
FC2PPV-4934024,[First shot] A former idol comes here. The sight of a former popular guy who is so troubled by stoo◯ going crazy in front of the camera is so erotic,https://pic.javct.net/poster/07052026/07591a1369.jpg,https://javct.net/v/fc2ppv-4934024,96,2026-07-15
MIGD-627-RM,Pies Dedicated Meat Urinal Konishi Marie,https://pic.javct.net/poster/05192026/aff4b6fa8e.jpg,https://javct.net/v/migd-627-rm,150,2026-07-15
LOVE-46,Pichi 18 Years Old Bukkake Gangbang 8P Obedient Pet Usui Manami,https://pic.javct.net/poster/07052026/4442ebd5ca.jpg,https://javct.net/v/love-46,135,2026-07-15
FC2PPV-4938255,[3P Creampie] It's been getting tough lately. I wonder if there are no human rights.,https://pic.javct.net/poster/07052026/9fe6f2cc2d.jpg,https://javct.net/v/fc2ppv-4938255,51,2026-07-15
MACH-026-RM,Nao & Sara & Sumire & Honoka [Uncensored L**ked],https://pic.javct.net/poster/07052026/2613a041dd.jpg,https://javct.net/v/mach-026-rm,41,2026-07-15
KURE-027-RM,Nao & Sara & Sumire & Honoka [Uncensored L**ked],https://pic.javct.net/poster/07052026/1ac741f08a.jpg,https://javct.net/v/kure-027-rm,40,2026-07-15
LOVE-045,Happy Out One House Without Skinny Small Tits Girl Fucked In Gangbang Please Kept As Livestock Me Flat-chested Please,https://pic.javct.net/poster/07052026/cd8e103678.jpg,https://javct.net/v/love-045,95,2026-07-15
MIGD-599-SUB,Pies Only Meat Urinal Iioka Kanako [English Subtitle],https://pic.javct.net/poster/04112026/184fb12dcf.jpg,https://javct.net/v/migd-599-sub,160,2026-07-15
TARD-001-RM,I'll Let You Fuck My Mom So Let Me Fuck Yours. Sayuri Takizawa Yoshie Fujisawa [Uncensored L**ked],https://pic.javct.net/poster/20221202/1645004258.jpg,https://javct.net/v/tard-001-rm,114,2026-07-15
LOVE-43,Tits Triple Lori **d Once-in-a-lifetime Chance 3,https://pic.javct.net/poster/07052026/209c0ee88d.jpg,https://javct.net/v/love-43,110,2026-07-15
MIGD-671,Anal FUCK Cum Bukkake! South Riona,https://pic.javct.net/poster/07052026/87fd6a41fe.jpg,https://javct.net/v/migd-671,120,2026-07-15
MIGD-621-RM,Anal FUCK Out Bukkake NOW! Ayumi Takanashi [Uncensored L**ked],https://pic.javct.net/poster/05192026/b199ca1633.jpg,https://javct.net/v/migd-621-rm,120,2026-07-15
NMSL-043,Revenge R**e: I lost my mind due to the constant pleasure. Rei Kuroshima,https://pic.javct.net/poster/07052026/b405238353.jpg,https://javct.net/v/nmsl-043,158,2026-07-15
NMSL-043-RM,Revenge R**e: I lost my mind due to the constant pleasure. Rei Kuroshima [Uncensored L**ked],https://pic.javct.net/poster/07052026/b405238353.jpg,https://javct.net/v/nmsl-043-rm,158,2026-07-15
MISM-154-RM,Amateur Masochist FILE Slave No.3 Active Caregiver Arisa (Pseudonym) 25 Years Old Appearance Complex Complex Masochist AV First Appearance That Has Been Volunteer [Uncensored L**ked],https://pic.javct.net/poster/09052025/1760311427.jpg,https://javct.net/v/mism-154-rm,120,2026-07-15
CAR-001-RM,Bukkake happy girl sprays a lot of semen on my face◆ [Uncensored L**ked],https://pic.javct.net/poster/07052026/34c2364de1.jpg,https://javct.net/v/car-001-rm,153,2026-07-15
LOVE-038,Gangbang Aoi Strawberries 18 Years Old Height 143cm Out The Best In Over ● Shaved Girl Bukkake,https://pic.javct.net/poster/07052026/29528af5cb.jpg,https://javct.net/v/love-038,130,2026-07-15
DASD-248-RM,Ruri Narumiya [Uncensored L**ked],https://pic.javct.net/poster/09052025/1757343453.jpg,https://javct.net/v/dasd-248-rm,139,2026-07-15
SDMU-217,Flights Woman On Duty 5 Usami Mai,https://pic.javct.net/poster/07052026/f0bd00a70a.jpg,https://javct.net/v/sdmu-217,150,2026-07-15
TENN-049-RM,DANCE FUCK IDOL Mana Nureta,https://pic.javct.net/poster/07052026/ffb409928a.jpg,https://javct.net/v/tenn-049-rm,125,2026-07-15
SABA-985,"A Massive Splatter Of Thick Semen! A Torrent Of Instant Blowjobs And Facial Cumshots! Vacuum, Deep Throat, Machine Gun, Super Erotic Fellatio. 29 Hand-picked, Incredibly Cute Amateur Girls. Best Selection: 5-hour Special With Plenty Of Facial Cumshots.",https://pic.javct.net/poster/07052026/04049e6c36.jpg,https://javct.net/v/saba-985,300,2026-07-15
ZAKE-022,Nao,https://pic.javct.net/poster/07052026/c22b822f75.jpg,https://javct.net/v/zake-022,94,2026-07-15
ZAKE-022-RM,Nao [Uncensored L**ked],https://pic.javct.net/poster/07052026/51f419fb5f.jpg,https://javct.net/v/zake-022-rm,94,2026-07-15
DASD-315-RM,Dedicated Hcup Pies Bukkake Big Tits Sex Slaves Shichihara Akari [Uncensored L**ked],https://pic.javct.net/poster/20231711/1701214332.jpg,https://javct.net/v/dasd-315-rm,180,2026-07-15
CEMD-339-RM,A Woman Who Gets Excited By Licking Her Uncle's Face Covered With Saliva 5 Airi Honoka [Uncensored L**ked],https://pic.javct.net/poster/20230205/1684561265.jpg,https://javct.net/v/cemd-339-rm,131,2026-07-15
FC2PPV-4937268,[Heavyweight semen] Facial cumshot Hakata girl's eye-opening semen pack FINISH,https://pic.javct.net/poster/07052026/a372cbab50.jpg,https://javct.net/v/fc2ppv-4937268,65,2026-07-15
259LUXU-240,Luxury TV 247,https://pic.javct.net/poster/07052026/b632400293.jpg,https://javct.net/v/259luxu-240,56,2026-07-15
259LUXU-237,Luxury TV 237,https://pic.javct.net/poster/07052026/10a9ef1f8a.jpg,https://javct.net/v/259luxu-237,59,2026-07-15
KIRD-189-RM,Rorikawa GAL Slave Nurse Bukkake Semen Shower Ward May [Uncensored L**ked],https://pic.javct.net/poster/07052026/2d3e1f78d3.jpg,https://javct.net/v/kird-189-rm,120,2026-07-15
TENN-049,DANCE FUCK IDOL Mana Nureta,https://pic.javct.net/poster/07052026/ffb409928a.jpg,https://javct.net/v/tenn-049,125,2026-07-15
TNIK-028,Real Pregnant Woman Appears In AV! Maternity Pleasure Examination Sex,https://pic.javct.net/poster/07052026/2389358d9a.jpg,https://javct.net/v/tnik-028,129,2026-07-15
MUDR-135-RM,A Body That Gets Wet Only With Delusions ... A Beautiful Girl Who Wants Bondage. Masochism Who Wants To Train. Ichika Kasagi [Uncensored L**ked],https://pic.javct.net/poster/07052026/86bccee144.jpg,https://javct.net/v/mudr-135-rm,170,2026-07-15
MIAA-150-RM,"This Little Brother-In-Law Wanted To Become An Adult Video Actor, So His Big Sister-In-Law Let Him Practice His Ejaculation And Sex Techniques Out On Her Toka Rinne [Uncensored L**ked]",https://pic.javct.net/poster/20220406/1654742522.jpg,https://javct.net/v/miaa-150-rm,115,2026-07-15
ASIA-108-RM,Women Who Called A Massage Girl (no Eroticism) To Their Room In Korea And Fell Into The Role Of A Female With A Big Dick [Uncensored L**ked],https://pic.javct.net/poster/20243105/1718419541.jpg,https://javct.net/v/asia-108-rm,120,2026-07-15
CEMD-344-RM,Tears Of Non-stop Super Squid SEX 27 Miu Arioka [Uncensored L**ked],https://pic.javct.net/poster/20230206/1686374218.jpg,https://javct.net/v/cemd-344-rm,126,2026-07-15
ODVHJ-078,An Erotic Story About Having Sex With Beautiful And Sexy Scrub Wives At A Sauna In Tokyo... (4),https://pic.javct.net/poster/07052026/b840c0ad54.jpg,https://javct.net/v/odvhj-078,160,2026-07-15
NAMH-009,Genuine Creampie (with A Big Dick) 8 Shots Of Real Semen In The Uterus Kiyomi Reno,https://pic.javct.net/poster/07052026/ccf9d9906c.jpg,https://javct.net/v/namh-009,110,2026-07-15
FC2PPV-4937974,"[First shot] [Facial appearance] A slender beauty with beautiful breasts and a beautiful butt is made to cum with a big black cock for the first time, and is creampied and impregnated with SEX",https://pic.javct.net/poster/07052026/0bba441df7.jpg,https://javct.net/v/fc2ppv-4937974,31,2026-07-15
FC2PPV-4934976,《Individual shot》 “I want to cum together ♡” A cute but aggressive girl begs and moans / Nikina (24\),https://pic.javct.net/poster/07052026/724f3dd57d.jpg,https://javct.net/v/fc2ppv-4934976,63,2026-07-15
MIST-288,I Want To Get Pregnant And Make Her AV Debut! ! I Don't Want To Get Old Without Getting Pregnant ... G-Cup Beauty Big Tits Miho-san (37),https://pic.javct.net/poster/07052026/7d5fbd9cff.jpg,https://javct.net/v/mist-288,160,2026-07-15
SNIS-593-RM,First Breath Active Foreign OL!First Experience 4 Production Special Aizawa Yurina [Uncensored L**ked],https://pic.javct.net/poster/07052026/e5978292af.jpg,https://javct.net/v/snis-593-rm,150,2026-07-15
NKKD-364-RM,"Big Dick Incest: Mother With Huge Breasts And Dark Skin Seduced By Her Son's Hard, Erect, Circumcised Cock. [Uncensored L**ked]",https://pic.javct.net/poster/07052026/59281dd1ff.jpg,https://javct.net/v/nkkd-364-rm,120,2026-07-15
ROE-520-RM,"My Stepson's Huge Cock Penetrated Me To The Depths Of My Vagina, And I Was Reminded That I'm Just A Female, A Failure As A Mother. - Fuyuka Hoshi [Uncensored L**ked]",https://pic.javct.net/poster/07052026/0436f02511.jpg,https://javct.net/v/roe-520-rm,120,2026-07-15
GVH-859-RM,"Arrogant, Voluptuous Body Punished With A Huge Cock! A Story Of How A Sexy, Power-harassing Director Was Put To The Test With A Big-assed, Bouncing Piston. Yui Hatano [Uncensored L**ked]",https://pic.javct.net/poster/07052026/b728f59b29.jpg,https://javct.net/v/gvh-859-rm,120,2026-07-15
SNOS-279-RM,"""Oh, There You Are."" My Virgin, Bottom-of-the-barrel Brother Has Zero Presence And Is Less Than Air To Me, But His Sex Drive Seems Unnecessarily Strong, So I'll Lend Him My Pussy For Free. - Marin Mita [Uncensored L**ked]",https://pic.javct.net/poster/07052026/c5c9376bc4.jpg,https://javct.net/v/snos-279-rm,120,2026-07-15
NGOD-348-RM,"A Virile, Sexually Insatiable Grandfather And His Demure Daughter-in-law. The Grandfather's... Thing... Is So Impressive That She Becomes Addicted... A Forbidden Life Together That They Can't Stop. [Uncensored L**ked]",https://pic.javct.net/poster/07052026/41f820f0b3.jpg,https://javct.net/v/ngod-348-rm,130,2026-07-15
GVH-859,"Arrogant, Voluptuous Body Punished With A Huge Cock! A Story Of How A Sexy, Power-harassing Director Was Put To The Test With A Big-assed, Bouncing Piston. Yui Hatano",https://pic.javct.net/poster/07052026/b728f59b29.jpg,https://javct.net/v/gvh-859,120,2026-07-15
FC2PPV-4923861,"First anal development. Intense sexual intercourse as much as you like with a super masochistic man. Endless pleasure of orgasming over and over again. Finally, you can have double penetration [Face showing/Uncensored/Creampie]",https://pic.javct.net/poster/07052026/c3954d3907.jpg,https://javct.net/v/fc2ppv-4923861,58,2026-07-15
NGOD-346-RM,"The Married Woman In The School Infirmary Gets Off On The Virile Students' Huge, Circumcised Cocks... [Uncensored L**ked]",https://pic.javct.net/poster/07052026/a95eb6cb6d.jpg,https://javct.net/v/ngod-346-rm,120,2026-07-15
NGOD-348,"A Virile, Sexually Insatiable Grandfather And His Demure Daughter-in-law. The Grandfather's... Thing... Is So Impressive That She Becomes Addicted... A Forbidden Life Together That They Can't Stop.",https://pic.javct.net/poster/07052026/41f820f0b3.jpg,https://javct.net/v/ngod-348,130,2026-07-15
T28-487-RM,"Hey Big Brother, Can I Join You In A Bath? A Shaved Pussy Little Sister Is Awakening To Her Own Sexuality, In Creampie Sex In The Bathtub [Uncensored L**ked]",https://pic.javct.net/poster/20221108/1661494633.jpg,https://javct.net/v/t28-487-rm,168,2026-07-15
T28-484-RM,"When My Stepmom Got Remarried, Her New Husband Had 3 Horny Daughters, And Now I'm Being Milked Of My Semen Every Day By My New Big Stepsisters [Uncensored L**ked]",https://pic.javct.net/poster/20220406/1655138692.jpg,https://javct.net/v/t28-484-rm,149,2026-07-15
DVDMS-801-RM,"A Normal Boys And Girls Focus Group Adult Video We Followed Up On A Stepmother And Her Stepson To See What Happened In This Special On The Other Side Of That One-Way Mirror Is His Newly Married Dad! This Cherry Boy Stepson And His Big Tits New MILF Stepmom Are Having Cherry Popping Creampie Sex...!! And After That, We Visited This Stepmother And Stepson To Find Out What Happened, And We Learned That They Continued Their Secret Relationship, Unbeknownst To Dear Old Dad... 5 [Uncensored L**ked]",https://pic.javct.net/poster/20221202/1650010915.jpg,https://javct.net/v/dvdms-801-rm,154,2026-07-15
VENU-093-RM,Fakecest Horny Stepmom Masturbates With Stepson's Pants Miku Hasegawa [Uncensored L**ked],https://pic.javct.net/poster/20220406/1656590101.jpg,https://javct.net/v/venu-093-rm,85,2026-07-15
VENX-001-RM,2 Seconds After Dad Is Out The Door I'm Fucking My Step Mom Chitose Yuki [Uncensored L**ked],https://pic.javct.net/poster/20212011/1639538725.jpg,https://javct.net/v/venx-001-rm,97,2026-07-15
GVH-308-RM,Son-in-Law Aiming For Big Tits Yuri Honma [Uncensored L**ked],https://pic.javct.net/poster/20212709/1634711416.jpg,https://javct.net/v/gvh-308-rm,124,2026-07-15
SDAB-177-RM,Beautiful Young 145cm Girl Gets Her Pussy And Throat Fucked Close Up And Hard By A Large Older Man Ran Sakita [Uncensored L**ked],https://static.javct.net/poster/sdab-177.jpg,https://javct.net/v/sdab-177-rm,123,2026-07-15
GVH-372-RM,Naughty Nurses Riona Hirose [Uncensored L**ked],https://pic.javct.net/poster/20221202/1647061866.jpg,https://javct.net/v/gvh-372-rm,121,2026-07-15
KSBJ-060-RM,The New Stepmom Has Excessively Colossal Tits Kozue Tokita [Uncensored L**ked],https://pic.javct.net/poster/20221202/1646447874.jpg,https://javct.net/v/ksbj-060-rm,120,2026-07-15
SDAB-174-RM,You Worked So Hard Today. Come Home And Let Stepdaddy Spoil You. Nana Hayami [Uncensored L**ked],https://static.javct.net/poster/1618149172.jpg,https://javct.net/v/sdab-174-rm,138,2026-07-15
T28-461-RM,Home At Last For Creampie Sex With My Big Sister Kurumi Seseragi [Uncensored L**ked],https://pic.javct.net/poster/20221904/1652230636.jpg,https://javct.net/v/t28-461-rm,141,2026-07-15
T28-459-RM,She Can't Get Enough Of My Cum First Thing In The Morning: Hidd** Camera Footage Of Incestuous Creampies With My Big Sister! [Uncensored L**ked],https://pic.javct.net/poster/20221108/1661444610.jpg,https://javct.net/v/t28-459-rm,140,2026-07-15
REAL-613-RM,Nailing My Stepmom To Pass The Time Nozomi Tanihara [Uncensored L**ked],https://pic.javct.net/poster/20220707/1657509652.jpg,https://javct.net/v/real-613-rm,129,2026-07-15
VENX-032-RM,"This Horny Stepmom Started Lusting For Her Stepson's Morning Wood, So She Mounted Him Without Permission And Started Grinding Him With Cowgirl Sex Until She Came Karina Ayami [Uncensored L**ked]",https://pic.javct.net/poster/20212709/1632732346.jpg,https://javct.net/v/venx-032-rm,86,2026-07-15
VENU-906-RM,This Stepmom Gets Fucked By Her Stepson 2 Seconds After Her Husband Leaves The House - Arisa Shitara [Uncensored L**ked],https://pic.javct.net/poster/20212011/1640019744.jpg,https://javct.net/v/venu-906-rm,101,2026-07-15
TARD-012-RM,Stepparent And Son Sandwich Toro Toro Stepmother And Son Swap Yurie Mikami Yuria Seto [Uncensored L**ked],https://pic.javct.net/poster/20221108/1660442298.jpg,https://javct.net/v/tard-012-rm,130,2026-07-15
TARD-013-RM,Stepparent And Offspring Sandwich Toro Toro Chicken and Egg Stepmother And Daughter Swap Hitomi Honjo Jun Mamiya [Uncensored L**ked],https://pic.javct.net/poster/20220406/1655172907.jpg,https://javct.net/v/tard-013-rm,117,2026-07-15
DRPT-039-RM,My Son's Girlfriend (Masegaki) Who Came To Visit Was Fo**ed To Exposed Naked And Made A Saffle Contract For Only One Day...I'm Secretly Ejaculating For Everyone On Sunday Hinata Hinori,https://pic.javct.net/poster/20233001/1675912242.jpg,https://javct.net/v/drpt-039-rm,110,2026-07-15
SW-589-RM,"I'm Wearing Bloomers And It's OK At All! A Classmate Who Changes In The Classroom Becomes A Gym Wearing Clothes With Bloomers That Prevents Panic And ""Do You Like Boys Like That?""It Only Has To Go On A Day When Asked. [Uncensored L**ked]",https://pic.javct.net/poster/07052026/aac830e6ff.jpg,https://javct.net/v/sw-589-rm,150,2026-07-15
HUNTC-441-RM,"""Sorry For Making Fun Of You For Being A Virgin. Shall I Be Your Sex Practice Partner?"" My Stepsister, Who Used To Tease Me About Being A Bullied Virgin, Turns The Tables And Gives Me A Runaway, Non-stop, Relentless Piston Thrust That Keeps Me Cumming Again And Again!",https://pic.javct.net/poster/07052026/9aaf962415.jpg,https://javct.net/v/huntc-441-rm,170,2026-07-15
ONEZ-167-RM,Dense Kiss And Serious Sexual Intercourse. VOL.004 Kiriya Nao [Uncensored L**ked],https://pic.javct.net/poster/07052026/ec7325c107.jpg,https://javct.net/v/onez-167-rm,125,2026-07-15
APRG-006-RM,"""You Can't Cum Yet!"" Near-miss Handjob! Instant Blowjob! Little Devil Office Lady Call Girl [G Cup] 2-day, 1-night Sex Filming With Cum Inside Oguri Misao",https://pic.javct.net/poster/07052026/46233aaa64.jpg,https://javct.net/v/aprg-006-rm,124,2026-07-15
259LUXU-298,Luxury TV 294,https://pic.javct.net/poster/07052026/dd2e71e3bb.jpg,https://javct.net/v/259luxu-298,60,2026-07-15
259LUXU-302,Luxury TV 292,https://pic.javct.net/poster/07052026/0ba6fa1046.jpg,https://javct.net/v/259luxu-302,58,2026-07-15
259LUXU-307,Luxury TV 317,https://pic.javct.net/poster/07052026/b4bef37f34.jpg,https://javct.net/v/259luxu-307,57,2026-07-15
259LUXU-301,Luxury TV 297,https://pic.javct.net/poster/07052026/2eef4d7254.jpg,https://javct.net/v/259luxu-301,57,2026-07-15
NGHJ-066-RM,Amateur Bikini Girls Only! A Beautiful Woman In A Swimsuit And A Man With A Huge Penis Meet At The Beach In Shonan And Try Slippery Oil Pussy Rubbing!? The Slipperiness Doubles The Sensitivity Lol The Clitoris And Penis Rub Against Each Other And The Embarrassment And Pleasure Make For A Smooth Insertion! All Of Them Get Unexpectedly Cummed Inside One After Another! [Uncensored L**ked],https://pic.javct.net/poster/07052026/bb811d6f2b.jpg,https://javct.net/v/nghj-066-rm,148,2026-07-15
259LUXU-271,Luxury TV 256,https://pic.javct.net/poster/07052026/503b4eba81.jpg,https://javct.net/v/259luxu-271,57,2026-07-15
YMDS-273-RM,Forbidden Anal Esthetics 2 Female College Student's Climax Pleasure Raw Insertion! An undeveloped novice girl gives off an oily massage and ejaculates! Forbidden Area Edition Nonoka Yukari [Uncensored L**ked],https://pic.javct.net/poster/07052026/cee170fdac.jpg,https://javct.net/v/ymds-273-rm,78,2026-07-15
CMV-208-RM,"Enema Calligraphy Class 2: College Student Momoe Mikoto, Unable To Withstand Simultaneous Front And Back Orifice Attacks, Ejaculates Masochistic Juices In Agony.",https://pic.javct.net/poster/07052026/5ccfefa64a.jpg,https://javct.net/v/cmv-208-rm,165,2026-07-15
DAVK-118-RM,"A Plain Girl Who Doesn't Even Know How To Deal With Her Bushy Pubic Hair Gets C**ked On By A Huge Cock And Has An Orgasm That Makes Her Wet Herself, Completely Breaking Down As She Experiences Her First Ever Orgy Sex, Having A Real Orgasm With Intense Thrusting And Awakening Her Inner Masochist.",https://pic.javct.net/poster/07052026/12028fd50e.jpg,https://javct.net/v/davk-118-rm,161,2026-07-15
YMDS-274-RM,Forbidden Anal Esthetics 2 Female College Student Double Penetration at the Same Time! An undeveloped novice girl gives off an oily massage and ejaculates! Deepest Part Nonoka Yukari [Uncensored L**ked],https://pic.javct.net/poster/07052026/9f0d9747c1.jpg,https://javct.net/v/ymds-274-rm,55,2026-07-15
583ERKR-1116-RM,Superlative pleasure massage by a very erotic beautiful butt delivery health girl [Uncensored L**ked],https://pic.javct.net/poster/07052026/a680391a7e.jpg,https://javct.net/v/583erkr-1116-rm,52,2026-07-15
200GANA-3411,"[World Map with Squirting] A 23-year-old woman's soft ass is peeled off and her hands are jerked and her hips are shaking and she cums. A real softie, first shot 2322",https://pic.javct.net/poster/07052026/b04ef4c2e2.jpg,https://javct.net/v/200gana-3411,57,2026-07-15
ZAKE-023,Nao 2,https://pic.javct.net/poster/07052026/80146ac7bd.jpg,https://javct.net/v/zake-023,86,2026-07-15
T28-488-RM,Yu Kawakami Non-stop 20 People Continuous Ejaculation [Uncensored L**ked],https://pic.javct.net/poster/04112026/42c67f1f99.jpg,https://javct.net/v/t28-488-rm,150,2026-07-15
ZAKE-023-RM,Nao 2 [Uncensored L**ked],https://pic.javct.net/poster/07052026/94e7206231.jpg,https://javct.net/v/zake-023-rm,86,2026-07-15
BGN-050-RM,Newcomer Prestige Exclusive Debut Fujiie Fumio Slender Beautiful Milieu OL [Uncensored L**ked],https://pic.javct.net/poster/07052026/fdb5c18f25.jpg,https://javct.net/v/bgn-050-rm,170,2026-07-15
CR-071526-001,Anal Encyclopedia : Kanami Uno,https://pic.javct.net/poster/07052026/b41f1794bb.jpg,https://javct.net/v/cr-071526-001,18,2026-07-15
SDMU-772-RM,"Magic Mirror Number Pelvic Massage Eliminates The Weight That The Birth Woman Who Left Birth Does Not Return After C**ldbirth! ""You Are Sorry ... Anal Is Not Cheating ... ""If You Carelessly Go Through The Decal Which Cared In Anal Inadvertently During The Procedure, You Will Open Up A Big Ass Hole! !2",https://pic.javct.net/poster/20222311/1669309421.jpg,https://javct.net/v/sdmu-772-rm,240,2026-07-15
DVMM-111-RM,"Bride Becomes Even More Beautiful With Anal. Happy Anal Bridal Massage. Just Before The Wedding... My Uncle-in-law, The Masseuse, Secretly And Slowly Developed My Anus And Made Me Climax Many Times. Noa Nanami [Uncensored L**ked]",https://pic.javct.net/poster/20243105/1718337398.jpg,https://javct.net/v/dvmm-111-rm,155,2026-07-15
MEYD-092-RM,Mature Dog Lay Public Kobayakawa Reiko [Uncensored L**ked],https://pic.javct.net/poster/20230207/1689119747.jpg,https://javct.net/v/meyd-092-rm,120,2026-07-15
CORE-045-RM,Shirodhara Hypnosis 2 Hole Outburst Capitalize Hell Kobayakawa Reiko [Uncensored L**ked],https://pic.javct.net/poster/20220707/1658429559.jpg,https://javct.net/v/core-045-rm,120,2026-07-15
OKZU-033,"A Collection Of Plump, Peachy Asses And Gaping Anuses! The Assholes Twitch And Contract Seductively! I'll Show You My Anus!!",https://pic.javct.net/poster/07052026/fb549fb800.jpg,https://javct.net/v/okzu-033,240,2026-07-15
RMSQ-021,That's The Only Place You Can't Touch! It'll Drive You Crazy. Humiliating Anal To**ure. Women Who Are Blown Away By Orgasms In Their Shameful Holes. SUPERLATIVE ECSTASY FILE,https://pic.javct.net/poster/07052026/be7b5e6ffe.jpg,https://javct.net/v/rmsq-021,295,2026-07-15
FC2PPV-4937309,"Natural beauty fully showing her face, **pyjpx*jsps, worried about the shooting, I'm going home...'' Tears, regret, crying, all you want'' creampie, 550th individual shooting",https://pic.javct.net/poster/07052026/57f03b9269.jpg,https://javct.net/v/fc2ppv-4937309,217,2026-07-15
HTMA-018,A Match Between A Lewd Old Man And A Lewd Woman! Moistening The Withered Body With Lasciviousness! / Karina Iiyama,https://pic.javct.net/poster/07052026/b776fe608c.jpg,https://javct.net/v/htma-018,96,2026-07-15
NPJH-006-RM,Atashiko Buzzutter - DM attack on that person who went viral on the close contact fansa! I tried negotiating for an AV appearance! [Uncensored L**ked],https://pic.javct.net/poster/07052026/721bdc9692.jpg,https://javct.net/v/npjh-006-rm,113,2026-07-15
AVOP-210-SUB,G Cup Perfect Body Entertainer Naoko Takahashi MOODYZ AV Debut! ! [English Subtitle],https://pic.javct.net/poster/04112026/db838a0ddc.jpg,https://javct.net/v/avop-210-sub,160,2026-07-15
HTMA-016,Submissive Woman Who Offers Her Body To Avoid Trouble / Yoshinaga Miori,https://pic.javct.net/poster/07052026/f48dd99c7d.jpg,https://javct.net/v/htma-016,92,2026-07-15
MBRAZ-068,Title Undecided (tentative) / Yumi Kureha,https://pic.javct.net/poster/07052026/27e887bd1e.jpg,https://javct.net/v/mbraz-068,90,2026-07-15
ZSMX-004,She Is Toyed With By Men Who Are Attracted To The Pheromones She Emits Without Realizing It! / Hamano Tsumugu,https://pic.javct.net/poster/07052026/a2e2a60d4e.jpg,https://javct.net/v/zsmx-004,0,2026-07-15
ZSMX-002,Marin Hoshino Is A Slutty Girl Who Looks Quiet But Eats Up Any Man She Likes.,https://pic.javct.net/poster/07052026/52e4bb93d3.jpg,https://javct.net/v/zsmx-002,89,2026-07-15
HTMA-017,Sorry For Feeling It... A Masochistic Girl Who Gets Aroused When Threatened And Toyed With/Tsuchiya Roa,https://pic.javct.net/poster/07052026/048dfaa200.jpg,https://javct.net/v/htma-017,97,2026-07-15
SOSY-003,Lust For Defenseless And Innocent Little Sister! Big Brother Can't Hold Back! / Haneda Yua,https://pic.javct.net/poster/07052026/f32a219bbf.jpg,https://javct.net/v/sosy-003,90,2026-07-15
MBRAQ-076,"Extremely Erotic Goddess, A Paradise Of Super Big Boobs, So Many Boobs, It's The Best!",https://pic.javct.net/poster/07052026/b3b2ce6b30.jpg,https://javct.net/v/mbraq-076,120,2026-07-15
ZSMX-003,It Feels So Good It's A Huge Flood! Relentless Caressing Makes It Splash! / Yurina Ota,https://pic.javct.net/poster/07052026/8afc1b3ded.jpg,https://javct.net/v/zsmx-003,100,2026-07-15
SXAR-033,AV Actresses - 9 Masturbators,https://pic.javct.net/poster/07052026/c40437027c.jpg,https://javct.net/v/sxar-033,115,2026-07-15
MMRAA-389,Cosplay! Fall In Love! / Asahina Natsuka,https://pic.javct.net/poster/07052026/03f39b87a7.jpg,https://javct.net/v/mmraa-389,70,2026-07-15
CAND-1252,First Love Guidance ~Memories Of Beautiful Girls~,https://pic.javct.net/poster/07052026/500357d8c3.jpg,https://javct.net/v/cand-1252,327,2026-07-15
PRIAN-047,Unsweetened/Tsukigumo Yoru,https://pic.javct.net/poster/07052026/390344064b.jpg,https://javct.net/v/prian-047,90,2026-07-15
PRIAN-046,"Only For You, Sunao/Kui Sunao",https://pic.javct.net/poster/07052026/b65e2e01d1.jpg,https://javct.net/v/prian-046,102,2026-07-15
MBRBI-014,Untitled (tentative) / Full Moon Tea Cloud,https://pic.javct.net/poster/07052026/da06959e0d.jpg,https://javct.net/v/mbrbi-014,120,2026-07-15
MBDD-2176,Beautiful Girl Nenetan/Hoshino Nene,https://pic.javct.net/poster/07052026/819f2f7eba.jpg,https://javct.net/v/mbdd-2176,101,2026-07-15
MMRAA-391,18 Years And 0 Months Old/Yui Yuki,https://pic.javct.net/poster/07052026/7d32e1cf33.jpg,https://javct.net/v/mmraa-391,70,2026-07-15
MARAA-230,"I'll Do It All! ~Local Idol, Graduation~/Ebi Moe",https://pic.javct.net/poster/07052026/6a44ff57a2.jpg,https://javct.net/v/maraa-230,70,2026-07-15
MARAA-229,Infinite Focus! / Aimi,https://pic.javct.net/poster/07052026/be65263795.jpg,https://javct.net/v/maraa-229,70,2026-07-15
MARAA-225,Assault! Live Sound! Tsukimirui/Tsukimirui,https://pic.javct.net/poster/07052026/67bf30cd85.jpg,https://javct.net/v/maraa-225,70,2026-07-15
MARAA-228,Welcome Back Smash! / Komatsu Kanon,https://pic.javct.net/poster/07052026/5f1ca33b13.jpg,https://javct.net/v/maraa-228,70,2026-07-15
MCSR-203-RM,(With Bonus Footage) Creampie Stepmom Will Teach You - Her Son's White Sperm Dripping From Her Vagina [Uncensored L**ked],https://pic.javct.net/poster/20220707/1658325919.jpg,https://javct.net/v/mcsr-203-rm,156,2026-07-15
SPRD-526-SUB,"My Stepmother, Is Way Better Than My Wife... Yoshie Fujisawa [English Subtitle]",https://pic.javct.net/poster/20212011/1640830423.jpg,https://javct.net/v/sprd-526-sub,115,2026-07-15
SPRD-526-RM,"My Stepmother, Is Way Better Than My Wife... Yoshie Fujisawa [Uncensored L**ked]",https://pic.javct.net/poster/20212011/1640830423.jpg,https://javct.net/v/sprd-526-rm,115,2026-07-15
EBOD-228-SUB,[Uncensored] Dutiful Mother Tia [English Subtitle],https://static.javct.net/poster/ebod-228.jpg,https://javct.net/v/ebod-228-sub,119,2026-07-15
GVG-781-RM,A Man Wants His Mother-In-Law's Obscene Tits. Eri Takigawa [Uncensored L**ked],https://pic.javct.net/poster/20212709/1632995722.jpg,https://javct.net/v/gvg-781-rm,120,2026-07-15
XVSR-153-RM,"Erotic Novel, Stepmom Is 19-Year-Old Widow, Ecstatic Tears Of Joy, Suzu Harumiya [Uncensored L**ked]",https://pic.javct.net/poster/20220406/1655917797.jpg,https://javct.net/v/xvsr-153-rm,116,2026-07-15
OBA-381-RM,Cougar Hunter Vol. 2!! My Stepson is Amazing in Bed... Ayaka Makimura [Uncensored L**ked],https://pic.javct.net/poster/20221202/1646614728.jpg,https://javct.net/v/oba-381-rm,141,2026-07-15
SPRD-870-RM,Surrogate Mama Shihori Endo [Uncensored L**ked],https://pic.javct.net/poster/20212011/1641000918.jpg,https://javct.net/v/sprd-870-rm,116,2026-07-15
SPRD-1242-RM,The Surrogate Mother Mio Morishita [Uncensored L**ked],https://pic.javct.net/poster/20212011/1640918548.jpg,https://javct.net/v/sprd-1242-rm,123,2026-07-15
SPRD-1260-SUB,"Dear Stepmom, I, I Like You Better Than My Wife... Iroha Fukuyama [English Subtitle]",https://pic.javct.net/poster/20212011/1637801865.jpg,https://javct.net/v/sprd-1260-sub,106,2026-07-15
VENU-740-RM,This Stepmother And Son Will Start Fucking 2 Seconds After Stepdaddy Leaves For Work Kana Morisawa [Uncensored L**ked],https://pic.javct.net/poster/20221202/1645061130.jpg,https://javct.net/v/venu-740-rm,113,2026-07-15
AUKG-511-RM,"A Wife And Her Mother-In-Law Became Lesbian Lovers - This Horny Stepmom Fucked Her Daughter-In-Law After Watching Her Prancing Around With Her Guard Down, Flashing Panty Shot Action At Her Alice Otsu Shuri Yamaguchi [Uncensored L**ked]",https://static.javct.net/poster/aukg-511.jpg,https://javct.net/v/aukg-511-rm,121,2026-07-15
SPRD-1392-RM,Creampie Relations With My Kind Step Mother... Emi Toda [Uncensored L**ked],https://pic.javct.net/poster/20212011/1637462437.jpg,https://javct.net/v/sprd-1392-rm,108,2026-07-15
JUL-705-RM,After The Graduation Ceremony ... Your Stepmom Is Giving You A Gift To Celebrate Your Entry Into Adulthood ... A Madonna Label Exclusive Beautiful Mature Woman Actress Is Celebrating Your Launch Into The Real World With Her Alluring Eroticism. Maki Hojo [Uncensored L**ked],https://pic.javct.net/poster/20212308/1631256467.jpg,https://javct.net/v/jul-705-rm,124,2026-07-15
GVH-364-RM,"Son-In-Law Aiming For His Mother-In-Law's Too-Sexy Big Titties, With Kyoko Ichikawa [Uncensored L**ked]",https://pic.javct.net/poster/20212011/1644641824.jpg,https://javct.net/v/gvh-364-rm,120,2026-07-15
VENU-088-RM,Magic Mother: Taking Advantage Of Mom's Body While Daddy Is Not Home Asuka Yuki [Uncensored L**ked],https://pic.javct.net/poster/20220406/1656526601.jpg,https://javct.net/v/venu-088-rm,82,2026-07-15
JUL-673-RM,I Was Forbidden To Masturbate When My Wife Was Pregnant So I had Sex With My Mother-In-Law Maki Hojo [Uncensored L**ked],https://static.javct.net/poster/jul-673.jpg,https://javct.net/v/jul-673-rm,120,2026-07-15
ADN-165-US,"Forbidden Immoral Sex 3 An Excessively Young Mother-In-Law Saeko Matsushita [English Subtitle, Reducing Mosaic]",https://pic.javct.net/poster/20221202/1646177501.jpg,https://javct.net/v/adn-165-us,114,2026-07-15
SDMU-673-RM,SOD Romance x French Publishing Living Together I'm A Spoiled Brat Living With My Stepmom Sumire Shiraishi [Uncensored L**ked],https://pic.javct.net/poster/20221202/1648868830.jpg,https://javct.net/v/sdmu-673-rm,129,2026-07-15
SPRD-644-RM,"My Stepmother, Is Way Better Than My Wife... Mari Yonezaki [Uncensored L**ked]",https://pic.javct.net/poster/20212011/1641519219.jpg,https://javct.net/v/sprd-644-rm,115,2026-07-15
FSKT-028,Daiki Brothers Store Manager: Older Brother Cast: Sister,https://pic.javct.net/poster/07052026/333ecd7fea.jpg,https://javct.net/v/fskt-028,120,2026-07-15
32ID-018-RM,Megumi Sister Sex Record 4 Hours [Uncensored L**ked],https://pic.javct.net/poster/07052026/3c9d489bc2.jpg,https://javct.net/v/32id-018-rm,240,2026-07-15
SHM-062-RM,"Individual Shooting Daddy Active Girl Nozomi-chan 19-year-old Female College Student [At School, A Quiet Fake Neat Girl Gets Fucked Soggy As She Says] Nozomi Kazama",https://pic.javct.net/poster/20222612/1674875075.jpg,https://javct.net/v/shm-062-rm,93,2026-07-15
CLOT-001-RM,Slipping Married Woman Kudo Manami [Uncensored L**ked],https://pic.javct.net/poster/07052026/92316be4f9.jpg,https://javct.net/v/clot-001-rm,120,2026-07-15
XVSR-345,Concussion - Dense SEX Starting From Kiss - Misato Nomiya,https://pic.javct.net/poster/07052026/1f0098b27c.jpg,https://javct.net/v/xvsr-345,120,2026-07-15
HUNTC-633-RM,"""We'll Teach You Things You Don't Learn In School."" Our Work Experience Was At An Underwear Manufacturer Full Of Women! What We Saw There Were 10 Beautiful Women In Their Underwear! Naturally, We Couldn't Control Our Erections. The Women Noticed And Couldn't Contain Their Own Lust Either... [Uncensored L**ked]",https://pic.javct.net/poster/07052026/b4b3bc3f25.jpg,https://javct.net/v/huntc-633-rm,210,2026-07-15
MIST-131-RM,I Need Your Help ... Please Harnessed ... In Relentless Dimensions Stopped Crying In The Seeding Cum After That Endure To The Limit!sex Pies Spirit Collapse Hanasaki Comfort [Uncensored L**ked],https://pic.javct.net/poster/06032026/1772862298.jpg,https://javct.net/v/mist-131-rm,140,2026-07-15
ABP-982-RM,"Libido, Liberated Area. Until Each Other's Libido Is Exhausted [Fuck Together] Dense Sexual Intercourse 03 Limit Of Libido 17 Production 17 Launch Maria Aine [Uncensored L**ked]",https://pic.javct.net/poster/07052026/3312a1e484.jpg,https://javct.net/v/abp-982-rm,220,2026-07-15
JUR-096-RM,"Beautiful Lingerie, A Married Insurance Saleswoman, Nanami Mihi, Stained With Saliva And Semen As A Reward. [Uncensored L**ked]",https://pic.javct.net/poster/07052026/8503d8ae35.jpg,https://javct.net/v/jur-096-rm,190,2026-07-15
SCPX-468-RM,"Watching AV With My Mother When My Mother Found Her Son's Treasured AV Collection, She Decided To Watch Adult DVDs With Her Son... [Uncensored L**ked]",https://pic.javct.net/poster/20233001/1677298435.jpg,https://javct.net/v/scpx-468-rm,160,2026-07-15
HUNTC-633,"""We'll Teach You Things You Don't Learn In School."" Our Work Experience Was At An Underwear Manufacturer Full Of Women! What We Saw There Were 10 Beautiful Women In Their Underwear! Naturally, We Couldn't Control Our Erections. The Women Noticed And Couldn't Contain Their Own Lust Either...",https://pic.javct.net/poster/07052026/b4b3bc3f25.jpg,https://javct.net/v/huntc-633,210,2026-07-15
JUR-096,"Beautiful Lingerie, A Married Insurance Saleswoman, Nanami Mihi, Stained With Saliva And Semen As A Reward.",https://pic.javct.net/poster/07052026/8503d8ae35.jpg,https://javct.net/v/jur-096,190,2026-07-15
FWAY-098,HDK Idol Shiraishi Touha,https://pic.javct.net/poster/07052026/784f976aee.jpg,https://javct.net/v/fway-098,110,2026-07-15
FWAY-100,Agony L Yu Tano,https://pic.javct.net/poster/07052026/fcb04b45e9.jpg,https://javct.net/v/fway-100,110,2026-07-15
259LUXU-163,Luxury TV 169,https://pic.javct.net/poster/07052026/58fe2158e1.jpg,https://javct.net/v/259luxu-163,55,2026-07-15
CLOT-005-RM,Married Woman In Slip Honoka Mihara [Uncensored L**ked],https://pic.javct.net/poster/20212011/1640199221.jpg,https://javct.net/v/clot-005-rm,133,2026-07-15
259LUXU-141,Luxury TV 226,https://pic.javct.net/poster/07052026/a30978072b.jpg,https://javct.net/v/259luxu-141,59,2026-07-15
AUKG-628-RM,Sexual Matching Lesbians ~Beautiful Lesbians Who Invite Women On A Matching Site~ [Uncensored L**ked],https://pic.javct.net/poster/20250606/1749833493.jpg,https://javct.net/v/aukg-628-rm,120,2026-07-15
MAAN-1180-RM,"[Raw sex in the office with a female company president] An AV actor who is really in love with her shaved pussy with a lot of love and squirts with a lot of love. ""It's about time for the real thing to be inserted.'' After thoroughly enjoying the long-awaited Chico who is really in love, he has intense sex with a lot of her insides [Thanks Bitch] [Kasumi] [Uncensored L**ked]",https://pic.javct.net/poster/07052026/8c7f9ddaba.jpg,https://javct.net/v/maan-1180-rm,80,2026-07-15
NACT-152-RM,"Top-notch Techniques To Soothe The Soul And Extract Every Last Drop Of Semen! Super Popular Rejuvenation Men's Esthetician, Reiko Kobayakawa [Uncensored L**ked]",https://pic.javct.net/poster/07052026/ebd6125568.jpg,https://javct.net/v/nact-152-rm,113,2026-07-15
LID-052-RM,Carnivorous De M Lady Erika Kitagawa [Uncensored L**ked],https://pic.javct.net/poster/07052026/013d49bb47.jpg,https://javct.net/v/lid-052-rm,44,2026-07-15
NACT-152,"Top-notch Techniques To Soothe The Soul And Extract Every Last Drop Of Semen! Super Popular Rejuvenation Men's Esthetician, Reiko Kobayakawa",https://pic.javct.net/poster/07052026/ebd6125568.jpg,https://javct.net/v/nact-152,113,2026-07-15
DRPT-115-RM,A Busty Housewife Whose Sexy Lingerie Collection Was Discovered By Movers Has Her Tiny Nipples Developed And Becomes A Sex Slave In Just 3 Days. The Slutty Housewife Edition. (Relatively Rare) [Uncensored L**ked],https://pic.javct.net/poster/05192026/a7d23282ba.jpg,https://javct.net/v/drpt-115-rm,165,2026-07-15
259LUXU-1395-RM,"Luxury TV 1377 A former gravure idol who can't forget the exciting pleasure she experienced during the shooting and reappears, exposing her rich breasts, plump butt, and voluptuous body wrapped in lotion in front of the camera, and her sexual desire even greater than before, and the slut play where she actively devours men is a must-see [Uncensored L**ked]",https://pic.javct.net/poster/05192026/d688f915bc.jpg,https://javct.net/v/259luxu-1395-rm,55,2026-07-15
XRW-979-RM,Throat Ma ● Co Creampie Beautiful Girl Training Deep Throating Mio Ichijo [Uncensored L**ked],https://pic.javct.net/poster/07052026/df2a3489c9.jpg,https://javct.net/v/xrw-979-rm,230,2026-07-15
MISM-165-RM,"Roll It Up Until It Spits Out, Drink It And Spit It Again The Most Crazy Reverse Deep Throat In History [Uncensored L**ked]",https://pic.javct.net/poster/07052026/d08ab86d6e.jpg,https://javct.net/v/mism-165-rm,180,2026-07-15
MISM-173-RM,Beautiful Masochist Excavation Good-looking Indoor Girls AV Debut To Marvel When An Acquaintance Knows [Uncensored L**ked],https://pic.javct.net/poster/07052026/6757af859a.jpg,https://javct.net/v/mism-173-rm,150,2026-07-15
HUNBL-128-RM,"A Girl Was Supposed To Only Sell Pants, But She Was Taken To An Empty Place And Fo**ed To Fuck Her. [Uncensored L**ked]",https://pic.javct.net/poster/20230302/1678424960.jpg,https://javct.net/v/hunbl-128-rm,120,2026-07-15
REAL-640-RM,Pole Blowjob Cum Drinking Heaven Fountain? [Uncensored L**ked],https://pic.javct.net/poster/05192026/facce8c06f.jpg,https://javct.net/v/real-640-rm,130,2026-07-15
REAL-637-RM,Very Blow Job Cum Heaven Natsume Airi [Uncensored L**ked],https://pic.javct.net/poster/05192026/e2a433ba0d.jpg,https://javct.net/v/real-637-rm,120,2026-07-15
348NTR-105-RM,"[NTR] I know that women in the early aughts have a great sexual desire, and basically if you call them, they'll let you fuck them lol [Uncensored L**ked]",https://pic.javct.net/poster/07052026/ddaa5c4530.jpg,https://javct.net/v/348ntr-105-rm,66,2026-07-15
MISM-064-RM,"Piercing Until Spits, The Most Crazy Deep Throat History Ever [Uncensored L**ked]",https://pic.javct.net/poster/07052026/f9b07e93b2.jpg,https://javct.net/v/mism-064-rm,150,2026-07-15
MISM-053-RM,She's Getting Pumped Until She Gags In The World's Craziest Blowjob Frenzy Mihara Honoka [Uncensored L**ked],https://pic.javct.net/poster/20222410/1668449684.jpg,https://javct.net/v/mism-053-rm,180,2026-07-15
DDFF-019-RM,Heinous Throat Wedding Planner - Iroha Minami [Uncensored L**ked],https://pic.javct.net/poster/20212011/1642232685.jpg,https://javct.net/v/ddff-019-rm,126,2026-07-15
348NTR-105,"[NTR] I know that women in the early aughts have a great sexual desire, and basically if you call them, they'll let you fuck them lol",https://pic.javct.net/poster/07052026/ddaa5c4530.jpg,https://javct.net/v/348ntr-105,66,2026-07-15
XRW-772-RM,Throat ● Co Pies Beautiful Girl To**ure Deep Throating Nazuna Nonohara [Uncensored L**ked],https://pic.javct.net/poster/07052026/06569502dc.jpg,https://javct.net/v/xrw-772-rm,160,2026-07-15
REAL-632-RM,Healing Likeness Of Retreat Deep Throw Hospitality Tsuno Miho [Uncensored L**ked],https://pic.javct.net/poster/20222410/1668326610.jpg,https://javct.net/v/real-632-rm,115,2026-07-15
LOCK-013-RM,LOCK-ON@Luna A Super Cold And Arrogant Sugar Baby J-type Girl Is Made To Understand And Is Fo**ed Into A Deep Throat Fuck And Cummed Inside. Amane Luna [Uncensored L**ked],https://pic.javct.net/poster/07052026/b39e63f135.jpg,https://javct.net/v/lock-013-rm,120,2026-07-15
LOCK-013,LOCK-ON@Luna A Super Cold And Arrogant Sugar Baby J-type Girl Is Made To Understand And Is Fo**ed Into A Deep Throat Fuck And Cummed Inside. Amane Luna,https://pic.javct.net/poster/07052026/b39e63f135.jpg,https://javct.net/v/lock-013,120,2026-07-15
FSBK-025,"Sexual Fetish Unleashed: Deep Throat And Asshole Fucking, Triple Hole Training By The Person She Loves, Turning Her Into A Masochist, Anal Beauty Mayuri, Takeuchi Mayuri",https://pic.javct.net/poster/07052026/123e4decca.jpg,https://javct.net/v/fsbk-025,137,2026-07-15
DSOD-018-RM,"All Those Who Have A Grudge Against This Arrogant Woman, Gather Here! A Super Creepy Guy's Relentless, Brutal To**ure And R**e Will Break Her Down Mentally! A Cum-filled Spittoon Is Born During Sex! Rei Kuroshima [Uncensored L**ked]",https://pic.javct.net/poster/07052026/444f76c68f.jpg,https://javct.net/v/dsod-018-rm,140,2026-07-15
SDMM-235-RM,"Magic Mirror Secretly shows off my big dick to a kind mother with a c**ld, rubs it with her bare legs, and inserts it raw in front of her husband (my c**ld) into her frustrated pussy, which is a bit unresponsive due to c**ldcare. The soft postpartum hole feels so good that we have creampie sex. From mother to woman again..., she shows off her big dick and gets horny... [Uncensored L**ked]",https://pic.javct.net/poster/07052026/5d11244aa3.jpg,https://javct.net/v/sdmm-235-rm,193,2026-07-15
SDMM-235,"Magic Mirror Secretly shows off my big dick to a kind mother with a c**ld, rubs it with her bare legs, and inserts it raw in front of her husband (my c**ld) into her frustrated pussy, which is a bit unresponsive due to c**ldcare. The soft postpartum hole feels so good that we have creampie sex. From mother to woman again..., she shows off her big dick and gets horny...",https://pic.javct.net/poster/07052026/5d11244aa3.jpg,https://javct.net/v/sdmm-235,193,2026-07-15
ANAV-005,Deep Throat Penetrating Geromasio Ichika Kasagi,https://pic.javct.net/poster/07052026/79457ac623.jpg,https://javct.net/v/anav-005,200,2026-07-15
NHDTB-554-RM,Nipple Development Slut [Uncensored L**ked],https://static.javct.net/poster/nhdtb-554.jpg,https://javct.net/v/nhdtb-554-rm,175,2026-07-15
JUY-457-RM,"Her Lingerie, Wet With Shame Yuko Shiraki [Uncensored L**ked]",https://pic.javct.net/poster/20220707/1659663667.jpg,https://javct.net/v/juy-457-rm,150,2026-07-15
SVMGM-051-RM,Magic mirror hard-boiled limited to modern female college students! First time adult toy experience review (Heart) Honest evaluation using everything from the classic electric massager and vibrator to the popular sucker! A complete change from! Handy toy challenge! The piston rubs the vaginal mucous membrane over and over again and the squirt doesn't stop! ! Prize money... [Uncensored L**ked],https://pic.javct.net/poster/05192026/ffbeba1e87.jpg,https://javct.net/v/svmgm-051-rm,290,2026-07-15
JUY-333-RM,"A Dirty Old Father-In-Law Teases His Daughter-In-Law Father, Please Stop Already... Kotone Yamagishi [Uncensored L**ked]",https://pic.javct.net/poster/20212011/1640979955.jpg,https://javct.net/v/juy-333-rm,120,2026-07-15
MIGD-712-RM,Consecutive Creampies For A Pissing Girl Niko Ayuna [Uncensored L**ked],https://pic.javct.net/poster/20220406/1656988469.jpg,https://javct.net/v/migd-712-rm,119,2026-07-15
JJGG-001-RM,"A heartbroken 45-year-old who wants to console you. A girl who has lost her love and feels lonely. I still want to be fulfilled. Looking for extraordinary sex, she offered her body... Kasumi Takanashi [Uncensored L**ked]",https://pic.javct.net/poster/05192026/a5015234d3.jpg,https://javct.net/v/jjgg-001-rm,105,2026-07-15
SVMGM-051,Magic mirror hard-boiled limited to modern female college students! First time adult toy experience review (Heart) Honest evaluation using everything from the classic electric massager and vibrator to the popular sucker! A complete change from! Handy toy challenge! The piston rubs the vaginal mucous membrane over and over again and the squirt doesn't stop! ! Prize money...,https://pic.javct.net/poster/05192026/ffbeba1e87.jpg,https://javct.net/v/svmgm-051,290,2026-07-15
SDMM-234,"A real baseball fist showdown with Tokyo's modern female skaters who we interviewed on Magic Mirror Street! From a cool and winning appearance, he gradually takes off his clothes and inserts his penis! ? However, he is serious about wanting the prize money.",https://pic.javct.net/poster/05192026/91d6d0e366.jpg,https://javct.net/v/sdmm-234,222,2026-07-15
FOCS-089-RM,A Sober Girl Who Has Been Munched On Her Ass Hole J ! Puri Ass Trembling Crab Crotch Iki Horisawa Mayu [Uncensored L**ked],https://pic.javct.net/poster/20222109/1665722622.jpg,https://javct.net/v/focs-089-rm,112,2026-07-15
NHDTC-18006-RM,Sensitive (Shame) Big Butt Shame 2026 Big Tits Bikini Girl [Uncensored L**ked],https://pic.javct.net/poster/05192026/292031d4a1.jpg,https://javct.net/v/nhdtc-18006-rm,56,2026-07-15
SDJS-371-RM,Public harassment health checkup at the office on weekdays Human resources department Hikage Yoda [Uncensored L**ked],https://pic.javct.net/poster/05192026/fb389918ef.jpg,https://javct.net/v/sdjs-371-rm,132,2026-07-15
SDMM-233-RM,Magic Mirror Issue: SOD-style sexual harassment training for active CAs! Can active CAs handle it with professionalism even if they have their butts rubbed in black pantyhose? ? Gentle CA women only in Kamata just before/after flight [Uncensored L**ked],https://pic.javct.net/poster/05192026/370022f929.jpg,https://javct.net/v/sdmm-233-rm,187,2026-07-15
SNIS-268-SUB,A Date With Jun Aizawa With No Undies On [English Subtitle],https://pic.javct.net/poster/20220406/1656232691.jpg,https://javct.net/v/snis-268-sub,147,2026-07-15
YAG-101-RM,"I Fall To De M Pleasure In Multiple Switch Port ● Female Staff, And Exposure Was Attacked By Filthy Man In Retreat Recommendation Destination! [Uncensored L**ked]",https://pic.javct.net/poster/07052026/ae21da582e.jpg,https://javct.net/v/yag-101-rm,115,2026-07-15
HND-272-RM,Slut Out Clothes In Not Take Off Hasumi Claire [Uncensored L**ked],https://pic.javct.net/poster/07052026/8fed2aa0b6.jpg,https://javct.net/v/hnd-272-rm,120,2026-07-15
PAI-378-RM,In addition [Uncensored L**ked],https://pic.javct.net/poster/07052026/edeacfcfd9.jpg,https://javct.net/v/pai-378-rm,60,2026-07-15
PAI-376-RM,Nao-chan [Uncensored L**ked],https://pic.javct.net/poster/07052026/03cbdd38cb.jpg,https://javct.net/v/pai-376-rm,57,2026-07-15
DOTM-002-RM,Provocative Perverted Lines Clearly Reverse Pick Up Tipsy Wife And Thousand Bells SEX Newlywed Wife Sakura 30 Years Old Sakura Tsukishima Who Gets Horny With Body Fluids [Uncensored L**ked],https://pic.javct.net/poster/20233001/1675237872.jpg,https://javct.net/v/dotm-002-rm,159,2026-07-15
CEMD-866-RM,"Humiliation, Sexual Assault, Wearing A Tobikko (fish Roe) And Going On A Date In The Entertainment District! 42 Kurosaki Hana [Uncensored L**ked]",https://pic.javct.net/poster/07052026/da00816ea6.jpg,https://javct.net/v/cemd-866-rm,138,2026-07-15
PAI-377-RM,In addition [Uncensored L**ked],https://pic.javct.net/poster/07052026/66e48ee04e.jpg,https://javct.net/v/pai-377-rm,47,2026-07-15
NEO-947,Fully Open Nose Hook - Yurina Tsukino,https://pic.javct.net/poster/07052026/951d077cbb.jpg,https://javct.net/v/neo-947,127,2026-07-15
NHDTA-858,Pies Pool Molester Water Rimobai Shame SP,https://pic.javct.net/poster/07052026/00122e82d5.jpg,https://javct.net/v/nhdta-858,240,2026-07-15
ABS-142-RM,◆ Let Yui Zhu sound in the ocean [Uncensored L**ked],https://pic.javct.net/poster/07052026/e032bed8d6.jpg,https://javct.net/v/abs-142-rm,115,2026-07-15
MIDD-912-RM,Yuki Niece × Exposure Dating Drunk [Uncensored L**ked],https://pic.javct.net/poster/04112026/76abf3e433.jpg,https://javct.net/v/midd-912-rm,180,2026-07-15
VGD-097-RM,Azusa Nagasawa Obscene G Cup [Uncensored L**ked],https://pic.javct.net/poster/07052026/a8edd26fc2.jpg,https://javct.net/v/vgd-097-rm,140,2026-07-15
CEMD-862-RM,No-bra Big Bouncy Tits Date 5 Nanahara Sayu [Uncensored L**ked],https://pic.javct.net/poster/07052026/f9fdbf84c9.jpg,https://javct.net/v/cemd-862-rm,166,2026-07-15
CEMD-865-RM,No-bra Mature Big-breasted Voluptuous Titty Date 6 Honoka Tsujii [Uncensored L**ked],https://pic.javct.net/poster/07052026/a37d2a4a92.jpg,https://javct.net/v/cemd-865-rm,163,2026-07-15
FC2PPV-4936496,[Outdoor sex shot] [Face showing] A married woman who was excited by a certain S,https://pic.javct.net/poster/07052026/a9433b7b6a.jpg,https://javct.net/v/fc2ppv-4936496,32,2026-07-15
DAVK-118,"A Plain Girl Who Doesn't Even Know How To Deal With Her Bushy Pubic Hair Gets C**ked On By A Huge Cock And Has An Orgasm That Makes Her Wet Herself, Completely Breaking Down As She Experiences Her First Ever Orgy Sex, Having A Real Orgasm With Intense Thrusting And Awakening Her Inner Masochist.",https://pic.javct.net/poster/07052026/12028fd50e.jpg,https://javct.net/v/davk-118,161,2026-07-15
CEMD-862,No-bra Big Bouncy Tits Date 5 Nanahara Sayu,https://pic.javct.net/poster/07052026/f9fdbf84c9.jpg,https://javct.net/v/cemd-862,166,2026-07-15
CEMD-866,"Humiliation, Sexual Assault, Wearing A Tobikko (fish Roe) And Going On A Date In The Entertainment District! 42 Kurosaki Hana",https://pic.javct.net/poster/07052026/da00816ea6.jpg,https://javct.net/v/cemd-866,138,2026-07-15
CEMD-865,No-bra Mature Big-breasted Voluptuous Titty Date 6 Honoka Tsujii,https://pic.javct.net/poster/07052026/a37d2a4a92.jpg,https://javct.net/v/cemd-865,163,2026-07-15
AKDL-083-RM,"[For those who want their faces stepped on by girls] Completely subjective, intense smell! Foot sole odor to**ure [Uncensored L**ked]",https://pic.javct.net/poster/05192026/455fb12a64.jpg,https://javct.net/v/akdl-083-rm,94,2026-07-15
PKPD-156-RM,"Amateur Friendship Document: Real Cuckold Personal Filming of Kozue, An Office Lady with Superb Legs Kozue Minami [Uncensored L**ked]",https://pic.javct.net/poster/20212308/1630749336.jpg,https://javct.net/v/pkpd-156-rm,140,2026-07-15
FTO-001-RM,[Cosplay Individual Shooting L**ked] Filming Famous Layered People Who Participate In Comiket. Penis Inserted Directly Into The Enchanting Big Breasted Body [Uncensored L**ked],https://pic.javct.net/poster/20242108/1727018307.jpg,https://javct.net/v/fto-001-rm,133,2026-07-15
FTO-003-RM,"A Video Recording Of Two Active JDs Who Admire Charismatic Actors, Making The Dream Of An Amateur Woman Who Spends All Her Time Masturbating Come True [Uncensored L**ked]",https://pic.javct.net/poster/20242108/1727018348.jpg,https://javct.net/v/fto-003-rm,130,2026-07-15
FW-012-RM,A wife who was fucked by her father-in-law without telling her husband. Stepdaughter Aoi Aosaka awakens to a new sexual desire and gets used to the meat urinal life [Uncensored L**ked],https://pic.javct.net/poster/05192026/d473c572da.jpg,https://javct.net/v/fw-012-rm,148,2026-07-15
FW-012,A wife who was fucked by her father-in-law without telling her husband. Stepdaughter Aoi Aosaka awakens to a new sexual desire and gets used to the meat urinal life,https://pic.javct.net/poster/05192026/d473c572da.jpg,https://javct.net/v/fw-012,148,2026-07-15
PKPD-142-RM,Fucking School Girls In Black Pantyhose Raw And Cumming On Their Faces Over And Over Rin And Miku [Uncensored L**ked],https://static.javct.net/poster/pkpd-142.jpg,https://javct.net/v/pkpd-142-rm,140,2026-07-15
300MIUM-1373-RM,"[Newcomer] There is nutrition that can only be obtained from the nakedness of a smart woman lol. She is an honor student and can take care of herself, so her body is super beautiful and her skin is smooth lol. [Uncensored L**ked]",https://pic.javct.net/poster/05192026/45ac6f01e6.jpg,https://javct.net/v/300mium-1373-rm,72,2026-07-15
PKPD-139-RM,A Rubberless Pay-For-Play Sugar Daddy x A Schoolgirl In Loose Socks In A Half-In/Half-Out Half-Day Of Fucking [Uncensored L**ked],https://static.javct.net/poster/pkpd-139.jpg,https://javct.net/v/pkpd-139-rm,140,2026-07-15
300MIUM-1373,"[Newcomer] There is nutrition that can only be obtained from the nakedness of a smart woman lol. She is an honor student and can take care of herself, so her body is super beautiful and her skin is smooth lol.",https://pic.javct.net/poster/05192026/45ac6f01e6.jpg,https://javct.net/v/300mium-1373,72,2026-07-15
GTAXD-083-RM,Nozomi Closed Room Taxi Driver Futaba Saa [Uncensored L**ked],https://pic.javct.net/poster/05192026/0fd932be2d.jpg,https://javct.net/v/gtaxd-083-rm,56,2026-07-15
GTAXD-083,Nozomi Closed Room Taxi Driver Futaba Saa,https://pic.javct.net/poster/05192026/0fd932be2d.jpg,https://javct.net/v/gtaxd-083,56,2026-07-15
LKB-145-RM,"I had a series of sweet and naughty black tights plays with my cute cousin who looks good in black tights, and my dick kept getting erect, and my cousin's pussy got tight and wet! Seika Igarashi [Uncensored L**ked]",https://pic.javct.net/poster/05192026/0f25ef20c9.jpg,https://javct.net/v/lkb-145-rm,60,2026-07-15
LKB-144-RM,"I had a series of sweet and naughty black tights plays with my cute cousin who looks good in black tights, and my dick kept getting erect, and my cousin's pussy got tight and wet! Seika Igarashi [Uncensored L**ked]",https://pic.javct.net/poster/05192026/a7ecb51995.jpg,https://javct.net/v/lkb-144-rm,60,2026-07-15
LKB-145,"I had a series of sweet and naughty black tights plays with my cute cousin who looks good in black tights, and my dick kept getting erect, and my cousin's pussy got tight and wet! Seika Igarashi",https://pic.javct.net/poster/05192026/0f25ef20c9.jpg,https://javct.net/v/lkb-145,60,2026-07-15
LKB-144,"I had a series of sweet and naughty black tights plays with my cute cousin who looks good in black tights, and my dick kept getting erect, and my cousin's pussy got tight and wet! Seika Igarashi",https://pic.javct.net/poster/05192026/a7ecb51995.jpg,https://javct.net/v/lkb-144,60,2026-07-15
TOTTE-262-RM,"A spider cowgirl chicken race where a swimsuit gal takes on the challenge! Get 100 yen for every piston! However, if you ejaculate, your prize money will be immediately forfeited! I have a big dick with a big erection! My rationality collapses and I can't stop shaking my hips, so I end up creampied! ? Take a picture and put it out! Magic Mirror Issue ~ Serina Edition ~ [Uncensored L**ked]",https://pic.javct.net/poster/05192026/da40564ce6.jpg,https://javct.net/v/totte-262-rm,54,2026-07-15
TOTTE-261-RM,"A spider cowgirl chicken race where a swimsuit gal takes on the challenge! Get 100 yen for every piston! However, if you ejaculate, your prize money will be immediately forfeited! I have a big dick with a big erection! My rationality collapses and I can't stop shaking my hips, so I end up creampied! ? Take a picture and put it out! Magic Mirror Issue ~Anna Edition~ [Uncensored L**ked]",https://pic.javct.net/poster/05192026/23286c7904.jpg,https://javct.net/v/totte-261-rm,71,2026-07-15
TOTTE-263-RM,"A spider cowgirl chicken race where a swimsuit gal takes on the challenge! Get 100 yen for every piston! However, if you ejaculate, your prize money will be immediately forfeited! I have a big dick with a big erection! My rationality collapses and I can't stop shaking my hips, so I end up creampied! ? Take a picture and put it out! Magic Mirror Issue ~Sana Edition~ [Uncensored L**ked]",https://pic.javct.net/poster/05192026/a0877cb762.jpg,https://javct.net/v/totte-263-rm,58,2026-07-15
CRNX-263-RM,[4K] I cuckolded a single man in a racy swimsuit... Hikaru Miyanishi [Uncensored L**ked],https://pic.javct.net/poster/05192026/3d8b290b39.jpg,https://javct.net/v/crnx-263-rm,61,2026-07-15
TOTTE-261,"A spider cowgirl chicken race where a swimsuit gal takes on the challenge! Get 100 yen for every piston! However, if you ejaculate, your prize money will be immediately forfeited! I have a big dick with a big erection! My rationality collapses and I can't stop shaking my hips, so I end up creampied! ? Take a picture and put it out! Magic Mirror Issue ~Anna Edition~",https://pic.javct.net/poster/05192026/23286c7904.jpg,https://javct.net/v/totte-261,71,2026-07-15
TOTTE-263,"A spider cowgirl chicken race where a swimsuit gal takes on the challenge! Get 100 yen for every piston! However, if you ejaculate, your prize money will be immediately forfeited! I have a big dick with a big erection! My rationality collapses and I can't stop shaking my hips, so I end up creampied! ? Take a picture and put it out! Magic Mirror Issue ~Sana Edition~",https://pic.javct.net/poster/05192026/a0877cb762.jpg,https://javct.net/v/totte-263,58,2026-07-15
SSIS-858-RM,"Even Though You're A Teacher, You're Bound To Get Fucked By Us Because You Have Huge Erotic Breasts, You Understand, Right? Nagi Hikaru [Uncensored L**ked]",https://pic.javct.net/poster/20230908/1694714182.jpg,https://javct.net/v/ssis-858-rm,120,2026-07-15
ADN-503-RM,My Father-in-law's Kiss As He Licks Me Miu Shiramine [Uncensored L**ked],https://pic.javct.net/poster/20231011/1699149399.jpg,https://javct.net/v/adn-503-rm,120,2026-07-15
SONE-248-RM,K-cup Secretary Gets Licked And Violated By Her Slug-like Boss Until She Cums Hikaru Nagi [Uncensored L**ked],https://pic.javct.net/poster/20243105/1720146570.jpg,https://javct.net/v/sone-248-rm,120,2026-07-15
JUQ-404-RM,Nude Model NTR Shocking Cheating Video Of A Wife Drowning In Shame With Her Boss Sayuri Hayama [Uncensored L**ked],https://pic.javct.net/poster/20231011/1698144969.jpg,https://javct.net/v/juq-404-rm,120,2026-07-15
FPRE-004-RM,Sleep R**e: Putting My Cocky Son's Big-breasted Wife To Sleep With Sleeping Pills And Raping Her. Mina Kitano [Uncensored L**ked],https://pic.javct.net/poster/20231912/1704020502.jpg,https://javct.net/v/fpre-004-rm,150,2026-07-15
JUQ-943-RM,Nude Model NTR: Shocking Video Of Wife Cheating With Her Boss And Drowning In Shame Meguri [Uncensored L**ked],https://pic.javct.net/poster/20241115/1732243413.jpg,https://javct.net/v/juq-943-rm,140,2026-07-15
SOAN-108-RM,"The Mother Of The Sakuma Family Who Fell Into Masochistic Anal. A Sexless Married Woman Who Is Not Recognized As A Woman By Her Husband Is Publicly Insulted And Inseminated In Two Holes By Another Man's Cock! The Whole Story Of How She Betrayed Her Husband And Fell Into Masochistic Awakening...Kaede, 42 Years Old [Uncensored L**ked]",https://pic.javct.net/poster/20242108/1727490518.jpg,https://javct.net/v/soan-108-rm,143,2026-07-15
JUQ-540-RM,"Wanted To Make My Wife Admit My Love, So I Left Her And My Unfaithful Junior Alone For 3 Hours...My NTR Story About How My Wife Was Stolen From Me With A Total Of 17 Vaginal Cum Shots Without Pulling Out Sayuri Hayama [Uncensored L**ked]",https://pic.javct.net/poster/20231912/1704643413.jpg,https://javct.net/v/juq-540-rm,120,2026-07-15
FSDSS-672-RM,"I keep being r**ed... A beautiful wife from a rural area is trained by a young man from the city near her husband, and she falls into a sexual assault with Nene Yoshitaka. [Uncensored L**ked]",https://pic.javct.net/poster/20231011/1697259924.jpg,https://javct.net/v/fsdss-672-rm,120,2026-07-15
STARS-923-RM,"5 Situations Where You Can Enjoy Rei Kamiki's ""beautiful Butt"" With A Transcendental Style.Actually, I...not Only My Boobs But Also My Buttocks Are Amazing Rei Kamiki [Uncensored L**ked]",https://pic.javct.net/poster/20231011/1697068491.jpg,https://javct.net/v/stars-923-rm,156,2026-07-15
YUJ-008-RM,"You Have A Husband And I Have A Wife, But You And Your Colleagues At Work Asked Each Other Until The Sun Rose. Miu Shiramine [Uncensored L**ked]",https://pic.javct.net/poster/20230908/1695605474.jpg,https://javct.net/v/yuj-008-rm,120,2026-07-15
FTAV-003-RM,"""I Love Him, But... I'm Getting Wet Just Thinking About What He's Going To Do..."" I-cup Nurse, 22 Years Old, Not Affiliated With Kimitsu City, Chiba Production, A Woman With Natural Big Breasts Who Lives In The Countryside, Still An Amateur, SOFT ON DEMAND Yu Sasamoto's (tentative) Appearance For The Fourth Time In The New House Where Her Married Life Begins And Her Fiancé Works... [Uncensored L**ked]",https://pic.javct.net/poster/20242108/1727115023.jpg,https://javct.net/v/ftav-003-rm,159,2026-07-15
JUQ-510-RM,The World's Most Luxurious Commemorative Work! ! Madonna 20th Anniversary - First Ever ALL Exclusive Bus Tour With Unlimited Creampie And Steam! ! First Part 4 Hours OVER 2-disc Set! ! [Uncensored L**ked],https://pic.javct.net/poster/20231912/1703554075.jpg,https://javct.net/v/juq-510-rm,290,2026-07-15
MVSD-471-RM,Remote Control NTS Indecent Pant Of My Beloved Wife Drowning In Another Stick Michiru Kujo [Uncensored L**ked],https://pic.javct.net/poster/20231912/1704622292.jpg,https://javct.net/v/mvsd-471-rm,120,2026-07-15
URE-100-RM,"Congratulations! Commemorative Work For 100 Mature Comics Original Work: Purpoison Mother-eating ~Yarichin Travel Edition~ Cumulative Total Of Over 100,000 Downloads Of The Series! ! A Live-action Sequel To The Legendary Popular Doujin Work Starring Madonna! ! Exclusive, Ririko Kinoshita's 6 Gorgeous Performances With Large Volumes! ! [Uncensored L**ked]",https://pic.javct.net/poster/20231711/1702777063.jpg,https://javct.net/v/ure-100-rm,240,2026-07-15
ADN-564-RM,"I Kept Giving My Son's Wife An Aphrodisiac So That She Wouldn't Find Out, And I Made Her Body, Which Had Become An Erogenous Zone, Go Crazy With Excitement And Climax. Shiramine Miu [Uncensored L**ked]",https://pic.javct.net/poster/20241804/1714707796.jpg,https://javct.net/v/adn-564-rm,160,2026-07-15
MEYD-890-RM,I Spent A Week Having Sex With A Big-breasted Aunt With A Sloppy Personality In A Ch**ing Trash Room. Sayama Love [Uncensored L**ked],https://pic.javct.net/poster/20241703/1710726271.jpg,https://javct.net/v/meyd-890-rm,150,2026-07-15
JUQ-563-RM,Days Of Creampie Ring That Will Never End. Sayuri Hayama [Uncensored L**ked],https://pic.javct.net/poster/20241901/1708307694.jpg,https://javct.net/v/juq-563-rm,120,2026-07-15
FSDSS-673-RM,"My husband isn't here today, so why don't we have another drink at home? I, Yuko Ono, got excited when I saw my ex-girlfriend again at the class reunion, wearing no panties or bra. [Uncensored L**ked]",https://pic.javct.net/poster/20231011/1698379389.jpg,https://javct.net/v/fsdss-673-rm,120,2026-07-15
JUL-572-US,"We're Inseparable - Lusty Stepmother/Stepson Bound By Their Mistakes - Ayaka Muto [English Subtitle, Reducing Mosaic]",https://pic.javct.net/poster/20212011/1637843083.jpg,https://javct.net/v/jul-572-us,118,2026-07-15
JUQ-439-RM,"During My Wife's Pregnancy, I Was Forbidden To Even Masturbate, So I Had Sex With My Mother-in-law, Sayuri, Who Had Moved To Tokyo Many Times... Sayuri Hayama [Uncensored L**ked]",https://pic.javct.net/poster/20231011/1699830529.jpg,https://javct.net/v/juq-439-rm,120,2026-07-15
WAAA-303-RM,I Asked My Plump Wife At My Part-time Job To Be My Tutor... Ai Sayama [Uncensored L**ked],https://pic.javct.net/poster/20230908/1696605519.jpg,https://javct.net/v/waaa-303-rm,120,2026-07-15
ROE-163-RM,My Aunt's Wet And See-through Body. A Night Alone Under The Same Roof... Sentimental Rain Pattern Yuka Mizuno [Uncensored L**ked],https://pic.javct.net/poster/20230908/1695970848.jpg,https://javct.net/v/roe-163-rm,140,2026-07-15
ACHJ-030-RM,Madonna Dengeki Exclusive Authentic Slut Sumire Mizukawa Endless Ejaculation Orgasm That Makes Masochist Man's Body And Mind Melt With Deep And Rich Kisses And Stopping Creampie [Uncensored L**ked],https://pic.javct.net/poster/20231711/1700382348.jpg,https://javct.net/v/achj-030-rm,110,2026-07-15
FC2PPV-4938066,[Complete amateur] A sex-addicted single who wants to be held intensely by a man. A cute 27-year-old stringy mako who is full of love and seeks intense stimulation and pleasure. This is a must-see.,https://pic.javct.net/poster/07052026/921ec30826.jpg,https://javct.net/v/fc2ppv-4938066,66,2026-07-15
FC2PPV-4938235,First-come-first-serve discount [No] Sweaty sex during the day with the most beautiful woman in town [Bonus available],https://pic.javct.net/poster/07052026/5a8b95a42f.jpg,https://javct.net/v/fc2ppv-4938235,26,2026-07-15
FC2PPV-4938071,3 different swimsuit tit fucks!! p30,https://pic.javct.net/poster/07052026/80c8c2589a.jpg,https://javct.net/v/fc2ppv-4938071,39,2026-07-15
SIRO-5705,"A lewd night that her husband doesn't know about. A 31-year-old married woman from the general affairs department of a small and medium-sized company, Rea, shows off her submissive masochistic figure. The more she is blamed, the more she drips cloudy milk and drowns in pleasure. [First shot] AV application online AV experience shooting 2587",https://pic.javct.net/poster/07052026/4991af2283.jpg,https://javct.net/v/siro-5705,66,2026-07-15
BUR-481-RM,Oma  This Instruction Manual [Uncensored L**ked],https://pic.javct.net/poster/20233001/1677605092.jpg,https://javct.net/v/bur-481-rm,197,2026-07-15
MISM-163-RM,"Coming Out Look At Me Real. A Masochist With A Crazy Motherhood Appeared In A Series That She Admired, And She Wanted To Be Driven In And Out Of Her Mind And Body. AV Actress Manami Oura's Proclivity Confession Document",https://pic.javct.net/poster/20240807/1723826501.jpg,https://javct.net/v/mism-163-rm,150,2026-07-15
BACJ-047-RM,Play Bullying While Cursing With Sweet Toro Voice! De Sadistic Lady's Kimo Old Man And Confinement Training Marika Misono,https://pic.javct.net/poster/20233001/1676088138.jpg,https://javct.net/v/bacj-047-rm,130,2026-07-15
HODV-21052-RM,Hot Flirt Those Popular Actresses Are In Good Friend Collaboration. Rezutchi!Strongest Best 4 Hours [Uncensored L**ked],https://cdn001.imggle.net/webp/poster/07052026/2a12933412.webp,https://javct.net/v/hodv-21052-rm,240,2026-08-02
DANDYA-044,"""It's Your Fault For Getting Wet When I, A Lesbian, Touch You,"" Says The Sexually Insatiable Lesbian Woman, Seducing Her Cute Girlfriend From Behind With A Sticky, Kneading Finger Job, Even With Her Boyfriend Right Beside Her.",https://cdn001.imggle.net/webp/poster/07052026/376225e8df.webp,https://javct.net/v/dandya-044,200,2026-08-02
CEMD-376-RM,Nonstop Lesbian Mei Satsuki X Ayaka Mochizuki [Uncensored L**ked],https://cdn001.imggle.net/webp/poster/20230804/1691213807.webp,https://javct.net/v/cemd-376-rm,125,2026-08-02
CR-073126-001,Ryu Enami's practical instruction on the sex method to please a man - Cumming Nipple edition,https://cdn001.imggle.net/webp/poster/07052026/04008f8928.webp,https://javct.net/v/cr-073126-001,61,2026-08-02
XRW-826-RM,4 Days After Quarreling With My Boyfriend And Consulting With My Neighbor's Sister Aoi Kuriki And Kanna Misaki [Uncensored L**ked],https://cdn001.imggle.net/webp/poster/20230302/1679457414.webp,https://javct.net/v/xrw-826-rm,130,2026-08-02
C-2478,Lesbian Hot Spring Trip 04,https://cdn001.imggle.net/webp/poster/07052026/b8ec5ba847.webp,https://javct.net/v/c-2478,120,2026-08-02
PARATHD-4447,"[Lesbian NTR] I feel better, right? A bitch girl who cuckolded her friend's girlfriend (2)",https://cdn001.imggle.net/webp/poster/07052026/29bcf65225.webp,https://javct.net/v/parathd-4447,115,2026-08-02
NHDTB-754-RM,A Woman With Beautiful Breasts Who Was Secretly Messed With Nipples In Her Clothes And Was Made To Lez Orgasm On The Train [Uncensored L**ked],https://cdn001.imggle.net/webp/poster/20222311/1671677359.webp,https://javct.net/v/nhdtb-754-rm,165,2026-08-02
TCD-341,"Forbidden Dick Lesbians ~Mutual Anal Sex With Crossdressers~ Hibiki Aoi, Kondo Mumu",https://cdn001.imggle.net/webp/poster/07052026/63789cbf58.webp,https://javct.net/v/tcd-341,116,2026-08-02
RCTD-296-RM,Tag Match Lesbian Wrestling 2 [Uncensored L**ked],https://cdn001.imggle.net/webp/poster/07052026/1ed3ccbddc.webp,https://javct.net/v/rctd-296-rm,120,2026-08-02
DOKS-682-RM,Fo**ed Lesbianism: Office Ladies Whose Weaknesses Were Blackmailed By A Male Client [Uncensored L**ked],https://cdn001.imggle.net/webp/poster/07052026/3e6fea9ad3.webp,https://javct.net/v/doks-682-rm,153,2026-08-02
JUY-380-RM,"Married Wife Caress Lesbian ~ Tropical Night, Be Hooked By A Nightmare ....~ Kanase Kanako Chisato Shojita [Uncensored L**ked]",https://cdn001.imggle.net/webp/poster/07052026/f56a4965a4.webp,https://javct.net/v/juy-380-rm,120,2026-08-02
ZUKO-010,orgy lesbian woman to make the world of girls',https://cdn001.imggle.net/webp/poster/07052026/6253e5fb89.webp,https://javct.net/v/zuko-010,120,2026-08-02
RCTD-240-RM,It Has Been Made A Shame Brainwashed Crab Crotch Peeing Star! ? [Uncensored L**ked],https://cdn001.imggle.net/webp/poster/07052026/e9a17ed413.webp,https://javct.net/v/rctd-240-rm,100,2026-08-02
RCTD-581-RM,TSF World Change School [Uncensored L**ked],https://cdn001.imggle.net/webp/poster/20241902/1710146660.webp,https://javct.net/v/rctd-581-rm,129,2026-08-02
JUX-520-RM,"Wife Night Crawling Lesbian ~ Midsummer Night, In The Mosquito Net ... ~ Mica Shallow Sana Suwon [Uncensored L**ked]",https://cdn001.imggle.net/webp/poster/20252204/1748469242.webp,https://javct.net/v/jux-520-rm,120,2026-08-02
BBAN-402-RM,2 Cute Girls A Double Lesbian Ban Covered In Lesbian Kisses Has Been Lifted. Nana Kisaki Akari Minase [Uncensored L**ked],https://cdn001.imggle.net/webp/poster/20222311/1670558281.webp,https://javct.net/v/bban-402-rm,130,2026-08-02
AUKG-192-RM,OL Lesbian Fuck [Uncensored L**ked],https://cdn001.imggle.net/webp/poster/07052026/7f0ba70e69.webp,https://javct.net/v/aukg-192-rm,120,2026-08-02
DOKS-682,Fo**ed Lesbianism: Office Ladies Whose Weaknesses Were Blackmailed By A Male Client,https://cdn001.imggle.net/webp/poster/07052026/3e6fea9ad3.webp,https://javct.net/v/doks-682,153,2026-08-02
IESP-664-RM,I Fell In Love With Ichika Matsumoto Lesbian Ban Sister [Uncensored L**ked],https://cdn001.imggle.net/webp/poster/20240410/1730243297.webp,https://javct.net/v/iesp-664-rm,150,2026-08-02
BBAN-289-RM,Who Are You…? ~ Beautiful Girl Who Was Attacked. Until You Fall Into Lesbians-Ichika Matsumoto Ai Kawana [Uncensored L**ked],https://cdn001.imggle.net/webp/poster/20240410/1730932480.webp,https://javct.net/v/bban-289-rm,170,2026-08-02
PTS-547-RM,"Wife Has Her Anus, Which Even Her Husband Has Never Touched, Stimulated By Two Masseuses Right Next To Her Husband. Although She Knows It's Wrong, The Simultaneous Penetration Of Her Two Unknown Orifices Leads Her To An Unstoppable Series Of Orgasms. [Uncensored L**ked]",https://cdn001.imggle.net/webp/poster/05192026/530a6f8a6f.webp,https://javct.net/v/pts-547-rm,176,2026-08-02
BBAN-163-RM,Ikashi Guitar Battle Without Les Tech No. 1 Decision Battlefield!DOCUMENT LESBIAN 2018 Gachilez Sex Grand Fellow [Uncensored L**ked],https://cdn001.imggle.net/webp/poster/20230804/1691369894.webp,https://javct.net/v/bban-163-rm,170,2026-08-02
BBAN-060-RM,The Back Of The Face Of The Woman Who Was Fascinated By The Woman Undercover Investigator - Beauty Was Caught In Lesbian ... The Beauty Industry Lesbian ~ [Uncensored L**ked],https://cdn001.imggle.net/webp/poster/20230206/1686220012.webp,https://javct.net/v/bban-060-rm,150,2026-08-02
GVH-866-RM,"Mother-son Incest, Ikumi Shiramine [Uncensored L**ked]",https://cdn001.imggle.net/webp/poster/07052026/4f6a0dde7e.webp,https://javct.net/v/gvh-866-rm,125,2026-08-02
NEWM-094-RM,"True Abnormal Sexual Intercourse: Forty-Something Mother And Son, Part 38: Frustrated Mother Who Can't Forget Her Son's Dick, Riona Kudo [Uncensored L**ked]",https://cdn001.imggle.net/webp/poster/20241115/1732335399.webp,https://javct.net/v/newm-094-rm,120,2026-08-02
VENU-168-RM,Steamy Incest: Mother And Son Have Sex In The Steam-filled Bathroom - Mori Nanako [Uncensored L**ked],https://cdn001.imggle.net/webp/poster/07052026/d6952e7570.webp,https://javct.net/v/venu-168-rm,85,2026-08-02
HODV-21744-RM,Relatives NTR Sister Married Couple Exchange Kaede Okui Misuzu Mifune [Uncensored L**ked],https://cdn001.imggle.net/webp/poster/20233001/1676002525.webp,https://javct.net/v/hodv-21744-rm,165,2026-08-02
KSBJ-440-RM,"Lustful Mother, Mai Fuyuki, Tries To Seduce Her Son Who Doesn't Want Her To Become Independent. [Uncensored L**ked]",https://cdn001.imggle.net/webp/poster/07052026/cbb5504b31.webp,https://javct.net/v/ksbj-440-rm,120,2026-08-02
ALDN-095-RM,"Mother-in-law, Much Better Than My Wife... Yuri Hanai [Uncensored L**ked]",https://cdn001.imggle.net/webp/poster/20222311/1670640024.webp,https://javct.net/v/aldn-095-rm,110,2026-08-02
T28-547-RM,My Sister And Parents Who Met After A Long Absence With Incest Casual Sexual Intercourse Sexual Intercourse Mai Yaroi [Uncensored L**ked],https://cdn001.imggle.net/webp/poster/05192026/ee81b6beaa.webp,https://javct.net/v/t28-547-rm,130,2026-08-02
VANDR-032-SUB,"Please Imagine.Your Father With A Daughter.Incest Taboo 10 To 18-year-old Daughter, Has Been Growing Beautifully Similar To His Late Wife ...... You Wanted To Accomplish [English Subtitle]",https://cdn001.imggle.net/webp/poster/20250903/1745104725.webp,https://javct.net/v/vandr-032-sub,140,2026-08-02
YSN-590-RM,I Want To Devour My Little Sister's Body Hikaru Minazuki [Uncensored L**ked],https://cdn001.imggle.net/webp/poster/20222612/1672373698.webp,https://javct.net/v/ysn-590-rm,101,2026-08-02
MIAA-057-RM,"If It Is Barite Before Being Married Before Marriage, Is It A Break?I Threaten The Sister Who Dislikes And Let Me Make A Squid With Close Relatives Rei! Sumire Kurokawa [Uncensored L**ked]",https://cdn001.imggle.net/webp/poster/07052026/52b3632831.webp,https://javct.net/v/miaa-057-rm,120,2026-08-02
VENX-191-RM,Drinking Aphrodisiacs And 100 Times Sensitive Mothers And Sons Go Crazy For Rich Creampie Sex Ayano Kato [Uncensored L**ked],https://cdn001.imggle.net/webp/poster/20222612/1672374139.webp,https://javct.net/v/venx-191-rm,110,2026-08-02
KSBJ-440,"Lustful Mother, Mai Fuyuki, Tries To Seduce Her Son Who Doesn't Want Her To Become Independent.",https://cdn001.imggle.net/webp/poster/07052026/cbb5504b31.webp,https://javct.net/v/ksbj-440,120,2026-08-02
GVH-866,"Mother-son Incest, Ikumi Shiramine",https://cdn001.imggle.net/webp/poster/07052026/4f6a0dde7e.webp,https://javct.net/v/gvh-866,125,2026-08-02
ADN-788-RM,"I Can't Tell My Deceased Husband That I Ended Up Having Sex With My Father-in-law Every Day To Fill The Void Of Loneliness, And That I Even Became Pregnant. [Uncensored L**ked]",https://cdn001.imggle.net/webp/poster/07052026/76c727a2ab.webp,https://javct.net/v/adn-788-rm,120,2026-08-02
T28-588,"On Days When My Parents Were Not There, I Speared All Day Until My Sister And Sperm Died. Chiharu Sakurai",https://cdn001.imggle.net/webp/poster/07052026/5b49129154.webp,https://javct.net/v/t28-588,130,2026-08-02
IENF-244-RM,"Girl Who Sympathized With Me Who Wasn't Sae When I Had Her Sister Give Me Intercrural Sex With The Promise Of ""Just Rubbing It"", It Was Too Pleasant For Each Other And Her Pussy Was Dripping! Nurutsu And Raw Insertion! ""Huh? Is It In?"" 14 [Uncensored L**ked]",https://cdn001.imggle.net/webp/poster/20222612/1674707051.webp,https://javct.net/v/ienf-244-rm,105,2026-08-02
SCOP-553-RM,"Lucky Servant My Parents Remarried And I Was Young And Super Cute Sister! !I Will Live Together, But My Sister In Law At The Same Age Does Not Stop For Me.On A Night When My Parent Does Not Return, I Sneak Into My Sister's Room And Crawl Overnight! ! [Uncensored L**ked]",https://cdn001.imggle.net/webp/poster/06032026/1775273770.webp,https://javct.net/v/scop-553-rm,140,2026-08-02
T28-544-RM,"On My Parents' Free Day, I Snapped All Day Long Until My Sister And Sperm Died.Shiori Kuraki [Uncensored L**ked]",https://cdn001.imggle.net/webp/poster/05192026/c8f0175c68.webp,https://javct.net/v/t28-544-rm,120,2026-08-02
NXGS-021-RM,Mother Gets Excited By Her Son's Morning Erection And Ends Up Sucking It [Uncensored L**ked],https://cdn001.imggle.net/webp/poster/07052026/6917d5485f.webp,https://javct.net/v/nxgs-021-rm,120,2026-08-02
VENX-379,"I Thought My Parents Were Close, But It Turns Out They Haven’t Had Sex In Ages… Unable To Confide In Anyone, My Mother Crawls Into My Bed And We Had An Explosive Raw Incestuous Sexual Encounter Who Ended With A Creampie - Kichise Aoi",https://cdn001.imggle.net/webp/poster/07052026/fbd80f1c69.webp,https://javct.net/v/venx-379,100,2026-08-02
SMOM-002-RM,"New Abnormal Sexual Intercourse: Forty-Something Mother And Son, Part 2. A Mature Mother Whose Sexual Desires Increase Every Day Crosses The Forbidden Line, Shirakawa Hanayoshi [Uncensored L**ked]",https://cdn001.imggle.net/webp/poster/07052026/5c799c7a5c.webp,https://javct.net/v/smom-002-rm,120,2026-08-02
ADN-788,"I Can't Tell My Deceased Husband That I Ended Up Having Sex With My Father-in-law Every Day To Fill The Void Of Loneliness, And That I Even Became Pregnant.",https://cdn001.imggle.net/webp/poster/07052026/76c727a2ab.webp,https://javct.net/v/adn-788,120,2026-08-02
PARATHD-4446,"""Please, please insert me."" A young wife who was trained to be a masochist by her son-in-law - Mio Adachi's pure and beautiful mother was drooling and begging for penetration.",https://cdn001.imggle.net/webp/poster/07052026/85d5e7bc4d.webp,https://javct.net/v/parathd-4446,114,2026-08-02
DVDMS-899-RM,I Can't Stand The Anus Of My Daughter Who Delivers Cosplay With Anal Bare Low Leg Butt And I Can't Stand The Big Cock! Ass Hole Development Record Until The Anal Orgasms With The Pleasure Of Strokes In The Immature Anal 2 Alice Oto [Uncensored L**ked],https://cdn001.imggle.net/webp/poster/20222311/1671163934.webp,https://javct.net/v/dvdms-899-rm,130,2026-08-02
MISM-203-RM,"Heart Closed, Anal Hole Open. Beautiful Girl With Zero Sexual Experience Wants It In The Back Door [Uncensored L**ked]",https://cdn002.imggle.net/webp/poster/mism-203.webp,https://javct.net/v/mism-203-rm,161,2026-08-02
SDMUA-097-RM,"Supervised by the toy box of Maimai, a famous masochistic sensual shop. Slut development school. Until a true masochistic actress becomes a strap-on reverse AF [Uncensored L**ked]",https://cdn001.imggle.net/webp/poster/07052026/8faef7345e.webp,https://javct.net/v/sdmua-097-rm,233,2026-08-02
SDMUA-097,"Supervised by the toy box of Maimai, a famous masochistic sensual shop. Slut development school. Until a true masochistic actress becomes a strap-on reverse AF",https://cdn001.imggle.net/webp/poster/07052026/8faef7345e.webp,https://javct.net/v/sdmua-097,233,2026-08-02
MUDR-179-RM,"Oniroku Dan x ""Innocence"" - Original Drama Barely Legal Teen Captive Natsu Tojo [Uncensored L**ked]",https://cdn001.imggle.net/webp/poster/20212011/1644560484.webp,https://javct.net/v/mudr-179-rm,130,2026-08-02
MUDR-180-RM,"From That Day, Always... A Beautiful Young Girl in Uniform Broken IN With An S&M Creampie - Mai Hanakari [Uncensored L**ked]",https://cdn001.imggle.net/webp/poster/20212011/1644560426.webp,https://javct.net/v/mudr-180-rm,133,2026-08-02
CESD-059,Slut Loves Beauty Apt Trombone Face Sitting Fo**ed Piss Drinking Ass Hole Strap-on Dildo Fuck Jukumesu Slut Cock Hunting Semen!,https://cdn001.imggle.net/webp/poster/07052026/3a572d0333.webp,https://javct.net/v/cesd-059,130,2026-08-02
MUDR-177-RM,The After School Breaking In Club - Masochists Who Want Some Breaking In For Some S&M. - Rina Takase [Uncensored L**ked],https://cdn001.imggle.net/webp/poster/20212011/1642231745.webp,https://javct.net/v/mudr-177-rm,175,2026-08-02
MILK-297-RM,"Specializing In Blowjobs, Swallowing Is The Best! A Woman Who Swallows Cock Whole, Deep Throat Pussy!! Kawagoe Yui [Uncensored L**ked]",https://cdn001.imggle.net/webp/poster/07052026/87dbd9d546.webp,https://javct.net/v/milk-297-rm,112,2026-08-02
MUDR-174-RM,Hellish 3 Days Experienced By One Young Girl! Uniformed Girl Kept In and Broken In By Unknown Man. Hotaru Nogi [Uncensored L**ked],https://cdn001.imggle.net/webp/poster/20212011/1639729792.webp,https://javct.net/v/mudr-174-rm,114,2026-08-02
MILK-297,"Specializing In Blowjobs, Swallowing Is The Best! A Woman Who Swallows Cock Whole, Deep Throat Pussy!! Kawagoe Yui",https://cdn001.imggle.net/webp/poster/07052026/87dbd9d546.webp,https://javct.net/v/milk-297,112,2026-08-02
INMR-038-RM,Lewd naked flow FILE.038 [Uncensored L**ked],https://cdn001.imggle.net/webp/poster/07052026/4a24b411f4.webp,https://javct.net/v/inmr-038-rm,54,2026-08-02
INMR-036-RM,Lewd naked style FILE.036 [Uncensored L**ked],https://cdn001.imggle.net/webp/poster/07052026/0c970f7415.webp,https://javct.net/v/inmr-036-rm,54,2026-08-02
INMR-037-RM,Lewd Naked Style FILE.037 [Uncensored L**ked],https://cdn001.imggle.net/webp/poster/07052026/bc5740ebcd.webp,https://javct.net/v/inmr-037-rm,45,2026-08-02
CMV-181-RM,Bite Crack Hump Rope Crossing Training Slapping Perverted Woman Masochistic With Mating Nanami Noa [Uncensored L**ked],https://cdn001.imggle.net/webp/poster/20230908/1694232299.webp,https://javct.net/v/cmv-181-rm,135,2026-08-02
MUDR-164-RM,If We Can Meet One More Time... Paradise On The Cross Aoi Kururugi [Uncensored L**ked],https://cdn001.imggle.net/webp/poster/20212308/1631860989.webp,https://javct.net/v/mudr-164-rm,120,2026-08-02
INMR-035-RM,Lewd naked style FILE.035 [Uncensored L**ked],https://cdn001.imggle.net/webp/poster/07052026/e592c3f20b.webp,https://javct.net/v/inmr-035-rm,44,2026-08-02
INMR-034-RM,Lewd naked style FILE.034 [Uncensored L**ked],https://cdn001.imggle.net/webp/poster/07052026/ae9e94f220.webp,https://javct.net/v/inmr-034-rm,47,2026-08-02
MUDR-160-RM,From That Day Onwards...Breaking In And Giving S&M Creampies To A Beautiful Young Girl in Uniform - Mei Satsuki [Uncensored L**ked],https://cdn001.imggle.net/webp/poster/20212308/1631861161.webp,https://javct.net/v/mudr-160-rm,141,2026-08-02
HMN-880,"Unexpectedly Ran Into Her Older Sister In A Masochistic Encounter... Despite Her Extremely Sadistic Play, Her Devilish Smile And Sweet-and-sour Dirty Talk Drove Me Crazy, And I Became Addicted To Her Reward Of Cumming Inside Me After I Held Back My Ejaculation... Itsukaichi Mei",https://cdn001.imggle.net/webp/poster/07052026/4898f80749.webp,https://javct.net/v/hmn-880,120,2026-08-02
MUDR-152-RM,"Ever Since That Day... Beautiful Young Girl In A School Uniform Is Tied Up, Trained, And Filled With Cum Mitsuha Higuchi [Uncensored L**ked]",https://cdn002.imggle.net/webp/poster/mudr-152.webp,https://javct.net/v/mudr-152-rm,118,2026-08-02
VENU-149-RM,Fakecest: Amazing Hot Mother's Dangerous Temptation Nozomi Hatzuki [Uncensored L**ked],https://cdn001.imggle.net/webp/poster/20220707/1658076174.webp,https://javct.net/v/venu-149-rm,87,2026-08-02
VRTM-468-RM,"I Peeked Under The Foot Warmer And I Saw My Stepdaughter's Panty Shot Flashing At Me! I Couldn't Resist, So When I Touched Her Still-Developing Pussy, She Started Getting Dripping Wet And Got Super Horny! Her Mother Is Sitting Right There, But It Didn't Matter, It Was Time For Fakecest: Creampies! 2 [Uncensored L**ked]",https://cdn001.imggle.net/webp/poster/20222109/1665417929.webp,https://javct.net/v/vrtm-468-rm,120,2026-08-02
MAS-19-RM,Fakecest In The Country When A Son Fucks His Mama Mio Kimijima [Uncensored L**ked],https://cdn001.imggle.net/webp/poster/20221202/1647177016.webp,https://javct.net/v/mas-19-rm,121,2026-08-02
VENU-161-RM,"Fakecest Explosive Tit Stepmom, Rub Crazy Stepmomoka Nishina [Uncensored L**ked]",https://cdn001.imggle.net/webp/poster/20220707/1657510592.webp,https://javct.net/v/venu-161-rm,95,2026-08-02
VRTM-434-RM,A Busty Mother Takes A Bath With Her Beloved Cherry-Boy Son! She Washes The Body Of Her Son Who Is Turned On By Her Motherly Tits! They Were Supposed To Just Touch Each Other But Her Horny Pussy Wants His Cock Too Much- They End Up Having Incestuous Creampie Sex! 2 [Uncensored L**ked],https://cdn001.imggle.net/webp/poster/20221904/1650862621.webp,https://javct.net/v/vrtm-434-rm,132,2026-08-02
GVG-543-RM,Stepmother And Offspring Fakecest Iroha Narimiya [Uncensored L**ked],https://cdn001.imggle.net/webp/poster/20221202/1648569486.webp,https://javct.net/v/gvg-543-rm,121,2026-08-02
VENU-758-RM,Stepmom Creampie The Forbidden Act in Our Narrow One-room Apartment (Chitose Yura) [Uncensored L**ked],https://cdn001.imggle.net/webp/poster/20212011/1640447157.webp,https://javct.net/v/venu-758-rm,81,2026-08-02
BKD-138-RM,Mother/ Son Fucking [The Road To Sugadaira] Yumi Anno [Uncensored L**ked],https://cdn001.imggle.net/webp/poster/20212011/1644334346.webp,https://javct.net/v/bkd-138-rm,110,2026-08-02
OKSN-249-RM,"I am Eriko Miura , a Mother Who Dotes On Her Son [Uncensored L**ked]",https://cdn001.imggle.net/webp/poster/20221202/1646011928.webp,https://javct.net/v/oksn-249-rm,121,2026-08-02
MIST-141-RM,"My Sister Gets Bad Grades Because She's Always Having Sex With Her Boyfriend, And Now She's Mad Because My Parents Are Always Comparing Her Grades To Mine... So She Began To Lure Me To Sexual Temptation So That My Grades Will Go Bad Too [Uncensored L**ked]",https://cdn001.imggle.net/webp/poster/20220707/1659318814.webp,https://javct.net/v/mist-141-rm,140,2026-08-02
TOEN-50-RM,"There's Nothing To Do In The Country During Summer, And Now This Widow Is Having Sweaty Sex With Her Little Brother-In-Law, Who Has Just Cum Home, Every Day Marika Kobayashi [Uncensored L**ked]",https://cdn001.imggle.net/webp/poster/20212308/1632397594.webp,https://javct.net/v/toen-50-rm,119,2026-08-02
SPRD-1427-RM,A Mother's Affection Misa Kyono [Uncensored L**ked],https://cdn002.imggle.net/webp/poster/sprd-1427.webp,https://javct.net/v/sprd-1427-rm,107,2026-08-02
TPIN-024-RM,"My Hot Stepmom And Stepsisters Were Captivated By My Erection, And Then Dragged Me Into The Bath... [Uncensored L**ked]",https://cdn001.imggle.net/webp/poster/20212011/1644040339.webp,https://javct.net/v/tpin-024-rm,132,2026-08-02
AKDL-097-RM,(The Secret I Can Never Tell Anyone) My Father-In-Law Creampied Me Every Day My Husband Was Away For Work. Manami Oura [Uncensored L**ked],https://cdn002.imggle.net/webp/poster/1629005470.webp,https://javct.net/v/akdl-097-rm,103,2026-08-02
T28-504-RM,I Came Home And Immediately Was Having Secret Fakecest Creampies With My Little Stepsister Noa Eikawa [Uncensored L**ked],https://cdn001.imggle.net/webp/poster/20221202/1650092754.webp,https://javct.net/v/t28-504-rm,120,2026-08-02
SPRD-1316-RM,"Stepmom, You Are So Much Sexier Than My Wife... Miki Matsusaka [Uncensored L**ked]",https://cdn001.imggle.net/webp/poster/20212011/1640018858.webp,https://javct.net/v/sprd-1316-rm,144,2026-08-02
T28-501-RM,Sister In Creampie Fakecest [Uncensored L**ked],https://cdn001.imggle.net/webp/poster/20221202/1650092900.webp,https://javct.net/v/t28-501-rm,127,2026-08-02
SW-594-RM,"""Daddy! If You Get An Erection From Seeing Your Daughter's Panties, You'll Be P******d!"" I Was Getting A Hard On From Seeing My Wife's Daughter In Her Miniskirt, Flashing Panty Shot Action At Me My Daughter Was A Little Devil, Squeezing My Cock Without My Wife Noticing, And I Finally Gave In To Her Temptation And As She Was Grinding Her Pussy Against Me With Only That Thin Sheet Of Fabric Separating Us, She Sweetly Asked, ""May I Remove My Panties...?"" [Uncensored L**ked]",https://cdn001.imggle.net/webp/poster/20220406/1656988594.webp,https://javct.net/v/sw-594-rm,170,2026-08-02
OBA-030-RM,"I Lost My Wallet, so I Massaged Mom's Tits. - Nami Horikawa [Uncensored L**ked]",https://cdn001.imggle.net/webp/poster/20221202/1649417800.webp,https://javct.net/v/oba-030-rm,117,2026-08-02
SW-460-RM,"When My Stepdad Got Remarried, He Ended Up With 3 Daughters! I Was Always A Loser With The Ladies, But Now I'm Living The Dream With A Big Titty Mama And Some Hot Big Stepsisters! I Got My First Taste Of Panty Shot And Titty Shot Action, So Now My Dick Is Rock Hard All Day, And My New Stepmom And Stepsisters Welcomed Me Into The Family With Their Hot Horny Pussies [Uncensored L**ked]",https://cdn001.imggle.net/webp/poster/20221108/1661782164.webp,https://javct.net/v/sw-460-rm,201,2026-08-02
GVG-837-RM,Diary Of How I Fucked My Sister. Rika Mari [Uncensored L**ked],https://cdn001.imggle.net/webp/poster/20222109/1665658519.webp,https://javct.net/v/gvg-837-rm,129,2026-08-02
ID-026,My Beloved Deriheru Miss 26 [DQN] Amateur Prostitute Creampie Voyeur Strong ● Taken Down [Second Prostate Massage] I Tried To Repeat A Married Woman Deli Miss Like Nanako Matsushima Because It Was So Pleasant,https://cdn001.imggle.net/webp/poster/07052026/91fb6b7c58.webp,https://javct.net/v/id-026,110,2026-08-02
MVSD-342,Time Stops Soapland ~ Lady Big Tits Popular In Nakasu Tadaman Cum Inside - Mio Kimishima,https://cdn001.imggle.net/webp/poster/07052026/03cab4d6f6.webp,https://javct.net/v/mvsd-342,120,2026-08-02
MIST-155-RM,Legal Indecent Exposure!Raw Inserted At The Standing Back To Pervert Deriheru Miss Still Grabbed The Strap!Cum!Five [Uncensored L**ked],https://cdn001.imggle.net/webp/poster/06032026/1774504589.webp,https://javct.net/v/mist-155-rm,140,2026-08-02
ATID-668-RM,Innocent Bubble Girl's First Anal Pleasure Training [Uncensored L**ked],https://cdn001.imggle.net/webp/poster/07052026/97c118d480.webp,https://javct.net/v/atid-668-rm,120,2026-08-02
SCOP-552-RM,Live Inserts Of Prohibited Acts In Customs! !Without Forbiddance Cumshot Sex Forcibly 4 Hours BEST! ! [Uncensored L**ked],https://cdn001.imggle.net/webp/poster/06032026/1775210539.webp,https://javct.net/v/scop-552-rm,240,2026-08-02
MIST-154-RM,"Circumvention Rejuvenated Sex Shop Voyeur!Out Of Raw Production, Students In Hidden Without Shop Nuqui Recorded With A Hidd** Camera The Actual Conditions Of Service! [Uncensored L**ked]",https://cdn001.imggle.net/webp/poster/06032026/1774420133.webp,https://javct.net/v/mist-154-rm,146,2026-08-02
ONEZ-197-RM,Gachi Amateur Participation Type!Sheer Kosui Cha Love!Welcome To Tent Pinsaro!Rin Sakihara [Uncensored L**ked],https://cdn001.imggle.net/webp/poster/07052026/0a1f9fbb12.webp,https://javct.net/v/onez-197-rm,120,2026-08-02
ATID-668,Innocent Bubble Girl's First Anal Pleasure Training,https://cdn001.imggle.net/webp/poster/07052026/97c118d480.webp,https://javct.net/v/atid-668,120,2026-08-02
JUY-724-RM,Beautiful Wife Secret Side Job Side Neighbor Wife Working Secretly With Mass Soap Sumire Kurokawa [Uncensored L**ked],https://cdn001.imggle.net/webp/poster/20230205/1685366143.webp,https://javct.net/v/juy-724-rm,120,2026-08-02
SCOP-669,"If You Look At This, You Can Understand! ! SCOOP 2019 Popularity Ranking 4 Hours",https://cdn001.imggle.net/webp/poster/07052026/267159f64a.webp,https://javct.net/v/scop-669,240,2026-08-02
ID-020-RM,"Love Deriheru Miss 20 (DQN) Amateur Prostitution Creampie Voyeur Strength ● Taken Down If You Call Deriheru, You're Too Cute Y ● UTub ● R Girls? It Was A Case Of Geroirama, Menstruation, And Mr. Nakata (crying) Kotomi Kihara [Uncensored L**ked]",https://cdn001.imggle.net/webp/poster/07052026/d61426a04d.webp,https://javct.net/v/id-020-rm,90,2026-08-02
ID-023,"Miss Deriheru 23 [DQN] Amateur Prostitution Cum Shot Voyeur Strength ● Shooting Down Deriheru When I Called Deriheru, I Was 200% Satisfied Deca Ass Wife Like C**ld Matsushima Naoko I Tried Prostate Massage For The First Time In My Life [Agency] Wakana Shiroyama",https://cdn001.imggle.net/webp/poster/07052026/a6b0cd6b1b.webp,https://javct.net/v/id-023,130,2026-08-02
ONED-719-RM,Akiho Yoshizawa This Nomination Delusional Special Bath Barely [Uncensored L**ked],https://cdn001.imggle.net/webp/poster/07052026/c1835aac32.webp,https://javct.net/v/oned-719-rm,120,2026-08-02
ID-019-RM,Miss Deriheru 19 [Uncensored L**ked],https://cdn001.imggle.net/webp/poster/07052026/730d5bdb0f.webp,https://javct.net/v/id-019-rm,100,2026-08-02
ID-022,Beloved Miss Deriheru 22 [DQN] Amateur Prostitution Vaginal Cum Shot Voyeur Strength ● Shooting Down [175 Cm] When I Called Deriheru I Was An Active Athlete Valley Girl I Said Hihii In The Standing Back [Mr. Shiotanaka] Kaoru Kira,https://cdn001.imggle.net/webp/poster/07052026/0baeaa29cc.webp,https://javct.net/v/id-022,100,2026-08-02
MIST-145-RM,"Nipple Licking Handjob Nipple Caress Professional Deriheru Miss Who Was Is, Me To Service The Excesses Or To Lust To Firmness Of The Ji ○ To Hold Which Was Let To Cum. [Uncensored L**ked]",https://cdn001.imggle.net/webp/poster/06032026/1773803603.webp,https://javct.net/v/mist-145-rm,155,2026-08-02
MADB-004-RM,"New AV Debut: ""157cm, 43kg,"" ""Absolutely Stunning Beauty! Nagoya's Legendary No.1 Hostess"" - Riko Nagisa's Shocking AV Debut [Uncensored L**ked]",https://cdn001.imggle.net/webp/poster/07052026/58d61de4f4.webp,https://javct.net/v/madb-004-rm,145,2026-08-02
ONEZ-191-RM,Entertainer Registration Super High-class Delivery Health Fujii Ringo [Uncensored L**ked],https://cdn001.imggle.net/webp/poster/07052026/88f7f0fa95.webp,https://javct.net/v/onez-191-rm,120,2026-08-02
MIGD-687,Specialty Soap Ryokawa Aya-on Out In Ultra-luxury,https://cdn001.imggle.net/webp/poster/07052026/61d908c3cf.webp,https://javct.net/v/migd-687,150,2026-08-02
ID-020,"Love Deriheru Miss 20 (DQN) Amateur Prostitution Creampie Voyeur Strength ● Taken Down If You Call Deriheru, You're Too Cute Y ● UTub ● R Girls? It Was A Case Of Geroirama, Menstruation, And Mr. Nakata (crying) Kotomi Kihara",https://cdn001.imggle.net/webp/poster/07052026/d61426a04d.webp,https://javct.net/v/id-020,90,2026-08-02
MIST-223-SUB,"Does It Only To ""hug / Co-sleep / Arm Pillow"" J ○ Take A Cum Shot Aid With A Girl In A Refresh Shop And Keep It In A Store 5 [English Subtitle]",https://cdn001.imggle.net/webp/poster/05192026/6dc543615b.webp,https://javct.net/v/mist-223-sub,160,2026-08-02
MADB-004,"New AV Debut: ""157cm, 43kg,"" ""Absolutely Stunning Beauty! Nagoya's Legendary No.1 Hostess"" - Riko Nagisa's Shocking AV Debut",https://cdn001.imggle.net/webp/poster/07052026/58d61de4f4.webp,https://javct.net/v/madb-004,145,2026-08-02
MIDE-704-RM,Super Luxury Creampie Special Soap Exclusive SPECIAL Bud [Uncensored L**ked],https://cdn001.imggle.net/webp/poster/07052026/0d983b6358.webp,https://javct.net/v/mide-704-rm,150,2026-08-02
DV-1290-RM,Yuma Asami ~ ~ Virgin Shop Specializing In Hot Water Bath Brush Wholesale [Uncensored L**ked],https://cdn001.imggle.net/webp/poster/20230104/1682004083.webp,https://javct.net/v/dv-1290-rm,130,2026-08-02
HZ-3899,Lewd Frolics with Sexy Beauties - Yui Kisaragi - Nana Okada,https://cdn001.imggle.net/webp/poster/07052026/375feb258c.webp,https://javct.net/v/hz-3899,50,2026-08-02
HZ-3898,Beauty Collection Vol.131 - Yurika Kitano,https://cdn001.imggle.net/webp/poster/07052026/e5aef053fc.webp,https://javct.net/v/hz-3898,60,2026-08-02
FC2PPV-4945792,[7 facial cumshots/40 days worth of semen ignition with facial seeding for country girls regardless of whether they like it or not,https://cdn001.imggle.net/webp/poster/07052026/6ba52933b8.webp,https://javct.net/v/fc2ppv-4945792,48,2026-08-02
HZ-3896,Bonus Special Vol.14 - Sakura Kazuki - Iori Otoha - Rin Fujino,https://cdn001.imggle.net/webp/poster/07052026/96ff52ce0a.webp,https://javct.net/v/hz-3896,50,2026-08-02
HZ-3895,Beauty Collection Vol.130 - Mone Namigata,https://cdn001.imggle.net/webp/poster/07052026/c67276ab4e.webp,https://javct.net/v/hz-3895,61,2026-08-02
DVMM-425-RM,General Male And Female Monitoring AV: On The Other Side Of The Magic Mirror Is My Beloved Boyfriend (=senior)! The Big-butt Senior Girl From The Track And Field Club I've Always Admired Keeps My Nipples Being Teased! She Tries To Take The Virginity Of Her Junior With A Big Dick In The Spider Riding Position! Continuous Cumming Sex While Her Sensitive Nipples Are Played With/licked/sucked! 10 Cumshots In Total Across 3 Couples! [Uncensored L**ked],https://cdn001.imggle.net/webp/poster/07052026/0349e5d1ae.webp,https://javct.net/v/dvmm-425-rm,160,2026-08-02
STSK-229-RM,"I'm A NEET, So What? A Freeloading Woman Who Doesn't Want To Work. I'm Only Good At Sex. Self-proclaimed Housekeeper, Living At Home. I Spent The Whole Day Holed Up With My 30-something Unemployed Girlfriend, Fucking Like Crazy And Cumming Inside Her A Lot Lol. [Uncensored L**ked]",https://cdn001.imggle.net/webp/poster/05192026/4a7fa1e045.webp,https://javct.net/v/stsk-229-rm,203,2026-08-02
SIRO-5713-RM,"A model-class beauty has applied with all her sex appeal, and you can see her goddess-like smile and gaze, as well as her extremely slender body, which has a bewitching and troubling mythical, extremely curvaceous beauty. [First shot] AV application online AV experience shooting 2597 [Uncensored L**ked]",https://cdn001.imggle.net/webp/poster/07052026/cde7b51cff.webp,https://javct.net/v/siro-5713-rm,60,2026-08-02
300MIUM-1416-RM,"There's no way she can withstand this lol.Moreover, such a beautiful woman and a tax accountant is too erotic and smart.I can't stand the expression of a female fascinated by the forbidden cock◯.I can't bear the cowgirl position, but I can't stand her hips anymore.I love how she cums with my dick like it's an object. [Uncensored L**ked]",https://cdn001.imggle.net/webp/poster/07052026/49b6ca975d.webp,https://javct.net/v/300mium-1416-rm,108,2026-08-02
300MIUM-1416,"There's no way she can withstand this lol.Moreover, such a beautiful woman and a tax accountant is too erotic and smart.I can't stand the expression of a female fascinated by the forbidden cock◯.I can't bear the cowgirl position, but I can't stand her hips anymore.I love how she cums with my dick like it's an object.",https://cdn001.imggle.net/webp/poster/07052026/49b6ca975d.webp,https://javct.net/v/300mium-1416,108,2026-08-02
SIRO-5713,"A model-class beauty has applied with all her sex appeal, and you can see her goddess-like smile and gaze, as well as her extremely slender body, which has a bewitching and troubling mythical, extremely curvaceous beauty. [First shot] AV application online AV experience shooting 2597",https://cdn001.imggle.net/webp/poster/07052026/cde7b51cff.webp,https://javct.net/v/siro-5713,60,2026-08-02
DVDMS-900-RM,Appearance MM No. Come Hokkaido! The Magic Mirror The First Intercrural Sex Experience Since A Menkoi Dosanko Girl Was Born! The Clitoris Rubs Against The Erection Cock And It Feels So Good That It's Raw And Inserted! North Daichi First Landing Special! ! [Uncensored L**ked],https://cdn001.imggle.net/webp/poster/20222311/1671163843.webp,https://javct.net/v/dvdms-900-rm,260,2026-08-02
FC2PPV-4948942,"[No] A c**ldcare worker with black hair and short bob gets his balls for the first time ♥ Anal licking and piledriver, and the small fry man cries on the top Bonus High quality & unreleased scenes",https://cdn001.imggle.net/webp/poster/07052026/3fe6cd1ddb.webp,https://javct.net/v/fc2ppv-4948942,148,2026-08-02
FC2PPV-4934520,"[Uncensored] Creampie sex from Kyoko, a beauty club member with fluffy and soft boobs, giving a rich blowjob",https://cdn001.imggle.net/webp/poster/07052026/50ab4f58e1.webp,https://javct.net/v/fc2ppv-4934520,52,2026-08-02
ONEX-122-RM,Job hunting IN 11 [Uncensored L**ked],https://cdn001.imggle.net/webp/poster/07052026/6d23a44662.webp,https://javct.net/v/onex-122-rm,240,2026-08-02
FC2PPV-4948926,"An indoor girl who works as a medical office worker, her body overreacts to sex for the first time in several years, and she immediately squirts and is constantly attacked and can't stop cumming in a sex video [High quality bonus included]",https://cdn001.imggle.net/webp/poster/07052026/e5e3bbe48c.webp,https://javct.net/v/fc2ppv-4948926,40,2026-08-02
FC2PPV-4948565,[FC2 limited distribution] Insemination mating with a strong-willed mother who gave birth to and raised four c**ldren who ran away even selling her house.,https://cdn001.imggle.net/webp/poster/07052026/d58588704e.webp,https://javct.net/v/fc2ppv-4948565,46,2026-08-02
483DAMX-014-RM,Business trip men's beauty salon (secret) shooting VOL.8 [Uncensored L**ked],https://cdn001.imggle.net/webp/poster/07052026/189b063ba8.webp,https://javct.net/v/483damx-014-rm,240,2026-08-02
FC2PPV-4948496,Mus...Megacha Carefully Selected Super Cute Amateur Men's Girl's Raw Creampie Compilation Part 2 [Uncensored Creampie],https://cdn001.imggle.net/webp/poster/07052026/195c1c3d3e.webp,https://javct.net/v/fc2ppv-4948496,93,2026-08-02
10-080126-01,Pussy to Mouth Sex: Remi Ozaki,https://cdn001.imggle.net/webp/poster/07052026/0534dcbecf.webp,https://javct.net/v/10-080126-01,60,2026-08-02
FC2PPV-4948493,"Mugi (19) is reunited for the first time in a year, marking him with middle-aged saliva and semen, kissing him, making him drink saliva and creampie, and a different angle video of anal penetration ATM and a first-person angle.",https://cdn001.imggle.net/webp/poster/07052026/3cbfe99bcf.webp,https://javct.net/v/fc2ppv-4948493,157,2026-08-02
FC2PPV-4948935,"[3P Final Edition] J-cup big-breasted sexy actress Mion Hazuki shakes her big breasts in cowgirl position, and ends with a huge cumshot in her mouth. Bonus included",https://cdn001.imggle.net/webp/poster/07052026/11a7430daa.webp,https://javct.net/v/fc2ppv-4948935,18,2026-08-02
FC2PPV-4947420,"0249_0250_001 Yuri-chan, 18 years old, Rei-chan, 18 years old Enjoy the double blowjob alternating taste comparison of two real best friends' lewd sex friends. They are impregnated at the same time by creampie orgy fuck.",https://cdn001.imggle.net/webp/poster/07052026/93ee88e476.webp,https://javct.net/v/fc2ppv-4947420,63,2026-08-02
FC2PPV-4948541,[Uncensored x Personal Shooting] Kerberos Extra Edition A big-breasted 50-year-old wife wears full-body fishnet stockings and the sloppy body of a mature woman at a masquerade ball reacts crazy,https://cdn001.imggle.net/webp/poster/07052026/9751bc9f75.webp,https://javct.net/v/fc2ppv-4948541,81,2026-08-02
HODV-22093-RM,"When I Was Alone In A Private Room With A Beautiful Married Esthetician, She Saw My Unexpectedly Erect Penis And Secretly Let Me Insert It And Even Let Me Ejaculate Inside Her. [Uncensored L**ked]",https://cdn001.imggle.net/webp/poster/07052026/44fa33659d.webp,https://javct.net/v/hodv-22093-rm,244,2026-08-02
FC2PPV-4948798,[Second part of anal development!!]**pyjpx*jsps This is a top secret video of an I-cup breasted gravure idol having trouble convulsing her ass hole while swallowing the anal plug training plug for the first time in her life.,https://cdn001.imggle.net/webp/poster/07052026/abef289edb.webp,https://javct.net/v/fc2ppv-4948798,41,2026-08-02
SABA-988-RM,"""This Is My One And Only Request... Please Let Me Put It In!!"" ""Huh... I'm An Older Woman... Is It Okay If I'm Your First...?"" She's A Goddess!! 15 Frustrated Post-partum Virgin Moms Gently Accept The Wish Of A Troubled Virgin And Let Him Put It In Lol Their Compatibility Is So Amazing That They Let Him Have Unprotected Sex And Take His Virginity In This 5-hour Special. [Uncensored L**ked]",https://cdn001.imggle.net/webp/poster/07052026/87943b67ee.webp,https://javct.net/v/saba-988-rm,300,2026-08-02
SGA-102-RM,"With The Best Mistress, The Best Cum Shot Intercourse. 22 Super Beautiful Shaved Beauty [Uncensored L**ked]",https://cdn001.imggle.net/webp/poster/07052026/ef48390619.webp,https://javct.net/v/sga-102-rm,120,2026-08-02
DNJR-062-RM,"Rika Tsubaki's Dirty Talk, Teasing a Masochistic Male [Uncensored L**ked]",https://cdn001.imggle.net/webp/poster/20212709/1636204032.webp,https://javct.net/v/dnjr-062-rm,162,2026-08-02
PKPD-181-RM,"Kanna, The Female Office Worker From The Advertising Firm Has A K**ler Body. She Is A Lady Recommended For Bareback Money Shots. Kanna Asumi [Uncensored L**ked]",https://cdn001.imggle.net/webp/poster/20212011/1643612024.webp,https://javct.net/v/pkpd-181-rm,140,2026-08-02
HZGD-211-RM,"""Dear Father-In-Law, I Would Like To Bear Your C**ld ..."" A Beautiful Married Woman Is Squirting Like Crazy And Begging For Creampie Sex Because She Wants Her Father-In-Law's Seed And Is Willing To Lure Him To Temptation To Get It Nanako Miyamura [Uncensored L**ked]",https://cdn001.imggle.net/webp/poster/20212011/1643968507.webp,https://javct.net/v/hzgd-211-rm,128,2026-08-02
FAA-305-RM,Mommy Friends Cosplay Roundtable [Uncensored L**ked],https://cdn001.imggle.net/webp/poster/07052026/984fb57581.webp,https://javct.net/v/faa-305-rm,119,2026-08-02
XVSR-892-RM,"The Introverted, Quiet, Bespectacled Girl Awakens!! She Becomes A Devilish Girl And Squeezes Every Last Drop Of Semen Out Of Men With Her Incredible Hip Movements!! Kuroshima Rei's Irresistible, Ultimate Cowgirl Position Cumshot Sex [Uncensored L**ked]",https://cdn001.imggle.net/webp/poster/07052026/6ad503c7f8.webp,https://javct.net/v/xvsr-892-rm,120,2026-08-02
ZUKO-067,Medium And Cosplayers Of End Events Out Orgy,https://cdn001.imggle.net/webp/poster/07052026/c5e51849b6.webp,https://javct.net/v/zuko-067,220,2026-08-02
LULU-264-RM,Cute And Cute Big-ass Cosplayer Who Works Off-paco Pillows Has Been Developed Into An Exmasochist Cum-swallowing Meat Urinal That Develops The Throat And Ejaculates With Tearful Eyes While Deep Throating. Hikaru Minazuki [Uncensored L**ked],https://cdn001.imggle.net/webp/poster/20231912/1703829477.webp,https://javct.net/v/lulu-264-rm,160,2026-08-02
JUNY-003-RM,"A Voluptuous Maid With Colossal Tits Services You In A Tight, Sexy Costume. Hime Ichimaru [Uncensored L**ked]",https://cdn001.imggle.net/webp/poster/20221108/1661343217.webp,https://javct.net/v/juny-003-rm,157,2026-08-02
INOT-002-RM,"My Husband's Secret Icharab Affair I've Been Working Hard About My House, But For Today Only, I Want To Do Anything... [Uncensored L**ked]",https://cdn001.imggle.net/webp/poster/20222612/1674789806.webp,https://javct.net/v/inot-002-rm,109,2026-08-02
PASN-033-RM,uniform complex [Uncensored L**ked],https://cdn001.imggle.net/webp/poster/07052026/74187444a9.webp,https://javct.net/v/pasn-033-rm,93,2026-08-02
ONEX-123-RM,"Teacher...I love you...I want you to get married I'm OK with impregnating and inseminating a masturbator girl and I'm having sex with her, Aoharu Edition 07 [Uncensored L**ked]",https://cdn001.imggle.net/webp/poster/07052026/0efd1138ea.webp,https://javct.net/v/onex-123-rm,240,2026-08-02
FC2PPV-4947897,"That 6WD layer is remastered and revived, masturbation and sex edition in Hibiki costume",https://cdn001.imggle.net/webp/poster/07052026/296f891004.webp,https://javct.net/v/fc2ppv-4947897,89,2026-08-02
AWAW-009-RM,"I Let A Runaway Girl Stay At My House And Have Sex With Her For Free! At First She Didn't React, But When I Put My Big Dick In Her Raw, She Came Over And Over With An Ahegao Face! She Turned Into A Really Sexy Girl! [Uncensored L**ked]",https://cdn001.imggle.net/webp/poster/10232025/1762888615.webp,https://javct.net/v/awaw-009-rm,123,2026-08-02
LIA-023-RM,Ejaculation Management Shinoda Yu [Uncensored L**ked],https://cdn001.imggle.net/webp/poster/07052026/b0889bf4cb.webp,https://javct.net/v/lia-023-rm,119,2026-08-02
XVSR-892,"The Introverted, Quiet, Bespectacled Girl Awakens!! She Becomes A Devilish Girl And Squeezes Every Last Drop Of Semen Out Of Men With Her Incredible Hip Movements!! Kuroshima Rei's Irresistible, Ultimate Cowgirl Position Cumshot Sex",https://cdn001.imggle.net/webp/poster/07052026/6ad503c7f8.webp,https://javct.net/v/xvsr-892,120,2026-08-02
WAAA-671-RM,"After-school Only: Beautiful Girl Private, Ultimate Instant Sex Reflexology, Sticky Handjob, Mind-blowing Deep Kissing, Secret Option Raw Sex, Brain-melting Full-body Hospitality, Slutty Service. [Uncensored L**ked]",https://cdn001.imggle.net/webp/poster/07052026/2a3702028e.webp,https://javct.net/v/waaa-671-rm,120,2026-08-02
MIDD-443-RM,20 H. Ohashi Not Cosplay FUCK [Uncensored L**ked],https://cdn001.imggle.net/webp/poster/07052026/b36c9cc212.webp,https://javct.net/v/midd-443-rm,240,2026-08-02
FC2PPV-4889423,[Individual shooting] **Cosplay sex with a D cup clerk at a maid cafe,https://cdn001.imggle.net/webp/poster/07052026/807e16e016.webp,https://javct.net/v/fc2ppv-4889423,57,2026-08-02
NEO-855-RM,I Want To Lick The Soles Of A Beautiful Mature Woman's Feet Until They're Wrinkled! - Kato Tsubaki [Uncensored L**ked],https://cdn001.imggle.net/webp/poster/07052026/94bbf7e607.webp,https://javct.net/v/neo-855-rm,120,2026-08-02
420ERK-109-RM,"Megu-chan (24) Amateur, Erotic, Amateur, Neat, Beautiful Breasts, Slender, Recluse, Weak Drinker, Squirting, Cosplay, Gonzo, Documentary [Uncensored L**ked]",https://cdn001.imggle.net/webp/poster/07052026/028244038d.webp,https://javct.net/v/420erk-109-rm,79,2026-08-02
WTEX-019-RM,"Cosplay Support. G-cup Cosplayer Miku, Who Loves Otaku Men, Gets Her Plump Erotic Nipples Kneaded And Caressed, Turning Her Into A Willing Sex Toy! 1000 Thrusts Without A Condom Into Her Shaved Pussy! [Uncensored L**ked]",https://cdn001.imggle.net/webp/poster/07052026/831e6ba5ae.webp,https://javct.net/v/wtex-019-rm,120,2026-08-02
DSAM-006,"A Wild Orgy With Two Super Cute, Close Female College Students, Culminating In Unprotected Sex. ~A Cum-filled Orgy To Get Them Pregnant~ [An Epic Episode!!] ()",https://cdn001.imggle.net/webp/poster/07052026/396d90b546.webp,https://javct.net/v/dsam-006,140,2026-08-02
DSAM-005,"Amateur AV 145cm ● Cute Face, Weak Pussy, Squirting And Wetting Herself 3P Breeding Party! A Cosplayer With A Weak Pussy And Premature Ejaculation Is Surrounded By Lewd Private Filming And Clothed Sex With Squirting Orgasms!",https://cdn001.imggle.net/webp/poster/07052026/f1b64bdfc6.webp,https://javct.net/v/dsam-005,120,2026-08-02
WAAA-671,"After-school Only: Beautiful Girl Private, Ultimate Instant Sex Reflexology, Sticky Handjob, Mind-blowing Deep Kissing, Secret Option Raw Sex, Brain-melting Full-body Hospitality, Slutty Service.",https://cdn001.imggle.net/webp/poster/07052026/2a3702028e.webp,https://javct.net/v/waaa-671,120,2026-08-02
MIAD-374-RM,Rio Hamasaki Big Suddenly Became A Teacher One Day Like This I [Uncensored L**ked],https://cdn001.imggle.net/webp/poster/20230302/1679475270.webp,https://javct.net/v/miad-374-rm,160,2026-08-02
MDYD-878,Mother-in-law Slave Inagawa Natsume,https://cdn001.imggle.net/webp/poster/07052026/02954b2f04.webp,https://javct.net/v/mdyd-878,150,2026-08-02
MIDV-987-SUB,"Female Teacher R**e Gangbang ""I Want To See The Teacher's Big Tits!"" I Gave In To The Pressure Of The Horny Students And Thought It Would Be Just One Time, But... I Was Made To Cum By The Insatiable Dicks Of The Bad Students Who Got On Board Mao Hotta [English Subtitle]",https://cdn001.imggle.net/webp/poster/20252204/1746122873.webp,https://javct.net/v/midv-987-sub,150,2026-08-02
SMA-295-RM,Rio Hamasaki Wife Gets Fucked By Man Liver Rental [Uncensored L**ked],https://cdn001.imggle.net/webp/poster/07052026/bd3bc27a34.webp,https://javct.net/v/sma-295-rm,120,2026-08-02
JUR-275-SUB,A Hot Spring Trip Where Everyone In The Department Gang-r**es A Married Woman Who Has Just Joined The Company Until She Becomes A Human Toilet. [English Subtitle],https://cdn001.imggle.net/webp/poster/20250903/1744909082.webp,https://javct.net/v/jur-275-sub,160,2026-08-02
REAL-720,Unrelated Wife And Daughter Who Are Les R**ed By Reverse Grudgement Yu Shinoda Yui Nagase,https://cdn001.imggle.net/webp/poster/07052026/1d0e07151a.webp,https://javct.net/v/real-720,115,2026-08-02
LOVE-68,Fivesome The Woman Caught ● [devil] Juvenile R**e Crack Eyes Shaved Small Tits,https://cdn001.imggle.net/webp/poster/07052026/db393e24fe.webp,https://javct.net/v/love-68,130,2026-08-02
T28-537-RM,Drenched Girls Rusodo Rush Compulsion Indecency 2 [Uncensored L**ked],https://cdn001.imggle.net/webp/poster/20220406/1656486098.webp,https://javct.net/v/t28-537-rm,110,2026-08-02
T28-523-RM,Drenched Girls Rusodo Compulsion Indecency [Uncensored L**ked],https://cdn001.imggle.net/webp/poster/20220406/1656470133.webp,https://javct.net/v/t28-523-rm,120,2026-08-02
LOVE-61,Debris In The Damn!The Doings Inferior To Beast!De Country Brats Youth Abduction R**e Gangbang Record,https://cdn001.imggle.net/webp/poster/07052026/3f68656485.webp,https://javct.net/v/love-61,125,2026-08-02
HMN-685-SUB,"A Big-breasted Schoolgirl Who Was Jokingly Filmed By Other Girls In A ""J● Cowgirl Position Video"" Spread On Social Media And Became The Victim Of A Never-ending Stream Of Creampie R**e. Suzunoie Rin [English Subtitle]",https://cdn001.imggle.net/webp/poster/20250903/1744305991.webp,https://javct.net/v/hmn-685-sub,120,2026-08-02
STARS-104-RM,"I Was Asked Something About Yuna, I'm Happy Because I Feel So Happy In The Rear, So I Can Put Up With Anything You Want. Yuna Ogura [Uncensored L**ked]",https://cdn001.imggle.net/webp/poster/07052026/73602155f1.webp,https://javct.net/v/stars-104-rm,130,2026-08-02
MEYD-004,"I, Actually Continues Fucked The Boss Of Her Husband ... Color Satosakura",https://cdn001.imggle.net/webp/poster/07052026/e2b5d38887.webp,https://javct.net/v/meyd-004,120,2026-08-02
AP-500-RM,"""Hey, Do Not Run Away ..."" Teacher And Girls Of The Family Teacher ● When The Student's Students Are Too Cute And Parents Are Not Chasing You, Chasing Home And Sending Out Many Times Over And Over!But At The End, I Did Not Run Away Anymore .... [Uncensored L**ked]",https://cdn001.imggle.net/webp/poster/20230207/1689206208.webp,https://javct.net/v/ap-500-rm,365,2026-08-02
BDA-071-RM,Classroom Of Embarrassing Female Teacher Shameful Yui Hatano [Uncensored L**ked],https://cdn001.imggle.net/webp/poster/20240807/1722673468.webp,https://javct.net/v/bda-071-rm,140,2026-08-02
T28-516-RM,Girls In Public Toilets [Uncensored L**ked],https://cdn001.imggle.net/webp/poster/05192026/8b5d7077ef.webp,https://javct.net/v/t28-516-rm,120,2026-08-02
MIGD-769-RM,"I Yuri Momose, Which Continued To Be Fucked Anal Far Into The Night [Uncensored L**ked]",https://cdn001.imggle.net/webp/poster/07052026/0ebf067166.webp,https://javct.net/v/migd-769-rm,150,2026-08-02
XRW-801-RM,Female President R**e Committing A Rich Beauty President [Uncensored L**ked],https://cdn001.imggle.net/webp/poster/20250606/1750313366.webp,https://javct.net/v/xrw-801-rm,120,2026-08-02
MXGS-734-RM,Pretty Slave Pet Kinami Nichina [Uncensored L**ked],https://cdn001.imggle.net/webp/poster/20220406/1655091374.webp,https://javct.net/v/mxgs-734-rm,120,2026-08-02
T28-579,Brother 2 Forcibly Incest While Being Cheated By Being Cheated And Cheated By Cheeky Sister,https://cdn001.imggle.net/webp/poster/07052026/3f512732e9.webp,https://javct.net/v/t28-579,120,2026-08-02
AP-465,Newcomer OL Chasing Afterwards Cum Inside Molester ~ Senior Employees Brought In Newly Cute Newcomer OL Into The Ruins And Repeated Vaginal Cum Shot Repeatedly!I Tried Rolling Over And Fucking!~,https://cdn001.imggle.net/webp/poster/07052026/404bb7329b.webp,https://javct.net/v/ap-465,195,2026-08-02
AP-564-RM,Muddy Boys Big Boobs Sister-in-succession Cum Bukkyo 2 ~ Big Breasts That Suddenly Got Married By My Father's Mother Tongue And Fucked Beautiful In-law Sister Over And Over Again Repeatedly!~ [Uncensored L**ked],https://cdn001.imggle.net/webp/poster/20230207/1688459954.webp,https://javct.net/v/ap-564-rm,205,2026-08-02
MIAD-780-SUB,Glared Is Les -flops 1 -year-old Hen Rebellious Phase Daughter Fo**ed Intercourse [English Subtitle],https://cdn001.imggle.net/webp/poster/20221904/1650857778.webp,https://javct.net/v/miad-780-sub,120,2026-08-02
SHKD-526,Tutor 5 Kawase Far Greens Of Masochism,https://cdn001.imggle.net/webp/poster/07052026/dbc3c599d3.webp,https://javct.net/v/shkd-526,110,2026-08-02
ANMD-005-RM,Kirishima - Gangbang R**e - One Thousand Sha-house Secretary Has Been Put In [Uncensored L**ked],https://cdn001.imggle.net/webp/poster/07052026/41c32433bb.webp,https://javct.net/v/anmd-005-rm,110,2026-08-02
SDMU-810-RM,An SOD Romance A Horny Stepmom Who Finds Herself Moaning And Groaning With Pleasure To Her Son's Morning Wood Mio Kimijima [Uncensored L**ked],https://cdn001.imggle.net/webp/poster/20222109/1664098203.webp,https://javct.net/v/sdmu-810-rm,132,2026-08-02
MCST-703-RM,"""I'm happy... No matter how rough I am, my only asset is my body."" My mother-in-law's true feelings Sae Fujiki [Uncensored L**ked]",https://cdn001.imggle.net/webp/poster/07052026/da931699d6.webp,https://javct.net/v/mcst-703-rm,63,2026-08-02
ADN-307-RM,I Don't Want To Betray Your Father Anymore ... The Dilemma Of A Wife Who Kept On Getting Fucked By Her Stepson. Nanao Nakano [Uncensored L**ked],https://cdn002.imggle.net/webp/poster/adn-307.webp,https://javct.net/v/adn-307-rm,82,2026-08-02
HAWA-079-RM,"Secret With Others Stick SEX ""I'm Actually Never Drank Semen Of The Husband,"" 30-year-old Only With Big Tits Wife Naomi's 36-year-old That You Want For The First Time Of The Seminal Drinking Bound By Husband [Uncensored L**ked]",https://cdn001.imggle.net/webp/poster/07052026/20052c353e.webp,https://javct.net/v/hawa-079-rm,180,2026-08-02
SUN-74-RM,Wet See-Through T-back Walk I Feel Too Erotic In My First Outdoor Play [Uncensored L**ked],https://cdn001.imggle.net/webp/poster/07052026/38dec5cdc7.webp,https://javct.net/v/sun-74-rm,138,2026-08-02
SORA-327-RM,"Beware Of Sluts! A Legendary Married Woman Exhibitionist With ""A Thousand Notches On Her Bedpost""! Massive Bouncy J-Cup Tits Shake The Earth! She's Ready To Serve Up Her Voluptuous Body And Free Pussy To Eager Cocks Anywhere, Anytime! Chitose Yuki [Uncensored L**ked]",https://cdn002.imggle.net/webp/poster/sora-327.webp,https://javct.net/v/sora-327-rm,164,2026-08-02
BANK-105-RM,Busty Married Woman Hot Spring Dating Beautiful Big Ass Beautiful Wife Mai 26 Years Old [Uncensored L**ked],https://cdn001.imggle.net/webp/poster/20222311/1671760838.webp,https://javct.net/v/bank-105-rm,130,2026-08-02
FC2PPV-4936317,"[Insemination with a divine gal] I picked her up on a festival day, and while driving, I stopped the car in a deserted place, took her out to the open air, and creampied her.",https://cdn001.imggle.net/webp/poster/07052026/43e8e820b0.webp,https://javct.net/v/fc2ppv-4936317,21,2026-08-02
HNDS-001-RM,Busty Black Gal Fucking Real Blue Pies [Uncensored L**ked],https://cdn001.imggle.net/webp/poster/04112026/1776091059.webp,https://javct.net/v/hnds-001-rm,120,2026-08-02
NPJS-268-RM,No-bra Shinjuku Wandering Masochistic Dog Walking Date [Uncensored L**ked],https://cdn001.imggle.net/webp/poster/05192026/9d08365c10.webp,https://javct.net/v/npjs-268-rm,130,2026-08-02
SW-471-RM,Please Give Me Doing Here!Wife Of Rural Life Is Burning To The Pounding SEX Outside The Front Door And Open-air In Search Of Young Ji Port And The Thrill Of The Neighborhood So As Not To Barre To Husband To Stay At Home [Uncensored L**ked],https://cdn001.imggle.net/webp/poster/20233001/1675764697.webp,https://javct.net/v/sw-471-rm,124,2026-08-02
DDK-231-RM,Continuous Creampie To Illegally Dumped Girl Outdoors Shiki Hakuto [Uncensored L**ked],https://cdn001.imggle.net/webp/poster/20241703/1712978747.webp,https://javct.net/v/ddk-231-rm,108,2026-08-02
GEBB-014-SUB,Couple's Fight With A Moral Harassment Husband! I Met The Eyes Of A Married Woman Who Looked Like She Wanted Help While She Was Left Naked... I Couldn't Suppress My Scum Erection And Ended Up Cumming Inside Her. [English Subtitle],https://cdn001.imggle.net/webp/poster/20250903/1743183103.webp,https://javct.net/v/gebb-014-sub,129,2026-08-02
HONB-282-RM,18 02 [Uncensored L**ked],https://cdn001.imggle.net/webp/poster/20222612/1673498999.webp,https://javct.net/v/honb-282-rm,63,2026-08-02
SUN-073-RM,Pissing Exposure L**kage Marking Date That Leaves A Record In The Exposed Place Mei (25) [Uncensored L**ked],https://cdn001.imggle.net/webp/poster/20222612/1673494449.webp,https://javct.net/v/sun-073-rm,155,2026-08-02
420HPT-065-RM,"Rio (30) Amateur Hoi Hoi, Amateur Hoi Hoi Pet, Amateur, Married Woman, Affair, Big Breasts, Slut, Temptation, Sex Friend, Jumping, Outdoors, Shame, Toy, Creampie, Gonzo, Documentary [Uncensored L**ked]",https://cdn001.imggle.net/webp/poster/07052026/9c383d83f9.webp,https://javct.net/v/420hpt-065-rm,96,2026-08-02
NHDTC-194-RM,NATURALHIGH Awards 2025 Annual Best: We Want To Tarnish Hazuki Noa Again And Again. [Uncensored L**ked],https://cdn001.imggle.net/webp/poster/07052026/9ee10e7ae0.webp,https://javct.net/v/nhdtc-194-rm,240,2026-08-02
FC2PPV-4932358-RM,"Really nice girl, ""Do it all you want to the limit'' for the first time completely showing her face. 8 years old with a good personality peels the whites of her eyes and cums, cries, tears, 549th person to shoot individually. [Uncensored L**ked]",https://cdn001.imggle.net/webp/poster/07052026/9402d10045.webp,https://javct.net/v/fc2ppv-4932358-rm,130,2026-08-02
HONB-281-RM,18 01 [Uncensored L**ked],https://cdn001.imggle.net/webp/poster/20222612/1673499071.webp,https://javct.net/v/honb-281-rm,64,2026-08-02
NHDTC-194,NATURALHIGH Awards 2025 Annual Best: We Want To Tarnish Hazuki Noa Again And Again.,https://cdn001.imggle.net/webp/poster/07052026/9ee10e7ae0.webp,https://javct.net/v/nhdtc-194,240,2026-08-02
LOVE-57,Once Dangerous Barre Local Exposure Of The Students In ○!Running Away From Home!Compensated Dating!Pregnancy!Abortion!Legend Compensated Dating In ○ Students Of The Topic On The Net,https://cdn001.imggle.net/webp/poster/07052026/e9fa7fa3d1.webp,https://javct.net/v/love-57,120,2026-08-02
DOCP-203-RM,The Neighbor Who Was Fighting With My Boyfriend And Being Locked Out Is Too Erotic ... Vol.2 [Uncensored L**ked],https://cdn001.imggle.net/webp/poster/07052026/c9a1f5dbdb.webp,https://javct.net/v/docp-203-rm,150,2026-08-02
STAR-553,Granny's Bike Premature Ejaculation Wife SODstar Ver Sensitivity Is Raised Rapidly By Shiraishi Mari Nana × Natural High Birth. 5 Abnormal Production Four Days Of Cum Was Smeared With Juice,https://cdn001.imggle.net/webp/poster/07052026/45269929ae.webp,https://javct.net/v/star-553,200,2026-08-02
DAVK-101-RM,"Shy And Timid Girl Who Reads Erotic Doujinshi And Is A Hardcore Fujoshi Has Never Had A Dick Inserted Into Her Shaved Pussy, But Now She's Experiencing Her First Creampie In A Group 6P Orgy With A Man The Same Age As Her Parents Who Uses His Huge Dick To Vigorously Piston Her. [Uncensored L**ked]",https://cdn001.imggle.net/webp/poster/20242012/1736657986.webp,https://javct.net/v/davk-101-rm,149,2026-08-02
HONB-285-RM,Erogenous Corps Exposure Licking Mating Vol.01 [Uncensored L**ked],https://cdn001.imggle.net/webp/poster/20233001/1676171609.webp,https://javct.net/v/honb-285-rm,67,2026-08-02
SUN-080-RM,Cum Swallowing Station Staff Shortcut Railway Pacifier Girl And Drinking Date [Uncensored L**ked],https://cdn001.imggle.net/webp/poster/20230302/1678333144.webp,https://javct.net/v/sun-080-rm,209,2026-08-02
MIDD-917-RM,Pear Katsuki Yuu Men Hunt The Exposure Limit [Uncensored L**ked],https://cdn001.imggle.net/webp/poster/04112026/d75bc29771.webp,https://javct.net/v/midd-917-rm,180,2026-08-02
FC2PPV-4945086,"A beautiful woman who is busy with work and as a single person comes to our store for the first time. She is extremely tired, so she would like a strong massage.",https://cdn001.imggle.net/webp/poster/07052026/0133c8a1b7.webp,https://javct.net/v/fc2ppv-4945086,67,2026-08-02
FC2PPV-4943403,Face Showing Case #142 where an amateur comes to do naughty things. Today she managed to hold back her orgasm and went sexy in a micro bikini. Case of Yuuka (20),https://cdn001.imggle.net/webp/poster/07052026/ddb6c7bed1.webp,https://javct.net/v/fc2ppv-4943403,56,2026-08-02
FC2PPV-4942361,"""Ah... no! I'm about to cum..."" A beautiful body with huge breasts that is full of sensitivity bugs, and the erogenous zones of the whole body that twitch no matter where you touch it, are completely impregnated and creampied.",https://cdn001.imggle.net/webp/poster/07052026/8641bc571b.webp,https://javct.net/v/fc2ppv-4942361,111,2026-08-02
FINH-039-RM,NTR Posting!! I Never Realized How Crude And Rude My Wife Was... This Is The Story Of How My Big Tits Wife Got Fucked And Impregnated By A Dirty Old Man With A Big Cock Momoka Ogawa [Uncensored L**ked],https://cdn001.imggle.net/webp/poster/20221202/1645936913.webp,https://javct.net/v/finh-039-rm,122,2026-08-02
MIDA-762-RM,"Giant Cock Piston Orgasm, First Time Limit Expansion Pussy Pleasure, Mio Ishikawa [Uncensored L**ked]",https://cdn001.imggle.net/webp/poster/07052026/fa62711ddc.webp,https://javct.net/v/mida-762-rm,120,2026-08-02
FC2PPV-4947408,[Complete amateur & first shot] **pyjpx*jsps Super slender beauty ♡ Super sensitive constitution and a big cock insertion that feels better than her boyfriend in agony... Creampie sex with many orgasms *Bonuses included*,https://cdn001.imggle.net/webp/poster/07052026/b6ee715158.webp,https://javct.net/v/fc2ppv-4947408,55,2026-08-02
MIDA-762,"Giant Cock Piston Orgasm, First Time Limit Expansion Pussy Pleasure, Mio Ishikawa",https://cdn001.imggle.net/webp/poster/07052026/fa62711ddc.webp,https://javct.net/v/mida-762,120,2026-08-02
WAAA-521-SUB,Black English Conversation NTR Affair Partner Is Mega Dick! My Beloved Wife Is Addicted To The Unstoppable Creampie Beast FUCK Orgy Party [English Subtitle],https://cdn001.imggle.net/webp/poster/20252204/1746121022.webp,https://javct.net/v/waaa-521-sub,120,2026-08-02
NGOD-298-RM,"Naive Housewife Who Participated In A Driving License Training Camp Is Seduced By The Hard, Uncircumcised Cocks Of Young Men From Other Prefectures... Yui Hatano [Uncensored L**ked]",https://cdn001.imggle.net/webp/poster/10232025/1762457478.webp,https://javct.net/v/ngod-298-rm,120,2026-08-02
ODVHJ-072,Real Sex OK!? Married Woman Rejuvenation Massage Salon VI,https://cdn001.imggle.net/webp/poster/07052026/aec85a36ec.webp,https://javct.net/v/odvhj-072,160,2026-08-02
CRNX-180-RM,Invisible Bunny Sex With Uncle Who Loves Bold Seduction Of Niece Yui Tenma [Uncensored L**ked],https://cdn001.imggle.net/webp/poster/20242012/1737604515.webp,https://javct.net/v/crnx-180-rm,65,2026-08-02
KSBJ-083-RM,She Was Mesmerized By Her Little Stepbrother's Big Cock Yuki Jin [Uncensored L**ked],https://cdn001.imggle.net/webp/poster/20221202/1645520624.webp,https://javct.net/v/ksbj-083-rm,122,2026-08-02
JUY-382-RM,Since The Day I Was Fucked That Deep My Life... Momoko Isshiki [Uncensored L**ked],https://cdn001.imggle.net/webp/poster/20220406/1655280394.webp,https://javct.net/v/juy-382-rm,120,2026-08-02
MDVHJ-071-RM,Mother Disqualification... Mother-in-law Who Is Crazy About Forbidden Incest With Her Husband's C**ld... Chapter 3 Yuri Hanai [Uncensored L**ked],https://cdn001.imggle.net/webp/poster/20222612/1672114818.webp,https://javct.net/v/mdvhj-071-rm,110,2026-08-02
DVDMS-916-RM,General Men's And Women's Monitoring AV X Magic Mirror Flight Collaboration Project A Big Ass Pita Bread OL Who Works For A Major Company Is Wearing A Pants Suit For The First Time And A Squirting Experience! A Big Cock Is Inserted Into The Intelligent Man Who L**ked Continuously So As To Seep Out Of The Pant Suit With Fingering & Electric Massager And Vaginal Cum Shot! ! [Uncensored L**ked],https://cdn001.imggle.net/webp/poster/20233001/1676606256.webp,https://javct.net/v/dvdms-916-rm,190,2026-08-02
HUNTA-592-RM,"""Please Just Let Me Rub It In This Big Uchi Chi ..."" Sister Is A Reverse Sex Crawling To The Big Tit Brother Reverse Night Crotch!I Usually Get Along Very Badly With My Sister.If You Put Your Face Together, You're Just A WolfOne Night Late At Night ..., I Thought That All The Sister After Work Is Sleeping Even Though I Am Awake And Naked In The Bath ... [Uncensored L**ked]",https://cdn001.imggle.net/webp/poster/20221108/1660493570.webp,https://javct.net/v/hunta-592-rm,230,2026-08-02
FC2PPV-4946283,NTR raw sex and impregnation sex with a super beautiful woman with big breasts and a big ass and a big cock black man! The whites of her eyes as she cums are super erotic,https://cdn001.imggle.net/webp/poster/07052026/5cd0d947f5.webp,https://javct.net/v/fc2ppv-4946283,25,2026-08-02
LOCK-014,"LOCK-ON@Kotone The Secret Of A Quiet, Plain, Bespectacled Office Lady: Sexual Desire Unleashed, Big Dick Cumshot Orgasm Tsukino Kotone",https://cdn001.imggle.net/webp/poster/07052026/a2ff33eee8.webp,https://javct.net/v/lock-014,129,2026-08-02
DVDMS-915-RM,Lifting Of The Ban On Appearance! ! Magic Mirror Flight Highly Educated Female College Student Who Attends One Of The Most Prestigious Universities In Tokyo Her First Nipple Orgasms Edition All 6 Nipple Kneading Sex Specials! ! An Intelligent Female College Student Who Was Teased With A Nipple That Became More Sensitive Than A Clitoris In Sexual Development Wants A Big Cock! Nipple All The Time While Inserting... [Uncensored L**ked],https://cdn001.imggle.net/webp/poster/20233001/1676606282.webp,https://javct.net/v/dvdms-915-rm,230,2026-08-02
JYMA-109-RM,"A Mother With A Beautiful, Large Butt Is Addicted To Her Son-in-law's Enormous Penis And Has A Physical Relationship With Him. [Uncensored L**ked]",https://cdn001.imggle.net/webp/poster/07052026/64c63ba6ba.webp,https://javct.net/v/jyma-109-rm,140,2026-08-02
FC2PPV-4945162,"[No]**pyjpx*jsps A 20-year-old black-haired, neat-looking girl, seduced by money, has her first 3P with a black man. A personal photo shoot of an old man and an amateur model who is creampied in the vagina by the black man [overseas version] with bonus",https://cdn001.imggle.net/webp/poster/07052026/855394e116.webp,https://javct.net/v/fc2ppv-4945162,79,2026-08-02
JYMA-109,"A Mother With A Beautiful, Large Butt Is Addicted To Her Son-in-law's Enormous Penis And Has A Physical Relationship With Him.",https://cdn001.imggle.net/webp/poster/07052026/64c63ba6ba.webp,https://javct.net/v/jyma-109,140,2026-08-02
FWTR-005-RM,Fluffy Mature Woman's Big Dick NTR ~ When A Plump Big-breasted Wife Drowns In Pleasure With Someone Else's Dick Anna Tateoka [Uncensored L**ked],https://cdn001.imggle.net/webp/poster/20241902/1709354540.webp,https://javct.net/v/fwtr-005-rm,114,2026-08-02
SNOS-263-RM,"Hito Konoha, A 20-year-old Female University Student From Kyoto, Has A Precocious, Glamorous Body And Experiences Her First Time In Three Real Sex Scenes. [Uncensored L**ked]",https://cdn001.imggle.net/webp/poster/07052026/d2342a2fcc.webp,https://javct.net/v/snos-263-rm,140,2026-08-02
CEMD-362-RM,Autonomic Nerves Flew Away! Sweaty Climax Super Iki SEX! ! 3 Mio Kamishira [Uncensored L**ked],https://cdn001.imggle.net/webp/poster/20230207/1688788249.webp,https://javct.net/v/cemd-362-rm,131,2026-08-02
FC2PPV-4934976-RM,《Individual shot》 “I want to cum together ♡” A cute but aggressive girl begs and moans / Nikina (24\) [Uncensored L**ked],https://cdn001.imggle.net/webp/poster/07052026/724f3dd57d.webp,https://javct.net/v/fc2ppv-4934976-rm,63,2026-08-02
JUY-858-RM,A Work Experience Cuckold Seminar Shocking Infidelity Videos Of Horny Housewives Who Fall For College Student Interns Nanami Matsumoto [Uncensored L**ked],https://cdn001.imggle.net/webp/poster/20220406/1656465953.webp,https://javct.net/v/juy-858-rm,119,2026-08-02
HUNBL-040-RM,"Long-Distance Shame She Got A Remote-Controlled Vibrator Plunged Into Her Pussy, And Now She's Trying Desperately Not To Cum While Working, As Her Cunt Begins To Drip And Dribble [Uncensored L**ked]",https://cdn002.imggle.net/webp/poster/hunbl-040.webp,https://javct.net/v/hunbl-040-rm,158,2026-08-02
MIST-146-RM,Dangerous Day!! Maid With Big Tits Can Get Pregnant [Uncensored L**ked],https://cdn001.imggle.net/webp/poster/20220707/1659318934.webp,https://javct.net/v/mist-146-rm,146,2026-08-02
MKD-234-RM,The AV Debut Of A 130cm P-cup Izakaya Signboard Girl! Kazamatsuri [Uncensored L**ked],https://cdn001.imggle.net/webp/poster/20212011/1644641704.webp,https://javct.net/v/mkd-234-rm,119,2026-08-02
MKD-233-RM,The Sexy And Attractive Fifty-Something Beautician Makes Her Adult Video Debut! Tomoka Ando. [Uncensored L**ked],https://cdn001.imggle.net/webp/poster/20212011/1643611181.webp,https://javct.net/v/mkd-233-rm,119,2026-08-02
PA-080126-100,Mature Woman Masturbator Door-to-Door Saleswoman - Haruka Sanada,https://cdn001.imggle.net/webp/poster/07052026/66224df941.webp,https://javct.net/v/pa-080126-100,26,2026-08-02
HBAD-390-RM,This Mama Got Turned Into A Cum Bucket For Her Son's Punk Friends Rumi Kodama [Uncensored L**ked],https://cdn001.imggle.net/webp/poster/20220406/1655334206.webp,https://javct.net/v/hbad-390-rm,120,2026-08-02
FC2PPV-4947596,"[Erotic wife with H-cup beautiful big breasts] **pyjpx*jsps I'm sorry, but while my husband was away, I had a threesome at home and even gave my wife a facial and creampie.",https://cdn001.imggle.net/webp/poster/07052026/1c25d4f07b.webp,https://javct.net/v/fc2ppv-4947596,71,2026-08-02
HBAD-390-SUB,This Mama Got Turned Into A Cum Bucket For Her Son's Punk Friends Rumi Kodama [English Subtitle],https://cdn001.imggle.net/webp/poster/20220406/1655334206.webp,https://javct.net/v/hbad-390-sub,120,2026-08-02
VEC-195-RM,My Friend's Mother Chitose Saegusa [Uncensored L**ked],https://cdn001.imggle.net/webp/poster/20221904/1651717134.webp,https://javct.net/v/vec-195-rm,95,2026-08-02
PA-073026-100,Mature Lady Piledriver Position BJ: Nami Sawaguchi,https://cdn001.imggle.net/webp/poster/07052026/b6c3772d26.webp,https://javct.net/v/pa-073026-100,60,2026-08-02
PA-072826-100,A mix of saliva and love juice! A married woman's intense PtoM sex!  : Mikako Furuya,https://cdn001.imggle.net/webp/poster/07052026/7f8432cc4c.webp,https://javct.net/v/pa-072826-100,61,2026-08-02
HBAD-569-RM,MILF Made To Satisfy Her Stepson's Bratty Friends' Sexual Urges - Ririi Hosho [Uncensored L**ked],https://cdn001.imggle.net/webp/poster/20212709/1637205665.webp,https://javct.net/v/hbad-569-rm,120,2026-08-02
PA-072526-100,Natural Beauty : Ms. Saeki's Real Face,https://cdn001.imggle.net/webp/poster/07052026/2729c6abe9.webp,https://javct.net/v/pa-072526-100,25,2026-08-02
FC2PPV-4944652,"[Erotic wife with H-cup beautiful big breasts] **pyjpx*jsps A frustrated wife who is not being treated by her husband sucks the younger handsome man's dick in the car and invites him to cum in her mouth, then goes to the forbidden home",https://cdn001.imggle.net/webp/poster/07052026/c39fadb95d.webp,https://javct.net/v/fc2ppv-4944652,42,2026-08-02
1P-072326-001,Delivery Health Deluxe 3P Plan,https://cdn001.imggle.net/webp/poster/07052026/84ba72b093.webp,https://javct.net/v/1p-072326-001,57,2026-08-02
PA-072326-100,Mature Lady Piledriver Position BJ: Sakie Hayasaka,https://cdn001.imggle.net/webp/poster/07052026/0d68eb26c8.webp,https://javct.net/v/pa-072326-100,72,2026-08-02
SW-463-RM,"A Hot Springs Vacation With My Mom's Friends ""He's Just A Boy So Let Him Take A Bath With Us!"" When I Saw All The Tits On Display My Dick Got Rock Hard! ""We'll Keep This A Secret From Your Mother!"" These Hot And Horny Housewives Got Super Excited For This Young And Energetic Little Boy's Cock! [Uncensored L**ked]",https://cdn001.imggle.net/webp/poster/20212011/1639036745.webp,https://javct.net/v/sw-463-rm,160,2026-08-02
1P-072126-001,The Teacher's Lewd Hands-On Lesson,https://cdn001.imggle.net/webp/poster/07052026/d43b9cce7d.webp,https://javct.net/v/1p-072126-001,60,2026-08-02
PA-072126-100,Creampie The Best,https://cdn001.imggle.net/webp/poster/07052026/378d007d33.webp,https://javct.net/v/pa-072126-100,122,2026-08-02
PA-072026-100,The Freaky Lady Brings You a Freaky Toy Chair! : Soap Play with a J-Cup-Sized Mature Massage parlor Hostess,https://cdn001.imggle.net/webp/poster/07052026/0e6e8f8641.webp,https://javct.net/v/pa-072026-100,51,2026-08-02
MIRD-252-SUB,"When I Joined A Sexy Lingerie Manufacturer, I Was The Only Man There To Provide Cunnilingus Service From Morning To Night. Job Description: When A Female Employee Called Me At Work, I Immediately Licked Her Pussy Anytime, Anywhere. [English Subtitle]",https://cdn001.imggle.net/webp/poster/20253001/1740677942.webp,https://javct.net/v/mird-252-sub,120,2026-08-02
VNDS-3396-RM,While My Plump Mother-In-Law Is Sleeping... [Uncensored L**ked],https://cdn001.imggle.net/webp/poster/20222311/1671507380.webp,https://javct.net/v/vnds-3396-rm,100,2026-08-02
MIDA-732,"Nana Yagi, A Plain-looking, Bespectacled, Busty Caregiver, Is Fo**ed To Wear Lewd Lingerie And Is Held Captive And Subjected To Sexual Training By The Eccentric And Troubled Residents Of The House She Visits, Ultimately Succumbing To Pleasure.",https://cdn001.imggle.net/webp/poster/07052026/3117c8760e.webp,https://javct.net/v/mida-732,170,2026-08-02
AP-569-RM,A Busty Young Wife On Her Way Home From Shopping Got Caught In A Sudden Downpour Making Her Underwear Completely Visible From Her Wet See Through Clothes. Now It’s Time To Get Her Hot And Horny With My Rock Hard Dick!! [Uncensored L**ked],https://cdn001.imggle.net/webp/poster/07052026/de01793a8b.webp,https://javct.net/v/ap-569-rm,135,2026-08-02
XVSR-365,Concubination ~ Popular Actress's Dense Real Inside Creation SEX ~ Yui Hatano,https://cdn001.imggle.net/webp/poster/07052026/8eb7c8bf5b.webp,https://javct.net/v/xvsr-365,120,2026-08-02
259LUXU-610,Luxury TV 583,https://cdn001.imggle.net/webp/poster/07052026/878ec0699e.webp,https://javct.net/v/259luxu-610,72,2026-08-02
259LUXU-613,Luxury TV 598,https://cdn001.imggle.net/webp/poster/07052026/e9d3708b1a.webp,https://javct.net/v/259luxu-613,74,2026-08-02
C-2476,"Cuckold My Wife, M Rina (39) 82",https://cdn001.imggle.net/webp/poster/07052026/d295480dc5.webp,https://javct.net/v/c-2476,140,2026-08-02
KTB-010-RM,Bukkake! OL Suit Club 8 · Secretary Edition ~ Secretary Sumire's Business Suit And Boss Loved Kirekawa OL Style ~ Sumire Kurokawa [Uncensored L**ked],https://cdn001.imggle.net/webp/poster/07052026/0aa561ac55.webp,https://javct.net/v/ktb-010-rm,149,2026-08-02
LUKE-019-RM,Slutty Older Sister Who Seduces You With Dirty Words While Adhering To Her Yuu Kiriyama [Uncensored L**ked],https://cdn001.imggle.net/webp/poster/20222311/1671853896.webp,https://javct.net/v/luke-019-rm,135,2026-08-02
MADM-220-RM,"The Plain-looking, Bespectacled, Big-breasted Wife Next Door Loves Watching Men's Faces As They Climax... Mami Zenba [Uncensored L**ked]",https://cdn001.imggle.net/webp/poster/07052026/363f75bc09.webp,https://javct.net/v/madm-220-rm,130,2026-08-02
MADM-220,"The Plain-looking, Bespectacled, Big-breasted Wife Next Door Loves Watching Men's Faces As They Climax... Mami Zenba",https://cdn001.imggle.net/webp/poster/07052026/363f75bc09.webp,https://javct.net/v/madm-220,130,2026-08-02
DV-1543,Hami Ass Sister Tatsumi Yui Next,https://cdn001.imggle.net/webp/poster/07052026/bcb62091dd.webp,https://javct.net/v/dv-1543,137,2026-08-02
VENX-192-RM,"""Are You Excited By Auntie's Underwear?"" Aunt Chisato Shoda Who Squeezes Every Drop Of Nephew's Sperm With Freshly Removed Panties [Uncensored L**ked]",https://cdn001.imggle.net/webp/poster/20222612/1672975665.webp,https://javct.net/v/venx-192-rm,115,2026-08-02
XRW-808-RM,I Can't Stop Anymore If I Put My Mother-in-law In Front Of A Strange Man [Uncensored L**ked],https://cdn001.imggle.net/webp/poster/07052026/3b1589ec05.webp,https://javct.net/v/xrw-808-rm,113,2026-08-02
259LUXU-518,Luxury TV 562,https://cdn001.imggle.net/webp/poster/07052026/b61aedae59.webp,https://javct.net/v/259luxu-518,80,2026-08-02
259LUXU-505,Luxury TV 501,https://cdn001.imggle.net/webp/poster/07052026/145b2293aa.webp,https://javct.net/v/259luxu-505,64,2026-08-02
SVNNP-004-RM,"Naive JD Who Is Weak Against Amateur Pick-up Variety Push Is Impatient For The First Time And Has An Intercrural Sex Experience! If You Can Endure The Climax By Pushing The Erection Over The Match Underwear, The Prize Money Is 1 Million Yen! The Estrus Girl Who Was Relentlessly Pushed Against The Glans Many Times Secretly Inserts Herself With A Big Cock! A Room Where Serious Juice Is Scattered With A Runaway Piston... [Uncensored L**ked]",https://cdn001.imggle.net/webp/poster/20233001/1677121073.webp,https://javct.net/v/svnnp-004-rm,215,2026-08-02
XRW-790-RM,M Man Kyoko In The Share House Of Men [Uncensored L**ked],https://cdn001.imggle.net/webp/poster/07052026/806806f164.webp,https://javct.net/v/xrw-790-rm,108,2026-08-02
XRW-789-RM,Human Onahoru F Cup Married Kayo (Pseudonym) Who Understands Big Breasts Even In Clothes * There Is A Habit Of Incontinence When Reaching The Climax [Uncensored L**ked],https://cdn001.imggle.net/webp/poster/07052026/12eed173c8.webp,https://javct.net/v/xrw-789-rm,150,2026-08-02
HODV-21651-RM,Thank You for Choosing Me High Class Bathhouse Bubble Princess's Supreme Techniques Revealed Special Feature of 8 Goddesses [Uncensored L**ked],https://cdn001.imggle.net/webp/poster/20212011/1643968974.webp,https://javct.net/v/hodv-21651-rm,238,2026-08-02
VENX-377-RM,"""Does Your Aunt's Underwear Turn You On?"" An Aunt Milks Every Last Drop Of Her Nephew's Sperm With Her Freshly Removed Panties - Mizuki Kaori [Uncensored L**ked]",https://cdn001.imggle.net/webp/poster/07052026/357e434f95.webp,https://javct.net/v/venx-377-rm,95,2026-08-02
DANDYA-042,"The Older Nurse Who Deliberately Causes Young Patients To Ejaculate With Handjob-like Genital Washing, Captivating Them VOL.4",https://cdn001.imggle.net/webp/poster/07052026/2ef1090722.webp,https://javct.net/v/dandya-042,239,2026-08-02
FNS-241,3 First Orgasms That Develop The Sexual Sense Of A Fair-skinned Slender Body Raised In A Snowy Country! Shizuku Kashiwagi,https://cdn001.imggle.net/webp/poster/07052026/b4de344ef8.webp,https://javct.net/v/fns-241,120,2026-08-02
MOPG-062,Egomazo-kun And Tome-chan Ruined Orgasm! Yamamoto Renka,https://cdn001.imggle.net/webp/poster/07052026/c67e605d57.webp,https://javct.net/v/mopg-062,117,2026-08-02
FWTR-031-RM,"""Is It Okay If I Just Watch?"" A Voluptuous, Seductive Mature Sex Monster, Yuuri Tsukikawa, Devours The Sweaty Cocks Of Delivery Men Who Visit Her Home. [Uncensored L**ked]",https://cdn001.imggle.net/webp/poster/07052026/7c5e3b0765.webp,https://javct.net/v/fwtr-031-rm,115,2026-08-02
DRPT-118-RM,Exposing The Dark Side Of Modern Society! Sexual Harassment Is Rampant! A Nursing Home For The Elderly Where It's So Busy That Sex Is Readily Available. [Uncensored L**ked],https://cdn001.imggle.net/webp/poster/07052026/7b0d5ed378.webp,https://javct.net/v/drpt-118-rm,135,2026-08-02
1P-080126-001,Glamorous : Suzu Nonomiya,https://cdn001.imggle.net/webp/poster/07052026/00c32f4090.webp,https://javct.net/v/1p-080126-001,61,2026-08-02
CJOB-211-RM,Sucking On Boobs! The Best Breastfeeding Handjobs That Will Make You Happy [Uncensored L**ked],https://cdn001.imggle.net/webp/poster/07052026/8974c9a502.webp,https://javct.net/v/cjob-211-rm,240,2026-08-02
ROYD-148-RM,What A Slutty Female Brat! A Female Gaki Bitch Female Student Who Teaches Me (private Tutor) How To Provocatively Show Off Her Big Ass And Provokes An Erection! Mito Wakui [Uncensored L**ked],https://cdn001.imggle.net/webp/poster/20231711/1700798426.webp,https://javct.net/v/royd-148-rm,110,2026-08-02
ROYD-149-RM,"When I Woke Up In The Morning, There Was A Beautiful Girl With Big Breasts Next To Me. It All Unfolded Like A Dream, But I Can't Remember It At All... Apparently We Had Sex. Shio Sato [Uncensored L**ked]",https://cdn001.imggle.net/webp/poster/20231711/1700798360.webp,https://javct.net/v/royd-149-rm,110,2026-08-02
DDH-435-RM,Yuika [Uncensored L**ked],https://cdn001.imggle.net/webp/poster/07052026/7d419904dd.webp,https://javct.net/v/ddh-435-rm,68,2026-08-02
IPOK-006-RM,"Lick, Suck, Stroke... Squirt! If You're Staring At A Girl With Such A Stunning Appearance, You'll Cum Right Away! A Rush Of The Finest Nipple Licking And Handjobs. 230 Minutes, 94 Scenes, All Ejaculation [Uncensored L**ked]",https://cdn001.imggle.net/webp/poster/07052026/944f844f29.webp,https://javct.net/v/ipok-006-rm,230,2026-08-02
DRPT-118,Exposing The Dark Side Of Modern Society! Sexual Harassment Is Rampant! A Nursing Home For The Elderly Where It's So Busy That Sex Is Readily Available.,https://cdn001.imggle.net/webp/poster/07052026/7b0d5ed378.webp,https://javct.net/v/drpt-118,135,2026-08-02
ECB-170,A Kiss With Copious Amounts Of Saliva And A Blowjob Where Semen Is Swallowed (),https://cdn001.imggle.net/webp/poster/07052026/7dda9308b2.webp,https://javct.net/v/ecb-170,161,2026-08-02
MOPP-125,"Nipple Brain Dopamine: A Lewd Slut Kneads Your Nipples Until You Go Crazy, Drowning You In Explosive Female Pleasure In This Ultimate Humiliation Experience - Satomi Mioka",https://cdn001.imggle.net/webp/poster/07052026/2322ad9443.webp,https://javct.net/v/mopp-125,129,2026-08-02
FWTR-031,"""Is It Okay If I Just Watch?"" A Voluptuous, Seductive Mature Sex Monster, Yuuri Tsukikawa, Devours The Sweaty Cocks Of Delivery Men Who Visit Her Home.",https://cdn001.imggle.net/webp/poster/07052026/7c5e3b0765.webp,https://javct.net/v/fwtr-031,115,2026-08-02
FNS-240,Beautiful Girl Born On A Remote Island Made Of Pure Natural Materials AV DEBUT Jun Sakuraba,https://cdn001.imggle.net/webp/poster/07052026/1d5d0843eb.webp,https://javct.net/v/fns-240,165,2026-08-02
MOPG-061,Clothing M Man Hunting Pita Pita Jeans Harassment Monase Nanase,https://cdn001.imggle.net/webp/poster/07052026/137952cfa3.webp,https://javct.net/v/mopg-061,114,2026-08-02
JIMMY-005-RM,"Will You Come To My Room After This? There Are Countless Ana Brothers, But I'll Tell You The Reason... Nazuki Aoshima [Uncensored L**ked]",https://cdn001.imggle.net/webp/poster/07052026/eddf1c72ef.webp,https://javct.net/v/jimmy-005-rm,120,2026-08-02
NHDTB-802-RM,An Apologetic Woman Gets Excited By The Dripping Sound Of A Saliva Handjob Instead Of Making A Complaint And Gets Her Pants Wet [Uncensored L**ked],https://cdn001.imggle.net/webp/poster/20230207/1689825768.webp,https://javct.net/v/nhdtb-802-rm,210,2026-08-02
VRNC-102-RM,Meat Vessel-chan [Uncensored L**ked],https://cdn001.imggle.net/webp/poster/07052026/115390c73e.webp,https://javct.net/v/vrnc-102-rm,66,2026-08-02
MIDA-723-RM,"My Hospital Stay Is Filled With Non-stop Ejaculation Assistance From A New Nurse, Who Is Constantly Helping Me To Empty My Balls, While I Can't Control My Erections. [Uncensored L**ked]",https://cdn001.imggle.net/webp/poster/07052026/001f28a6af.webp,https://javct.net/v/mida-723-rm,120,2026-08-02
AKDL-115-RM,"Becoming A Sexual Prey At My New Job, The Whole Department Together [Uncensored L**ked]",https://cdn002.imggle.net/webp/poster/akdl-115.webp,https://javct.net/v/akdl-115-rm,116,2026-08-02
HODV-21664-RM,The Beautiful Woman With Big Tits. Noa Amaharu [Uncensored L**ked],https://cdn001.imggle.net/webp/poster/20221202/1648799613.webp,https://javct.net/v/hodv-21664-rm,179,2026-08-02
PKPD-189-RM,"Office Worker Himeno-chan (23) Works For A Major Apparel Company, She Can't Turn Down A Chance To Mess Around Himeno Amasaki [Uncensored L**ked]",https://cdn001.imggle.net/webp/poster/20221202/1648887725.webp,https://javct.net/v/pkpd-189-rm,138,2026-08-02
AKDL-111-RM,(Fuckable Women At The Workplace) The Big Tits Girl In The Knit Sweater A Sexual Record Of Creampie Sex And Cum Swallowing During Work With My Fuck Buddy Sales Department (24 Years Old) Rui-chan Rui Miura [Uncensored L**ked],https://cdn002.imggle.net/webp/poster/1621507712.webp,https://javct.net/v/akdl-111-rm,114,2026-08-02
C-2472,Employee AV Supervision · Toryumon Director Promotion Practical Exam 03,https://cdn001.imggle.net/webp/poster/07052026/549aac36d0.webp,https://javct.net/v/c-2472,101,2026-08-02
AKDL-107-RM,KDK (Seductions) A Video Record Of All The Sex That Happened When He Seduced His Colleague And Fucked Her Brains Out At The Hotel During A Business Trip Aina Shinkawa 26 Years Old [Uncensored L**ked],https://cdn002.imggle.net/webp/poster/akdl-107.webp,https://javct.net/v/akdl-107-rm,133,2026-08-02
HMN-870-RM,"Cunning Younger Female Colleague, Targeting Me, A Married Man, Let Her Guard Down When I Said, ""Just A Kiss..."" And Secretly Slipped Me An Erection Drug Through A Kiss, Making My Dick Rock Hard!! In The End, We Had A Saliva-drenched, Passionate Kiss Until Morning, And She Squeezed Out 11 Loads Of Semen Inside Me... Sumire Kuramoto [Uncensored L**ked]",https://cdn001.imggle.net/webp/poster/07052026/2949d6aaab.webp,https://javct.net/v/hmn-870-rm,170,2026-08-02
HMN-870,"Cunning Younger Female Colleague, Targeting Me, A Married Man, Let Her Guard Down When I Said, ""Just A Kiss..."" And Secretly Slipped Me An Erection Drug Through A Kiss, Making My Dick Rock Hard!! In The End, We Had A Saliva-drenched, Passionate Kiss Until Morning, And She Squeezed Out 11 Loads Of Semen Inside Me... Sumire Kuramoto",https://cdn001.imggle.net/webp/poster/07052026/2949d6aaab.webp,https://javct.net/v/hmn-870,170,2026-08-02
PKPD-184-RM,A Simple Job: All You Have To Do Is Cum Inside Fuck Buddy Office Worker Erika Who Loves Erotic Costumes Inside And Outside Erika Minami [Uncensored L**ked],https://cdn001.imggle.net/webp/poster/20221202/1645945936.webp,https://javct.net/v/pkpd-184-rm,140,2026-08-02
NPJB-126-RM,"""I'm So Sorry!!"" Convenient Amateur Film: NTR (Netorare) Cumshot Compilation Of 240 Minutes Of Sex With A Married Office Lady. [Uncensored L**ked]",https://cdn001.imggle.net/webp/poster/07052026/7e91b090da.webp,https://javct.net/v/npjb-126-rm,240,2026-08-02
MUFR-009-RM,"The Day I Took Home A Female Colleague Who Joined The Company At The Same Time As Me, While I Was Drunk. ~A Male And Female Colleague Who Never Saw Each Other As Potential Romantic Partners Have Incredibly Good Chemistry And Have Amazing Sex.~ [Uncensored L**ked]",https://cdn001.imggle.net/webp/poster/07052026/effce1e3fe.webp,https://javct.net/v/mufr-009-rm,130,2026-08-02
NPJB-126,"""I'm So Sorry!!"" Convenient Amateur Film: NTR (Netorare) Cumshot Compilation Of 240 Minutes Of Sex With A Married Office Lady.",https://cdn001.imggle.net/webp/poster/07052026/7e91b090da.webp,https://javct.net/v/npjb-126,240,2026-08-02
HODV-21648-RM,I'm An Office Lady On Weekdays I Want Nothing But Pleasure Every Day At Work. Despite Appearances She's Unbelievably Lewd. Ayake Mamiya [Uncensored L**ked],https://cdn001.imggle.net/webp/poster/20212011/1643990028.webp,https://javct.net/v/hodv-21648-rm,179,2026-08-02
MUFR-009,"The Day I Took Home A Female Colleague Who Joined The Company At The Same Time As Me, While I Was Drunk. ~A Male And Female Colleague Who Never Saw Each Other As Potential Romantic Partners Have Incredibly Good Chemistry And Have Amazing Sex.~",https://cdn001.imggle.net/webp/poster/07052026/effce1e3fe.webp,https://javct.net/v/mufr-009,130,2026-08-02
EUMD-003-RM,"I'm going crazy with 'suddenly'! ! Revenge On Her Younger Boss, She's Usually Bullish With Colossal Boobs SEX J Cup Female Boss With A Climax Momo Minami [Uncensored L**ked]",https://cdn001.imggle.net/webp/poster/07052026/2e50065755.webp,https://javct.net/v/eumd-003-rm,121,2026-08-02
VOD-041-SUB,"Married Woman Creampie Hot Spring Affair Trip - A Two-day, One-night Affair Documentary Of Immoral Sex Without Her Husband's Knowledge - Yuika Onozaka [English Subtitle]",https://cdn001.imggle.net/webp/poster/20252204/1746124197.webp,https://javct.net/v/vod-041-sub,125,2026-08-02
JUY-889-RM,One Week I Continued Being Managed Ejaculation In Various Ways By The Next Filthy Wife Hano Tsubasa [Uncensored L**ked],https://cdn001.imggle.net/webp/poster/07052026/a20228bc7c.webp,https://javct.net/v/juy-889-rm,150,2026-08-02
DVMM-415-RM,"Class Reunion NTR Camp: Getting The Former Class's Madonna Drunk In Broad Daylight And Fucking Her Repeatedly, The Beautiful Wife Shiori Imoto Drowns In The Pleasure Of Gangbang And Cumming Inside Her. [Uncensored L**ked]",https://cdn001.imggle.net/webp/poster/07052026/cae5de5c33.webp,https://javct.net/v/dvmm-415-rm,145,2026-08-02
JUY-903-RM,"Wife's Older Sister's Unmatched Daring Affair Temptation, I Came So Good Without Saying A Thing Yuko Shiraki [Uncensored L**ked]",https://cdn001.imggle.net/webp/poster/20220406/1655743976.webp,https://javct.net/v/juy-903-rm,139,2026-08-02
HTTM-057-SUB,"When I asked for a rental housewife, a perverted beauty came and squeezed my sperm. Yui Hatano [English Subtitle]",https://cdn001.imggle.net/webp/poster/05192026/1f10fff14b.webp,https://javct.net/v/httm-057-sub,49,2026-08-02
JUY-667-RM,"The Worst Cuckolding Tale You've Ever Heard In Your Life We've Been Married For 3 And A Half Years, But We Were Never Able To Have C**ldren, And We Were At The Peak Of Our Frustrations, And One Day, I Forgot Some Documents For Work After Leaving The House, So I Rushed Back Home, But Then... From The Front Entrance I Could Hear My Wife And My Boss Talking And So I Hid In The Attic, And This Is What Happened Next. [Uncensored L**ked]",https://cdn001.imggle.net/webp/poster/20212011/1643081854.webp,https://javct.net/v/juy-667-rm,136,2026-08-02
JUR-285-SUB,"A Female Boss Indulges In Twisted Stimulation And Discipline, SM Adultery. During Lunch Break, She Is Disciplined By A Useless Subordinate... Releasing The Pleasure Of ""suffering"" Of An Exclusive Beauty. Ryo Aiyumi [English Subtitle]",https://cdn001.imggle.net/webp/poster/20250903/1744908874.webp,https://javct.net/v/jur-285-sub,150,2026-08-02
JKW-028,"Riko Fujisaki, A Busty Wife With A Complicated Past And Debts.",https://cdn001.imggle.net/webp/poster/07052026/74bc104c5e.webp,https://javct.net/v/jkw-028,119,2026-08-02
HAWA-383,"My Casual Sex Partner (a Married Woman) Is Clumsy And Inept At Cooking And Laundry, But... She's Actually A Very Capable, High-spec Fleshlight. Miu (27 Years Old)",https://cdn001.imggle.net/webp/poster/07052026/e852e0cdac.webp,https://javct.net/v/hawa-383,126,2026-08-02
EUUD-88-RM,Sensitive mature body convulsions climax! ! Massive incontinence & urination & squirting & squirting orgasm super sex Konoe Tasaki [Uncensored L**ked],https://cdn001.imggle.net/webp/poster/05192026/6c7d2a27bd.webp,https://javct.net/v/euud-88-rm,111,2026-08-02
KIMR-006-RM,Wife's Daily Life REC [Uncensored L**ked],https://cdn001.imggle.net/webp/poster/07052026/5c448b3424.webp,https://javct.net/v/kimr-006-rm,102,2026-08-02
FJIN-154-RM,"Brainwashing Mindfucker: I, The Lowest Caste In My Family's Social Hierarchy, Attempted To Brainwash My Family With A Mysterious Pair Of Glasses... Riho Shishido [Uncensored L**ked]",https://cdn001.imggle.net/webp/poster/07052026/3f56a34d35.webp,https://javct.net/v/fjin-154-rm,132,2026-08-02
CESD-085,Horizontal Embraced By The Boss In The Unfaithful Wife Affair Bristles Horny Pussy Pleasure Horny Sex OkaSaki Haze That Can Not Be Resistance To Sex Sleeping Husband,https://cdn001.imggle.net/webp/poster/07052026/d179604f59.webp,https://javct.net/v/cesd-085,156,2026-08-02
DANDY-621,"""I Was Told That I Was Scolded By My Brother-in-chief's Colleague's Breasts, But I Was Angry."" VOL.1",https://cdn001.imggle.net/webp/poster/07052026/4e48f9538f.webp,https://javct.net/v/dandy-621,210,2026-08-02
ONEX-124-RM,Without telling my husband... Affair day trip 5 [Uncensored L**ked],https://cdn001.imggle.net/webp/poster/07052026/efcefb9f06.webp,https://javct.net/v/onex-124-rm,240,2026-08-02
JUY-750,Every Morning Garbage Place To Pass By Floating Bra Wife Kurokawa Sumire,https://cdn001.imggle.net/webp/poster/07052026/2798e71c98.webp,https://javct.net/v/juy-750,120,2026-08-02
CESD-595-RM,Crazy Sex With J-cup Slut Wearing Obscene Clothes: Chitose Yurai [Uncensored L**ked],https://cdn001.imggle.net/webp/poster/20221108/1662687634.webp,https://javct.net/v/cesd-595-rm,136,2026-08-02
JUNY-055-RM,Curvy Teachers With K**ler Curves Dress Up For Erotic Thrills With Their Students! Clothed Colossal Tits And Huge Asses: Dressed Up As Bunnies For The Student Fair! Reo Fujisawa Kanae Kawahara Rio Ohara June Lovejoy [Uncensored L**ked],https://cdn001.imggle.net/webp/poster/20212011/1642129064.webp,https://javct.net/v/juny-055-rm,191,2026-08-02
MBHP-004-RM,Amazing Big Ass! -More Than 100cm Around The Hips Only!!- Chitose Saegusa [Uncensored L**ked],https://cdn001.imggle.net/webp/poster/20221108/1661595261.webp,https://javct.net/v/mbhp-004-rm,169,2026-08-02
JUFE-150-RM,An Old Guy's POV Document - Passionate Sex With Bodily Fluids Dripping Freely - Waka Misono [Uncensored L**ked],https://cdn001.imggle.net/webp/poster/20220707/1658110011.webp,https://javct.net/v/jufe-150-rm,170,2026-08-02
NGOD-143-RM,"Please Promote My Husband... In Return, I'll Let You Touch My Tits... Chitose Yuki [Uncensored L**ked]",https://cdn001.imggle.net/webp/poster/20212709/1637112871.webp,https://javct.net/v/ngod-143-rm,143,2026-08-02
T28-515-RM,Sex with a Beautiful Big-Bottomed Girl [Uncensored L**ked],https://cdn001.imggle.net/webp/poster/20220406/1655892777.webp,https://javct.net/v/t28-515-rm,120,2026-08-02
JJDA-019-RM,Sweet And Kind Wife With Big Tits Takes Pity On A Virgin Student Who Came To The City From The Countryside And Lets Him Touch Her Boobs Chitose Yuki [Uncensored L**ked],https://cdn002.imggle.net/webp/poster/jjda-019.webp,https://javct.net/v/jjda-019-rm,120,2026-08-02
MEAT-032-RM,Completely Unequaled! Cock Addict Piston Teacher - Chitose Yuki [Uncensored L**ked],https://cdn002.imggle.net/webp/poster/meat-032.webp,https://javct.net/v/meat-032-rm,166,2026-08-02
SDAB-198-RM,Genius Girl Sakuren SOD Exclusive AV Debut That Has Become A Cool Constitution In The Vagina (Naka) At least Twice In One Hour Since I Experienced Medium Iki At The Age Of 19 [Uncensored L**ked],https://cdn001.imggle.net/webp/poster/20212709/1633165823.webp,https://javct.net/v/sdab-198-rm,130,2026-08-02
PKPD-178-RM,"A Documentary About Supporting Over At A Girl's Place A Beautiful Former Chef With G-Cup Titties Who Will Treat You To Some Lovely Home Cooking Spend A Night With Mirai Sena At Her Home Without A Rubber, To Get That Lovey-Dovey Girlfriend Experience Mirai Sena [Uncensored L**ked]",https://cdn001.imggle.net/webp/poster/20212011/1641795292.webp,https://javct.net/v/pkpd-178-rm,139,2026-08-02
JUFE-269-RM,This Voluptuous Slut Will Look Down Upon You With Absolute Contempt As She Exercises Dirty Talk Control Over you The Ultimate POV JOI Video As She Controls Your Ejaculations Chitose Yuki [Uncensored L**ked],https://cdn001.imggle.net/webp/poster/20212709/1632830480.webp,https://javct.net/v/jufe-269-rm,171,2026-08-02
BAB-032-RM,"This Beautiful Girl Works Part-Time At A Flower Shop, And She Has A Boyfriend, But When She Takes Off Her Clothes, You'll Notice That She Has The Most Beautiful Tits In Japan, And Now I Would Like To Share These Videos (Without Permission) With All Of You Today [Uncensored L**ked]",https://cdn001.imggle.net/webp/poster/20212308/1632577262.webp,https://javct.net/v/bab-032-rm,132,2026-08-02
HODV-21650-RM,"Married Woman REC This Married Woman Moved In To My Apartment Building, And She Dresses Like A Slut, Which Is Just How I Like It, And Every Day, I Stole Peeks At Her, Until One Day, She Totally Caught Me In The Act ... Hey You ... You're Interested In My Underwear, Aren't You? But It Seems That She's Been Neglected Until Recently, And Has Almost Forgotten What It Feels Like To Be A Woman, So As A Married Woman, To Be Lusted After By A Younger Man Had To Feel Good ... [Uncensored L**ked]",https://cdn001.imggle.net/webp/poster/20212011/1643990085.webp,https://javct.net/v/hodv-21650-rm,165,2026-08-02
NKKD-130-RM,My Wife (28) Was Fucked By Coworker (20) At Her Part Time Job... I'm Angry At Her So I'm Selling The Video To Porn Sites. () [Uncensored L**ked],https://cdn001.imggle.net/webp/poster/20221202/1645605435.webp,https://javct.net/v/nkkd-130-rm,180,2026-08-02
CLUB-929-RM,"Big-breasted Gal Targeted, Secretly Filmed, And R**ed While Unconscious. [Uncensored L**ked]",https://cdn001.imggle.net/webp/poster/07052026/c347b6dcf6.webp,https://javct.net/v/club-929-rm,120,2026-08-02
CLUB-925-RM,"Beautiful Office Ladies In The Marunouchi Area Being Followed, Secretly Filmed, Dr**ged, And R**ed. [Uncensored L**ked]",https://cdn001.imggle.net/webp/poster/07052026/06161f5f90.webp,https://javct.net/v/club-925-rm,100,2026-08-02
DVMM-430-RM,"Taxi Driver, Take Me Somewhere Naughty! An AV Actress Fulfills ""my Erotic Desires"" In This Anything-goes Sex Documentary. [Uncensored L**ked]",https://cdn001.imggle.net/webp/poster/07052026/13c631714c.webp,https://javct.net/v/dvmm-430-rm,145,2026-08-02
DVRT-077-RM,I'm Gonna Destroy My Best Friend's Girlfriend! - Hikari Tomoe [Uncensored L**ked],https://cdn001.imggle.net/webp/poster/07052026/a2ebff688a.webp,https://javct.net/v/dvrt-077-rm,135,2026-08-02
JUFE-627-RM,"Dad's Amateur Sex Video Documentary: A Sticky, Intense, And Sensual Sex Session Filled With Bodily Fluids And Sweat - Eri Onda [Uncensored L**ked]",https://cdn001.imggle.net/webp/poster/07052026/2347a60cc3.webp,https://javct.net/v/jufe-627-rm,120,2026-08-02
GONE-052-RM,A Sexual Beast Appears! !! Erotic Black Sister Who Rampages Endlessly With A Plump Body As A Weapon! !! Evening Season Chitose [Uncensored L**ked],https://cdn001.imggle.net/webp/poster/20221904/1653655584.webp,https://javct.net/v/gone-052-rm,138,2026-08-02
JERA-046,"My Co-worker, A Junior Colleague, Invited Me For A Drive To Minoshima Meguri, And We Went To A Love Hotel. She Didn't Want Her New Boyfriend To Think She Was A Pervert, So Out Of Curiosity, She Tried Drinking Semen For The First Time. She Got Excited By The Taste Of The Semen And Swallowed It Multiple Times, And He Ejaculated Inside Her, Throughout The Night.",https://cdn001.imggle.net/webp/poster/07052026/a1aad506dc.webp,https://javct.net/v/jera-046,242,2026-08-02
JERA-044,"Koume Ena, The Office Lady With The Rumored Hidden Large Breasts, Asked Me Out On A Drive Date For Work Advice... Out Of Curiosity, We Went To A Love Hotel And After A Titjob, I Got Turned On And We Had A One-day Affair Where I Was In 'slut Mode' And Ejaculated Profusely Between Her Breasts.",https://cdn001.imggle.net/webp/poster/07052026/f92e272588.webp,https://javct.net/v/jera-044,223,2026-08-02
MIMK-213-SUB,Huge Hit That Focuses On Nipple Play!! The Long-awaited Sequel Is Now Live-action!! C**ldhood Friend Addicted To Nipple Guessing Games 2 - Live-action Version - Rima Arai [English Subtitle],https://cdn001.imggle.net/webp/poster/20252204/1747330107.webp,https://javct.net/v/mimk-213-sub,120,2026-08-02
FSKT-048,No Name For Amateur Girls' Vision Debut SEX Collection 4 Hours,https://cdn001.imggle.net/webp/poster/07052026/a80d689dc2.webp,https://javct.net/v/fskt-048,240,2026-08-02
HZ-012-RM,"Nurse, Nurse! A Nurse's Uniform, Big Breasts, And A Plump, Huge Ass. Excuse Me, But That's A Crime In The Hospital. A Criminal G-cup Body. Nurse Giving A Raw, Unprotected Examination. Sumire Takigawa. [Uncensored L**ked]",https://cdn001.imggle.net/webp/poster/07052026/1891b08bc8.webp,https://javct.net/v/hz-012-rm,90,2026-08-02
FJIN-159-RM,"Reunited With The Arrogant, Slutty Ass-faced Girl Who Used To Bully Me. She Pissed Me Off Again, So I Got Revenge And Made Her Understand By Cumming Inside Her Without Pulling Out Until She Was Squirting With Pleasure. Konami Aya [Uncensored L**ked]",https://cdn001.imggle.net/webp/poster/07052026/f9094edca5.webp,https://javct.net/v/fjin-159-rm,129,2026-08-02
ABP-764,1 VS1 【※ No Performance At All】 Instinct Bare Timan 4 Real Production ACT.14 Bomb Birth · New Sex Monster 乙 都 さ き の,https://cdn001.imggle.net/webp/poster/07052026/6cd4994cf7.webp,https://javct.net/v/abp-764,210,2026-08-02
MISM-200-RM,Blow Job Study Party For Masochistic Rich Girls Himari Nanase [Uncensored L**ked],https://cdn002.imggle.net/webp/poster/mism-200.webp,https://javct.net/v/mism-200-rm,164,2026-08-02
CAWB-023-RM,"This Innocent, Short-haired Girl Who Dedicates Herself To Volunteer Work May Look Like This, But She's Actually A Masochist Who Wants Her Mind And Pussy To Be Messed Up. Shizuoka University, Faculty Of Environmental Studies, Shizuku Sera, AV Debut [Uncensored L**ked]",https://cdn001.imggle.net/webp/poster/07052026/ce9fcfbca5.webp,https://javct.net/v/cawb-023-rm,150,2026-08-02
XV-792-RM,Yuna Shiina Hunting Uniform [Uncensored L**ked],https://cdn001.imggle.net/webp/poster/07052026/cb5a0027ba.webp,https://javct.net/v/xv-792-rm,120,2026-08-02
MXBD-166-RM,Rogue Everyday ~ In HD Mistress Agreement Akiho Yoshizawa - Best Escort Miss (Blu-ray) [Uncensored L**ked],https://cdn001.imggle.net/webp/poster/07052026/21756fee85.webp,https://javct.net/v/mxbd-166-rm,125,2026-08-02
SORA-643,"Drug-addicted Former Hostess **dnapped! Aphrodisiacs Unleash Her Masochistic Sensitivity! Eyes Rolling Back, She Becomes A Squirting Doll - Megumi Minoshima",https://cdn001.imggle.net/webp/poster/07052026/af6b8493f6.webp,https://javct.net/v/sora-643,129,2026-08-02
HAWA-061-RM,"Secret With Others Stick SEX ""Actually I Never Drank Semen Of Master"" For The First Time Of The Seminal Drinking Este Shop Past 40-year-old Management Kaori 40-year-old Husband [Uncensored L**ked]",https://cdn001.imggle.net/webp/poster/07052026/b1f13e0873.webp,https://javct.net/v/hawa-061-rm,145,2026-08-02
DFDM-076,Uncle And P-Activity J-Type - A Seemingly Quiet But Secretly Perverted J-type Girl's Record Of Sleeping With Older Men - Yuka Chiba,https://cdn001.imggle.net/webp/poster/07052026/e9d659fb72.webp,https://javct.net/v/dfdm-076,122,2026-08-02
KIMR-006,Wife's Daily Life REC,https://cdn001.imggle.net/webp/poster/07052026/5c448b3424.webp,https://javct.net/v/kimr-006,102,2026-08-02
DTT-004,I Am Drowning In The Violation Of The Host With The Host ... Mami Kudo,https://cdn001.imggle.net/webp/poster/07052026/8d5764ddf4.webp,https://javct.net/v/dtt-004,110,2026-08-02
VDD-207-RM,Female Doctor In... (Threatening Suite Room) Emi Nishino [Uncensored L**ked],https://cdn001.imggle.net/webp/poster/07052026/423185d323.webp,https://javct.net/v/vdd-207-rm,133,2026-08-02
CEMD-375-RM,I Was Seeded At An Aphrodisiac Massage Salon...2 Saaya Kirijo [Uncensored L**ked],https://cdn001.imggle.net/webp/poster/20230804/1691207489.webp,https://javct.net/v/cemd-375-rm,126,2026-08-02
NEBB-001-RM,To**ure Meat Urinal-Sneaky Cum Captivity ● Hell-Honoka Mihara [Uncensored L**ked],https://cdn001.imggle.net/webp/poster/07052026/7d83e8a439.webp,https://javct.net/v/nebb-001-rm,133,2026-08-02
MISM-197-RM,Rookie Weirdo Saddle After Convulsions Brain Iki M Woman AV Debut Kasumi Hanasaki [Uncensored L**ked],https://cdn001.imggle.net/webp/poster/07052026/fc11deab70.webp,https://javct.net/v/mism-197-rm,150,2026-08-02
FC2PPV-4947896,[First battle of mop-up/annihilation of 12 soup men at once] White-haired princess Rena #1,https://cdn001.imggle.net/webp/poster/07052026/aee1437125.webp,https://javct.net/v/fc2ppv-4947896,56,2026-08-02
HZ-3897,"Fair-Skinned, Beautiful Wife Gets Fucked To Pay Off Husband's Ddebts - Reona Hironaka",https://cdn001.imggle.net/webp/poster/07052026/26f838f11d.webp,https://javct.net/v/hz-3897,52,2026-08-02
HZ-3894,Just Watching Isn't Enough! A Secret Club for Mature Women Starved for a Hard Cock - Yuri Fujisawa,https://cdn001.imggle.net/webp/poster/07052026/c9d2f6ad41.webp,https://javct.net/v/hz-3894,60,2026-08-02
259LUXU-646,Luxury TV 620,https://cdn001.imggle.net/webp/poster/07052026/4a4dc0a80a.webp,https://javct.net/v/259luxu-646,79,2026-08-02
10-073126-01,Treasured Pussy Selection: Airi Mita,https://cdn001.imggle.net/webp/poster/07052026/19fa7c8091.webp,https://javct.net/v/10-073126-01,09,2026-08-02
SIMM-908-RM,mountain stream [Uncensored L**ked],https://cdn001.imggle.net/webp/poster/07052026/e9f11f956c.webp,https://javct.net/v/simm-908-rm,67,2026-08-02
FC2PPV-4947920,"[First shot] A fair-skinned beauty who works in online advertising sales with a gorgeous beauty ""It's my first time to go this deep...The manager with a big cock thrusts deep into her vagina, and she moans with a demon piston and cums into her sensitive pussy with convulsions.",https://cdn001.imggle.net/webp/poster/07052026/67790afefe.webp,https://javct.net/v/fc2ppv-4947920,52,2026-08-02
1P-073026-001,Memorial Nude Photo Shoot: An Unbelievably Erotic Experience,https://cdn001.imggle.net/webp/poster/07052026/60e8fe121a.webp,https://javct.net/v/1p-073026-001,61,2026-08-02
FC2PPV-4945648,[Part 1/Blowjob Game Edition] A cool S-class** tail is on the verge of exploding with a blowjob ♡ Her beautiful white breasts with veins standing out make you squirm... [Face/Medium/None],https://cdn001.imggle.net/webp/poster/07052026/a41810767c.webp,https://javct.net/v/fc2ppv-4945648,59,2026-08-02
CR-073026-001,"Porn Star Encyclopedia: Mayu Aoyama, Kaede Takagaki, Mina Sakura, Rin Fujino",https://cdn001.imggle.net/webp/poster/07052026/b01e0e123e.webp,https://javct.net/v/cr-073026-001,80,2026-08-02
UGH-033,It was supposed to be just selling panties... but... 5 girls were creampied in a public toilet.,https://cdn001.imggle.net/webp/poster/07052026/927f2933bf.webp,https://javct.net/v/ugh-033,64,2026-08-02
GRMO-335,Human Observation: I'll suck your cock for a high appraisal! Hameru! A girl who wants money and has her vagina evaluated at a store specializing in brand purchases,https://cdn001.imggle.net/webp/poster/07052026/7802189306.webp,https://javct.net/v/grmo-335,38,2026-08-02
FC2PPV-4947342,"[Second part/Infinite electric massager edition] S-class** is seduced with electric massager and vibrator, and ejaculates obediently as she twists her waist and endures waves of pleasure [Face/Middle/No]",https://cdn001.imggle.net/webp/poster/07052026/8a27ed5e52.webp,https://javct.net/v/fc2ppv-4947342,61,2026-08-02
FC2PPV-4945662,"First shot [No] [NTR raw sex] A beautiful woman who is not satisfied with her older boyfriend's small-sized penis cheats on him with raw penis. She was nervous at first, but she showed me the face she doesn't show to her boyfriend. *Bonus included",https://cdn001.imggle.net/webp/poster/07052026/e6bebe9283.webp,https://javct.net/v/fc2ppv-4945662,45,2026-08-02
FC2PPV-4946946,[Individual video] Pick up a normally serious nurse and fuck her raw,https://cdn001.imggle.net/webp/poster/07052026/a5f935f16e.webp,https://javct.net/v/fc2ppv-4946946,60,2026-08-02
MFCS-217-RM,Mamin [Uncensored L**ked],https://cdn001.imggle.net/webp/poster/07052026/78bd76d048.webp,https://javct.net/v/mfcs-217-rm,69,2026-08-02
583ERKR-1118-RM,True Story: Yoshiwara Luxury Store Popular Soapland Girls Sakura & Mitsuki [Uncensored L**ked],https://cdn001.imggle.net/webp/poster/07052026/fd971c4ee3.webp,https://javct.net/v/583erkr-1118-rm,89,2026-08-02
APAR-039,Beautiful Woman Living Alone Cabin Crew Became Slaves Cock Humiliation ... Obsession Distorted Studio. Aoki Misora,https://cdn001.imggle.net/webp/poster/07052026/153d1f4b48.webp,https://javct.net/v/apar-039,125,2026-08-02
XVSR-888-RM,"AV Actresses Karin Kitaoka And Meisa Nishimoto Engage In A Private Reverse 3P Sex Session, Competing For The Dream Cock In A Harem Cumshot Sex! [Uncensored L**ked]",https://cdn001.imggle.net/webp/poster/07052026/1b4d765db1.webp,https://javct.net/v/xvsr-888-rm,120,2026-08-02
KSBJ-087-RM,We Meet Again... Mio Kimishima [Uncensored L**ked],https://cdn001.imggle.net/webp/poster/20212011/1640572158.webp,https://javct.net/v/ksbj-087-rm,120,2026-08-02
JUY-391-RM,I Love My Husband But My Body Is Seeking Others. Nami Sekine [Uncensored L**ked],https://cdn001.imggle.net/webp/poster/20222410/1667267164.webp,https://javct.net/v/juy-391-rm,120,2026-08-02
SCOP-554-RM,"Maxi Dress Is Perspiring With Sweat It Strikes Her Sister Who Sticks To Herself Well Honorable! !If You Try To Spray Aphrodisiacs In A Brief Reaction, It Reacts Quickly And The Morphology Is Reversed! !Bathed In The Room As It Is Successfully Sexually Awesome Aphrodisiac Cum! ! [Uncensored L**ked]",https://cdn001.imggle.net/webp/poster/06032026/1775366010.webp,https://javct.net/v/scop-554-rm,140,2026-08-02
STARS-116-RM,What If Masami Ichikawa (Who Has Always Been Your Favorite Since Her Days As An SOD Employee) Ended Up Sharing Your Hotel Room During The Wedding Of A Colleague? [Uncensored L**ked],https://cdn001.imggle.net/webp/poster/20220707/1658702428.webp,https://javct.net/v/stars-116-rm,121,2026-08-02
FC2PPV-4948361,[Past one] **pyjpx*jsps Serious emergency (first shoot) * Shooting experience. Na〇 It's the first and last time.'' Discovering a former young S-rank beauty from the countryside. Experience a very thick dick for the first time. It feels so good. I can't stop crying. Bonus included.'',https://cdn001.imggle.net/webp/poster/07052026/f05d84b943.webp,https://javct.net/v/fc2ppv-4948361,53,2026-08-02
FC2PPV-4947542,Day 186: [Nympho married woman] **pyjpx*jsps Dozens of clits with an electric massager...complete depravity from clothed masturbation to positive graffiti,https://cdn001.imggle.net/webp/poster/07052026/13c4919c0d.webp,https://javct.net/v/fc2ppv-4947542,30,2026-08-02
VEMA-059-RM,Fallen Married Woman Slave Teacher - Shiho [Uncensored L**ked],https://cdn001.imggle.net/webp/poster/07052026/9c467ed813.webp,https://javct.net/v/vema-059-rm,100,2026-08-02
CAWD-999-RM,"No One Dares To Lay A Hand On Her... The Cutest, Most Unattainable Girl In The Class Has Lost Her Memory And All Reason!? She Crawls Around On All Fours With Her Bare Ass And Anus Exposed Everywhere, In Public And At School... A Selfish, Incontinent, Morally Bankrupt Girl! Aizawa Miyu [Uncensored L**ked]",https://cdn001.imggle.net/webp/poster/07052026/d2c187d784.webp,https://javct.net/v/cawd-999-rm,110,2026-08-02
BAB-195,Ghostly Thump-Thump Schoolgirl Season 10: Kisaki Nana,https://cdn001.imggle.net/webp/poster/07052026/f9200111a6.webp,https://javct.net/v/bab-195,146,2026-08-02
XVSR-888,"AV Actresses Karin Kitaoka And Meisa Nishimoto Engage In A Private Reverse 3P Sex Session, Competing For The Dream Cock In A Harem Cumshot Sex!",https://cdn001.imggle.net/webp/poster/07052026/1b4d765db1.webp,https://javct.net/v/xvsr-888,120,2026-08-02
JUFE-117-RM,"My Girlfriend Is Close By But Her Intellectual Little Sister Is Whispering Dirty Talk And Pressing Her Beautiful Tits Against Me In An Attempt To Lure Me To Temptation, What A Dirty Fucking Slut Kanon Kanade [Uncensored L**ked]",https://cdn001.imggle.net/webp/poster/20221904/1654213094.webp,https://javct.net/v/jufe-117-rm,149,2026-08-02
DDOB-097-RM,A Tall MILF Handjob Bitch - Eri Takigawa [Uncensored L**ked],https://cdn001.imggle.net/webp/poster/20212308/1631937150.webp,https://javct.net/v/ddob-097-rm,128,2026-08-02
CESD-620-RM,Crack Was Reverend Revenge 2 Otsuki Hibiki Hatano Yui [Uncensored L**ked],https://cdn001.imggle.net/webp/poster/07052026/9839dbcee5.webp,https://javct.net/v/cesd-620-rm,213,2026-08-02
C-2481,Mature Wife Interview Gonzo [5] Extra Edition,https://cdn001.imggle.net/webp/poster/07052026/bc25d6445c.webp,https://javct.net/v/c-2481,145,2026-08-02
VENU-048-RM,"Stepmother Incest: A Drunken, Lustful Mother Who Drinks Her Son's Sperm! - Katou Tsubaki [Uncensored L**ked]",https://cdn001.imggle.net/webp/poster/07052026/861246d5f0.webp,https://javct.net/v/venu-048-rm,80,2026-08-02
JRW-030-RM,"Real Naked Ryokan 25 As A Result Of Being Overly Conscious Of The Reputation Of The Net, It Is Too Erotic Hot Spring Ryokan That Satisfies All The Desires Of Men With Excessive Hospitality [Uncensored L**ked]",https://cdn001.imggle.net/webp/poster/20222612/1672461014.webp,https://javct.net/v/jrw-030-rm,149,2026-08-02
MESU-102-RM,Nympho Concierge Working At A Hotel Creampie Customer Service Reiko Seo [Uncensored L**ked],https://cdn001.imggle.net/webp/poster/20222311/1670468792.webp,https://javct.net/v/mesu-102-rm,115,2026-08-02
JUNY-002-RM,"It's A No-Sex Massage Parlor But Her Voluptuous Body Feels So Good, You Can't Book Her! A Cute, Chubby Fudol Makes An Exclusive Porn Debut For Fitch. Hime Ichimaru [Uncensored L**ked]",https://cdn001.imggle.net/webp/poster/20221108/1661343158.webp,https://javct.net/v/juny-002-rm,153,2026-08-02
NATR-771-RM,Perfectly Round! Shirakawa Hanase [Uncensored L**ked],https://cdn001.imggle.net/webp/poster/07052026/8005f87c42.webp,https://javct.net/v/natr-771-rm,242,2026-08-02
SPRD-970-RM,Earthquaking Colossal Tits My Natural Airhead Sister-In-Law Is Prancing Around Every Day Without Her Bra On And It's Driving Me Crazy... Chitose Yura [Uncensored L**ked],https://cdn001.imggle.net/webp/poster/20221904/1654165240.webp,https://javct.net/v/sprd-970-rm,112,2026-08-02
HMN-007-RM,"I Love My Girlfriend's Sister So Much, That I Secretly Got Her Pregnant! Mei Satsuki [Uncensored L**ked]",https://cdn002.imggle.net/webp/poster/hmn-007.webp,https://javct.net/v/hmn-007-rm,119,2026-08-02
DIY-045-RM,"Contract For Creampie Limited To ""Dangerous Days"". J-Cup Amateur Wife 003 Chitose Saegusa [Uncensored L**ked]",https://cdn001.imggle.net/webp/poster/20221108/1661448608.webp,https://javct.net/v/diy-045-rm,148,2026-08-02
EKDV-423-RM,Colossal Tits Exposed Under Her Competitive Swimsuit Chitose [Uncensored L**ked],https://cdn001.imggle.net/webp/poster/20221202/1649951269.webp,https://javct.net/v/ekdv-423-rm,169,2026-08-02
HMN-014-RM,"Hot Massage Parlor Slut Decided To Star In Porn, But Wasn't Sure About The Creampie - One Month After Her Debut, She Finally Made Up Her Mind To Do It Raw Minami Hironaka [Uncensored L**ked]",https://cdn002.imggle.net/webp/poster/hmn-014.webp,https://javct.net/v/hmn-014-rm,162,2026-08-02
VEQ-284,"S-Class Mature Woman Complete File: Mako Oda, 6 Hours, Part 5",https://cdn001.imggle.net/webp/poster/07052026/a988c82ef1.webp,https://javct.net/v/veq-284,360,2026-08-02
ID-025,Aki Sasaki SPECIAL BEST 4 Hours,https://cdn001.imggle.net/webp/poster/07052026/ce83f7fbb7.webp,https://javct.net/v/id-025,240,2026-08-02
AKDL-117-RM,Narumi Hirose [Uncensored L**ked],https://cdn001.imggle.net/webp/poster/07202025/1756078192.webp,https://javct.net/v/akdl-117-rm,146,2026-08-02
MISM-198-RM,She's Lifting Her Anal Ban A Massive Chrysanthemum In Full Bloom Himari Nanase [Uncensored L**ked],https://cdn001.imggle.net/webp/poster/20212709/1636884719.webp,https://javct.net/v/mism-198-rm,120,2026-08-02
DORI-055,"Paco Shooting No.55 ""Look At Me ♪"" And Ji ● I Started Licking Raw SEX I Love Boyish J ● Continuous Vaginal Cum Shot! The Third Time I Made A Facial Cumshot, I Made A Sad Face Saying ""Why !?""!",https://cdn001.imggle.net/webp/poster/07052026/c1e1552f15.webp,https://javct.net/v/dori-055,80,2026-08-02
ZUKO-050,Cum Orgy ~ Spring ~ Uniforms And School Girls,https://cdn001.imggle.net/webp/poster/07052026/4949a80d15.webp,https://javct.net/v/zuko-050,180,2026-08-02
ZUKO-055,Cum Orgy School Trip - Hen Uniforms And School Girls,https://cdn001.imggle.net/webp/poster/07052026/0ca1df12e4.webp,https://javct.net/v/zuko-055,150,2026-08-02
GBRK-001-RM,*Viewer Discretion Advised* J● R**e Indiscriminate Ejaculation! [Uncensored L**ked],https://cdn001.imggle.net/webp/poster/05192026/42061fb35b.webp,https://javct.net/v/gbrk-001-rm,301,2026-08-02
FSPT-056-RM,"Compilation Of Innocent, Kind, And Sexy Gal Beauties: BEST 10 Girls, 300 Minutes Of Making Schoolgirl Beauties Cum And Cumming Inside Them Repeatedly. [Uncensored L**ked]",https://cdn001.imggle.net/webp/poster/05192026/01633c7724.webp,https://javct.net/v/fspt-056-rm,300,2026-08-02
JKSR-743-RM,Sailor Uniform Sex Slave: 4 Hours Of Sex With 12 Young Schoolgirls [Uncensored L**ked],https://cdn001.imggle.net/webp/poster/07052026/0fd0b55cee.webp,https://javct.net/v/jksr-743-rm,240,2026-08-02
ZUKO-058,Cum Orgy ~ ~ Summer Uniforms And School Girls,https://cdn001.imggle.net/webp/poster/07052026/80cbf7cc64.webp,https://javct.net/v/zuko-058,180,2026-08-02
JRBA-004-RM,"Konatsu-chan And Tokyo Kanko ""The First Time I Ran Away From Home Was A Shameless Picnic With A Stranger."" Kashiwagi Konatsu [Uncensored L**ked]",https://cdn001.imggle.net/webp/poster/20222612/1674272753.webp,https://javct.net/v/jrba-004-rm,149,2026-08-02
MUDR-191-RM,"Voyeurism, Invasion Of The House, Covering The Sleeping Girl ... Sleep Learning. The Body Of The Girl Who Continued To Be Planted With Pleasure With Vaginal Cum Shot ... Sumire Kuramoto [Uncensored L**ked]",https://cdn001.imggle.net/webp/poster/20221904/1652426376.webp,https://javct.net/v/mudr-191-rm,180,2026-08-02
MIDA-725-RM,"""It's Embarrassing To Have My Pee Seen..."" A Secretly Perverted J-pop Idol Gets Excited And Squirms As She Drinks Pee, Saliva, Vaginal Fluid, And Sweat! Dripping Bodily Fluids, Holy Water, And Drenched Academy - Kira Hoshi [Uncensored L**ked]",https://cdn001.imggle.net/webp/poster/07052026/5411b2625a.webp,https://javct.net/v/mida-725-rm,150,2026-08-02
CAWB-015-RM,"Bad Girls Deserve Punishment, Right? The Teacher Teaches The Stupid, Naughty Sisters A Lesson By Impregnating Them With His Body. Kasane Saito, Yuna Hinata [Uncensored L**ked]",https://cdn001.imggle.net/webp/poster/07052026/47b9ee349b.webp,https://javct.net/v/cawb-015-rm,160,2026-08-02
SOAN-130,"Anal Seminar: Making A Cocky Female Apartment Owner Understand With A Dick, Anal Brain Orgasm, 3-hole Dedicated Asshole Addict Pet, Wakana Hachimori",https://cdn001.imggle.net/webp/poster/07052026/e4e50941b5.webp,https://javct.net/v/soan-130,130,2026-08-02
SQTE-416-RM,Please Lick My Dick. Meisa Kawakita From The Middle 1 [Uncensored L**ked],https://cdn001.imggle.net/webp/poster/20221904/1654321761.webp,https://javct.net/v/sqte-416-rm,106,2026-08-02
CAWB-017-RM,"I'm An Unpopular, Middle-aged Teacher, But...maybe I Can Miraculously Get My Hands On A Top Girl!? A Popular, Outgoing Female Student Who Ran Away From Home Came To Her Homeroom Teacher's House And Asked To Stay The Night. And In Return, She Offered Her Pussy. Honma Asami [Uncensored L**ked]",https://cdn001.imggle.net/webp/poster/07052026/59a21d2cbd.webp,https://javct.net/v/cawb-017-rm,110,2026-08-02
FLAV-316-RM,The Rumored Idol Schoolgirl Is A Little Devil Slut Who Tempts Old Men With Her Voluptuous Colossal Tits Momo Minami [Uncensored L**ked],https://cdn001.imggle.net/webp/poster/20222612/1674273251.webp,https://javct.net/v/flav-316-rm,140,2026-08-02
MUDR-190-RM,"Ever Since That Day ... Uika Noa, A Beautiful Girl In Uniform Who Is Vaginal Cum Shot During Bondage Training [Uncensored L**ked]",https://cdn001.imggle.net/webp/poster/20221904/1652426441.webp,https://javct.net/v/mudr-190-rm,120,2026-08-02
CAWB-017,"I'm An Unpopular, Middle-aged Teacher, But...maybe I Can Miraculously Get My Hands On A Top Girl!? A Popular, Outgoing Female Student Who Ran Away From Home Came To Her Homeroom Teacher's House And Asked To Stay The Night. And In Return, She Offered Her Pussy. Honma Asami",https://cdn001.imggle.net/webp/poster/07052026/59a21d2cbd.webp,https://javct.net/v/cawb-017,110,2026-08-02
JUFE-627,"Dad's Amateur Sex Video Documentary: A Sticky, Intense, And Sensual Sex Session Filled With Bodily Fluids And Sweat - Eri Onda",https://cdn001.imggle.net/webp/poster/07052026/2347a60cc3.webp,https://javct.net/v/jufe-627,120,2026-08-02
SORA-644-RM,"The Delinquents Who Bullied Me Took Over My House And Stayed There For A Week, Raping Me! My Older Sister Came To My Rescue And Took Her Place, Getting Brutally Gang-r**ed And Impaled In A 4P Gangbang, Falling Into A State Of Ecstatic Bliss. Toba Iku [Uncensored L**ked]",https://cdn001.imggle.net/webp/poster/07052026/5ed156b873.webp,https://javct.net/v/sora-644-rm,125,2026-08-02
FOCS-153-RM,Everyone's Energetic Idol ♪ ... A Manager Is Exclusive To You And Consecutive Creampie Masturbation Support Mai Arisu [Uncensored L**ked],https://cdn001.imggle.net/webp/poster/20230908/1695362097.webp,https://javct.net/v/focs-153-rm,120,2026-08-02
MIDA-739-RM,Nonstop Massive Ejaculation Cock & Cum-soaked Cum-drenched Orgy With Hiyori Sasakura [Uncensored L**ked],https://cdn001.imggle.net/webp/poster/07052026/76219b3ed6.webp,https://javct.net/v/mida-739-rm,130,2026-08-02
KTB-120,"W Tall Wives' [Pervert Convenience Store & Cumshot Bar] Touch Us Anytime, Anywhere Inside The Store - Pervert-Free Women Kyoko & Koharu",https://cdn001.imggle.net/webp/poster/07052026/bcb43709e6.webp,https://javct.net/v/ktb-120,146,2026-08-02
NITR-271-RM,Courier Best Of Masochist [Uncensored L**ked],https://cdn001.imggle.net/webp/poster/20250903/1745278324.webp,https://javct.net/v/nitr-271-rm,240,2026-08-02
SORA-644,"The Delinquents Who Bullied Me Took Over My House And Stayed There For A Week, Raping Me! My Older Sister Came To My Rescue And Took Her Place, Getting Brutally Gang-r**ed And Impaled In A 4P Gangbang, Falling Into A State Of Ecstatic Bliss. Toba Iku",https://cdn001.imggle.net/webp/poster/07052026/5ed156b873.webp,https://javct.net/v/sora-644,125,2026-08-02
CAWB-020-RM,Old Men Are... So Creepy. Innocent Girls Are Routinely Covered In Semen By These Old Men. (Matsuoka Mio) [Uncensored L**ked],https://cdn001.imggle.net/webp/poster/07052026/df5323fe4d.webp,https://javct.net/v/cawb-020-rm,120,2026-08-02
WANZ-848-RM,Walleme Serving Absolute Firing Service! !Cum Shot OK Shaved Maid Arimura Nozomi [Uncensored L**ked],https://cdn001.imggle.net/webp/poster/07052026/834f88a4a9.webp,https://javct.net/v/wanz-848-rm,120,2026-08-02
DVMM-430,"Taxi Driver, Take Me Somewhere Naughty! An AV Actress Fulfills ""my Erotic Desires"" In This Anything-goes Sex Documentary.",https://cdn001.imggle.net/webp/poster/07052026/13c631714c.webp,https://javct.net/v/dvmm-430,145,2026-08-02
MIDA-739,Nonstop Massive Ejaculation Cock & Cum-soaked Cum-drenched Orgy With Hiyori Sasakura,https://cdn001.imggle.net/webp/poster/07052026/76219b3ed6.webp,https://javct.net/v/mida-739,130,2026-08-02
CAWB-020,Old Men Are... So Creepy. Innocent Girls Are Routinely Covered In Semen By These Old Men. (Matsuoka Mio),https://cdn001.imggle.net/webp/poster/07052026/df5323fe4d.webp,https://javct.net/v/cawb-020,120,2026-08-02
CAWB-016,"Despite Being A Teacher And Student Council President, We Are Masochistic Sisters Who Want To Be Trained To Be Semen-filled Flesh Toilets. Yuuki Rino, Chiba Yuuka",https://cdn001.imggle.net/webp/poster/07052026/2a86acf858.webp,https://javct.net/v/cawb-016,120,2026-08-02
CAR-002,Bukkake happy girl sprays a lot of semen on my face ◆ (2),https://cdn001.imggle.net/webp/poster/07052026/ea98069f6e.webp,https://javct.net/v/car-002,152,2026-08-02
GOJU-318-RM,"A Perverted Amateur Wife, Suisan, Volunteers To Be Covered In A Massive Load Of Cum, Wanting Her Face And Pussy To Be Drenched In Semen. [Uncensored L**ked]",https://cdn001.imggle.net/webp/poster/07052026/e7c772f8d4.webp,https://javct.net/v/goju-318-rm,146,2026-08-02
OKS-187,"Yurika Aoi - Wet, Shiny, And Tightly Fitting, Divine School Swimsuit. Enjoy The Cute Girl's School Swimsuit! Starting With The Changing Of Clothes, Enjoy Fetish Close-ups Of Small Breasts, Big Breasts, Shaved Pussy, Hairy Armpits, Lotion Soap Play, And School Swimsuit Bukkake All While Fully Clothed.",https://cdn001.imggle.net/webp/poster/07052026/fba17a8285.webp,https://javct.net/v/oks-187,93,2026-08-02
RMER-056,Urinal Girl Rio Sakamoto,https://cdn001.imggle.net/webp/poster/07052026/307d9b8a9d.webp,https://javct.net/v/rmer-056,119,2026-08-02
OKB-185,"Kamino Luna, A Plump, Beautiful Ass, Divine Bloomers. Beautiful Girls And Chubby Girls Dressed In Tight Bloomers And Gym Clothes, With Super Close-up Shots Of Their Panties And Sweaty Slits So Close You Can See The Pores! Plus, Assjobs, Peeing In Clothes, Bloomer Bukkake, And More. A Fully Clothed Fetish AV For Bloomer Lovers.",https://cdn001.imggle.net/webp/poster/07052026/7c9b41b84d.webp,https://javct.net/v/okb-185,93,2026-08-02
RMER-057-RM,Urinal Girl Okina Sakura [Uncensored L**ked],https://cdn001.imggle.net/webp/poster/07052026/05eb6b6a15.webp,https://javct.net/v/rmer-057-rm,116,2026-08-02
USBA-007-RM,Aphrodisiac BDSM A Neat Young Wife Becomes A Horny Beast Record Arisaka Miyuki [Uncensored L**ked],https://cdn001.imggle.net/webp/poster/07202025/1755060181.webp,https://javct.net/v/usba-007-rm,100,2026-08-02
FEM-035-RM,Nanako's Reverse Anal Lesson [Uncensored L**ked],https://cdn001.imggle.net/webp/poster/07052026/3fde431c83.webp,https://javct.net/v/fem-035-rm,122,2026-08-02
YMDD-306-RM,Drinking Log Selfie Senbero Girls-Beautiful Tadaman Ladder Sake-Yuki Kokona [Uncensored L**ked],https://cdn001.imggle.net/webp/poster/20222612/1672461460.webp,https://javct.net/v/ymdd-306-rm,120,2026-08-02
FC2PPV-4948171,[Amateur adulterous wife] Beautiful wife who is ecstatic with continuous creampie vol.29 Rui [New product buy now campaign / Review special bonus gift],https://cdn001.imggle.net/webp/poster/07052026/0f6b4c5e35.webp,https://javct.net/v/fc2ppv-4948171,92,2026-08-02
WAAA-675-RM,"""If You Lick It, I'll Get So Excited My Asshole Will Twitch,"" Says The Panty-less J-pop Idol, Showing Off Her Anus With A Wide-legged Blowjob! Rima Arai [Uncensored L**ked]",https://cdn001.imggle.net/webp/poster/07052026/74c426ea70.webp,https://javct.net/v/waaa-675-rm,120,2026-08-02
WAAA-675,"""If You Lick It, I'll Get So Excited My Asshole Will Twitch,"" Says The Panty-less J-pop Idol, Showing Off Her Anus With A Wide-legged Blowjob! Rima Arai",https://cdn001.imggle.net/webp/poster/07052026/74c426ea70.webp,https://javct.net/v/waaa-675,120,2026-08-02
MOPG-060,Standing Demon To**ure Convulsions Of A Man M Slut Sister Satoshi Minami Rina,https://cdn001.imggle.net/webp/poster/07052026/f88d6f7c18.webp,https://javct.net/v/mopg-060,113,2026-08-02
MISM-196-RM,Itching ... I Came To Have A 3-hole Paco! Evil Masochist Enlightenment Amateur Off-Meeting Application: Ketsu Throat Ma ● Ko-chan [Uncensored L**ked],https://cdn001.imggle.net/webp/poster/20240807/1721347158.webp,https://javct.net/v/mism-196-rm,160,2026-08-02
EMLB-092,"The Other Side Of A True Asshole-addicted Woman: When She Sees A Man's Fist, She Immediately Takes It In Her Ripping Anus, Her Consciousness Flying Away In Ecstasy, The Ultimate Anal Fist Fuck Best",https://cdn001.imggle.net/webp/poster/07052026/9c951b9979.webp,https://javct.net/v/emlb-092,240,2026-08-02
CJOB-203,"My Best Favorites: Licking My Dick And Anal At The Same Time, Making Me Ejaculate Even Though My Legs And Waist Tremble",https://cdn001.imggle.net/webp/poster/07052026/0690cafb42.webp,https://javct.net/v/cjob-203,240,2026-08-02
HAZU-032,"""A Man's Anus Is Meant To Be Dug."" She Is A Beautiful Transsexual Who Enjoys Sadistic Play With A Smile.",https://cdn001.imggle.net/webp/poster/07052026/3707839f22.webp,https://javct.net/v/hazu-032,114,2026-08-02
FC2PPV-4947237,"I have collected a first-person angle video of Sumire-chan (18\), who has cute black hair with twin tails, from her third shoot.",https://cdn001.imggle.net/webp/poster/07052026/aad5328100.webp,https://javct.net/v/fc2ppv-4947237,93,2026-08-02
HUNTB-432-RM,"""Let's Have Sex All The Time"" Two Busty Bosses Who Got Drunk And Became Erotic Won't Let Me Sleep Until Morning, Double Big Tits Sandwiched In SEX & Double Stake Piston Cowgirl Position! [Uncensored L**ked]",https://cdn001.imggle.net/webp/poster/20222311/1671764826.webp,https://javct.net/v/huntb-432-rm,230,2026-08-02
HMN-849-SUB,"The Strict, Spartan Female Boss At The Company Is Surprisingly A Smiling Soap Girl!! She's Usually Terrifying But Now She's Completely Accepting And Doting On You Like A Baby, Giving You A Wild 20-shot Cumshot Inside Her. Ayatsuki Nanao [English Subtitle]",https://cdn001.imggle.net/webp/poster/04112026/1776964051.webp,https://javct.net/v/hmn-849-sub,120,2026-08-02
SORA-642,"Personality Manipulation, Brainwashing, Hypnosis: ""Even Though I'm Incompetent, I'm A Genius CEO Who Can Make The Most Of My Talents"" - The Story Of How An Arrogant Second-generation Female CEO Is Turned Into A Smiling Sex Slave By A Hypnotic Employee Using A Hypnotic App - Sumire Kurokawa",https://cdn001.imggle.net/webp/poster/07052026/dbf5469069.webp,https://javct.net/v/sora-642,114,2026-08-02
MOND-245-RM,Longing Female Boss And Shiori Tsukada [Uncensored L**ked],https://cdn001.imggle.net/webp/poster/20230104/1682136652.webp,https://javct.net/v/mond-245-rm,130,2026-08-02
MOND-234-RM,Longing Female Boss And Mio Morishita [Uncensored L**ked],https://cdn001.imggle.net/webp/poster/20220707/1658551411.webp,https://javct.net/v/mond-234-rm,120,2026-08-02
ONEZ-195-RM,Elena Takimoto In A Shared Room At A Business Hotel On Business Trip Destination [Uncensored L**ked],https://cdn001.imggle.net/webp/poster/07052026/3fcf96e28f.webp,https://javct.net/v/onez-195-rm,120,2026-08-02
HOMA-151-SUB,My Cute But Overbearing Younger Female Boss Came To The Hotel Where I Was Staying On A Business Trip And We Had Sex All Night Long Alone Together - Mayu Hazuki [English Subtitle],https://cdn001.imggle.net/webp/poster/20250903/1742574813.webp,https://javct.net/v/homa-151-sub,139,2026-08-02
MOND-241-RM,Longing Woman Boss And Yurika Hiyama [Uncensored L**ked],https://cdn001.imggle.net/webp/poster/20222612/1674275346.webp,https://javct.net/v/mond-241-rm,135,2026-08-02
DSOD-034-RM,"You Just Saw My Erection, Didn't You? Seeing My Skirt Bulging Against The Desk, I Was Irresistibly Tempted, As If My Erection Was Pressing Itself Against Me. Yuzuki Renka [Uncensored L**ked]",https://cdn001.imggle.net/webp/poster/07052026/1bc29f11d4.webp,https://javct.net/v/dsod-034-rm,120,2026-08-02
DSOD-016-RM,"My Beautiful Boss, Mei-senpai, Has An Overwhelming Thigh-high Sock Territory. Her Temptation To Make Me Ejaculate Until I Have Zero Semen Left Over Again And Again Left My Balls Empty. Mei Itsukaichi [Uncensored L**ked]",https://cdn001.imggle.net/webp/poster/07052026/d6b8b96651.webp,https://javct.net/v/dsod-016-rm,110,2026-08-02
DSOD-036-RM,The Break-Even Point Of Adultery: KPI-Focused Management Using Secret Sex With Married Subordinates To Manage Ejaculation Tasks (Compliance Violation) - Hibiki Otsuki [Uncensored L**ked],https://cdn001.imggle.net/webp/poster/07052026/ea6a6d7391.webp,https://javct.net/v/dsod-036-rm,140,2026-08-02
DSOD-036,The Break-Even Point Of Adultery: KPI-Focused Management Using Secret Sex With Married Subordinates To Manage Ejaculation Tasks (Compliance Violation) - Hibiki Otsuki,https://cdn001.imggle.net/webp/poster/07052026/ea6a6d7391.webp,https://javct.net/v/dsod-036,140,2026-08-02
DSOD-034,"You Just Saw My Erection, Didn't You? Seeing My Skirt Bulging Against The Desk, I Was Irresistibly Tempted, As If My Erection Was Pressing Itself Against Me. Yuzuki Renka",https://cdn001.imggle.net/webp/poster/07052026/1bc29f11d4.webp,https://javct.net/v/dsod-034,120,2026-08-02
DSOD-016,"My Beautiful Boss, Mei-senpai, Has An Overwhelming Thigh-high Sock Territory. Her Temptation To Make Me Ejaculate Until I Have Zero Semen Left Over Again And Again Left My Balls Empty. Mei Itsukaichi",https://cdn001.imggle.net/webp/poster/07052026/d6b8b96651.webp,https://javct.net/v/dsod-016,110,2026-08-02
HUNTB-487-RM,"When You Get Drunk, Kissing Demons Exposure Demons Asking For Anal Licking! The True Nature Of A Serious Female Boss Who Is Usually Strict With Me! Normally, When I Drank Alcohol For The First Time With My Super Strict Female Boss, I Got Mud... [Uncensored L**ked]",https://cdn001.imggle.net/webp/poster/20233001/1677210835.webp,https://javct.net/v/huntb-487-rm,210,2026-08-02
HODV-21945-SUB,"""You Missed The Last Train... Shall We Come To My Place Then?"" I Missed The Last Train So I Stayed The Night At My Female Boss's House While Her Husband Was Away On A Business Trip. She Seduced Me And I Was So Excited That I Kept Fucking Her Until The Morning. Kanna Misaki [English Subtitle]",https://cdn001.imggle.net/webp/poster/20253001/1740678994.webp,https://javct.net/v/hodv-21945-sub,140,2026-08-02
NACT-156-RM,"Why Did You Only Book One Room?! I Ended Up Sharing A Room With My Useless, Older Subordinate, An Elite With A Huge Dick, And I Became Obsessed With Him... Azusa Marino [Uncensored L**ked]",https://cdn001.imggle.net/webp/poster/07052026/faf5f374b8.webp,https://javct.net/v/nact-156-rm,123,2026-08-02
HODV-21656-RM,"(Discovery) A Real SEX Prodigy, AV Debut For Kaeda Okui [Uncensored L**ked]",https://cdn001.imggle.net/webp/poster/20221202/1646384760.webp,https://javct.net/v/hodv-21656-rm,180,2026-08-02
NACT-156,"Why Did You Only Book One Room?! I Ended Up Sharing A Room With My Useless, Older Subordinate, An Elite With A Huge Dick, And I Became Obsessed With Him... Azusa Marino",https://cdn001.imggle.net/webp/poster/07052026/faf5f374b8.webp,https://javct.net/v/nact-156,123,2026-08-02
PARATHD-4478,"""Please don't tell anyone.'' I unexpectedly had a face-to-face meeting with my female boss, who is annoying because I work as a side job! (2) Miyu Kanesaki was made into a sex worker who can receive dicks even in the office by reversing the position.",https://cdn001.imggle.net/webp/poster/07052026/edbd251a03.webp,https://javct.net/v/parathd-4478,59,2026-08-02
MFYD-165-RM,My Female Boss Turns Into A Nymphomaniac At Night And R**es Me Until My Dick Goes Numb By Morning. [Uncensored L**ked],https://cdn001.imggle.net/webp/poster/07052026/8dcc809501.webp,https://javct.net/v/mfyd-165-rm,190,2026-08-02
MFYD-165,[Sudden Transformation] My Female Boss Turns Into A Nymphomaniac At Night And R**es Me Until My Dick Goes Numb By Morning.,https://cdn001.imggle.net/webp/poster/07052026/8dcc809501.webp,https://javct.net/v/mfyd-165,190,2026-08-02
VEC-485-RM,Bringing The Hot Married Woman From My Job Home For Creampie Sex Chitose Yuki [Uncensored L**ked],https://cdn001.imggle.net/webp/poster/20212709/1632731455.webp,https://javct.net/v/vec-485-rm,125,2026-08-02
HODV-21672-RM,An Ideally Sexy And Heavenly Body That Is Just Right For SEX. Misuzu Mifune [Uncensored L**ked],https://cdn001.imggle.net/webp/poster/20221904/1651817266.webp,https://javct.net/v/hodv-21672-rm,180,2026-08-02
VRTM-474-RM,"When I Secretly And Quietly Touched This Housewife's Pussy Underneath The Foot Warmer, She Was Full Of So Much Dripping Wet Pussy Juice That It Was Leaving Gooey Threads Of Goo! She Hadn't Been Fucked In So Long That Even Though Her Husband Was Right Near By, She Just Kept On Cumming Over And Over Again! 4 SPECIAL [Uncensored L**ked]",https://cdn001.imggle.net/webp/poster/20220406/1656953561.webp,https://javct.net/v/vrtm-474-rm,122,2026-08-02
KAM-089-RM,"I Brought The Married Woman Part-Timer Home From A Work Party, And Took Hidd** Camera Voyeur Footage Of Our Fucks, Then Secretly Sold It As Porn 5 [Uncensored L**ked]",https://cdn002.imggle.net/webp/poster/kam-089.webp,https://javct.net/v/kam-089-rm,120,2026-08-02
HZGD-218-RM,"While My Girlfriend Was Away On A 3-Day, 2-Night Vacation, I Spent Those 3 Days With My Ex-Girlfriend (Who Is Married), Fucking Her Brains Out In A Video Record Of Our True Love Momo Minami [Uncensored L**ked]",https://cdn001.imggle.net/webp/poster/20221904/1651816609.webp,https://javct.net/v/hzgd-218-rm,126,2026-08-02
HZGD-219-RM,"""...So, If You Missed The Last Train Then Just Stay Over At My Place."" I'm About To Get Married But I Lose Myself To Temptation From The Boss's Wife, Giving Her Non-stop Creampie Loads... Reverse NTR Adultery Sex Scenario. Minori Hatsune [Uncensored L**ked]",https://cdn001.imggle.net/webp/poster/20221904/1651815485.webp,https://javct.net/v/hzgd-219-rm,125,2026-08-02
HJMO-465-RM,"Couple Challenge! After Husband Creampies Nene Tanaka twice with Her Amazing Technique, Wife is Taken and Fucked Raw in her Pussy for a Creampie SEX! [Uncensored L**ked]",https://cdn002.imggle.net/webp/poster/hjmo-465.webp,https://javct.net/v/hjmo-465-rm,195,2026-08-02
JUFE-142-RM,A Married Woman Who Was Relentlessly Subjected To Breaking In Training For 10 Straight Days By A Man Who Lived In The Room Across From Her Karen Mifune [Uncensored L**ked],https://cdn001.imggle.net/webp/poster/20212709/1633481702.webp,https://javct.net/v/jufe-142-rm,162,2026-08-02
PKPD-190-RM,"Husband Direct Rental, Submissive Wife Nanami Compliantly Takes A Creampie. Nanami Yoshioka. [Uncensored L**ked]",https://cdn001.imggle.net/webp/poster/20221202/1648887665.webp,https://javct.net/v/pkpd-190-rm,132,2026-08-02
AKDL-110-RM,KDK (Seduction) I Seduced This Woman My Friend's Girlfriend College Girl Honoka 20 Years Old Honoka Suzumi [Uncensored L**ked],https://cdn002.imggle.net/webp/poster/akdl-110.webp,https://javct.net/v/akdl-110-rm,144,2026-08-02
HZGD-214-RM,"While My Girlfriend Was Away On A 3-Day, 2-Night Vacation, I Spent Those 3 Days Fucking The Shit Out Of My Married Ex-Girlfriend In This Naughty Video Record Of Pure Love Alice Kisaki [Uncensored L**ked]",https://cdn001.imggle.net/webp/poster/20221202/1646467565.webp,https://javct.net/v/hzgd-214-rm,139,2026-08-02
HZGD-215-RM,"Even Though My Husband Is Nearby Due To His Working Remotely... [If He Finds Out, I Would Driven Into A Corner] Secret Creampies And Adulterous Sex With My Partner In Infidelity. Rin Azuma [Uncensored L**ked]",https://cdn001.imggle.net/webp/poster/20221202/1648889470.webp,https://javct.net/v/hzgd-215-rm,126,2026-08-02
MEYD-129-RM,The Married Woman Who Moved In Across The Street Gets Dirtier Every Time She Is Fucked... Eriko Miura [Uncensored L**ked],https://cdn001.imggle.net/webp/poster/20221108/1663056013.webp,https://javct.net/v/meyd-129-rm,117,2026-08-02
AKDL-103-RM,(On The Job Cuckholding) Adulterous Foorage Of Man Seducing And Fucking His Coworker's Beautiful Wife During Work Asuka Hayasaka [Uncensored L**ked],https://cdn002.imggle.net/webp/poster/akdl-103.webp,https://javct.net/v/akdl-103-rm,75,2026-08-02
KEED-48-RM,A Mother Who Got Her Pussy Probed And Pounded By Her Daughter's Boyfriend Yuka Mizuno [Uncensored L**ked],https://cdn001.imggle.net/webp/poster/20212011/1641942347.webp,https://javct.net/v/keed-48-rm,80,2026-08-02
DASD-987-RM,". She Gets Some Aphrodisiacs From The Ex Boyfriend She Didn't Like Anymore, Then Fucked Him And Got Cum All Over Her Body. Sex, Delicate Touches, Fucking, Cumming. Sumire Kurokawa. [Uncensored L**ked]",https://cdn001.imggle.net/webp/poster/20221202/1649404243.webp,https://javct.net/v/dasd-987-rm,119,2026-08-02
JUY-853-RM,The Dazzling Exclusive Debut Of A Married Woman With Natural G-Cup Tits!! The Married Woman From Across The Road. Chikako Maru [Uncensored L**ked],https://cdn001.imggle.net/webp/poster/20221202/1649694822.webp,https://javct.net/v/juy-853-rm,153,2026-08-02
XVSR-891-RM,"Bubble Princess Paradise: G-cup, Tall, Slender Beauty Gets Raw Cum Inside - Aya Sasakura [Uncensored L**ked]",https://cdn001.imggle.net/webp/poster/07052026/63ff65d2af.webp,https://javct.net/v/xvsr-891-rm,110,2026-08-02
SQTE-707-RM,A Hot Spring Trip With Her On A Holiday. We Were So Engrossed In Each Other That We Didn't Want To Go Home. - Natsuho Hanamori [Uncensored L**ked],https://cdn001.imggle.net/webp/poster/07052026/9845092fcb.webp,https://javct.net/v/sqte-707-rm,106,2026-08-02
BLK-445,"I Happened To Be Next To My C**ldhood Saucy Gal And Bed In The Nurse's Office, And Rolled All Day Long Until My School Spoiled And My Sperm Dying All Day! Natsuho Imai",https://cdn001.imggle.net/webp/poster/07052026/576972f017.webp,https://javct.net/v/blk-445,120,2026-08-02
ONEZ-200-RM,Miku-chan Really Wants To Be Fucked Hard.Really Horny Girls Who Want To Seduce A Tutor And Want To Be Spanked To A Tutor Is A Really Horny Girl Mika Chika 01 [Uncensored L**ked],https://cdn001.imggle.net/webp/poster/07052026/6f7f595d17.webp,https://javct.net/v/onez-200-rm,120,2026-08-02
MIFD-734-RM,"We Convinced A Newcomer, A Blonde, Dark-skinned, Tomboyish Girl, To Make Her AV Debut...! Tamazaki Shion [Uncensored L**ked]",https://cdn001.imggle.net/webp/poster/07052026/c39f7069ef.webp,https://javct.net/v/mifd-734-rm,150,2026-08-02
HZ-3901,Nympho MILF's Seduction -Please watch me masturbate!- - Madoka Hanasaki,https://cdn001.imggle.net/webp/poster/07052026/aa3476a3ba.webp,https://javct.net/v/hz-3901,52,2026-08-02
NHDTB-807-RM,Nipple Development Slut 4 [Uncensored L**ked],https://cdn001.imggle.net/webp/poster/20241115/1733791864.webp,https://javct.net/v/nhdtb-807-rm,195,2026-08-02
HTTM-057-RM,"When I asked for a rental housewife, a perverted beauty came and squeezed my sperm. Yui Hatano [Uncensored L**ked]",https://cdn001.imggle.net/webp/poster/05192026/1f10fff14b.webp,https://javct.net/v/httm-057-rm,49,2026-08-02
BIJN-287,"THE FINAL FROM THE CREAM: Instinctive, Uninhibited Orgasm SEX - A Curvy, Horny I-Cup Wife Who Can't Wait While Her Husband Is On A Long Business Trip - Usami Sui",https://cdn001.imggle.net/webp/poster/07052026/b44e61c9d3.webp,https://javct.net/v/bijn-287,107,2026-08-02
SGA-099-RM,"With The Best Mistress, The Best Cum Shot Intercourse.19 9 Head-shoddy Style Girl [Uncensored L**ked]",https://cdn001.imggle.net/webp/poster/07052026/c346a34e60.webp,https://javct.net/v/sga-099-rm,120,2026-08-02
SGA-100-RM,Best Creampie Sex With The Best Mistress 20 [Uncensored L**ked],https://cdn001.imggle.net/webp/poster/20221202/1647463582.webp,https://javct.net/v/sga-100-rm,120,2026-08-02
OLM-344E-RM,"A Cute, Tiny Sex-crazed Monster Has Come Craving A Rock-hard Cock! Intense, Loving Sex With A Perverted Old Man!! Hinata Yuna [Uncensored L**ked]",https://cdn001.imggle.net/webp/poster/07052026/98524ae336.webp,https://javct.net/v/olm-344e-rm,120,2026-08-02
MIDA-720,Reason Crumbles! Uncontrollable Convulsions! Breaking Down Junior Gymnastics Athletes! 24-hour Limit Orgasm Training Camp - Sana Aine,https://cdn001.imggle.net/webp/poster/07052026/bbd728f7b6.webp,https://javct.net/v/mida-720,120,2026-08-02
BONY-181,A Group Of Brutal Rapists Target Beautiful Women Living Alone And Force Their Way Into Their Homes For Creampie Sex.,https://cdn001.imggle.net/webp/poster/07052026/1cfb65f690.webp,https://javct.net/v/bony-181,285,2026-08-02
ABF-373,The Ultimate Slippery Orgasm: Airi Suzumura,https://cdn001.imggle.net/webp/poster/07052026/cc3592bb07.webp,https://javct.net/v/abf-373,135,2026-08-02
FC2PPV-4947112,"Face Showing Case #143 where an amateur comes to do naughty things - Haruna-chan (25), a masochistic body who likes intense sex and is happy to be fucked, even though she's nervous and doesn't talk well",https://cdn001.imggle.net/webp/poster/07052026/2669f8d346.webp,https://javct.net/v/fc2ppv-4947112,67,2026-08-02
BTH-122,Off-paco sex with celebrity class layer Meisa Asagiri,https://cdn001.imggle.net/webp/poster/07052026/30d98a6bc1.webp,https://javct.net/v/bth-122,40,2026-08-02
SDMM-236-RM,"Magic Mirror - A man and a woman alone in a mobile sauna? ! For some reason, my erection swelled up in this situation, and I was sweating to the max due to the awkwardness and excitement! ! Monitoring 5 pairs of modern-day men and women. Special video of 5 pairs of college students having sex behind closed doors. [Uncensored L**ked]",https://cdn001.imggle.net/webp/poster/07052026/293c324992.webp,https://javct.net/v/sdmm-236-rm,224,2026-08-02
VRTM-213-RM,We Discreetly Stroked Wives' Pussies Under the Kotatsu Table and They Got Soaking Wet! It's Been So Long They Cum Over and Over Even Though Their Husbands Are Next to Them! [Uncensored L**ked],https://cdn001.imggle.net/webp/poster/20220406/1656953683.webp,https://javct.net/v/vrtm-213-rm,200,2026-08-02
SDMM-236,"Magic Mirror - A man and a woman alone in a mobile sauna? ! For some reason, my erection swelled up in this situation, and I was sweating to the max due to the awkwardness and excitement! ! Monitoring 5 pairs of modern-day men and women. Special video of 5 pairs of college students having sex behind closed doors.",https://cdn001.imggle.net/webp/poster/07052026/293c324992.webp,https://javct.net/v/sdmm-236,224,2026-08-02
SGKI-100,Magic Mirror x Acme Bicycle Mamachari Married Women Only Public! ? A large amount of squirting orgasm with a hard piston! !,https://cdn001.imggle.net/webp/poster/07052026/573e1a35cf.webp,https://javct.net/v/sgki-100,188,2026-08-02
NHDTB-488-RM,Don't Make A Sound 24 This Schoolgirl Has Awakened To The Pleasures Of Slut Sex 2-Disc-Special [Uncensored L**ked],https://cdn001.imggle.net/webp/poster/20212709/1636885025.webp,https://javct.net/v/nhdtb-488-rm,366,2026-08-02
JUY-863-RM,My Hot Father-in-law Keeps Teasing Me By Edging... Mikako Abe [Uncensored L**ked],https://cdn001.imggle.net/webp/poster/20221202/1646614787.webp,https://javct.net/v/juy-863-rm,140,2026-08-02
PARATHD-4489,Sexy mahjong king deciding match! Real undressing mahjong tournament Round2,https://cdn001.imggle.net/webp/poster/07052026/938d46cc2f.webp,https://javct.net/v/parathd-4489,114,2026-08-02
JUY-364-RM,A Perverted Father-In-Law's Harrassment Of The Bride. Please Let Me Go... Reika Hashimoto [Uncensored L**ked],https://cdn001.imggle.net/webp/poster/20220406/1656760036.webp,https://javct.net/v/juy-364-rm,120,2026-08-02
JUX-420-RM,Bodily School Report of an Examinee's Mom Eriko Miura [Uncensored L**ked],https://cdn001.imggle.net/webp/poster/20212011/1643762110.webp,https://javct.net/v/jux-420-rm,150,2026-08-02
MUDR-161-RM,Hot And Satisfying Story! Teasing Gold Digger That's Taking Older Guy For A Ride Gets Played Into A Sudden Role Reversal. Giving In For Creampie Raw Footage. Endless Sex From Beginning To End. Mirai Horinaka [Uncensored L**ked],https://cdn001.imggle.net/webp/poster/20212308/1631858564.webp,https://javct.net/v/mudr-161-rm,137,2026-08-02
JUY-360-RM,Caregiver Married Women Who Squirms During Cunnilingus But Don't Make A Sound Ayame Himeno [Uncensored L**ked],https://cdn001.imggle.net/webp/poster/20221202/1648719224.webp,https://javct.net/v/juy-360-rm,116,2026-08-02
MIFD-733-RM,"148cm Innocent Girl Loves Perverted Old Men Who Lick Her Until She Cums. Her Slender Body Convulses Violently, Her Face Contorted In Ecstasy As She Makes Her AV Debut. Mizuki Yui [Uncensored L**ked]",https://cdn001.imggle.net/webp/poster/07052026/c565402ac1.webp,https://javct.net/v/mifd-733-rm,150,2026-08-02
MIDA-740-RM,Abstinence Leads To The Most Pleasurable Experience: Three Rounds Of Unprotected Sex!! Yuuki Nozomi [Uncensored L**ked],https://cdn001.imggle.net/webp/poster/07052026/9785aa1dcd.webp,https://javct.net/v/mida-740-rm,120,2026-08-02
MIDA-716-RM,"Newcomer, A Current College Student With A Tan Line, Exclusive H-cup Nanami Mano Makes Her AV Debut! [Uncensored L**ked]",https://cdn001.imggle.net/webp/poster/07052026/3eb98b3834.webp,https://javct.net/v/mida-716-rm,150,2026-08-02
NIKM-048-RM,The Best Slender Big Tits Temptation Beautiful Woman Honoka Tsujii [Uncensored L**ked],https://cdn001.imggle.net/webp/poster/20242012/1735534844.webp,https://javct.net/v/nikm-048-rm,170,2026-08-02
MIDA-735-RM,"My Wife Absolutely Refuses To Let Me Give Her A Facial, But Her Best Friend Gave Me 10 Consecutive Blowjobs, Kneading My Sensitive Dick Right After I Ejaculated And Cleaning It Up. - Ichika Matsumoto [Uncensored L**ked]",https://cdn001.imggle.net/webp/poster/07052026/e4543e7220.webp,https://javct.net/v/mida-735-rm,140,2026-08-02
MIDA-730-RM,"School Idol Rikka Ono Will Give You A Follow-up Blowjob After You Ejaculate, Letting You Cum On Her Face Again. [Uncensored L**ked]",https://cdn001.imggle.net/webp/poster/07052026/59794f9aa9.webp,https://javct.net/v/mida-730-rm,120,2026-08-02
SAN-478Z-RM,"Taught The Silly Girl ""Sagiri-chan,"" Who Hates Old Men, About The Adult World And Made Her Understand / Sagiri Izumi [Uncensored L**ked]",https://cdn001.imggle.net/webp/poster/07052026/a1858ead03.webp,https://javct.net/v/san-478z-rm,120,2026-08-02
MIFD-733,"148cm Innocent Girl Loves Perverted Old Men Who Lick Her Until She Cums. Her Slender Body Convulses Violently, Her Face Contorted In Ecstasy As She Makes Her AV Debut. Mizuki Yui",https://cdn001.imggle.net/webp/poster/07052026/c565402ac1.webp,https://javct.net/v/mifd-733,150,2026-08-02
VDD-207,Female Doctor In... (Threatening Suite Room) Emi Nishino,https://cdn001.imggle.net/webp/poster/07052026/423185d323.webp,https://javct.net/v/vdd-207,133,2026-08-02
MIDA-716,"Newcomer, A Current College Student With A Tan Line, Exclusive H-cup Nanami Mano Makes Her AV Debut!",https://cdn001.imggle.net/webp/poster/07052026/3eb98b3834.webp,https://javct.net/v/mida-716,150,2026-08-02
MIDA-730,"School Idol Rikka Ono Will Give You A Follow-up Blowjob After You Ejaculate, Letting You Cum On Her Face Again.",https://cdn001.imggle.net/webp/poster/07052026/59794f9aa9.webp,https://javct.net/v/mida-730,120,2026-08-02
MIDA-727,"""I'm Going To Make Your Beautiful Breasts Sticky With Semen And Saliva,"" Says The Perverted Old Man Who Has Imprisoned The Busty Office Lady In The Garbage Room Next Door, Defiling Her With His Semen And Impregnating Her In A R**e... Mitsuki Momota",https://cdn001.imggle.net/webp/poster/07052026/109902ccf9.webp,https://javct.net/v/mida-727,120,2026-08-02
ABF-374-RM,Alice Musou Shaku Alice [Uncensored L**ked],https://cdn001.imggle.net/webp/poster/07052026/b1b077f69f.webp,https://javct.net/v/abf-374-rm,115,2026-08-02
MIDA-740,Abstinence Leads To The Most Pleasurable Experience: Three Rounds Of Unprotected Sex!! Yuuki Nozomi,https://cdn001.imggle.net/webp/poster/07052026/9785aa1dcd.webp,https://javct.net/v/mida-740,120,2026-08-02
ECB-169,"A Woman Who Acts Like A Nymphomaniac, A Man Who Is R**ed, And Us Who Are Bystanders Watching It All ()",https://cdn001.imggle.net/webp/poster/07052026/8806db252a.webp,https://javct.net/v/ecb-169,111,2026-08-02
MIDA-735,"My Wife Absolutely Refuses To Let Me Give Her A Facial, But Her Best Friend Gave Me 10 Consecutive Blowjobs, Kneading My Sensitive Dick Right After I Ejaculated And Cleaning It Up. - Ichika Matsumoto",https://cdn001.imggle.net/webp/poster/07052026/e4543e7220.webp,https://javct.net/v/mida-735,140,2026-08-02
MNGS-057,"Cheap Rent For Horny Girls Who Want Sex: Share House With A Fleshlight Where You Can Cum On Your Face, Breasts, Vagina, And Asshole Anytime. Nanase Alice",https://cdn001.imggle.net/webp/poster/07052026/15da301e91.webp,https://javct.net/v/mngs-057,120,2026-08-02
MIDA-733-RM,"Oily Cum Squelching Sounds Hyper-enhanced, Obscene Dirty Talk And A Fleshy Slut Who Licks And Sucks To The Bone, Leading The Male Cock To Ejaculation, An Extremely Vulgar Masturbation Support By Maria Valentine [Uncensored L**ked]",https://cdn001.imggle.net/webp/poster/07052026/76d3d20816.webp,https://javct.net/v/mida-733-rm,130,2026-08-02
JUR-044-SUB,"Mountain Of Breasts Bigger Than Mt. Fuji, A Spectacular N-cup. Madonna's Big New Face, Jogasaki Momose, 35 Years Old, AV DEBUT [English Subtitle]",https://cdn001.imggle.net/webp/poster/20250903/1744909562.webp,https://javct.net/v/jur-044-sub,120,2026-08-02
MIDA-733,"Oily Cum Squelching Sounds Hyper-enhanced, Obscene Dirty Talk And A Fleshy Slut Who Licks And Sucks To The Bone, Leading The Male Cock To Ejaculation, An Extremely Vulgar Masturbation Support By Maria Valentine",https://cdn001.imggle.net/webp/poster/07052026/76d3d20816.webp,https://javct.net/v/mida-733,130,2026-08-02
PPPD-369-RM,Fan Appreciation Off Meeting Out In Raw When You Put Up The Fucking Of Hitomi [Uncensored L**ked],https://cdn001.imggle.net/webp/poster/20222311/1671592498.webp,https://javct.net/v/pppd-369-rm,180,2026-08-02
HZGD-221-RM,"""I'm Sorry You ..."" It's Been Seeded And Vaginal Cum Shot By Muriyari's Father-in-law On A Pregnancy Danger Day ... Reina Aoi [Uncensored L**ked]",https://cdn001.imggle.net/webp/poster/20220406/1654404525.webp,https://javct.net/v/hzgd-221-rm,132,2026-08-02
BOBB-305,"This Is A Deca Isola Icup Sought By Boin!Sensitive Nipple Breastfeeding Handjob & Sex!Fierce Fucking With Powerful! ""Request A Heavy Piston To Say, ""Okay!",https://cdn001.imggle.net/webp/poster/07052026/e898a59459.webp,https://javct.net/v/bobb-305,120,2026-08-02
NINE-065-RM,Discovery Of The Century! ? Discovery Of Genitalia! ? Kazunoko Ceiling! Thousands Of Earthworms! The Owner Of An Amazing Instrument That Will Forcefully Cum Out! The Nickname Attached Is Adachi's Busty Bitch! Private Video L**ked. [Uncensored L**ked],https://cdn001.imggle.net/webp/poster/20222612/1672135617.webp,https://javct.net/v/nine-065-rm,87,2026-08-02
XVSR-317-RM,Large Cum X Large Convulsion Massive Squirting Cum Inside SEX SEX Yoshi Mariana [Uncensored L**ked],https://cdn001.imggle.net/webp/poster/05192026/69e9061a85.webp,https://javct.net/v/xvsr-317-rm,120,2026-08-02
GAS-300-RM,Breast Milk Shinoda Mei You Dripping J Cup In Tall [Uncensored L**ked],https://cdn001.imggle.net/webp/poster/07052026/1d00242cd2.webp,https://javct.net/v/gas-300-rm,140,2026-08-02
YAKO-097,"Kazuko (50 Years Old), A Lewd Cosplayer Who Keeps It A Secret From Her Husband.",https://cdn001.imggle.net/webp/poster/07052026/de94e73161.webp,https://javct.net/v/yako-097,116,2026-08-02
MADV-639,"""Don't Tell Anyone..."" My Sister-in-law Came Over To The House While My Wife Was Out... I Couldn't Resist Her Voluptuous Body With Its L-cup Breasts, And I Ejaculated Inside Her Multiple Times... Toyoda Reika",https://cdn001.imggle.net/webp/poster/07052026/10a11a287a.webp,https://javct.net/v/madv-639,130,2026-08-02
BOBB-298,Debut 19 Years Old I Cup Busty Aisatoyu Boxes,https://cdn001.imggle.net/webp/poster/07052026/37a8a1904f.webp,https://javct.net/v/bobb-298,120,2026-08-02
NINE-006,Super Big Breast Specialty Soapland Chateau Burian Fine Grade Meat Four Types Of K Cups,https://cdn001.imggle.net/webp/poster/07052026/04e24635e8.webp,https://javct.net/v/nine-006,145,2026-08-02
NINE-003,Much Mochi!Tranny Younger Sister Is A Super Bitch Of K - Cup Tits! !,https://cdn001.imggle.net/webp/poster/07052026/d27e4ec221.webp,https://javct.net/v/nine-003,155,2026-08-02
KTKZ-031,Fucking Genius Ikebukuro's Tits Specialty Health 12 Months In A Row Continued In Store Nominated No.1 K Cup Urging Her To Daughter AV Debut!,https://cdn001.imggle.net/webp/poster/07052026/6006286c56.webp,https://javct.net/v/ktkz-031,145,2026-08-02
JYMA-005,A Young Wife Who Invites Men To Her Home While Her Husband Is On A Business Trip And Exposing Her Propensity Ji Po Loves A Meat Body Wife's Slut Masochist SEX Brun Brun A Powerful Fetish Shooting Of A Shaking Big Tits Ass!,https://cdn001.imggle.net/webp/poster/07052026/9c1be15bd3.webp,https://javct.net/v/jyma-005,120,2026-08-02
GAS-442,Cum Inside Out Nurnur Big Breast Soap Soap Debut 19-Year-Old J Cup Takasaki Rioi,https://cdn001.imggle.net/webp/poster/07052026/7508cecf5d.webp,https://javct.net/v/gas-442,125,2026-08-02
EMRD-106,Deca Lairy Big Breasts × Bristles × Cum Inside Does M Young Wife Oil Blotted SEX Ryo,https://cdn001.imggle.net/webp/poster/07052026/3d93435b86.webp,https://javct.net/v/emrd-106,134,2026-08-02
BOMN-189,SEX Massage Licking While Buried In More Of The Ultra-milk 1m,https://cdn001.imggle.net/webp/poster/07052026/663b38d182.webp,https://javct.net/v/bomn-189,240,2026-08-02
HODV-22090-RM,A Nurse With Amazing Breasts Gently Soothes The Sexual Desires That Can't Be Released While Hospitalized. She Gives A Wonderfully Soft And Squishy Titjob With Her K-cup Breasts. [Uncensored L**ked],https://cdn001.imggle.net/webp/poster/07052026/3741040149.webp,https://javct.net/v/hodv-22090-rm,137,2026-08-02
HODV-22090,A Nurse With Amazing Breasts Gently Soothes The Sexual Desires That Can't Be Released While Hospitalized. She Gives A Wonderfully Soft And Squishy Titjob With Her K-cup Breasts.,https://cdn001.imggle.net/webp/poster/07052026/3741040149.webp,https://javct.net/v/hodv-22090,137,2026-08-02
KTKC-159-RM,A K-Cup Resident Who Is Rumored To Fuck On SNS Baby Paisen [Uncensored L**ked],https://cdn001.imggle.net/webp/poster/20230302/1679716826.webp,https://javct.net/v/ktkc-159-rm,120,2026-08-02
FC2PPV-4931572-RM,"*Ends while supplies last *19-year-old M cup Spanish x Japanese half-gravure idol Unavoidable titflash rush due to her size that exceeds the standard Shocking mass creampie video *Original video will be sent on a first-come, first-served basis [Uncensored L**ked]",https://cdn001.imggle.net/webp/poster/07052026/1811d7a20c.webp,https://javct.net/v/fc2ppv-4931572-rm,66,2026-08-02
XRW-827-RM,Human Onahoru Until The Rookie Actress Of The Cheeky Hidden Big Breasts 90cmG Cup Melts Straight Into The Boss. Aya (21 Years Old) [Uncensored L**ked],https://cdn001.imggle.net/webp/poster/07052026/8cb885e61f.webp,https://javct.net/v/xrw-827-rm,133,2026-08-02
DANDY-701-RM,"""A Married Woman Who Has Been Squeezed Many Times With A Finger Massage"" [Uncensored L**ked]",https://cdn001.imggle.net/webp/poster/07052026/06e8f9ccfe.webp,https://javct.net/v/dandy-701-rm,195,2026-08-02
LOVE-70,Tekaesute To Paint Cum Out Shame Collapse Rori~tsumusume Soft Body Aphrodisiac × × In,https://cdn001.imggle.net/webp/poster/07052026/a9b855f3d6.webp,https://javct.net/v/love-70,200,2026-08-02
DVMM-426-RM,"""Will You Take Responsibility If We Get Caught...?"" An Exquisite Technique That Barely Avoids Touching His Penis! This Innocent-looking, Big-breasted Beauty Drives Men Wild With Her Teasing Groin Massage, And In The End, She Gets To Have Unprotected Sex With Them After Three Requests. Yamashita Sawa [Uncensored L**ked]",https://cdn001.imggle.net/webp/poster/07052026/4332f47076.webp,https://javct.net/v/dvmm-426-rm,160,2026-08-02
DVMM-426,"""Will You Take Responsibility If We Get Caught...?"" An Exquisite Technique That Barely Avoids Touching His Penis! This Innocent-looking, Big-breasted Beauty Drives Men Wild With Her Teasing Groin Massage, And In The End, She Gets To Have Unprotected Sex With Them After Three Requests. Yamashita Sawa",https://cdn001.imggle.net/webp/poster/07052026/4332f47076.webp,https://javct.net/v/dvmm-426,160,2026-08-02
VEC-566-RM,I Just Wanted To Be Clean For My Husband's Married Woman Sexual Feeling Cream Pie Salon Where Her Beautiful Breasts And Vagina Are Groped By A Sticky Massage And She Is Squid Enough To Incontinence. Kitagawa Miku [Uncensored L**ked],https://cdn001.imggle.net/webp/poster/20222311/1671763944.webp,https://javct.net/v/vec-566-rm,100,2026-08-02
SPZ-1173-RM,A Beautiful Mature Woman's Sensitivity Is Awakened When A Dispatched Masseuse Touches Her Sensitive Private Parts Persistently And Persistently! Her Wet And Excited Pussy Is Stimulated And She Falls Into The Pleasure Of The Portio 2 [Uncensored L**ked],https://cdn001.imggle.net/webp/poster/07052026/05e129b9c5.webp,https://javct.net/v/spz-1173-rm,120,2026-08-02
DDH-434-RM,Momo [Uncensored L**ked],https://cdn001.imggle.net/webp/poster/07052026/5a5117b86e.webp,https://javct.net/v/ddh-434-rm,60,2026-08-02
JUFE-628,"Mochino Yomogi, A Young Wife With A Voluptuous, Peachy Body, Falls Prey To A Wicked Chiropractor.",https://cdn001.imggle.net/webp/poster/07052026/bce3c4f564.webp,https://javct.net/v/jufe-628,150,2026-08-02
WANZ-876-RM,I Was So Sensitive That I Could Not Stop Bikubiku In The Father-in-law Of A Retired Man Who Was Retired To Retirement ... I Was Squid Enough To Die Every Day And 983 Times Bikbiku Ashiya Festival [Uncensored L**ked],https://cdn001.imggle.net/webp/poster/20241804/1715830340.webp,https://javct.net/v/wanz-876-rm,160,2026-08-02
HONE-279-RM,A Big Boobs Chiropractic Clinic That Makes Aunts Go Crazy With Her Exquisite Touch Boob Massage Sakura Minami [Uncensored L**ked],https://cdn001.imggle.net/webp/poster/20222311/1671675691.webp,https://javct.net/v/hone-279-rm,120,2026-08-02
XVSR-368,120 Minutes Nonstop SEX Yuki Yuri Sakura Kuraki,https://cdn001.imggle.net/webp/poster/07052026/e2ec6335aa.webp,https://javct.net/v/xvsr-368,120,2026-08-02
BOBB-309,"Nuqui Dedicated Milk Pretty Girl × G Cup Sexual Desire Monster Squeezing Out The Spermatozoon In A Contradictory Combination Iki Bikibiku!If It Is Put On, It Is A Milk Bully!Nasty Tits",https://cdn001.imggle.net/webp/poster/07052026/89cff810e3.webp,https://javct.net/v/bobb-309,120,2026-08-02
CAWB-026-RM,"The Quiet Girl Finally Woke Up To Extreme Sex. The Extremely Shy, 148cm Tall, A-cup, Quiet Girl (20) Is Driven Wild By Hard Sex And Copious Facial Cumshots. Aragaki Meru, A Kawaii, Super Perverted Newcomer, Awakens With A Massive Release Of Her Moans. [Uncensored L**ked]",https://cdn001.imggle.net/webp/poster/07052026/1602d42ab9.webp,https://javct.net/v/cawb-026-rm,130,2026-08-02
ZUKO-060,Orgy Hamasaki Mao Kawana Misuzu Sasaki Koiumi Sato HarukaNozomi Cum Cute Boyne,https://cdn001.imggle.net/webp/poster/07052026/04b97be50b.webp,https://javct.net/v/zuko-060,180,2026-08-02
SNIS-080,4 Hour Special Okuda Saki Reflection Sensitive Tits Tit Squeezing,https://cdn001.imggle.net/webp/poster/07052026/87eebeee55.webp,https://javct.net/v/snis-080,240,2026-08-02
FOCS-152-RM,Rookie Former Idol Miri Aimu Debut Even Idols Love Sex! The Longed-for Beautiful Slender Body Is Now Exposed...! [Uncensored L**ked],https://cdn001.imggle.net/webp/poster/20230908/1695358798.webp,https://javct.net/v/focs-152-rm,120,2026-08-02
ZUKO-053,I Want To Drink Wine And This Four,https://cdn001.imggle.net/webp/poster/07052026/967224807e.webp,https://javct.net/v/zuko-053,180,2026-08-02
UNDG-005-RM,Capture Z Generation Pien With DM. Mechakawa Mine-chan Is Submerged In The Bed With A Super-class Mass Squirting Injection And Copulation [Majikichi] [Uncensored L**ked],https://cdn001.imggle.net/webp/poster/20222612/1674706862.webp,https://javct.net/v/undg-005-rm,75,2026-08-02
KTRA-792-RM,Horny Amateurs! 4-hour Sex Collection [Uncensored L**ked],https://cdn001.imggle.net/webp/poster/07052026/b12da541d1.webp,https://javct.net/v/ktra-792-rm,243,2026-08-02
CLUB-928,"Sticky, Stalking, Secretly Filming, Former Idol, Married Woman, Unconscious, R**e",https://cdn001.imggle.net/webp/poster/07052026/13bf95430b.webp,https://javct.net/v/club-928,110,2026-08-02
LULU-447,"""You Love Me, So You Can Drink It All, Right?"" A Mentally Unstable, Big-assed Underground Idol, Konami Aya, Tests The Loyalty Of Her Long-time Fan Who She Married Without His Consent By Making Him Drink Her Saliva, Armpit, Foot, And Anal Sweat, Vaginal Fluid, Orgasm Cum, And Pee, Then Drowns Him In Her Bodily Fluids And Leaves Him Powerless During Orgasmic Sex.",https://cdn001.imggle.net/webp/poster/07052026/b2f4097465.webp,https://javct.net/v/lulu-447,160,2026-08-02
EINAV-002-RM,"Kasumi-chan, 24 Years Old, Is A Voluptuous Gravure Slut With Huge J-cup Breasts And An Extremely Sexy Layer Of Big Breasts. [Uncensored L**ked]",https://cdn001.imggle.net/webp/poster/20241115/1732812580.webp,https://javct.net/v/einav-002-rm,91,2026-08-02
JUY-387-RM,A Former Celebrity In An Adultery Scandal Real Former Celebrity Bitches No.3!! A Real And Scandalous Drama Depicting The Underbelly Of Various Industries!! A Hotly Rumored Married Woman In A Horny And Lusty Scoop Kaori Mizusawa [Uncensored L**ked],https://cdn001.imggle.net/webp/poster/20221108/1660604788.webp,https://javct.net/v/juy-387-rm,120,2026-08-02
TSDS-43101,Abe Miho / Title Undecided,https://cdn001.imggle.net/webp/poster/07052026/5bb55b15e5.webp,https://javct.net/v/tsds-43101,0,2026-08-02
MILK-241-SUB,"""Hey, If You Want To Have Sex With Me, Just Push Me!"" A Photoshoot With An Underground Idol Who Is Willing To Do Pillow Business To Gain Fans, Mai Arisu [English Subtitle]",https://cdn001.imggle.net/webp/poster/20252204/1745427637.webp,https://javct.net/v/milk-241-sub,108,2026-08-02
ZUKO-023,Because I Have My Cutest!Scramble Center!South Plains Also Rare Orgy AV Idol Misa Maika First Course ○,https://cdn001.imggle.net/webp/poster/07052026/392f617625.webp,https://javct.net/v/zuko-023,180,2026-08-02
MARR-012,Yurara Yume / Mio Sakai,https://cdn001.imggle.net/webp/poster/07052026/240538abcc.webp,https://javct.net/v/marr-012,80,2026-08-02
MARN-004,Anew/Mino Suzume,https://cdn001.imggle.net/webp/poster/07052026/508b359aaa.webp,https://javct.net/v/marn-004,80,2026-08-02
MIDE-463,Full Loading Service Full Of Service!Pacifier Love Entertainment Maid ANRI,https://cdn001.imggle.net/webp/poster/07052026/b1d1ec93a5.webp,https://javct.net/v/mide-463,120,2026-08-02
FC2PPV-4945364,"Summer Day 2026 Adult Fire Play ""You and ㇱnatsu are ~ Raw inside the vagina ~ Disappeared deep inside the launch ceremony ~",https://cdn001.imggle.net/webp/poster/07052026/8e9af9a71b.webp,https://javct.net/v/fc2ppv-4945364,53,2026-08-02
MBDD-2185,Sasaki Sakissu/Sasaki Saki,https://cdn001.imggle.net/webp/poster/07052026/415af9fb86.webp,https://javct.net/v/mbdd-2185,94,2026-08-02
AVSA-446-RM,"Anal Licking And Sex Photoshoot. A Devilish Idol, Karin Kitaoka, Who Can Lure Fans Into An Obsession With The Smell Of Her Anus And Have Unlimited Unprotected Sex. [Uncensored L**ked]",https://cdn001.imggle.net/webp/poster/07052026/b62ec5fc6e.webp,https://javct.net/v/avsa-446-rm,154,2026-08-02
AVSA-446,"Anal Licking And Sex Photoshoot. A Devilish Idol, Karin Kitaoka, Who Can Lure Fans Into An Obsession With The Smell Of Her Anus And Have Unlimited Unprotected Sex.",https://cdn001.imggle.net/webp/poster/07052026/b62ec5fc6e.webp,https://javct.net/v/avsa-446,154,2026-08-02
SNOS-247-RM,"The Shameless Awakened Angel. I Didn't Know That The Legendary Hakata Idol Could Arch Her Back Like This, Squirt Like This, And Convulse Like This. Shiraishi Touha [Uncensored L**ked]",https://cdn001.imggle.net/webp/poster/07052026/3dcd031ab0.webp,https://javct.net/v/snos-247-rm,150,2026-08-02
SNOS-247,"The Shameless Awakened Angel. I Didn't Know That The Legendary Hakata Idol Could Arch Her Back Like This, Squirt Like This, And Convulse Like This. Shiraishi Touha",https://cdn001.imggle.net/webp/poster/07052026/3dcd031ab0.webp,https://javct.net/v/snos-247,150,2026-08-02
FOCS-136-RM,C**ldhood Friend Who Was Active In The Basement Of A Local City... A Sperm-loving Little Devil Idol Who Came To Tokyo And Teased Me With Nevaspekiss Minami Maeda [Uncensored L**ked],https://cdn001.imggle.net/webp/poster/20230206/1687497794.webp,https://javct.net/v/focs-136-rm,120,2026-08-02
FC2PPV-4942041,"~ Reunited with the natural beauty looks reminiscent of the 18-year-old sloping idol, and a large amount of creampie again with the natural transparency",https://cdn001.imggle.net/webp/poster/07052026/6952860f66.webp,https://javct.net/v/fc2ppv-4942041,102,2026-08-02
SS-034-RM,Title Undecided / Kazuhana Seta [Uncensored L**ked],https://cdn001.imggle.net/webp/poster/07052026/a05011b43f.webp,https://javct.net/v/ss-034-rm,70,2026-08-02
FC2PPV-4941906,"[Super beautiful breasts idol] I picked up an idol at the end of the live show and before I knew it, I had raw creampie",https://cdn001.imggle.net/webp/poster/07052026/9dad3aecdd.webp,https://javct.net/v/fc2ppv-4941906,112,2026-08-02
MIDD-610,Big Breast Bra Teacher Lesson Hitomi Flickering,https://cdn001.imggle.net/webp/poster/07052026/6f28e012f9.webp,https://javct.net/v/midd-610,120,2026-08-02
XRW-788-RM,Cuckold Bondage Young Wife Aching Without Embracing Kanna Misaki [Uncensored L**ked],https://cdn001.imggle.net/webp/poster/07052026/6a4cd11236.webp,https://javct.net/v/xrw-788-rm,121,2026-08-02
YMDD-120,Business Trip Yu Hamasaki Masuda Virgin Edition,https://cdn001.imggle.net/webp/poster/07052026/b299a0bea8.webp,https://javct.net/v/ymdd-120,180,2026-08-02
FJIN-155-RM,"Boob Job Cumshot!! After Ejaculation, The Man Gets A Boob Job And Cums Again - Yuria Yoshine [Uncensored L**ked]",https://cdn001.imggle.net/webp/poster/07052026/c03011302f.webp,https://javct.net/v/fjin-155-rm,125,2026-08-02
FJIN-157-RM,My Self-control Was Completely Shaken By The Unaware J-cup Busty Store Clerk's Tempting Glimpses Of Her Breasts... Hazuki Noa [Uncensored L**ked],https://cdn001.imggle.net/webp/poster/07052026/e670595ccc.webp,https://javct.net/v/fjin-157-rm,124,2026-08-02
GVH-867-RM,"Ruru Hanekawa, A Busty Female Volleyball Club Member, Has Her Masochistic Tendencies Awakened By Her Club Advisor's Perverse And Passionate Guidance, And Will Obey Any Command. [Uncensored L**ked]",https://cdn001.imggle.net/webp/poster/07052026/59ebf19258.webp,https://javct.net/v/gvh-867-rm,150,2026-08-02
GS-457-RM,"From Mutual Masturbation To Frustrated Wife And Rich FUCK Young Wife Is Frustrated Or Too Sexy In A Bold Miniskirt! So, When I Was So Frustrated And Couldn't Stand It And Took A Panchira Voyeur, I Was So Crazy That My Young Wife Found Out About The Voyeur! ! Moreover, I Was Taken Home, And When I Thought It Was Over ... ""Here's A Dick ... [Uncensored L**ked]",https://cdn001.imggle.net/webp/poster/20222311/1671691571.webp,https://javct.net/v/gs-457-rm,90,2026-08-02
NKKD-122-RM,A Wife Who Loses Memories When Drunk And Does Not Notice How Many Times She Is Cuckold Akira Shinmura [Uncensored L**ked],https://cdn001.imggle.net/webp/poster/07052026/685403e494.webp,https://javct.net/v/nkkd-122-rm,120,2026-08-02
GEBB-054,"The Entire Story Of How A Married Woman Trying On Clothes Was Given An Aphrodisiac Cream, Her Body Trembling And Her Face Contorted In Ecstasy, Before Being Thoroughly Fucked And Cummed Inside.",https://cdn001.imggle.net/webp/poster/07052026/ba2e2e3721.webp,https://javct.net/v/gebb-054,145,2026-08-02
FJIN-157,My Self-control Was Completely Shaken By The Unaware J-cup Busty Store Clerk's Tempting Glimpses Of Her Breasts... Hazuki Noa,https://cdn001.imggle.net/webp/poster/07052026/e670595ccc.webp,https://javct.net/v/fjin-157,124,2026-08-02
HODV-21736-RM,Married Woman Who Lives In The Same Apartment Best Neighbor Senna Kasumi [Uncensored L**ked],https://cdn001.imggle.net/webp/poster/20222612/1673583757.webp,https://javct.net/v/hodv-21736-rm,180,2026-08-02
CLUB-925,"Beautiful Office Ladies In The Marunouchi Area Being Followed, Secretly Filmed, Dr**ged, And R**ed.",https://cdn001.imggle.net/webp/poster/07052026/06161f5f90.webp,https://javct.net/v/club-925,100,2026-08-02
CLUB-929,"Big-breasted Gal Targeted, Secretly Filmed, And R**ed While Unconscious.",https://cdn001.imggle.net/webp/poster/07052026/c347b6dcf6.webp,https://javct.net/v/club-929,120,2026-08-02
NPJS-252-RM,"~It's Okay If I React, So Please Make My Penis Bigger!~ I Sneak Into A Hospital Advertising A Certain Penis Surgery Clinic, And If I Show Them My Erection After Having My Dick Kneaded And Twisted, Will They Let Me Have Sex With Them To Seal The Contract!? [Uncensored L**ked]",https://cdn001.imggle.net/webp/poster/07052026/44fb0bb995.webp,https://javct.net/v/npjs-252-rm,110,2026-08-02
JJDA-003-RM,Seduced By The Married Woman Next Door [Uncensored L**ked],https://cdn001.imggle.net/webp/poster/20221904/1650469641.webp,https://javct.net/v/jjda-003-rm,190,2026-08-02
XVSR-326-RM,Stop Jealousy SEX Hikiki Otsuki [Uncensored L**ked],https://cdn001.imggle.net/webp/poster/20222410/1666782124.webp,https://javct.net/v/xvsr-326-rm,120,2026-08-02
ZUKO-064,Creampie Orgy With Married Woman In Your Neighborhood,https://cdn001.imggle.net/webp/poster/07052026/09330e5836.webp,https://javct.net/v/zuko-064,180,2026-08-02
XVSR-890,"Intense Intercourse: A Real, Uninhibited Sex Scene Where Instinctive Passion Drives Mutual Desire - Yuika Onosaka",https://cdn001.imggle.net/webp/poster/07052026/166ae5ed5a.webp,https://javct.net/v/xvsr-890,120,2026-08-02
NNPJ-472-RM,"Incomparable Eros Company! Greeting A Sexy Older Step-sister (Super Popular!) The Miraculous No.1 Call Girl In Tokyo. Yuzu-san (24 Years Old), 50,000 Followers! [Uncensored L**ked]",https://cdn001.imggle.net/webp/poster/20212709/1633070024.webp,https://javct.net/v/nnpj-472-rm,147,2026-08-02
MIMK-285-RM,"Inside Is A Pure-hearted Maiden, But Her Aroused Nipples Are At Their Limit! The Gal, Whose Unrequited Love Is Unfulfilled, Can't Stop Her Horny Nipple Play! A Pure Love X Nipple (!?) Romantic Comedy That Has Sold Over 110,000 Copies In The Series! Rika Tsubaki [Uncensored L**ked]",https://cdn001.imggle.net/webp/poster/07052026/f322939df6.webp,https://javct.net/v/mimk-285-rm,120,2026-08-02
YMDD-120-RM,Business Trip Yu Hamasaki Masuda Virgin Edition [Uncensored L**ked],https://cdn001.imggle.net/webp/poster/07052026/05b1c6e9f6.webp,https://javct.net/v/ymdd-120-rm,180,2026-08-02
DRPT-114,"Big-breasted Beauty 3: Trapped And Held In A Crowded Train, Her Nipples Are Stimulated.",https://cdn001.imggle.net/webp/poster/07052026/619f0d2340.webp,https://javct.net/v/drpt-114,140,2026-08-02
HZGD-223-RM,The Pain And Love Of A Married Woman Who Burns Up At The Reunion With Her Favorite Teacher ... Creampie Affair Sexual Intercourse Hiyori Yoshioka [Uncensored L**ked],https://cdn001.imggle.net/webp/poster/20220406/1656684593.webp,https://javct.net/v/hzgd-223-rm,108,2026-08-02
MOND-240-RM,A Beautiful Neighborhood Wife Yu Hironaka [Uncensored L**ked],https://cdn001.imggle.net/webp/poster/20222311/1670644323.webp,https://javct.net/v/mond-240-rm,120,2026-08-02
NMSL-044-RM,"I made a mess of my AI wife Akari - I loved her, but I don't have a real wife anymore - Akari Shinmura [Uncensored L**ked]",https://cdn001.imggle.net/webp/poster/07052026/7fa36cc36d.webp,https://javct.net/v/nmsl-044-rm,111,2026-08-02
FJIN-154,"Brainwashing Mindfucker: I, The Lowest Caste In My Family's Social Hierarchy, Attempted To Brainwash My Family With A Mysterious Pair Of Glasses... Riho Shishido",https://cdn001.imggle.net/webp/poster/07052026/3f56a34d35.webp,https://javct.net/v/fjin-154,132,2026-08-02
NSFS-377-SUB,A Housewife's Ulterior Motive...she Wants To Be Taken By Force. 2 Mami Sakurai [English Subtitle],https://cdn001.imggle.net/webp/poster/20250903/1745000832.webp,https://javct.net/v/nsfs-377-sub,95,2026-08-02
ATID-680-RM,"""You're A Girl?"" I'd Always Thought You Were A Boy, But When I Found Out You Were Actually A Girl, I Couldn't Stop Feeling Aroused. [Uncensored L**ked]",https://cdn001.imggle.net/webp/poster/07052026/3a28dc7ab9.webp,https://javct.net/v/atid-680-rm,120,2026-08-02
ADN-795-RM,"I've Started To See My Tomboyish, Secretly Busty Female Friend As A Potential Romantic Partner. [Uncensored L**ked]",https://cdn001.imggle.net/webp/poster/07052026/f43d9fa643.webp,https://javct.net/v/adn-795-rm,120,2026-08-02
SAME-238-RM,Humiliate Me As Many Times As You Need To Atone For Your Sins... [Uncensored L**ked],https://cdn001.imggle.net/webp/poster/07052026/238192a2a0.webp,https://javct.net/v/same-238-rm,140,2026-08-02
SAME-246-RM,I Can't Forget The Way That Man I Hate So Much Used His Hips When He R**ed Me... Yuri Hirose [Uncensored L**ked],https://cdn001.imggle.net/webp/poster/07052026/6d91b2374b.webp,https://javct.net/v/same-246-rm,130,2026-08-02
ADN-763-RM,Please Forgive Me... I Can't Contain My Loneliness. [Uncensored L**ked],https://cdn001.imggle.net/webp/poster/07052026/6300f71d88.webp,https://javct.net/v/adn-763-rm,100,2026-08-02
AQSH-012-RM,My Wife Was Taken Down. My Wife Who Thought That He Was A Villain Was A Nymous Woman Who Has Both Café And Construction Worker Kafui Miyashita [Uncensored L**ked],https://cdn001.imggle.net/webp/poster/20230104/1681920352.webp,https://javct.net/v/aqsh-012-rm,120,2026-08-02
MIKR-112-RM,"""Keep This A Secret From My Son...right?"" The Mother Of A Classmate I've Had A Lustful Look For Since C**ldhood Has Opened A Men's Spa! With Her Unconsciously Daring Techniques, She Gently Relieves My Erection And Even Gives Me A Pussy-cumming Treatment... Sasaki Aki [Uncensored L**ked]",https://cdn001.imggle.net/webp/poster/07052026/918eb6faa2.webp,https://javct.net/v/mikr-112-rm,140,2026-08-02
AQSH-016-RM,Married Wife Carnivore Housekeeper Erotic Novelist Likes His Wife All-you-can-eat All-you-can-eat Pet Ryoko Ikeuchi [Uncensored L**ked],https://cdn001.imggle.net/webp/poster/07052026/7ea871907d.webp,https://javct.net/v/aqsh-016-rm,120,2026-08-02
GOJI-106-RM,"""Please Keep Me As Your Pet..."" A Complete Guide To Training Your C**ldhood Friend Into An Absolutely Obedient, Masochistic Pet Through Twisted Love. [Uncensored L**ked]",https://cdn001.imggle.net/webp/poster/07052026/be4a1dd9fd.webp,https://javct.net/v/goji-106-rm,240,2026-08-02
413INSTV-724-RM,Breasts are coming out!! Eroticity exceeds the limit Shameful bitch Huge breasted double gal Infinite raw sex Creampie 4P orgy [Uncensored L**ked],https://cdn001.imggle.net/webp/poster/07052026/1429a7c8e1.webp,https://javct.net/v/413instv-724-rm,70,2026-08-02
FC2PPV-4947705,"J cup big breasts sexy actress Mion Hazuki rich 3P sex violently shaking J cup big breasts, after a white man's violent piston, a large amount of bukkake on the big breasts comes with a bonus",https://cdn001.imggle.net/webp/poster/07052026/5269122db9.webp,https://javct.net/v/fc2ppv-4947705,35,2026-08-02
LOVE-67,"Bukkake Bondage, Gangbang Ashida Tomoko 18-year-old For The First Time",https://cdn001.imggle.net/webp/poster/07052026/e6dc6b124f.webp,https://javct.net/v/love-67,146,2026-08-02
RTVN-001-RM,"Wife, During The Delivery. Jun Kurosaki [Uncensored L**ked]",https://cdn001.imggle.net/webp/poster/20243105/1719550820.webp,https://javct.net/v/rtvn-001-rm,110,2026-08-02
MFT-001-RM,"Anytime, anywhere subscription sexual intercourse at a flat rate! [Uncensored L**ked]",https://cdn001.imggle.net/webp/poster/20222612/1672056290.webp,https://javct.net/v/mft-001-rm,154,2026-08-02
326FCT-228-RM,"My friend's boyfriend started penetrating my virginity, an orgy started, and various chaotic things happened during my unforgettable trip to Tokyo. Things like this were going on every night without anyone knowing about it. [Uncensored L**ked]",https://cdn001.imggle.net/webp/poster/07052026/d0f44ad87f.webp,https://javct.net/v/326fct-228-rm,130,2026-08-02
JOHS-022-RM,"A Mother And Her Daughter Get Fucked From Every Direction, Front, Back And Sides. The Tragic A**se By Mafia Loan Sharks [Uncensored L**ked]",https://cdn001.imggle.net/webp/poster/20222612/1672749600.webp,https://javct.net/v/johs-022-rm,143,2026-08-02
FC2PPV-4932881-RM,"Guerrilla-class squirting (4P) A small vagina that blows away the rainy season (2 beautiful women) Aspiring actress x naughty senior, forbidden lesbian play, stomach-busting demon sex, irresponsible creampie, special bonus included (belongs to an entertainment agency) [Uncensored L**ked]",https://cdn001.imggle.net/webp/poster/07052026/67e3ca3263.webp,https://javct.net/v/fc2ppv-4932881-rm,65,2026-08-02
SPRD-735-RM,"In Front Of Friends, Boys Earnestly Committed, The Mother Of Super-authentic Functional Relatives Erotic Picture Scroll Friend. Reiko Kobayakawa [Uncensored L**ked]",https://cdn001.imggle.net/webp/poster/20221904/1654060734.webp,https://javct.net/v/sprd-735-rm,130,2026-08-02
LOVE-58,Truant Student Orgy Lincoln Tits Triple Lori **d Once-in-a-lifetime Chance 4,https://cdn001.imggle.net/webp/poster/07052026/da8d39c951.webp,https://javct.net/v/love-58,120,2026-08-02
REAL-655-RM,Female College Student Pregnant R**e Cum Shot 20 Consecutive BEST 4 Hours [Uncensored L**ked],https://cdn001.imggle.net/webp/poster/05192026/2dfb5ab974.webp,https://javct.net/v/real-655-rm,240,2026-08-02
MIGD-746-RM,"Creampie Gangbanging Of Housewife On Her Fertile Day, Rena Fukiishi [Uncensored L**ked]",https://cdn002.imggle.net/webp/poster/migd-746.webp,https://javct.net/v/migd-746-rm,119,2026-08-02
PETS-070-RM,A Cocky Girl And Midnight Sex: A Battle-hardened Crossdressing Girl [Uncensored L**ked],https://cdn001.imggle.net/webp/poster/07052026/57f3dec0dc.webp,https://javct.net/v/pets-070-rm,102,2026-08-02
MOOC-025,"Kondo Mumu, A Cross-dressing Daycare Worker, Soothes Tired Parents With Sweet, Baby-like Dirty Talk, Lets Them Suck On Her Fully Erect Penis And Clitoris, And Heals Them With Her Gushing Cum.",https://cdn001.imggle.net/webp/poster/07052026/99c2896a65.webp,https://javct.net/v/mooc-025,160,2026-08-02
MIGD-659-RM,Incredibly Beautiful Girl 19 Years Old Transsexual Debut NishiSaki-hi那 [Uncensored L**ked],https://cdn001.imggle.net/webp/poster/05192026/5b6ec94d2b.webp,https://javct.net/v/migd-659-rm,180,2026-08-02
MISM-455-RM,"Throat Recess! Asshole! Penis Clitoris! A Greedy, Two-holeed, Penis-equipped Beautiful Girl, Hanamiya Hime, 21 Years Old, Who Wants To Be Dominated By Her Sexual Desires. [Uncensored L**ked]",https://cdn001.imggle.net/webp/poster/07052026/d9ddb66378.webp,https://javct.net/v/mism-455-rm,150,2026-08-02
FEM-036,An Oil-covered Succubus Will Fulfill Your Fantasies - Mei Aise,https://cdn001.imggle.net/webp/poster/07052026/a8d63729c9.webp,https://javct.net/v/fem-036,117,2026-08-02
PETS-070,A Cocky Girl And Midnight Sex: A Battle-hardened Crossdressing Girl,https://cdn001.imggle.net/webp/poster/07052026/57f3dec0dc.webp,https://javct.net/v/pets-070,102,2026-08-02
APPT-004-RM,Ejaculation In A School Uniform: Reunion With A Beautiful Girl - Yomogi Kobato [Uncensored L**ked],https://cdn001.imggle.net/webp/poster/07052026/47648feb0d.webp,https://javct.net/v/appt-004-rm,122,2026-08-02
FEM-035,Nanako's Reverse Anal Lesson,https://cdn001.imggle.net/webp/poster/07052026/3fde431c83.webp,https://javct.net/v/fem-035,122,2026-08-02
DSOD-026-RM,"Extreme Sperm Extraction (Techno Break) Natural Beauty NH Is To**ured In A Dungeon Where She Will Not Be Forgiven Even If She Cries Or Comes. Starring: Kana Hiiragi, Miu Arioka, Honoka Tsujii, Nina Nishimura [Uncensored L**ked]",https://cdn001.imggle.net/webp/poster/07052026/42f3874608.webp,https://javct.net/v/dsod-026-rm,130,2026-08-02
APPT-004,Ejaculation In A School Uniform: Reunion With A Beautiful Girl - Yomogi Kobato,https://cdn001.imggle.net/webp/poster/07052026/47648feb0d.webp,https://javct.net/v/appt-004,122,2026-08-02
MISM-455,"Throat Recess! Asshole! Penis Clitoris! A Greedy, Two-holeed, Penis-equipped Beautiful Girl, Hanamiya Hime, 21 Years Old, Who Wants To Be Dominated By Her Sexual Desires.",https://cdn001.imggle.net/webp/poster/07052026/d9ddb66378.webp,https://javct.net/v/mism-455,150,2026-08-02
DSOD-026,"Extreme Sperm Extraction (Techno Break) Natural Beauty NH Is To**ured In A Dungeon Where She Will Not Be Forgiven Even If She Cries Or Comes. Starring: Kana Hiiragi, Miu Arioka, Honoka Tsujii, Nina Nishimura",https://cdn001.imggle.net/webp/poster/07052026/42f3874608.webp,https://javct.net/v/dsod-026,130,2026-08-02
NVH-083-RM,"""Master, You're A Pervert, Aren't You?"" Asshole Service Little Devil Slut Maid Transsexual Reverse Anal Sex♂ Asahina Kou [Uncensored L**ked]",https://cdn001.imggle.net/webp/poster/07052026/47a99cb0d8.webp,https://javct.net/v/nvh-083-rm,145,2026-08-02
NVH-015-RM,A Slut Teases A Transsexual's Penis And Teases It To The Brim! Nanako/Miho Tsuno [Uncensored L**ked],https://cdn001.imggle.net/webp/poster/20241901/1705726120.webp,https://javct.net/v/nvh-015-rm,155,2026-08-02
TANF-021-RM,Tanpopo☆Presents! I Still Love It Raw. Dark Cute Hikaru♀Nanako♂Lesbian Anal Sex Play 4GOKKUN4SEX [Uncensored L**ked],https://cdn001.imggle.net/webp/poster/20240807/1723862831.webp,https://javct.net/v/tanf-021-rm,195,2026-08-02
NVH-083,"""Master, You're A Pervert, Aren't You?"" Asshole Service Little Devil Slut Maid Transsexual Reverse Anal Sex♂ Asahina Kou",https://cdn001.imggle.net/webp/poster/07052026/47a99cb0d8.webp,https://javct.net/v/nvh-083,145,2026-08-02
PMGG-030-RM,"A beautiful girl with a national treasure and a big dick and a lewd asshole! I have a boyfriend, but I don't have a sex friend's penis ♪ ""Please insert your penis, which is bigger and harder than my boyfriend's...//"" This is a lovey-dovey sex scene where she flirts with his dick and talks dirty all the time. [Fuyuka] Fuyuka Tsukishiro [Uncensored L**ked]",https://cdn001.imggle.net/webp/poster/07052026/54a85a0795.webp,https://javct.net/v/pmgg-030-rm,79,2026-08-02
FEM-034-RM,Excavation Man's Daughter♂AVDebut Rui Amane [Uncensored L**ked],https://cdn001.imggle.net/webp/poster/07052026/9faf4dd18e.webp,https://javct.net/v/fem-034-rm,121,2026-08-02
FC2PPV-4948688,"[Gorgeous anal orgy where a beautiful woman's asshole is filled with a big dick] The secret desire of an inconspicuous mob girl ""I want to experience anal sex... Two holes of a middle-aged group's big dicks are fucked at the same time""",https://cdn001.imggle.net/webp/poster/07052026/9820ab6b6b.webp,https://javct.net/v/fc2ppv-4948688,83,2026-08-02
FC2PPV-4947759,[Individual photo] A young manicurist's wife is frightened by a strong-looking man and obeys him until the end.,https://cdn001.imggle.net/webp/poster/07052026/76f56659a1.webp,https://javct.net/v/fc2ppv-4947759,40,2026-08-02
FC2PPV-4934366,"[18 years old] Her small body is being fucked one after another, and her delicate body is on the verge of being broken.Here is the whole story of an 18 year old who is unable to make a sound due to the continuous vaginal cum shot, which takes place with violent pistons.",https://cdn001.imggle.net/webp/poster/07052026/212e6d6f0d.webp,https://javct.net/v/fc2ppv-4934366,65,2026-08-02
FC2PPV-4946552,[No] Elegant and neat appearance with a real lewd maid costume and continuous ejaculation due to lewd verbal to**ure and stimulation that never takes a break...Gulp and creampie *Bonus high resolution,https://cdn001.imggle.net/webp/poster/07052026/0105074847.webp,https://javct.net/v/fc2ppv-4946552,49,2026-08-02
300MIUM-1358,[Newcomer] It's good to have a woman who smiles a lot. I think 100% of the publicity work for student talents is based on her face. You'll understand when you talk to her. She's quick-witted lol,https://cdn001.imggle.net/webp/poster/07052026/8166411604.webp,https://javct.net/v/300mium-1358,72,2026-08-02
200GANA-3419,"25 years old, Akane's climax sketch with F cup big breasts with a glossy mole under her eyes on her face behind the brush Seriously soft, first shot 2330",https://cdn001.imggle.net/webp/poster/07052026/e34e612132.webp,https://javct.net/v/200gana-3419,71,2026-08-02
SIRO-5698,"Fluffy Time Enters A gentle girl who works at a gentle flower shop has applied for an application.The fluffy atmosphere changes completely like a vacuum, and the sexual desire that is sucked up and down goes beyond the limits and blooms profusely.You don't know a real flower shop yet. [First shot] AV application online AV experience shooting 2596",https://cdn001.imggle.net/webp/poster/07052026/0516cd458a.webp,https://javct.net/v/siro-5698,61,2026-08-02
FSET-567-RM,I Always Got The Feeling In The Nipple Blame Este [Uncensored L**ked],https://cdn001.imggle.net/webp/poster/07052026/5a68dde239.webp,https://javct.net/v/fset-567-rm,175,2026-08-02
GIGP-41-RM,Spandexer Cosmo Angel Shameful Princess Umi Oikawa [Uncensored L**ked],https://cdn001.imggle.net/webp/poster/01202026/1770049164.webp,https://javct.net/v/gigp-41-rm,95,2026-08-02
DJSR-037-RM,"Become Excited And Find That Girl To Be Worried About From Lesbian Molester Earlier At Work I, I Have At Last By A Deep Kiss With Saliva Covered Can Not Endure Oma ● Co Also Earnestly Licked! ! [Uncensored L**ked]",https://cdn001.imggle.net/webp/poster/20241115/1734542337.webp,https://javct.net/v/djsr-037-rm,110,2026-08-02
KSBJ-088-RM,Intellectual Mom's Spartan Sex Education Nozomi Haneda [Uncensored L**ked],https://cdn001.imggle.net/webp/poster/05192026/de97697536.webp,https://javct.net/v/ksbj-088-rm,120,2026-08-02
VRTM-272-RM,"Deca Milk Mother Who Wants C**ldren Wear ""sweater That K**ls Virgin"" To Eliminate SEX Less With Husband!Stimulation Is Too Strong And Full Erection Does Not Stop Virgin Mother Who Was Lustful With A Virgin Son Gently Inserts A Brushes Down Grass!Oppai Full Of Mothers With Demon 's Devil Piston Shaking Out Repeatedly While Repeatedly Shaking! [Uncensored L**ked]",https://cdn001.imggle.net/webp/poster/20220406/1657043513.webp,https://javct.net/v/vrtm-272-rm,210,2026-08-02
VENX-379-RM,"I Thought My Parents Were Close, But It Turns Out They Haven’t Had Sex In Ages… Unable To Confide In Anyone, My Mother Crawls Into My Bed And We Had An Explosive Raw Incestuous Sexual Encounter Who Ended With A Creampie - Kichise Aoi [Uncensored L**ked]",https://cdn001.imggle.net/webp/poster/07052026/fbd80f1c69.webp,https://javct.net/v/venx-379-rm,100,2026-08-02
T28-548-RM,End Of Summer With My Niece... An Incestuous Overnight Trip. Noa Mizuhara [Uncensored L**ked],https://cdn001.imggle.net/webp/poster/20221108/1661444427.webp,https://javct.net/v/t28-548-rm,121,2026-08-02
NACR-235-RM,Father's Second Wife Is Way Too Young Mirai Haruka [Uncensored L**ked],https://cdn001.imggle.net/webp/poster/20221202/1647176254.webp,https://javct.net/v/nacr-235-rm,112,2026-08-02
T28-549-RM,"While Our Parents Were Away, My Little Sister And I Fucked All Day Until My Testicles Went Dry Yui Natsuhara [Uncensored L**ked]",https://cdn001.imggle.net/webp/poster/20221904/1653893244.webp,https://javct.net/v/t28-549-rm,121,2026-08-02
ID-027,Miss Deriheru 27 [Rookie] Miss Deri The Most Shy Nipple In Japan When I Call Her I'm The Wife Of A Sensitive De M Who Ruins Me With Just My Ears Married Woman Miya Tanaka 32 Years Old [ DQN] Amateur Prostitute Creampie Voyeur Strong ● Taken Down,https://cdn001.imggle.net/webp/poster/07052026/93fd9dc707.webp,https://javct.net/v/id-027,110,2026-08-02
SCOP-556-RM,"A Popular Video Pub In A Certain City Gathers Senior Girls, Getting Information That It Should Be Only Handjob Without Permission Sneak Survey! !Beyond That A Dreamlike Development Was Waiting! ! [Uncensored L**ked]",https://cdn001.imggle.net/webp/poster/06032026/1775621433.webp,https://javct.net/v/scop-556-rm,145,2026-08-02
ONSG-018-RM,Busty Deriheru Hamasaki Mao [Uncensored L**ked],https://cdn001.imggle.net/webp/poster/20240807/1723678786.webp,https://javct.net/v/onsg-018-rm,130,2026-08-02
PGD-769,Premium Stylish Soap Gold Serina Hayakawa,https://cdn001.imggle.net/webp/poster/07052026/d7ff5a1f4a.webp,https://javct.net/v/pgd-769,120,2026-08-02
FC2PPV-4949214,"[Full face] New graduate H cup busty office lady joining a major foreign company Dangerous day, no pill, brutal NTR 2 consecutive ejaculations including creampie, super rare private sex shot * Only a few left",https://cdn001.imggle.net/webp/poster/07052026/45de7f8cc0.webp,https://javct.net/v/fc2ppv-4949214,61,2026-08-02
FC2PPV-4949460,"Recommended [High quality Face showing ☆ No pussy] I've never done anything like that before, but I'm a very excited married woman. I'm burning with the intense breasts of a married woman whose pure voice comes out in my heart that I want her to be sandwiched between my cleavages.",https://cdn001.imggle.net/webp/poster/07052026/4175a4c57d.webp,https://javct.net/v/fc2ppv-4949460,59,2026-08-02
FC2PPV-4949097,[Beautiful naked body of SSS super beautiful woman is again] She belongs to a super famous talent fashion model agency. She has an overwhelming style and sophisticated eroticism. The stimulation of a hard cock comforts her aching body after breaking up with her boyfriend.,https://cdn001.imggle.net/webp/poster/07052026/baab27e39b.webp,https://javct.net/v/fc2ppv-4949097,96,2026-08-02
FC2PPV-4949155,*[Super breasts] Having karaoke with a Gachikoi college student who grew up with an E-cup...Make her squirt with a moaning voice and silence her with a reward seeding,https://cdn001.imggle.net/webp/poster/07052026/20dbcb00d5.webp,https://javct.net/v/fc2ppv-4949155,45,2026-08-02
FC2PPV-4948791,[God's Work Confirmed/Individual Shooting] Big Breasts x Beautiful Legs ❣ Athletic lady with a tall slender body ♡ Get pregnant by inserting raw into her well-trained pussy / 3 vaginal cum shots ready to get pregnant ♡ [Bonus: High resolution] [Main story/No facial footage],https://cdn001.imggle.net/webp/poster/07052026/f6300d5ff8.webp,https://javct.net/v/fc2ppv-4948791,85,2026-08-02
HAWA-042-RM,I Want To Drink Full Stomach The Semen Of Men Do Not Know ... Secret In The Others Bar SEX Special Edition Husband Mass Seminal Drinking 30 Shots Akino's 33-year-old Second Series Of Miracles [Uncensored L**ked],https://cdn001.imggle.net/webp/poster/07052026/ed286030e9.webp,https://javct.net/v/hawa-042-rm,160,2026-08-02
UBUG-015-RM,A Skinny Girl With A Slutty Throat And Pussy Gets Turned On By Deepthroating [sad] [Uncensored L**ked],https://cdn001.imggle.net/webp/poster/07052026/dfef015b58.webp,https://javct.net/v/ubug-015-rm,200,2026-08-02
SGA-104-RM,"With The Best Mistress, The Best Cum Shot Intercourse. 24 Beautiful Legs Ass, Beautiful Beauty [Uncensored L**ked]",https://cdn001.imggle.net/webp/poster/07052026/6cab385ca5.webp,https://javct.net/v/sga-104-rm,125,2026-08-02
SGA-103-RM,Best Creampie Sex With The Best Mistress 23 [Uncensored L**ked],https://cdn001.imggle.net/webp/poster/20221202/1649552143.webp,https://javct.net/v/sga-103-rm,125,2026-08-02
WANZ-345,"If You Can Withstand Her Amazing Technique, You Can Have Raw Creampie Sex! - Hayakawa Serina",https://cdn001.imggle.net/webp/poster/07052026/b3ecfff5e8.webp,https://javct.net/v/wanz-345,180,2026-08-02
FC2PPV-4949204,Sexual Harassment Body Treatment #330 [A beautiful office lady with a beautiful slender body and transparent white skin resists pleasure while getting drenched and climaxing],https://cdn001.imggle.net/webp/poster/07052026/2738065e2a.webp,https://javct.net/v/fc2ppv-4949204,50,2026-08-02
FC2PPV-4947719,"[* Anal show female ban released *] A tall, slender, multi-talented woman (175cm) who is active in the industry has her anal developed for the first time... She is carefully expanded with anal beads, and the moment she cums, her asshole convulses and the beads sway like a tail.",https://cdn001.imggle.net/webp/poster/07052026/54c8937de4.webp,https://javct.net/v/fc2ppv-4947719,43,2026-08-02
HAWA-064-RM,I Do Not Know The Fine Drink Of Married-chan Man Of Sperm 15 Shots Based On Reader Model / Apparel Clerk Chie's 27-year-old [Uncensored L**ked],https://cdn001.imggle.net/webp/poster/07052026/f1ce0829ee.webp,https://javct.net/v/hawa-064-rm,180,2026-08-02
CLUB-934-RM,First-class Hotel Woman's Elegant Pussy Gets Intensely Piston-fucked And Cummed Inside In A Gangbang Video. [Uncensored L**ked],https://cdn001.imggle.net/webp/poster/07052026/d4009d1c2a.webp,https://javct.net/v/club-934-rm,160,2026-08-02
DVEH-093-RM,"Matching A Dazzling Bikini Girl With A Big-dick Virgin At Miura Beach! They Try A ""vagina Oil Massage""! The Slippery, Squelching Sensation Of The Big Dick Rubbing Against Her Vagina Awakens The Bikini Girl's Lust! ""Is It Okay If I'm Your First Lol?"" The Best Summer Memory! First Time Raw Cumshot Special [Uncensored L**ked]",https://cdn001.imggle.net/webp/poster/07052026/9369f78434.webp,https://javct.net/v/dveh-093-rm,185,2026-08-02
INOT-003-RM,Pushing Girls Buy Dreams With ¥ Exchange! Ojichi You Should Hate Podema Developed To This Back And Fallen Pleasure With Rich Raw Vaginal Cum Shot Momo Fukuda [Uncensored L**ked],https://cdn001.imggle.net/webp/poster/20222612/1672114106.webp,https://javct.net/v/inot-003-rm,95,2026-08-02
YAKO-097-RM,"Kazuko (50 Years Old), A Lewd Cosplayer Who Keeps It A Secret From Her Husband. [Uncensored L**ked]",https://cdn001.imggle.net/webp/poster/07052026/de94e73161.webp,https://javct.net/v/yako-097-rm,116,2026-08-02
MUDR-193-RM,"Natsu Tojo, A Perverted Beautiful Girl Who Awakens To Bondage Exposure Shame [Uncensored L**ked]",https://cdn001.imggle.net/webp/poster/20220406/1655444436.webp,https://javct.net/v/mudr-193-rm,160,2026-08-02
NGOD-301-RM,Married Female Teacher - Immoral After School Big Cock - I Know It's Wrong But I'm Made To Cum By My Parent's Big Dick... Asami Nagase [Uncensored L**ked],https://cdn001.imggle.net/webp/poster/10232025/1762457417.webp,https://javct.net/v/ngod-301-rm,140,2026-08-02
XV-776-RM,Yuna Shiina Tokyo Lingerie Collection [Uncensored L**ked],https://cdn001.imggle.net/webp/poster/07052026/84a51aef76.webp,https://javct.net/v/xv-776-rm,120,2026-08-02
CR-080226-001,Centurion Soap: Miku Maina,https://cdn001.imggle.net/webp/poster/07052026/999b3ef4eb.webp,https://javct.net/v/cr-080226-001,61,2026-08-02
DNJR-074-RM,Nonstop Dirty Talk And Teasing The Masochistic Male. Nonoka Sato [Uncensored L**ked],https://cdn001.imggle.net/webp/poster/20221904/1651911170.webp,https://javct.net/v/dnjr-074-rm,143,2026-08-02
CRNX-352,[4K] Forbidden creampie sex with a student in a swimsuit that violates school regulations Karin Kitaoka,https://cdn001.imggle.net/webp/poster/07052026/c354fb31cb.webp,https://javct.net/v/crnx-352,42,2026-08-02
WAAA-657-RM,"If You Can Withstand Miho Tsuno's Amazing Technique, You'll Get Raw, Unprotected Sex! [Uncensored L**ked]",https://cdn001.imggle.net/webp/poster/07052026/a7dc7b5348.webp,https://javct.net/v/waaa-657-rm,180,2026-08-02
FNS-240-RM,Beautiful Girl Born On A Remote Island Made Of Pure Natural Materials AV DEBUT Jun Sakuraba [Uncensored L**ked],https://cdn001.imggle.net/webp/poster/07052026/1d5d0843eb.webp,https://javct.net/v/fns-240-rm,165,2026-08-02
NEWM-095-RM,"Forbidden Sex With My Wife's Mother, Part 54: My Mother-in-law Is Better Than My Wife... Yu Kawakami [Uncensored L**ked]",https://cdn001.imggle.net/webp/poster/20241115/1732335344.webp,https://javct.net/v/newm-095-rm,120,2026-08-02
REAL-723,I Have Been Relentlessly Committing A Man Who Has Been Hiding In The House Since Last Week. Naoko Akase,https://cdn001.imggle.net/webp/poster/07052026/f686e94392.webp,https://javct.net/v/real-723,120,2026-08-02
VRTM-039-RM,"Married Women Get Horny Under The Heater Next To Their Husbands, Their Hot Pussies Ooze Until They Cum More Than Four Times [Uncensored L**ked]",https://cdn001.imggle.net/webp/poster/20220406/1656833984.webp,https://javct.net/v/vrtm-039-rm,187,2026-08-02
C-2482,Cuckold My Wife N Tsumi (28) 83,https://cdn001.imggle.net/webp/poster/07052026/ef05127c7f.webp,https://javct.net/v/c-2482,150,2026-08-02
HDKA-272-RM,Naked Housewife Mako Oda (38) Living In Itabashi Ward [Uncensored L**ked],https://cdn001.imggle.net/webp/poster/20222410/1668911046.webp,https://javct.net/v/hdka-272-rm,110,2026-08-02
SY-225,"Dear Mrs. Yukari, 25 Years Old, From The Four-and-a-Half Tatami Room ● Amateur Four-and-a-Half Tatami Room Raw Cumshot Series Fuu Watari",https://cdn001.imggle.net/webp/poster/07052026/929cc02635.webp,https://javct.net/v/sy-225,110,2026-08-02
MREC-004,"Sex record #004 / Kana Mito / Aiming to be a professional dancer but failing / AV debut from a life of extreme poverty / 9 years of acting experience, miraculous 40s / Serious sex with no plot",https://cdn001.imggle.net/webp/poster/07052026/10211a6cb8.webp,https://javct.net/v/mrec-004,74,2026-08-02
CRNX-351,[4K] Temptation of the clothed busty wife next door... Momo Sakurano,https://cdn001.imggle.net/webp/poster/07052026/0117e0ace2.webp,https://javct.net/v/crnx-351,65,2026-08-02
JJDA-036-RM,"Momo Minami, A Busty Wife Who Was Seriously Rubbed By Her Husband's Customers [Uncensored L**ked]",https://cdn001.imggle.net/webp/poster/20222311/1669951409.webp,https://javct.net/v/jjda-036-rm,120,2026-08-02
CRNX-340,[4K] First experience with a married woman... The most enviable brush stroke Shiori 27 years old Shiori Yorimoto,https://cdn001.imggle.net/webp/poster/07052026/e90e7fb272.webp,https://javct.net/v/crnx-340,77,2026-08-02
NKKD-277-RM,Drive Recorder NTR27 In-Vehicle Camera Was Watching The Whole Story Of Cuckolding [Uncensored L**ked],https://cdn001.imggle.net/webp/poster/20222311/1670557631.webp,https://javct.net/v/nkkd-277-rm,180,2026-08-02
GS-2060-RM,Married Woman Yukoi Trip 155 [Uncensored L**ked],https://cdn001.imggle.net/webp/poster/20222612/1674358187.webp,https://javct.net/v/gs-2060-rm,160,2026-08-02
AQSH-018-RM,My Wife Was Taken Down.A Cute Daughter Has Become An Ineptitude And Nei's Older Older Brother's Toy Toy Kawasaki Yurisa [Uncensored L**ked],https://cdn001.imggle.net/webp/poster/07052026/4708b184a8.webp,https://javct.net/v/aqsh-018-rm,120,2026-08-02
KAM-121-RM,"""Are You Really A Virgin...?"" I Asked My Part-Time Housekeeper To Pretend To Be A Virgin, And I'm Going To Tickle My Maternal Instincts, And I'm Going To Fuck A Married Woman, And I'm Going To Fuck Her. [Uncensored L**ked]",https://cdn001.imggle.net/webp/poster/20222311/1671161170.webp,https://javct.net/v/kam-121-rm,120,2026-08-02
JRZE-130-RM,First Shooting Married Woman Document Hazuki Morishita [Uncensored L**ked],https://cdn001.imggle.net/webp/poster/20222311/1669255945.webp,https://javct.net/v/jrze-130-rm,120,2026-08-02
SMOK-043-RM,"Alone In The Office During Overtime, The Big-assed, Married Female Boss, Yuika Onosaka, Provocatively Flashes Her Pussy In A Miniskirt, Making The Young Employee's Dick Hard And Repeatedly Fucks Him Ass. [Uncensored L**ked]",https://cdn001.imggle.net/webp/poster/07052026/7c96c73651.webp,https://javct.net/v/smok-043-rm,160,2026-08-02
ZUKO-071,Medium And In Your Neighborhood Wife Out Orgy 2,https://cdn001.imggle.net/webp/poster/07052026/bc30a09523.webp,https://javct.net/v/zuko-071,210,2026-08-02
ROE-346-SUB,I Was Immersed In A Great Convulsive Back-arching Sex With My Beloved Daughter's Boyfriend. Satsuki Kirioka [English Subtitle],https://cdn001.imggle.net/webp/poster/20252204/1746726511.webp,https://javct.net/v/roe-346-sub,150,2026-08-02
JBD-218-RM,To**ure Unrelated 3 Asu Hojo [Uncensored L**ked],https://cdn001.imggle.net/webp/poster/06032026/1774326676.webp,https://javct.net/v/jbd-218-rm,120,2026-08-02
NKKD-176-RM,"Recently, My Wife (30 Years Old) Got Fucked By Her Co-Worker (20 Years Old) At Her Part-Time Job... And Now I'm So Frustrated, I'd Like To Sell The Footage As An Adult Video. () [Uncensored L**ked]",https://cdn001.imggle.net/webp/poster/20221904/1654128421.webp,https://javct.net/v/nkkd-176-rm,168,2026-08-02
JUNY-004-RM,"This Cock-Loving Chubby Private Tutor With Colossal Tits Seduces Men With Her Dirty, Big Areolae. Miku Ayukawa [Uncensored L**ked]",https://cdn001.imggle.net/webp/poster/20222109/1666318930.webp,https://javct.net/v/juny-004-rm,156,2026-08-02
EBOD-570,Tsun And Upward Bell-shaped Hcup College Student God Sensitivity Chikubi Knob & Bareback Piston Suddenly Cum 78 Times!AV Debut Risa Chan Pies Fallen Alive,https://cdn001.imggle.net/webp/poster/07052026/e84d2a5054.webp,https://javct.net/v/ebod-570,150,2026-08-02
XVSR-370,My Lovely Girlfriend And Icha Love Cum Shot Dating Sakasaki Miho,https://cdn001.imggle.net/webp/poster/07052026/b0bf51060f.webp,https://javct.net/v/xvsr-370,120,2026-08-02
HZ-3902,I had sex with a shaved young woman in a private room! - Miki Fujita,https://cdn001.imggle.net/webp/poster/07052026/6d3e6efccf.webp,https://javct.net/v/hz-3902,55,2026-08-02
DORI-056,"Paco Shooting No.56 Continuous Creampie For Big Tits School Girls Who Are OK With Belochu! At The End, I Thought I'd Shoot My Face, But The Third Time I Got A Vaginal Cum Shot!",https://cdn001.imggle.net/webp/poster/07052026/279e3fc7cc.webp,https://javct.net/v/dori-056,71,2026-08-02
PS-131,"New B-grade Amateur First Shoot 131 ""Sorry, Daddy."" Maika, 20 Years Old, Works At A Library. Overly Sensitive To Dirty Words, Her Pussy Juices Flowing! ""Super Shy Girl, Instantly Wet With Fantasies And Anticipation!"" ""Her Mind Is Blank! She Has Little Experience, But There Are Signs Of Her Becoming A Slutty Female...!"" ""Girl Who Loves Erotic Novels, Words... Yukimi Maika",https://cdn001.imggle.net/webp/poster/07052026/84d77caab6.webp,https://javct.net/v/ps-131,90,2026-08-02
FINH-041-RM,Delivering A Frustrated Body By Live Chat Urging A Blow-up Nursery Teacher And Cumming Inside A Sex SEX Inoue Makoto [Uncensored L**ked],https://cdn001.imggle.net/webp/poster/20221108/1661475565.webp,https://javct.net/v/finh-041-rm,150,2026-08-02
BONY-030-RM,Sex-Dependent Carnivorous Beauty J Cup Busty Female College Student Who Explodes Sexual Desire With Papa Life Cum Shot Kurumi Momose [Uncensored L**ked],https://cdn001.imggle.net/webp/poster/20222311/1670558219.webp,https://javct.net/v/bony-030-rm,165,2026-08-02
YMDS-301,Amateur observation monitoring Mr. Onosaka who is good at squeezing! A slut sucks a lot of amateur semen! ! Let's go home until 10 shots Yuika Onosaka,https://cdn001.imggle.net/webp/poster/07052026/de5d6f6ab5.webp,https://javct.net/v/ymds-301,120,2026-08-02
CHUC-069-RM,"Mikuru (20) Mikuru Horikita, A 20-year-old Part-time Worker With A J Cup Who Gets Picked Up Every Day [Uncensored L**ked]",https://cdn001.imggle.net/webp/poster/20241902/1708965796.webp,https://javct.net/v/chuc-069-rm,60,2026-08-02
IZM-012-RM,Amateur Housewife Who Wants To Be Bullied 12 Mr. Nakata's Creampie Company Employee Housewife Yukari 25 Years Old J Cup Kagamimochi Nipple Rubbing A Hair Cumming Multiparous Woman's Wet Pussy Spasm Convulsions Colossal Tits Bitch Wife Electric Massager & Vibrator Climax Yukari Mochida [Uncensored L**ked],https://cdn001.imggle.net/webp/poster/20222311/1669951472.webp,https://javct.net/v/izm-012-rm,140,2026-08-02
LULU-448-RM,"Unable To Resist The Unconscious, Sweaty Body Odor Of My Niece, A Big-butt College Student Who's Dedicated To Her Club Activities, I Quickly Had Sex With Her! I Savored Every Inch Of Her Athletic Female Pheromones Emanating From Her Armpits, Feet, And Asshole, Licking And Sucking Her Sweaty Body And Cumming Inside Her Multiple Times. - Sunao Kui [Uncensored L**ked]",https://cdn001.imggle.net/webp/poster/07052026/e21323799c.webp,https://javct.net/v/lulu-448-rm,160,2026-08-02
CRNX-349,[4K] Serious eating of slut Shiori! ! Amateur reverse nan sex without being able to resist Shiori Yorimoto,https://cdn001.imggle.net/webp/poster/07052026/0f2edb356b.webp,https://javct.net/v/crnx-349,61,2026-08-02
YMDS-300,Amateur observation monitoring raw sex creampie time attack! The store is covered in semen due to excessive fun! DVD store edition Yuika Onosaka,https://cdn001.imggle.net/webp/poster/07052026/a4b4da139a.webp,https://javct.net/v/ymds-300,65,2026-08-02
SORA-643-RM,"Drug-addicted Former Hostess **dnapped! Aphrodisiacs Unleash Her Masochistic Sensitivity! Eyes Rolling Back, She Becomes A Squirting Doll - Megumi Minoshima [Uncensored L**ked]",https://cdn001.imggle.net/webp/poster/07052026/af6b8493f6.webp,https://javct.net/v/sora-643-rm,129,2026-08-02
PIYO-163-RM,There's No Way Such A Brave Chick Girl Is... She's Given An Aphrodisiac And Her Reason Completely Collapses! ! Foreign Matter Masturbation Regardless Of Place! L**ked Acme! ! [Uncensored L**ked],https://cdn001.imggle.net/webp/poster/20222311/1670467918.webp,https://javct.net/v/piyo-163-rm,180,2026-08-02
XRW-830-RM,Naked Tying Teacher An Sasakura [Uncensored L**ked],https://cdn001.imggle.net/webp/poster/07052026/b0271df03b.webp,https://javct.net/v/xrw-830-rm,114,2026-08-02
YST-285-RM,I'm A Pervert Who Drips Pussy Juice Even Though My Father-in-law Treats Me As A Toy. Minazuki Hikaru [Uncensored L**ked],https://cdn001.imggle.net/webp/poster/20222612/1672373633.webp,https://javct.net/v/yst-285-rm,105,2026-08-02
XV-756-RM,Commit The Perfect Body New! Yuna Shiina [Uncensored L**ked],https://cdn001.imggle.net/webp/poster/07052026/581df0129f.webp,https://javct.net/v/xv-756-rm,120,2026-08-02
CRNX-350,[4K] A beautiful and cute c**ldhood friend who became a sex practice partner for me when I was a virgin and had a girlfriend for the first time. Aoi Aosaka,https://cdn001.imggle.net/webp/poster/07052026/fedf72f32b.webp,https://javct.net/v/crnx-350,64,2026-08-02
JUY-393-RM,Madonna Exclusive Episode 3!! Immoral Drama First Try!! My Wife Was Fucked By Another Man... Cuckold - Ayane Haruka [Uncensored L**ked],https://cdn002.imggle.net/webp/poster/juy-393.webp,https://javct.net/v/juy-393-rm,119,2026-08-02
NACR-369-RM,Mother-in-law Is A Reader Model Natsume Inagawa [Uncensored L**ked],https://cdn001.imggle.net/webp/poster/07052026/dcd6320ad8.webp,https://javct.net/v/nacr-369-rm,120,2026-08-02
TPPN-077-RM,I Love Juice Overflowing.sweat Sparkling.Convulsions That Do Not Stop. Tanihara Nozomi [Uncensored L**ked],https://cdn001.imggle.net/webp/poster/07052026/6b528efab9.webp,https://javct.net/v/tppn-077-rm,120,2026-08-02
JUY-392-RM,Fresh Face Rika Shibasaki 29 y/o Smiley Beauty Found In Daikanyama Flower Shop AV Debut!! [Uncensored L**ked],https://cdn002.imggle.net/webp/poster/juy-392.webp,https://javct.net/v/juy-392-rm,166,2026-08-02
VEC-782-RM,"""Just Once Is All I Ask, Please Hold My Mother."" A Son Accidentally Witnesses His Mother Masturbating. Noticing His Mother's Sexual Frustration, He Asks His Womanizing Friend For Help. (Yoshizawa Aguri) [Uncensored L**ked]",https://cdn001.imggle.net/webp/poster/07052026/94e9a43c67.webp,https://javct.net/v/vec-782-rm,120,2026-08-02
ONSG-016-RM,A Big Tits Delivery Health Call Girl Service Toka Rinne [Uncensored L**ked],https://cdn002.imggle.net/webp/poster/onsg-016.webp,https://javct.net/v/onsg-016-rm,122,2026-08-02
SOAN-130-RM,"Anal Seminar: Making A Cocky Female Apartment Owner Understand With A Dick, Anal Brain Orgasm, 3-hole Dedicated Asshole Addict Pet, Wakana Hachimori [Uncensored L**ked]",https://cdn001.imggle.net/webp/poster/07052026/e4e50941b5.webp,https://javct.net/v/soan-130-rm,130,2026-08-02
ZUKO-072,Medium And Uniform School Girls Out Orgy ~ Graduation ~,https://cdn001.imggle.net/webp/poster/07052026/e5dc8f8f41.webp,https://javct.net/v/zuko-072,180,2026-08-02
ZUKO-081,Girls' School Dormitory Whole Out The Middle And All Of Promiscuity,https://cdn001.imggle.net/webp/poster/07052026/bc93936dff.webp,https://javct.net/v/zuko-081,200,2026-08-02
CAWD-377-RM,"I Was Overwhelmed By The Temptation Of A Whisper In The Ear Of A Female Student, And After School I Repeated Forbidden Vaginal Cum Shot Like Crazy In A Love Hotel And A Library. Yui Amane [Uncensored L**ked]",https://cdn001.imggle.net/webp/poster/20221904/1654234064.webp,https://javct.net/v/cawd-377-rm,120,2026-08-02
MIAB-479-SUB,"""You Love Big Dicks, Don't You?"" A Rebellious, Cheeky Yankee Industrial Gal Is Made To Understand By A Sexually Harassing Teacher Who Hates Her And Makes Her Cum By Massaging Her Huge Breasts And Creampieing Her With A Creampie Press. Yui Sayama [English Subtitle]",https://cdn001.imggle.net/webp/poster/20252204/1746117701.webp,https://javct.net/v/miab-479-sub,120,2026-08-02
MOPG-063,"If That Girl Was A Mean Slut Who Groaned Her Nipple While Suffocating Me, It Would Be Good. Come Shrimp",https://cdn001.imggle.net/webp/poster/07052026/536734ce9f.webp,https://javct.net/v/mopg-063,113,2026-08-02
XRW-829-RM,I Tried To Take A Personal Photo Of Actressing Her Friendly And Sister-like Character. Winter Love [Uncensored L**ked],https://cdn001.imggle.net/webp/poster/20240807/1723655806.webp,https://javct.net/v/xrw-829-rm,121,2026-08-02
ONEZ-201-RM,Pretty Girl Enrolled Too Cute!Let's Etch At Pussy Cat Cafe ♪ Ruru Aru Vol. 001 [Uncensored L**ked],https://cdn001.imggle.net/webp/poster/07052026/19234a87f8.webp,https://javct.net/v/onez-201-rm,120,2026-08-02
PKPB-008-RM,Complete Document! All-you-can-eat With A Popular Actress. Many Times Vaginal Cum Shot To Mizuki Yayoi [Uncensored L**ked],https://cdn001.imggle.net/webp/poster/20222311/1670035812.webp,https://javct.net/v/pkpb-008-rm,129,2026-08-02
HUNTA-830-RM,"""My Body Is So Hot~I Feel Like I Want To Have Sex..."" With My Boss's Wife Who Sneaked Into My Futon, I Think It's No Good, But It's A Close-fitting SEX In The Futon! [Uncensored L**ked]",https://cdn001.imggle.net/webp/poster/07052026/5aedd85128.webp,https://javct.net/v/hunta-830-rm,200,2026-08-02
YMDD-502-RM,Amateur Observation Monitoring: Raw Sex And Cumming Time Attack! Slut Jerks And Squeezes Out Amateur Semen!! DVD Store Edition & Can't Go Home Until You Cum 10 Times Edition: Yuika Onosaka [Uncensored L**ked],https://cdn001.imggle.net/webp/poster/07052026/1d558d08c2.webp,https://javct.net/v/ymdd-502-rm,180,2026-08-02
WHX-032-RM,"Full Say Te Is Fun And Full And Blowing SEX Is Too Comfortably Oma ○ Co-broken Has To Be, Because Be The Best Body To Mon Man Would Too Much Your Tide South Iori Students 18 Years Of Age [Uncensored L**ked]",https://cdn001.imggle.net/webp/poster/05192026/f1630735b3.webp,https://javct.net/v/whx-032-rm,120,2026-08-02
WHX-033-RM,Sly Me Being From 2 People!'Cause You're Licked Oma Co ○ To Kissing ◇ Mon'm Feels Sooo!Pleasure Is 3 Times! Sakai Asahi OL 22-year-old [Uncensored L**ked],https://cdn001.imggle.net/webp/poster/05192026/6f27d1ddeb.webp,https://javct.net/v/whx-033-rm,140,2026-08-02
XV-745-RM,New Comer Yuna Shiina [Uncensored L**ked],https://cdn001.imggle.net/webp/poster/07052026/b957eec8dc.webp,https://javct.net/v/xv-745-rm,120,2026-08-02
BOBB-310,You Can Squeeze Huge Breasts With Elastic Huge Breasts Firmness!Unlimited Swing!I Will Immediately Get A Sense Of Sensitive Body Aiming And Shake Hips Continuously And Continuously!,https://cdn001.imggle.net/webp/poster/07052026/4d96ef51e5.webp,https://javct.net/v/bobb-310,120,2026-08-02
SSR-026-RM,【VR】 8KVR Female Body Observation & Face Licking And Saliva Dripping Mei Uesaka [Uncensored L**ked],https://cdn001.imggle.net/webp/poster/07052026/381e01640d.webp,https://javct.net/v/ssr-026-rm,23,2026-08-02
STARS-630-RM,"Mei Miyajima, A Memory Of Summer When Sperm Was Squeezed Many Times By A Locally Famous Transcendental Sperm Gal [Uncensored L**ked]",https://cdn001.imggle.net/webp/poster/20220707/1658202829.webp,https://javct.net/v/stars-630-rm,135,2026-08-02
STARS-118-RM,"One Day And Two Nights, Yari Wants To Squirt All-you-can-eat Hot Spring Trip Mahiro Yui [Uncensored L**ked]",https://cdn001.imggle.net/webp/poster/07052026/8f537c1e39.webp,https://javct.net/v/stars-118-rm,225,2026-08-02
ZUKO-077,Medium And College Dorm Whole All-out Orgy ~ Spring ~,https://cdn001.imggle.net/webp/poster/07052026/1786159b0d.webp,https://javct.net/v/zuko-077,180,2026-08-02
UNDG-006-RM,Echiechi Beautiful Girl Advent. A Super M Girl Who Attends A University In Omotesando (Heart) Massive Squirting Beautiful Pussy Exposed Continuous Cum! ! ! [Uncensored L**ked],https://cdn001.imggle.net/webp/poster/20222612/1674706799.webp,https://javct.net/v/undg-006-rm,75,2026-08-02
PKPD-219-RM,Lover Icha Love Document Personality SSS Beautiful Girl 19 Years Old Yukari Nooka-chan One Day Flirting Date [Uncensored L**ked],https://cdn001.imggle.net/webp/poster/20222311/1670038556.webp,https://javct.net/v/pkpd-219-rm,130,2026-08-02
PKPL-024-RM,Amateur Saffle Document A 20-Year-Old Neat And Clean Hidden M Girl Kasumi Oda Hanazumi [Uncensored L**ked],https://cdn001.imggle.net/webp/poster/20222311/1670038423.webp,https://javct.net/v/pkpl-024-rm,110,2026-08-02
LULU-447-RM,"""You Love Me, So You Can Drink It All, Right?"" A Mentally Unstable, Big-assed Underground Idol, Konami Aya, Tests The Loyalty Of Her Long-time Fan Who She Married Without His Consent By Making Him Drink Her Saliva, Armpit, Foot, And Anal Sweat, Vaginal Fluid, Orgasm Cum, And Pee, Then Drowns Him In Her Bodily Fluids And Leaves Him Powerless During Orgasmic Sex. [Uncensored L**ked]",https://cdn001.imggle.net/webp/poster/07052026/b2f4097465.webp,https://javct.net/v/lulu-447-rm,160,2026-08-02
CLUB-928-RM,"Sticky, Stalking, Secretly Filming, Former Idol, Married Woman, Unconscious, R**e [Uncensored L**ked]",https://cdn001.imggle.net/webp/poster/07052026/13bf95430b.webp,https://javct.net/v/club-928-rm,110,2026-08-02
PED-049-RM,Just Leaving The Two Of Us Alone For 7 Hours...the Result Was 8 Rounds Of Sex. - Riho Shishido [Uncensored L**ked],https://cdn001.imggle.net/webp/poster/07052026/f4f42f66f9.webp,https://javct.net/v/ped-049-rm,126,2026-08-02
ZUKO-085,Hospital Whole One Building All The Cum Orgy,https://cdn001.imggle.net/webp/poster/07052026/bdaa130bb6.webp,https://javct.net/v/zuko-085,200,2026-08-02
JUNY-005-RM,A Former Rhythmic Gymnast Who Grew Up Abundantly Living In Rural Areas Fishing A Man With SNS! Overflowing Lust!I Love Chi Po!Soft Body!Amazing Y-shaped Legs Gcup Dosube Big Breasted Gradual OL And Cream Pies Training Aoi Nanami [Uncensored L**ked],https://cdn001.imggle.net/webp/poster/07202025/1756478402.webp,https://javct.net/v/juny-005-rm,160,2026-08-02
XVSR-330-RM,Muchiri Beautiful Big Butt Maniax Hanyu Arisa [Uncensored L**ked],https://cdn001.imggle.net/webp/poster/20243105/1717913153.webp,https://javct.net/v/xvsr-330-rm,120,2026-08-02
DOCP-175-RM,"When I Secretly Peek At The Busty Beauty In The Room Opposite The Front Hook Bra Temptation 3, I Removed The Hook While Embarrassed, And Began To Seduce Me ... I Lost My Reason But I Was Invited But Still Tasted The Plump Tits The Story Of The Day That I Did. [Uncensored L**ked]",https://cdn001.imggle.net/webp/poster/07052026/e91b570fde.webp,https://javct.net/v/docp-175-rm,235,2026-08-02
YMDD-307-RM,Yukemuri Channel [Hot Spring Girls] Whitening Big Breasted Beauty Goes Crazy Densely In A Famous Hot Spring Area Uncut Broadcast Accident Video Other Than Shooting! ! Umi Yuna #Hot Spring Y UTuber #Togenkyo #Broadcast Accident #Gachiiki Creampie Umi Oikawa [Uncensored L**ked],https://cdn001.imggle.net/webp/poster/20222612/1672458531.webp,https://javct.net/v/ymdd-307-rm,80,2026-08-02
XVSR-890-RM,"Intense Intercourse: A Real, Uninhibited Sex Scene Where Instinctive Passion Drives Mutual Desire - Yuika Onosaka [Uncensored L**ked]",https://cdn001.imggle.net/webp/poster/07052026/166ae5ed5a.webp,https://javct.net/v/xvsr-890-rm,120,2026-08-02
DVEH-092-RM,"A Slutty L**ita Girl Who Engages In Otaku Activities Extorts Prizes From Unfamiliar Older Men Who Buy Character Lottery Tickets In Bulk At Convenience Stores, Playing With Them With Her Hairless, Plump Pussy And Taking Their Prizes. Minase Akari, Hinata Yuna [Uncensored L**ked]",https://cdn001.imggle.net/webp/poster/07052026/aa63cb62c9.webp,https://javct.net/v/dveh-092-rm,140,2026-08-02
SESA-003-RM,Ji ○ Port You Have Erection In Black Pantyhose My Muremure Went To Slut Only Not Este Was Crowded Gripper If You Notice To Lust The Esthetician Who Secretly! [Uncensored L**ked],https://cdn001.imggle.net/webp/poster/07052026/6360fdc1a7.webp,https://javct.net/v/sesa-003-rm,240,2026-08-02
DNJR-073-RM,Lori Girl Uniform Small Devil Beautiful Girl Kotone Toa Who Is Pleased To Bully The Old Man To Relieve Stress [Uncensored L**ked],https://cdn001.imggle.net/webp/poster/20221904/1651911233.webp,https://javct.net/v/dnjr-073-rm,133,2026-08-02
SAN-233-RM,What If A Legendary Actress Becomes A Lesbian PART 1 240 Minutes [Uncensored L**ked],https://cdn001.imggle.net/webp/poster/20241703/1711814272.webp,https://javct.net/v/san-233-rm,240,2026-08-03
YMDD-501,"The Slutty Wagon Is On The Move!! Happenings A Go Go!! Arimura Nozomi And Liz's Bizarre Journey - An Unexpected Series Of Big Wins?! A Street Corner Pickup Leads To A Chaotic, Lustful Cruise Of Men And Women!!",https://cdn001.imggle.net/webp/poster/07052026/7018ec1394.webp,https://javct.net/v/ymdd-501,200,2026-08-03
HUNTA-831-RM,"""I Have To Peel And Wash My Skin Properly!"" 2 ~ My Distant Older Sister Who Treats Me As A C**ld Forever Peels Off My Phimosis [Uncensored L**ked]",https://cdn001.imggle.net/webp/poster/07052026/e800fcf04e.webp,https://javct.net/v/hunta-831-rm,240,2026-08-03
NHDTB-822-RM,"I Can't Ask My Mother For Sexual Treatment While I'm In The Hospital, So When I Asked My Aunt To Visit Me, She Secretly Pulled Me Out In A Gentle Woman On Top Posture 21 Creampie Special [Uncensored L**ked]",https://cdn001.imggle.net/webp/poster/20230804/1694056845.webp,https://javct.net/v/nhdtb-822-rm,225,2026-08-03
XVSR-331-RM,Bracon Sister And Brother And Brother Crazy Cum Shot Acting Freely And Free [Uncensored L**ked],https://cdn001.imggle.net/webp/poster/05192026/57f0ff4a23.webp,https://javct.net/v/xvsr-331-rm,120,2026-08-03
MIST-157-RM,"My Younger Sister Crawls At Night, Incest Incest Owner With My Son 's Sperm! Five [Uncensored L**ked]",https://cdn001.imggle.net/webp/poster/20222311/1670945440.webp,https://javct.net/v/mist-157-rm,160,2026-08-03
FERA-162-RM,"Yu Kawakami, A Mother Who Was Fucked And Humiliated By Her Cheeky And Hated Son [Uncensored L**ked]",https://cdn001.imggle.net/webp/poster/20222311/1669861779.webp,https://javct.net/v/fera-162-rm,100,2026-08-03
ZUKO-103,Distribute Young Whole Species In All Of The Country Of Relatives,https://cdn001.imggle.net/webp/poster/07052026/21b640c910.webp,https://javct.net/v/zuko-103,150,2026-08-03
MIAA-148-RM,Breastfeeding And Titty Fuck For 12 Years Which Brought Me Up [Uncensored L**ked],https://cdn001.imggle.net/webp/poster/07052026/40764dd15d.webp,https://javct.net/v/miaa-148-rm,150,2026-08-03
HUNTB-434-RM,Brother's Older Sister Is Jealous Of Her Brother's Girlfriend For The First Time And Crosses The Forbidden Line And Drools And Licks Her Nipples NTR! Brother Sister Who Is Always Sticky... Because I Got A Girlfriend [Uncensored L**ked],https://cdn001.imggle.net/webp/poster/20222311/1671764256.webp,https://javct.net/v/huntb-434-rm,240,2026-08-03
GOJI-105-RM,A Record Of Despair As An Innocent Schoolgirl Is Brutally Turned Into A Sex Toy By Her Own Father. [Uncensored L**ked],https://cdn001.imggle.net/webp/poster/05192026/02046fcba4.webp,https://javct.net/v/goji-105-rm,247,2026-08-03
SDMT-844-RM,Porn Stars: Big Stepsisters Vs Little Stepbrothers Ruri Saijo [Uncensored L**ked],https://cdn001.imggle.net/webp/poster/20221108/1661781259.webp,https://javct.net/v/sdmt-844-rm,187,2026-08-03
GVG-843-RM,The Groom Is Targeting His Mother-In-Law's Excessively Filthy Big Tits Lena Fukiishi [Uncensored L**ked],https://cdn001.imggle.net/webp/poster/20221108/1661088352.webp,https://javct.net/v/gvg-843-rm,120,2026-08-03
SPRD-1529-RM,I Wanna Knock Up By Stepmom Marika Kobayashi [Uncensored L**ked],https://cdn001.imggle.net/webp/poster/20221202/1648109070.webp,https://javct.net/v/sprd-1529-rm,123,2026-08-03
UGH-051,"If you have the heart of a fish, you'll say the heart of the water... If you're willing, everything will be fine. Girls who submit to authority 2 - 4 people included",https://cdn001.imggle.net/webp/poster/07052026/e84cddc298.webp,https://javct.net/v/ugh-051,58,2026-08-03
FC2PPV-4949746,"[Plump F cup big butt] A slightly cheeky and extremely beautiful gal, her first squirting creampie sex",https://cdn001.imggle.net/webp/poster/07052026/ff29320045.webp,https://javct.net/v/fc2ppv-4949746,41,2026-08-03
MCT-016-RM,Sai-Ikebukuro [Uncensored L**ked],https://cdn001.imggle.net/webp/poster/07052026/c073ba06b8.webp,https://javct.net/v/mct-016-rm,120,2026-08-03
KTKC-155-RM,Countryside Colossal Tits Amateur From Iwate Kaede/20 Years Old/H Cup [Uncensored L**ked],https://cdn001.imggle.net/webp/poster/20222311/1670034359.webp,https://javct.net/v/ktkc-155-rm,120,2026-08-03
MCT-015-RM,Body Sucking Bodyfeeless Wife Mitsushima Natsuko [Uncensored L**ked],https://cdn001.imggle.net/webp/poster/06032026/1773678344.webp,https://javct.net/v/mct-015-rm,120,2026-08-03
FC2PPV-4948574,"Rika, a beautiful office lady with beautiful breasts, is fighting with her boyfriend. A Hakata beauty who wants to use NTR with Yui and a stick to get angry.",https://cdn001.imggle.net/webp/poster/07052026/22e9151916.webp,https://javct.net/v/fc2ppv-4948574,70,2026-08-03
259LUXU-721,Luxury TV 707,https://cdn001.imggle.net/webp/poster/07052026/0a76abd059.webp,https://javct.net/v/259luxu-721,59,2026-08-03
DSAM-008-RM,Give Me Lots Of Pocket Money And Semen. I'm A Sugar Baby Who Loves To Swallow. [Uncensored L**ked],https://cdn001.imggle.net/webp/poster/07052026/2a59a06fff.webp,https://javct.net/v/dsam-008-rm,120,2026-08-03
259LUXU-735,Luxury TV 706,https://cdn001.imggle.net/webp/poster/07052026/1c8061d6ae.webp,https://javct.net/v/259luxu-735,70,2026-08-03
DSAM-005-RM,"Amateur AV 145cm ● Cute Face, Weak Pussy, Squirting And Wetting Herself 3P Breeding Party! A Cosplayer With A Weak Pussy And Premature Ejaculation Is Surrounded By Lewd Private Filming And Clothed Sex With Squirting Orgasms! [Uncensored L**ked]",https://cdn001.imggle.net/webp/poster/07052026/f1b64bdfc6.webp,https://javct.net/v/dsam-005-rm,120,2026-08-03
FC2PPV-4949505,"[Complete Amateur] **pyjpx*jsps A beautiful single woman came to our store to say her final greetings during her busy days ahead of her move.This is the last massage she has been waiting for, so I will give her a careful treatment.",https://cdn001.imggle.net/webp/poster/07052026/38bac0f9b7.webp,https://javct.net/v/fc2ppv-4949505,43,2026-08-03
FC2PPV-4949544,"[No] A pretty married woman I met for the first time in a long time gave a blow job even in the city, and her pussy was flooded from the moment I got in the car lol [Download available in review]",https://cdn001.imggle.net/webp/poster/07052026/156cac6559.webp,https://javct.net/v/fc2ppv-4949544,42,2026-08-03
259LUXU-736,Luxury TV 738,https://cdn001.imggle.net/webp/poster/07052026/6a46da0e2a.webp,https://javct.net/v/259luxu-736,71,2026-08-03
259LUXU-734,Luxury TV 724,https://cdn001.imggle.net/webp/poster/07052026/580351431a.webp,https://javct.net/v/259luxu-734,69,2026-08-03
DSAM-006-RM,"A Wild Orgy With Two Super Cute, Close Female College Students, Culminating In Unprotected Sex. ~A Cum-filled Orgy To Get Them Pregnant~ [An Epic Episode!!] () [Uncensored L**ked]",https://cdn001.imggle.net/webp/poster/07052026/396d90b546.webp,https://javct.net/v/dsam-006-rm,140,2026-08-03
300MIUM-1358-RM,It's good to have a woman who smiles a lot. I think 100% of the publicity work for student talents is based on her face. You'll understand when you talk to her. She's quick-witted lol [Uncensored L**ked],https://cdn001.imggle.net/webp/poster/07052026/8166411604.webp,https://javct.net/v/300mium-1358-rm,72,2026-08-03
200GANA-3419-RM,"25 years old, Akane's climax sketch with F cup big breasts with a glossy mole under her eyes on her face behind the brush Seriously soft, first shot 2330 [Uncensored L**ked]",https://cdn001.imggle.net/webp/poster/07052026/e34e612132.webp,https://javct.net/v/200gana-3419-rm,71,2026-08-03
NPJB-122,Minato Ward's Girls Who Were Taken Advantage Of: Revenge Filming By Deceived And Spending Old Men - BEST Vol.2 #Non-Profit AV #Unauthorized Cumshot,https://cdn001.imggle.net/webp/poster/07052026/d5085971cd.webp,https://javct.net/v/npjb-122,240,2026-08-03
STSK-224,"Try A Puff? You'll Be Blown Away!! Weed A**se, Full MAX, Addictive, 4 Aspiring Idols Who Were Fo**ed To Provide Sexual Services After Being Soaked In It.",https://cdn001.imggle.net/webp/poster/07052026/3995d31fc7.webp,https://javct.net/v/stsk-224,171,2026-08-03
SIGL-022,"Amateur Girl Vol. 22: Three Horny Amateur Girls, All Get Raw Cum Inside",https://cdn001.imggle.net/webp/poster/07052026/7ba3264463.webp,https://javct.net/v/sigl-022,208,2026-08-03
PETS-067,"First Appearance, Anal Sex Is Now Permitted, A Crossdresser Gets Raw Insertion And Gets An Erection In Agony, A Boy Dressed As A Girl",https://cdn001.imggle.net/webp/poster/07052026/0792e147da.webp,https://javct.net/v/pets-067,102,2026-08-03
908JDH-001,"I'm so horny, I'm sweaty, it feels so good, I'm having convulsions, squirting, and I'm having sweaty, juice-covered sex with a young, wonderful, tight teen until I'm in a daze [JD Hamehame_001]",https://cdn001.imggle.net/webp/poster/07052026/be434e0e93.webp,https://javct.net/v/908jdh-001,45,2026-08-03
546EROFV-383,"I get horny in the shadow of the sports festival. I bring my older boyfriend in as a guardian and secretly give him a blowjob in the club room and have sex as a reward after school, and he l**ks a video of me",https://cdn001.imggle.net/webp/poster/07052026/2106d90291.webp,https://javct.net/v/546erofv-383,75,2026-08-03
292MY-1070,Ena Yokoyama 2,https://cdn001.imggle.net/webp/poster/07052026/7e2d0ffa52.webp,https://javct.net/v/292my-1070,38,2026-08-03
BOBB-359-RM,"Milk Fetish Erotic Cosplay That Maximizes The Charm Of J Cup Beautiful Breasts 7 Boin ""Seiri Toa"" Box3 [Uncensored L**ked]",https://cdn001.imggle.net/webp/poster/20222311/1671160786.webp,https://javct.net/v/bobb-359-rm,120,2026-08-03
YMDS-125-RM,The Day Yura Adachi Became Her Girlfriend [Uncensored L**ked],https://cdn001.imggle.net/webp/poster/20222612/1672458568.webp,https://javct.net/v/ymds-125-rm,130,2026-08-03
TOTK-024,Long-eared Fairy Transsexual Anal Fuck Female Submission Mari Ruri,https://cdn001.imggle.net/webp/poster/07052026/9d25d7c099.webp,https://javct.net/v/totk-024,132,2026-08-03
NACT-138-RM,"Yui Hatano Gets Tricked By A Customer At A Private Photo Shoot - From Aphrodisiac Massage To Tentacle Play, Resulting In A Series Of Ecstatic Facial Expressions. [Uncensored L**ked]",https://cdn001.imggle.net/webp/poster/05192026/7189c71a3c.webp,https://javct.net/v/nact-138-rm,121,2026-08-03
FAA-305,Mommy Friends Cosplay Roundtable,https://cdn001.imggle.net/webp/poster/07052026/7042f39de9.webp,https://javct.net/v/faa-305,119,2026-08-03
393OTIM-668,A cool salt-loving downer girl flatters and serves an old man's dick.,https://cdn001.imggle.net/webp/poster/07052026/eb5106f2c7.webp,https://javct.net/v/393otim-668,81,2026-08-03
393OTIM-666,A cool salt-loving downer girl flatters and serves an old man's dick.,https://cdn001.imggle.net/webp/poster/07052026/a4eba47a4f.webp,https://javct.net/v/393otim-666,79,2026-08-03
393OTIM-667,A cool salt-loving downer girl flatters and serves an old man's dick.,https://cdn001.imggle.net/webp/poster/07052026/a26d28176a.webp,https://javct.net/v/393otim-667,79,2026-08-03
IBW-755Z,Drenched Short Stature,https://cdn001.imggle.net/webp/poster/07052026/1583619c28.webp,https://javct.net/v/ibw-755z,120,2026-08-03
AXBC-003-RM,2 Hirayama Treetop Beautiful Wife Gets Fucked [Uncensored L**ked],https://cdn001.imggle.net/webp/poster/20220406/1656891910.webp,https://javct.net/v/axbc-003-rm,130,2026-08-03
DTKM-009-RM,Stepmom's Bra Has Come Lose. Izumi Terasaki [Uncensored L**ked],https://cdn001.imggle.net/webp/poster/20212011/1643510814.webp,https://javct.net/v/dtkm-009-rm,121,2026-08-03
SORA-095-RM,Peeing Girls Ana For The First Time Of The Outdoor Location Starry Sky More [Uncensored L**ked],https://cdn001.imggle.net/webp/poster/07052026/11257cee7e.webp,https://javct.net/v/sora-095-rm,130,2026-08-03
GRMO-341,"Human Observation ""Will you come to my house if you don't have anywhere else to go?"" A defenseless and beautiful natural wife who ran away from home after fighting with her husband gets swept away by the flow, sucks on his raw dick, and cums during unconscious adulterous sex.",https://cdn001.imggle.net/webp/poster/07052026/90183952e0.webp,https://javct.net/v/grmo-341,46,2026-08-03
NSFS-485-RM,I Fell For A Man With A Bigger Cock Than My Husband... I Can't Tell You. - Sakumatsuna [Uncensored L**ked],https://cdn001.imggle.net/webp/poster/05192026/ffa5755ae3.webp,https://javct.net/v/nsfs-485-rm,107,2026-08-03
NGOD-343-RM,Graduation From The Domination Of That Giant Penis—the Day Of Graduation Finally Arrives For The Female Teacher Wife Who Was Dominated By Her Student's Huge Cock... [Uncensored L**ked],https://cdn001.imggle.net/webp/poster/05192026/8a86a82215.webp,https://javct.net/v/ngod-343-rm,120,2026-08-03
KSWP-004-RM,"Complete Raw Swapping 04 Real Creampie Swapping! Yui, A Nursery Teacher Who Has A Lot Of Things To Invite From Herself And Wants To Change The Relationship, And Satomi, A Big-breasted OL Who Is Jealous Of Her Company Boss Who Expects To Have Sex With A Young Girl. [Uncensored L**ked]",https://cdn001.imggle.net/webp/poster/20222311/1670812011.webp,https://javct.net/v/kswp-004-rm,180,2026-08-03
ABS-102-RM,Miwa [Fujisawa] Would Have To Serve Our Latest Addictive ◆ Este [Uncensored L**ked],https://cdn001.imggle.net/webp/poster/07052026/34adfafc51.webp,https://javct.net/v/abs-102-rm,115,2026-08-03
FNS-241-RM,3 First Orgasms That Develop The Sexual Sense Of A Fair-skinned Slender Body Raised In A Snowy Country! Shizuku Kashiwagi [Uncensored L**ked],https://cdn001.imggle.net/webp/poster/07052026/b4de344ef8.webp,https://javct.net/v/fns-241-rm,120,2026-08-03
MIDA-106-SUB,"""It's Not Cheating If I Touch You With My Hands, Right?"" I Stayed At An Inn For Three Nights And My Girlfriend's Little Sister Gave Me A Devilish Handjob, And I Ended Up Ejaculating 19 Times Before Being Cuckolded By Her. Rikka Ono [English Subtitle]",https://cdn001.imggle.net/webp/poster/20252204/1746123850.webp,https://javct.net/v/mida-106-sub,150,2026-08-03
AXBC-034-RM,Glamorous Beauty Witch Transformation Dirty Transformer Ayumi Shinoda [Uncensored L**ked],https://cdn001.imggle.net/webp/poster/07052026/b51b733dd7.webp,https://javct.net/v/axbc-034-rm,120,2026-08-03
AGEOM-035,"A Full-body Cum-drenching Festival! Body Washing Blowjobs, Small Tits, Thigh Job... There's No Way You Can Withstand This Wave Of Fetishes With No Escape!",https://cdn001.imggle.net/webp/poster/07052026/e410aa4d4c.webp,https://javct.net/v/ageom-035,241,2026-08-03
MVSD-260,Shirohime ~ Revival Slut Cum 30 Shots - Serina Hayakawa,https://cdn001.imggle.net/webp/poster/07052026/cb0aef7865.webp,https://javct.net/v/mvsd-260,150,2026-08-03
FC2PPV-4949466,"Maya-chan, 19 years old, is a former idol with a fair skin and F cup who is attracting a lot of attention in 2026. She takes revenge for her previous work and starts an AV series where she is impregnated with two creampies and impregnated until she becomes pregnant with an unfortunate baby (",https://cdn001.imggle.net/webp/poster/07052026/607f8cefdc.webp,https://javct.net/v/fc2ppv-4949466,120,2026-08-03
HUNTA-882-RM,"""I'm Sorry...! I'm Cumming!!"" I Was On A Business Trip And Booked Into The Same Hotel Room With My Arrogant And Bitchy Lady Boss, But Now She's Got Me Tied Up And Subjected To Piston-Pumping, Sweaty And Apologetic Orgasmic Ecstasy! When I Lost Control, I Started To Consecutively Creampie Cum Too! [Uncensored L**ked]",https://cdn001.imggle.net/webp/poster/20221202/1649254180.webp,https://javct.net/v/hunta-882-rm,209,2026-08-03
JUR-256-SUB,"Happening Bar Married Woman NTR ""It's For You..."" My Wife Said, But Before She Knew It, She Was Obsessed With The Men Who Flocked To Her. [English Subtitle]",https://cdn001.imggle.net/webp/poster/20252204/1746728127.webp,https://javct.net/v/jur-256-sub,150,2026-08-03
KSBJ-090-RM,Temptation Of Son-in-law AIKA [Uncensored L**ked],https://cdn001.imggle.net/webp/poster/20241703/1712793653.webp,https://javct.net/v/ksbj-090-rm,120,2026-08-03
HUNTC-444-RM,"""Just For Now... Can I Cheat On You Too?"" While My Boss Was Away On A Business Trip, I Went Crazy, Having Sex With His Beautiful Wife, The Woman I'd Always Admired, Over And Over Again, Cumming Inside Her Multiple Times... The Beautiful Wife Of My Admired Boss. Her Lonely, Desperate Invitation Caused My Reason To Crumble! I Betrayed My Boss While He Was Away... [Uncensored L**ked]",https://cdn001.imggle.net/webp/poster/05192026/5f88ffed73.webp,https://javct.net/v/huntc-444-rm,170,2026-08-03
MESU-104-RM,Wanting Young Men's Sperm And Working At A Family Restaurant With A Horny Part-Time Wife And Creampie Sex Chiyoko Kawabata [Uncensored L**ked],https://cdn001.imggle.net/webp/poster/20222311/1671068997.webp,https://javct.net/v/mesu-104-rm,105,2026-08-03
KNWF-006-RM,Perfect Raw WIFE06 Miyu Inamori [Uncensored L**ked],https://cdn001.imggle.net/webp/poster/20222311/1669516292.webp,https://javct.net/v/knwf-006-rm,135,2026-08-03
APAK-242-RM,"""I'm Too Alive!"" Convulsive Screaming Climax! Fierce Carnal Affair Model-based F Cup Beautiful Married Woman Like A Superb Prostitute And Nasty Climax SEX Sakura Misaki [Uncensored L**ked]",https://cdn001.imggle.net/webp/poster/20222311/1670641654.webp,https://javct.net/v/apak-242-rm,132,2026-08-03
JURA-59-RM,"First Shot Sixty Wife, Again. Miyako Yamamoto [Uncensored L**ked]",https://cdn001.imggle.net/webp/poster/20222311/1669861559.webp,https://javct.net/v/jura-59-rm,125,2026-08-03
JRZE-131-RM,First Shooting Married Woman Document Miori Akimoto [Uncensored L**ked],https://cdn001.imggle.net/webp/poster/20222311/1671069058.webp,https://javct.net/v/jrze-131-rm,115,2026-08-03
AQSH-021-RM,"My Wife Got Fucked After I Got Drunk And Committed Infidelity. For Revenge My Wife Let Herself Be Taken, In Body And Soul Nanako Miyuki [Uncensored L**ked]",https://cdn001.imggle.net/webp/poster/07052026/f22d5cc3fc.webp,https://javct.net/v/aqsh-021-rm,120,2026-08-03
AYB-014-RM,Seduced By My Best Friend's Wife ... Hirasaki Hanasaki [Uncensored L**ked],https://cdn001.imggle.net/webp/poster/07052026/4e46e28717.webp,https://javct.net/v/ayb-014-rm,115,2026-08-03
APAA-396-RM,Affair Trip Immoral Addicted Married Woman Mako Nakano [Uncensored L**ked],https://cdn001.imggle.net/webp/poster/20222410/1668963962.webp,https://javct.net/v/apaa-396-rm,130,2026-08-03
AYB-013-RM,Seduced By My Best Friend's Wife ... Yuuri Shinkawa [Uncensored L**ked],https://cdn001.imggle.net/webp/poster/07052026/3e7da1fcc1.webp,https://javct.net/v/ayb-013-rm,120,2026-08-03
ONEZ-204-RM,From The Beginning To The End ... Making A Loving Wife And C**ld Working At The Shibuya Ward System Company Moe (pseudonym) 25 Years Old Vol.001 [Uncensored L**ked],https://cdn002.imggle.net/webp/poster/onez-204.webp,https://javct.net/v/onez-204-rm,120,2026-08-03
JUR-763-RM,"Chapter 2 of an ordinary but not ordinary housewife! ! Creampie ban drummer. After having sex with my husband to make a baby, I am always creampied by my son-in-law... Narumi Koyuki [Uncensored L**ked]",https://cdn001.imggle.net/webp/poster/05192026/ee87a6af3e.webp,https://javct.net/v/jur-763-rm,138,2026-08-03
SGA-105-RM,"""I, SEX Want To Do ..."" Miraculous Almost Virgin Married Wife Hiraoka Hanabi AV Debut 53 Miracles As ""a Virgin"" As A Married Woman! !Witness The Awakening Of An Elegant Wife Who Is Too Old! ! [Uncensored L**ked]",https://cdn001.imggle.net/webp/poster/07052026/d1f6ce55ba.webp,https://javct.net/v/sga-105-rm,120,2026-08-03
JUY-394-RM,Is My Wife's Friend Wearing No Pants? Hitomi Takeuchi [Uncensored L**ked],https://cdn002.imggle.net/webp/poster/juy-394.webp,https://javct.net/v/juy-394-rm,118,2026-08-03
VRTM-214-RM,Thorpe Mat Purchase C**ldren Want Deca Milk Daughter-in-law Is For SEX-less Elimination Of The Husband!Open The Front Door Waiting In Micro Bikinis And Father Of Rainy Day Husband!Longing Busty Daughter-in-law To Enjoy The Boobs Comfortable Good Massage In Slimy Lotion And Full Erection! [Uncensored L**ked],https://cdn001.imggle.net/webp/poster/20221108/1661273400.webp,https://javct.net/v/vrtm-214-rm,200,2026-08-03
SPE-008-RM,"Shoplifting Supermarket Wives ●A Plump, Voluptuous Wife Who Makes Excuses ●A Naughty, Shaved, Sexy Wife ●A Beautiful, Big-breasted Wife With Long Legs Who Doesn't Change Her Attitude [Uncensored L**ked]",https://cdn001.imggle.net/webp/poster/07052026/bebf8a0a4f.webp,https://javct.net/v/spe-008-rm,100,2026-08-03
AXBC-020-RM,The Erotic Mouth My Other Ji ○ Port In Front!My Husband Sawamura Reiko To Cum To Strangers Man Confronted By My Oma Co ○ [Uncensored L**ked],https://cdn001.imggle.net/webp/poster/07052026/c2b1714ce7.webp,https://javct.net/v/axbc-020-rm,110,2026-08-03
HUNTB-435-RM,"When I Asked For Delivery, A Delivery Man With A Short Butt Shorts Came! Of Course, If You Look At That Erotic Buttocks, You'll Get A Full Erection! As Expected, I Thought That I Would Be Pulled Out Of It... [Uncensored L**ked]",https://cdn001.imggle.net/webp/poster/20222311/1671764192.webp,https://javct.net/v/huntb-435-rm,240,2026-08-03
KNMB-041-RM,Complete Raw STYLE @ Mirai [Asshole Confirmed] 18-Year-Old Double Hole Daichuki Female K Student Mirai Natsume [Uncensored L**ked],https://cdn001.imggle.net/webp/poster/20222311/1669516418.webp,https://javct.net/v/knmb-041-rm,130,2026-08-03
SW-128-RM,There Is An Amateur And Mature Woman Creampie Tomoka 47 Years Old Tomoka Takase [Uncensored L**ked],https://cdn001.imggle.net/webp/poster/07052026/e9f9f76c97.webp,https://javct.net/v/sw-128-rm,140,2026-08-03
PKPD-221-RM,A Simple Job That Just Gives You A Creampie. [Uncensored L**ked],https://cdn001.imggle.net/webp/poster/20222311/1670035645.webp,https://javct.net/v/pkpd-221-rm,130,2026-08-03
MIGD-087-RM,Rio Hamasaki Pies Intrinsic [Uncensored L**ked],https://cdn001.imggle.net/webp/poster/20230302/1679475078.webp,https://javct.net/v/migd-087-rm,150,2026-08-03
ZUKO-095,Medium And Dormitory Whole Everyone In The Girls' School Out Orgy ~ Winter ~,https://cdn001.imggle.net/webp/poster/07052026/0f38929e98.webp,https://javct.net/v/zuko-095,210,2026-08-03
XRW-836-RM,Yukichi Is Not Enough! A Selection Of Young Women Who Dedicate Themselves To The Black Hans [Uncensored L**ked],https://cdn001.imggle.net/webp/poster/07052026/75a7903ac7.webp,https://javct.net/v/xrw-836-rm,161,2026-08-03
JUKF-093-RM,Runaway Girl Waiting For God Yumeru-chan Kotoishi Yumeru [Uncensored L**ked],https://cdn001.imggle.net/webp/poster/20222311/1669429287.webp,https://javct.net/v/jukf-093-rm,138,2026-08-03
NNPJ-474-RM,"This Girl Expected To Get Fucked, But She Had An 8 P.M. Curfew I Took This College Girl Around Town And Made Lovey-Dovey Love To Her At A Love Hotel And Gave Her 6 Raw Fucks A College Girl Mei [Uncensored L**ked]",https://cdn001.imggle.net/webp/poster/20212709/1633069911.webp,https://javct.net/v/nnpj-474-rm,121,2026-08-03
YST-286-RM,"Regardless Of Whether It's Vulgar Or Elegant, I Want To Play With Mr. Hoshinaka As Much As I Can. Kokomi Hoshinaka [Uncensored L**ked]",https://cdn001.imggle.net/webp/poster/20222612/1672373571.webp,https://javct.net/v/yst-286-rm,100,2026-08-03
ONSG-032-RM,Big Titted Prostitute - Rui Miura [Uncensored L**ked],https://cdn001.imggle.net/webp/poster/20212709/1637370633.webp,https://javct.net/v/onsg-032-rm,131,2026-08-03
JUNY-007-RM,Dosukebe Business Trip Esthetician Who Shakes Up A Raging Milk L Cup Shizuka Omori [Uncensored L**ked],https://cdn001.imggle.net/webp/poster/20222311/1671440507.webp,https://javct.net/v/juny-007-rm,150,2026-08-03
MISM-205-RM,Obedient Maid Deep Throats Dick Rena Asami [Uncensored L**ked],https://cdn002.imggle.net/webp/poster/mism-205.webp,https://javct.net/v/mism-205-rm,120,2026-08-03
KIRM-013-RM,~Deep Throat Adultery~ Oto Alice [Uncensored L**ked],https://cdn001.imggle.net/webp/poster/10232025/1763459635.webp,https://javct.net/v/kirm-013-rm,121,2026-08-03
SVDVD-021-RM,Let Squid! Tide! Tide! Tide! Throat Black And Thick! Rio Hamasaki 3 [Uncensored L**ked],https://cdn001.imggle.net/webp/poster/07052026/45e5f29501.webp,https://javct.net/v/svdvd-021-rm,120,2026-08-03
DFDM-076-RM,Uncle And P-Activity J-Type - A Seemingly Quiet But Secretly Perverted J-type Girl's Record Of Sleeping With Older Men - Yuka Chiba [Uncensored L**ked],https://cdn001.imggle.net/webp/poster/07052026/e9d659fb72.webp,https://javct.net/v/dfdm-076-rm,122,2026-08-03
FC2PPV-4948691,"9 years old **pyjpx*jsps, beautiful breasts, the angel who loves her boyfriend, screwing her finger into her mouth, fully showing her face after purchase, completely first shooting, brightness and innocence of the first team, neck, bikini, anal licking, deep throat, fixed spread legs, NTR, individual shooting 552nd person",https://cdn001.imggle.net/webp/poster/07052026/131ef929b6.webp,https://javct.net/v/fc2ppv-4948691,240,2026-08-03
MURIKURI-014,"Brainwashed Into Drinking Raw Semen Every Day, The Innocent Girl Is Taught The Taste Of Semen Through Fo**ed Drinking And Gulping, And Willingly Drinks Large Quantities Of It With A Smile.",https://cdn001.imggle.net/webp/poster/07052026/344817b10c.webp,https://javct.net/v/murikuri-014,181,2026-08-03
CR-080326-001,I was cuckolded by my father-in-law,https://cdn001.imggle.net/webp/poster/07052026/70b721785e.webp,https://javct.net/v/cr-080326-001,60,2026-08-03
DLDSS-528,"The ripening period of 'Takane no Hana'. 48 years old, former secretary. Yuika Miyakami Debut Unchanging beauty, evolving sexual desire.",https://cdn001.imggle.net/webp/poster/07052026/6e8dafbb74.webp,https://javct.net/v/dldss-528,173,2026-08-03
583ERKR-1118,True Story: Yoshiwara Luxury Store Popular Soapland Girls Sakura & Mitsuki,https://cdn001.imggle.net/webp/poster/07052026/4d2c21a120.webp,https://javct.net/v/583erkr-1118,89,2026-08-03
MFCS-217,Mamin,https://cdn001.imggle.net/webp/poster/07052026/ccbeb33ab0.webp,https://javct.net/v/mfcs-217,69,2026-08-03
DNJR-075-RM,Real Ejaculation Management To See One Scene A Day Yumika Saeki [Uncensored L**ked],https://cdn001.imggle.net/webp/poster/20220406/1654923184.webp,https://javct.net/v/dnjr-075-rm,173,2026-08-03
MIZD-544,Edited Starting 2 Minutes Before Ejaculation & With Ejaculation Preview For The Easiest Masturbation! BEST Masturbation-focused Videos With Countdown Subtitles That Synchronize With The Moment Of Cumming Inside.,https://cdn001.imggle.net/webp/poster/07052026/99b4b0a07d.webp,https://javct.net/v/mizd-544,240,2026-08-03
BAB-195-RM,Ghostly Thump-Thump Schoolgirl Season 10: Kisaki Nana [Uncensored L**ked],https://cdn001.imggle.net/webp/poster/07052026/f9200111a6.webp,https://javct.net/v/bab-195-rm,146,2026-08-03
ABP-740-RM,The Female Manager Is Our Sex Pet 030 Sakino Oto [Uncensored L**ked],https://cdn001.imggle.net/webp/poster/20231011/1697069825.webp,https://javct.net/v/abp-740-rm,200,2026-08-03
KSBJ-160,Beautiful Breasts And Cracks Are Unbearable! 12 S-line Actresses,https://cdn001.imggle.net/webp/poster/07052026/217d87c328.webp,https://javct.net/v/ksbj-160,240,2026-08-03
SIRO-5723,"Adult sex with a beautiful apparel clerk with an outstanding style is here. She is a cool beauty, but when it comes to sex, she gets spoiled. Her gap moe is also amazing, but her sex technique is also crazy. I ejaculated a large amount on her extremely erotic body. [First shot] AV application online AV experience shooting 2598",https://cdn001.imggle.net/webp/poster/07052026/feb9a90ace.webp,https://javct.net/v/siro-5723,60,2026-08-03
JUY-747,"After 7 Days Of Getting R**ed By My Husband's Boss, I Lost My Mind. Label Madonna Exclusive Actress ""Aoki Rei"" x ""The Gem Of Cuckold Drama"" It's Finally Came True!! - Aoki Rei",https://cdn001.imggle.net/webp/poster/07052026/1ec4c206db.webp,https://javct.net/v/juy-747,120,2026-08-03
JRW-029-RM,Real Naked Ryokan 24 [Uncensored L**ked],https://cdn001.imggle.net/webp/poster/20222311/1670038615.webp,https://javct.net/v/jrw-029-rm,139,2026-08-03
AXBC-002-RM,Beautiful Wife Marina Matsumoto To Be Fucked [Uncensored L**ked],https://cdn001.imggle.net/webp/poster/07052026/b098355d09.webp,https://javct.net/v/axbc-002-rm,110,2026-08-03
VOSS-051-RM,"""I Hear That Shogi (Japanese Chess"" Helps To Train The Brain"" My Grandfather Was Worried That My Grades Weren't Improving, So He Recommended That I Start Playing Shogi, And So I Began To Attend This Class Where A Big Tits Shogi Lady Awaited Me When She Scattered The Pieces On The Boards With Her Big Tits It Stimulated My Cock Instead Of My Brain And Then She Grabbed My Dick And Screamed, ""Checkmate!"" Chitose Yura [Uncensored L**ked]",,https://javct.net/v/voss-051-rm,115,2026-08-03
EUUD-60-SUB,Married woman 24: An affair and creampie date - A documentary of having sex all day long with a beautiful wife with a strong sexual desire - Mieki Reimi [English Subtitle],https://cdn001.imggle.net/webp/poster/20253001/1739986883.webp,https://javct.net/v/euud-60-sub,143,2026-08-03
JUR-040-SUB,NTR Shocking Cheating Video Of A Nude Model Wife Drowning In Shameful Sex With Her Husband's Boss - Shinohara Iyo [English Subtitle],https://cdn001.imggle.net/webp/poster/20250903/1744909630.webp,https://javct.net/v/jur-040-sub,140,2026-08-03
CEAD-260-RM,Romantic Luxurious Feeling Esthetic 5 That Gives Superb Ejaculation [Uncensored L**ked],https://cdn001.imggle.net/webp/poster/07052026/b062fcf310.webp,https://javct.net/v/cead-260-rm,127,2026-08-03
JJCC-001-RM,A Married Woman's Overflowing Honey [Uncensored L**ked],https://cdn002.imggle.net/webp/poster/jjcc-001.webp,https://javct.net/v/jjcc-001-rm,121,2026-08-03
ROE-353-SUB,"One Month After My Father Remarried, My Stepmother Made Me Eat Food Laced With Aphrodisiac, And I Grew Up To Be A Monster With An Insatiable Erection. If You Want To Know What Happens Next, My Stepmother Also Accidentally Ate It And Became A Woman Who Was High On Drugs. Touko Yoshinaga [English Subtitle]",https://cdn001.imggle.net/webp/poster/20252204/1746726304.webp,https://javct.net/v/roe-353-sub,130,2026-08-03
MOIL-007,"New Bride's Mother And Forbidden Sex, Part Six: My Mother-in-Law Is Better Than My Wife After All... Yoshii Miki",https://cdn001.imggle.net/webp/poster/07052026/e98ddff80c.webp,https://javct.net/v/moil-007,130,2026-08-03
ONSG-034-RM,Big Titted Prostitute - Hinami Naruse [Uncensored L**ked],https://cdn002.imggle.net/webp/poster/onsg-034.webp,https://javct.net/v/onsg-034-rm,131,2026-08-03
FINH-042-RM,A Voluptuous Perverted Sweaty Swimmer In Breaking In Training A Jock Style Limber Lady's Lusty Life Riko Kitagawa [Uncensored L**ked],https://cdn001.imggle.net/webp/poster/20221202/1647523726.webp,https://javct.net/v/finh-042-rm,128,2026-08-03
NATR-746-RM,Whole! Wakatsuki Miina [Uncensored L**ked],https://cdn001.imggle.net/webp/poster/20253001/1740164646.webp,https://javct.net/v/natr-746-rm,240,2026-08-03
GVG-844-RM,Full Record Of What A Tutor Made As A Big Tits Student Rina Aizawa [Uncensored L**ked],https://cdn001.imggle.net/webp/poster/07052026/5f3ad9dda8.webp,https://javct.net/v/gvg-844-rm,130,2026-08-03
PPPD-266-RM,The Big Mao OK School Girls And Pie In Saddle [Uncensored L**ked],https://cdn001.imggle.net/webp/poster/07202025/1756937202.webp,https://javct.net/v/pppd-266-rm,120,2026-08-03
MURIKURI-013,Two-hole Slut Hardcore Raw Route Ballet Girl's Anus Is Also Drilled And Continuous Double Cumshot Orgy,https://cdn001.imggle.net/webp/poster/07052026/cbfca8de18.webp,https://javct.net/v/murikuri-013,239,2026-08-03
BAGR-012-RM,An H-Cup Gal Who Loves Milk Ejaculation Wants To Get Her Uncle's Juice Squeezed Ai Amaharu [Uncensored L**ked],https://cdn001.imggle.net/webp/poster/20222311/1670645075.webp,https://javct.net/v/bagr-012-rm,110,2026-08-03
NITR-088-RM,Two Seven Herbs Chitose Tits Young Wife That Is In The Pawn Pawnshop [Uncensored L**ked],https://cdn001.imggle.net/webp/poster/20220707/1657710084.webp,https://javct.net/v/nitr-088-rm,130,2026-08-03
GUN-695,First Time Filming A Crossdresser: THE FIRST SHOT AV Debut Ako,https://cdn001.imggle.net/webp/poster/07052026/185b53b034.webp,https://javct.net/v/gun-695,120,2026-08-03
AVSA-444,"Brain-tripping Cum-drinking Gangbang, Tanned Athlete Crossdresser, Massive Gulping Of Thick Sperm, Ass Gangbang, Suzune Nico",https://cdn001.imggle.net/webp/poster/07052026/ce8c5aa3b2.webp,https://javct.net/v/avsa-444,127,2026-08-03
FGAN-186,"A Provocative, Teasing Masturbation Session (4) Where I Use My Wide-open Pussy And Twitching Anus To Make You Hard.",https://cdn001.imggle.net/webp/poster/07052026/5fcb2291dd.webp,https://javct.net/v/fgan-186,128,2026-08-03
BACJ-038-RM,"After Inducing An Erection By Adhering H Cup Milk, The Lag Arasa Bristle Boss Mei Hosho Who Makes You Cum Inside Out With A Human Bullet Cowgirl Piston [Uncensored L**ked]",https://cdn001.imggle.net/webp/poster/20222311/1670646578.webp,https://javct.net/v/bacj-038-rm,126,2026-08-03
SORA-642-RM,"Personality Manipulation, Brainwashing, Hypnosis: ""Even Though I'm Incompetent, I'm A Genius CEO Who Can Make The Most Of My Talents"" - The Story Of How An Arrogant Second-generation Female CEO Is Turned Into A Smiling Sex Slave By A Hypnotic Employee Using A Hypnotic App - Sumire Kurokawa [Uncensored L**ked]",https://cdn001.imggle.net/webp/poster/07052026/dbf5469069.webp,https://javct.net/v/sora-642-rm,114,2026-08-03
ONEZ-203-RM,"“I Love My Grandfather!""Honor Student Girl And Nursing Sex!Haruka Takami Vol.001 [Uncensored L**ked]",https://cdn001.imggle.net/webp/poster/07052026/8e3361631c.webp,https://javct.net/v/onez-203-rm,120,2026-08-03
SDGY-004,"This Short-haired Beauty Is A Feminine Boy [Beauty That Will Make You Fall In Love With Him For Real, Regardless Of Gender]. They Meet And Immediately Engage In Deep Kissing, Mutual Fellatio, Simultaneous Oral Ejaculation, Extra-thick Deep Kissing, And Mutual Anal Sex [Revealing Their True Selves As They Have Sex All Day Long].",https://cdn001.imggle.net/webp/poster/07052026/dd2f6cda2f.webp,https://javct.net/v/sdgy-004,137,2026-08-03
FJIN-156-RM,"Licking Time!! Specializing In Erotic Tongues, A Sugar Daddy Office Lady Licks A Lottery Snake Tongue All Over Her Body - Nogi Aya [Uncensored L**ked]",https://cdn001.imggle.net/webp/poster/07052026/e082afcc81.webp,https://javct.net/v/fjin-156-rm,142,2026-08-03
DVMM-429-RM,"Slutty Gal Who Loves Swallowing Cum! She Won't Swallow Her Boyfriend's Cum, But She'll Always Give Her Crush's Cheating Cock A Continuous Stream Of Oral Ejaculation! Once She Takes It In Her Mouth, She'll Suck It Like Crazy And Won't Let Go Until She's Satisfied! [Uncensored L**ked]",https://cdn001.imggle.net/webp/poster/07052026/ed7d91b9ae.webp,https://javct.net/v/dvmm-429-rm,115,2026-08-03
DVDMS-919-RM,"General Men's And Women's Monitoring AV Amateur College Students Only Trying To Escape From A Locked Room Where A Male And Female Friends Can't Go Out Until They Collect 20ml Of Semen! 10 A College Girl Shamefully Gives Handjobs, Masturbation Jobs, Blowjobs And Sex To Make Her Male Friend Ejaculate! A Friend's Cock And A Lot Of Sperm That Won't Wither No Matter How Many Shots You Make... [Uncensored L**ked]",https://cdn001.imggle.net/webp/poster/20233001/1676606176.webp,https://javct.net/v/dvdms-919-rm,240,2026-08-03
ECB-169-RM,"A Woman Who Acts Like A Nymphomaniac, A Man Who Is R**ed, And Us Who Are Bystanders Watching It All () [Uncensored L**ked]",https://cdn001.imggle.net/webp/poster/07052026/8806db252a.webp,https://javct.net/v/ecb-169-rm,111,2026-08-03
FC2PPV-4949295,[Special price until 8/17] Creampie sex with a beautiful model and influencer with big breasts and a beautiful body,https://cdn001.imggle.net/webp/poster/07052026/f30eec35af.webp,https://javct.net/v/fc2ppv-4949295,60,2026-08-03
HSM-088,Supernova! Natural Beauty Transsexual Mutsuki Maya Makes Her AV Debut.,https://cdn001.imggle.net/webp/poster/07052026/be7fe43c32.webp,https://javct.net/v/hsm-088,160,2026-08-03
MFCG-008,miranda,https://cdn001.imggle.net/webp/poster/07052026/14f941c157.webp,https://javct.net/v/mfcg-008,86,2026-08-03
WHX-034-RM,"And I'm Not Cool With SEX Love, Then AV Debut If Me Me Come By ◇ Osaka Daughter Proud Of G-cup Boobs Please Look Fujisawa Chiharu Students 18 Years Of Age [Uncensored L**ked]",https://cdn001.imggle.net/webp/poster/05192026/83aad55c81.webp,https://javct.net/v/whx-034-rm,130,2026-08-03
ANKB-014-RM,Mixed Bathing Hot Spring Beast FUCK! I Cup Big Breasts Premature Ejaculation Bristles Ma Co Sister [Uncensored L**ked],https://cdn001.imggle.net/webp/poster/20222311/1670643757.webp,https://javct.net/v/ankb-014-rm,145,2026-08-03
APNS-301-RM,Humiliation Home Visit Erika Ozaki [Uncensored L**ked],https://cdn001.imggle.net/webp/poster/20222410/1668823869.webp,https://javct.net/v/apns-301-rm,115,2026-08-03
BIJN-244-RM,THE Document Instinct Bare Climax SEX I Cup Busty Nurse Desire Explosive Orgy Creampie Mating Miina Wakatsuki [Uncensored L**ked],https://cdn001.imggle.net/webp/poster/20230206/1685762793.webp,https://javct.net/v/bijn-244-rm,120,2026-08-03
MDYD-868-RM,Mother-in-law Slave - Special Edition - Hitomi [Uncensored L**ked],https://cdn001.imggle.net/webp/poster/20222410/1667316123.webp,https://javct.net/v/mdyd-868-rm,150,2026-08-03
T28-550-RM,Beautiful Girls With Sunburn Marks And Late Summer Sex Records [Uncensored L**ked],https://cdn001.imggle.net/webp/poster/20233001/1675787981.webp,https://javct.net/v/t28-550-rm,130,2026-08-03
DIY-041-RM,"It Will Do Become Comfortable When Chu With People Of ""Uncle ... Man?If You Continue To Kiss While Containing Aphrodisiac To Mouth To Interest Deeply Of Lori ● Woman To ... ""kiss Turn Into A De Pervert!Sweat!Squirting!Iki Rolled!Of The Cum Was Conceived In The Virgin Ma ● Co! [Uncensored L**ked]",https://cdn001.imggle.net/webp/poster/20242108/1726808612.webp,https://javct.net/v/diy-041-rm,190,2026-08-03
BAZX-358-RM,Completely Subjective Submissive Intercourse With A Beautiful Girl In A Sailor Suit SPECIAL Vol.001 [Uncensored L**ked],https://cdn001.imggle.net/webp/poster/20222311/1670646454.webp,https://javct.net/v/bazx-358-rm,150,2026-08-03
CHUC-072-RM,142 Cm Legal Little Girl Misaki (●●) Misaki Tsukimoto [Uncensored L**ked],https://cdn001.imggle.net/webp/poster/20241703/1711507551.webp,https://javct.net/v/chuc-072-rm,60,2026-08-03
KTRA-471-RM,Shaved Pussy Chibi L**ita Sister's Creampie Hinata Aino [Uncensored L**ked],https://cdn001.imggle.net/webp/poster/20222311/1670644569.webp,https://javct.net/v/ktra-471-rm,123,2026-08-03
TEAM-089,Vagina In Iki SEX Suzumiya Suzu To Climax Many Times Arched Back,https://cdn001.imggle.net/webp/poster/07052026/45b7656d3b.webp,https://javct.net/v/team-089,120,2026-08-03
TEAM-078,4 Dense Sex Ryomiya To Each Other Seeking Staring Production Tin,https://cdn001.imggle.net/webp/poster/07052026/c180264617.webp,https://javct.net/v/team-078,150,2026-08-03
EBOD-510-RM,Ma ● Co!Anal!Nuqui Inserted!Whole Large Public! !The Ultimate Shame To Keep The Spotlight Of The Transformation The Population! !Naked Production Mana Plate Show From Morning Till Night Mayu Suzuki [Uncensored L**ked],https://cdn001.imggle.net/webp/poster/05192026/d3ab5d2bfd.webp,https://javct.net/v/ebod-510-rm,120,2026-08-03
XVSR-889-RM,A Pleasure Beyond Even The Most Popular Toys!? Human Clitoral Suction Cunnilingus By Aya Konami [Uncensored L**ked],https://cdn001.imggle.net/webp/poster/07052026/e447a5c31d.webp,https://javct.net/v/xvsr-889-rm,120,2026-08-03
JUNY-006-RM,Most Virgins With Only 3 Sex Experiences! !Plump Cute Marshmallow G Cup Wearing Erotic Idol AV Debut Yuki Ran [Uncensored L**ked],https://cdn001.imggle.net/webp/poster/07052026/d535802366.webp,https://javct.net/v/juny-006-rm,170,2026-08-03
DIY-007-RM,"Though It Is Usually Serious, Hospital There Are ""Woman Of Allergy Po ● B**od"" That Not Be The Lungs Not A Saddle If You Look At The Switch Port ● [Uncensored L**ked]",https://cdn001.imggle.net/webp/poster/07052026/8cc5654acc.webp,https://javct.net/v/diy-007-rm,180,2026-08-03
BONY-031-RM,You Won't Hold Me So I'm Cheating On My Wife's Face Her Husband Don't Know Mako Oda [Uncensored L**ked],https://cdn001.imggle.net/webp/poster/20222311/1670558152.webp,https://javct.net/v/bony-031-rm,125,2026-08-03
SCOP-557-RM,This Is The Best Erotic Happening! !Breasts Porori Muramura SEX 2 Beautiful Breast Polo 30 People BEST 4 [Uncensored L**ked],https://cdn001.imggle.net/webp/poster/06032026/1775620641.webp,https://javct.net/v/scop-557-rm,240,2026-08-03
VSPDS-290-RM,Squirting! Pies! Orgy! Rio Hamasaki [Uncensored L**ked],https://cdn001.imggle.net/webp/poster/07052026/d08abe0fb9.webp,https://javct.net/v/vspds-290-rm,120,2026-08-03
ZSD-79,Ass legend Tomoda Aya Noka,https://cdn001.imggle.net/webp/poster/07052026/3abc7b520e.webp,https://javct.net/v/zsd-79,163,2026-08-03
NHDTB-808-RM,"Squirting Magic Mirror No. De Amateur Female College Student Squirts Continuously For The First Time In An Extreme Bikini! I Felt My Finger Was Put In Without Permission By The Oil Massage, And I Felt Weak In The Push. [Uncensored L**ked]",https://cdn001.imggle.net/webp/poster/20230207/1689823556.webp,https://javct.net/v/nhdtb-808-rm,235,2026-08-03
NSFS-336-RM,A Wife Who Was Used As A Tool For Sexual Desire From Morning Till Night. A Married Couple Was Taken Hostage. VOL.4 [Uncensored L**ked],https://cdn001.imggle.net/webp/poster/20241115/1732335059.webp,https://javct.net/v/nsfs-336-rm,224,2026-08-03
IPZZ-852-RM,"My Stepfather, Whom I Despise To Death,'s Favorite Food Was Me, A High School Girl... The Ultimate Humiliation: R**e And Orgasm. - Momoe Horikita [Uncensored L**ked]",https://cdn001.imggle.net/webp/poster/05192026/94425f1142.webp,https://javct.net/v/ipzz-852-rm,130,2026-08-03
MAAN-1187,"[Neat and big breasts] Boobs and butts are voluminous. The sight of an actor who likes an S-class body licking hard is too cute, covered in oil, and standing in front of the mirror with all his might. Even after the doggy style creampie, he couldn't stop and ended up in the third round. [Thanks Bitch] [Koharu]",https://cdn001.imggle.net/webp/poster/07052026/3adab943d0.webp,https://javct.net/v/maan-1187,86,2026-08-03
MTALL-040-RM,Hip 100cm Lower Half God Big Ass Orgasm Development Kuroki Aimu [Uncensored L**ked],https://cdn001.imggle.net/webp/poster/20221108/1663215378.webp,https://javct.net/v/mtall-040-rm,145,2026-08-03
XRW-831-RM,Guys ● Women Sold In The Market [Uncensored L**ked],https://cdn001.imggle.net/webp/poster/20240410/1729591557.webp,https://javct.net/v/xrw-831-rm,120,2026-08-03
JBD-219-RM,Female Anna Snake Bonded Demonic Animation Nishida Karina [Uncensored L**ked],https://cdn001.imggle.net/webp/poster/06032026/1774326799.webp,https://javct.net/v/jbd-219-rm,120,2026-08-03
