page_url,image_url
https://jav.guru/1025176/waaa-674-pushy-perverted-doctor-treats-your-erection-with-her-tits-using-cuckold-dirty-talk-and-face-paizuri-diagnosis-at-the-improvement-clinic-20-loads-julia/,https://cdn.javmiku.com/wp-content/uploads/2026/07/waaa674pl-550x374.jpg
https://jav.guru/1025210/nima-084-live-action-version-tonight-my-wife-sleeps-with-another-man-uruki-sarara/,https://cdn.javmiku.com/wp-content/uploads/2026/07/nima084pl-550x374.jpg
https://jav.guru/1025212/mimk-285-this-gals-pure-heart-cant-contain-her-throbbing-nipples-anymore-stuck-in-mutual-unrequited-love-she-cant-stop-the-throat-and-nipple-frenzy-in-this-pure-love-meets-nipples-rom/,https://cdn.javmiku.com/wp-content/uploads/2026/07/mimk285pl-550x374.jpg
https://jav.guru/1025213/mikr-112-dont-tell-my/,https://cdn.javmiku.com/wp-content/uploads/2026/07/mikr112pl-550x374.jpg
https://jav.guru/1025863/mida-720-shattered-reason-endless-convulsions-a-24-hour-orgasm-boot-camp-that-wrecks-the-junior-gymnastics-elite-athlete/,https://cdn.javmiku.com/wp-content/uploads/2026/07/mida720pl-550x374.jpg
https://jav.guru/1025864/kimr-006-recording-my-wifes-daily-life-aona-miu/,https://cdn.javmiku.com/wp-content/uploads/2026/07/kimr006pl-550x374.jpg
https://jav.guru/1025865/jimmy-005-wanna-come-to-my-room-after-this-ive-got-more-guys-whove-been-inside-me-than-i-can-count-but-ill-explain-the-reasons-in-full-detail-aoshima-nazuki/,https://cdn.javmiku.com/wp-content/uploads/2026/07/1jimmy00005pl-550x374.jpg
https://jav.guru/1025879/gvh-867-busty-volleyball-club-girl-has-her-masochistic-side-awakened-by-her-advisors-twisted-passionate-coaching-and-now-obeys-every-command-ukawa-ruru/,https://cdn.javmiku.com/wp-content/uploads/2026/07/gvh867pl-550x374.jpg
https://jav.guru/1025882/fns-240-a-pure-natural-beauty-born-on-a-remote-island-makes-her-av-debut-sakuraba-jun/,https://cdn.javmiku.com/wp-content/uploads/2026/07/FNS-240-550x374.jpg
https://jav.guru/1025883/fjin-159-reunited-with-the-sassy-girl-who-used-to-bully-me-and-her-slutty-ass-so-when-she-got-my-dick-riled-up-again-i-paid-her-back-with-a-nonstop-creampie-until-she-was-ahegao-squirting-in-submis/,https://cdn.javmiku.com/wp-content/uploads/2026/07/fjin159pl-550x374.jpg
https://jav.guru/1025895/cawb-026-the-quiet-girl-finally-awakens-through-super-intense-sex-the-extremely-shy-148cm-a-cup-20-year-old-breaks-from-hardcore-pounding-and-a-massive-facial-cumshot-aragaki-meru/,https://cdn.javmiku.com/wp-content/uploads/2026/07/cawb026pl-550x374.jpg
https://jav.guru/1025896/cawb-017-the-unpopular-middle-aged-teacher-might-miraculously-score-with-the-popular-girls-when-his-runaway-popular-student-shows-up-begging-to-stay-and-offers-her-pussy-in-return-honma-asami/,https://cdn.javmiku.com/wp-content/uploads/2026/07/cawb017pl-550x374.jpg
https://jav.guru/1025900/atid-691-decoy-investigator-succumbs-to-aphrodisiac-groping/,https://cdn.javmiku.com/wp-content/uploads/2026/07/atid691pl-550x374.jpg
https://jav.guru/1026437/trst-0169-glossy-buttocks-rino/,https://cdn.javmiku.com/wp-content/uploads/2026/08/2744-550x374.jpg
https://jav.guru/1026441/sora-642-personality-manipulation-brainwashing-hypnosis-im-a-genius-president-who-masters-even-the-incompetent-arrogant-second-generation-female-ceo-shipped-as-a-smiling-meat-slave-by-her-g/,https://cdn.javmiku.com/wp-content/uploads/2026/08/sora642pl-550x374.jpg
https://jav.guru/1026446/rebdb-022-teasing-tsundere-girl-hamasaki-mao/,https://cdn.javmiku.com/wp-content/uploads/2026/08/n_1010rebdb022pl-550x374.jpg
https://jav.guru/1026458/ped-049-after-just-seven-hours-alone-together-we-ended-up-having-sex-eight-times-shishido-riho/,https://cdn.javmiku.com/wp-content/uploads/2026/08/24ped049pl-550x374.jpg
https://jav.guru/1026469/mooc-025-a-trap-babysitter-soothes-exhausted-parents-with-sweet-baby-talk-while-letting-them-suck-her-fully-erect-cock-and-healing-them-with-her-spurting-cum-kondo-mumu/,https://cdn.javmiku.com/wp-content/uploads/2026/08/mooc025pl-550x374.jpg
https://jav.guru/1026471/mmr-az039-negi-kujo-negitan/,https://cdn.javmiku.com/wp-content/uploads/2026/08/MMR-AZ039-550x374.jpg
https://jav.guru/1026472/mmr-az032-nanoka-ito-nanoka%e2%98%86nanoka-%e2%98%86/,https://cdn.javmiku.com/wp-content/uploads/2026/08/MMR-AZ032-550x374.jpg
https://jav.guru/1026473/mmr-az029-awakening-hashimura-erina/,https://cdn.javmiku.com/wp-content/uploads/2026/08/MMR-AZ029-550x374.jpg
https://jav.guru/1026474/mmr-aq073-kana-arai-rumbling/,https://cdn.javmiku.com/wp-content/uploads/2026/08/MMR-AQ073-550x374.jpg
https://jav.guru/1026476/mmr-aq022-konaka-kanako-full-revolution-please-with-me/,https://cdn.javmiku.com/wp-content/uploads/2026/08/MMR-AQ022-550x374.jpg
https://jav.guru/1026477/mmr-ak059-miyuu-kae-last-charm/,https://cdn.javmiku.com/wp-content/uploads/2026/08/MMR-AK059-550x374.jpg
https://jav.guru/1026492/ktb-120-two-tall-wives-you-can-touch-anytime-anywhere-in-the-store-groping-friendly-women-miike-koharu-hanamiya-kyoko/,https://cdn.javmiku.com/wp-content/uploads/2026/08/ktb120pl-550x374.jpg
https://jav.guru/1026494/ksbj-147-never-expected-the-cute-young-single-mom-next-door-to-beg-this-middle-aged-guy-to-fuck-her-vol-02-naomitake-suzu-arisaka-miyuki-momoi-anna-fujimori-riho/,https://cdn.javmiku.com/wp-content/uploads/2026/08/ksbj147pl-550x374.jpg
https://jav.guru/1026496/kidm-817-french-kiss-haruka-eri/,https://cdn.javmiku.com/wp-content/uploads/2026/08/80750127_1464894l-550x374.jpg
https://jav.guru/1026498/kidm-683-perfect-woman-mina-riyon-2/,https://cdn.javmiku.com/wp-content/uploads/2026/08/42308442_i323062-550x374.jpg
https://jav.guru/1026502/kidm-468-title-to-be-determined-ikeda-hiroko/,https://cdn.javmiku.com/wp-content/uploads/2026/08/n_945kidm468pl-550x374.jpg
https://jav.guru/1026503/kidm-452-title-undecided-natsuki/,https://cdn.javmiku.com/wp-content/uploads/2026/08/n_945kidm452pl-550x374.jpg
https://jav.guru/1026504/kidm-447-untitled-nonomiya-rika/,https://cdn.javmiku.com/wp-content/uploads/2026/08/n_945kidm447pl-550x374.jpg
https://jav.guru/1026505/kidm-445-title-to-be-determined-mouka-megumi/,https://cdn.javmiku.com/wp-content/uploads/2026/08/n_945kidm445pl-550x374.jpg
https://jav.guru/1026506/kidm-437-untitled-mamiya-yuki/,https://cdn.javmiku.com/wp-content/uploads/2026/08/n_945kidm437pl-550x374.jpg
https://jav.guru/1026507/kidm-436-title-undecided-akari-nishino/,https://cdn.javmiku.com/wp-content/uploads/2026/08/n_945kidm436pl-550x374.jpg
https://jav.guru/1026508/kidm-387-untitled-nakagawa-tomomi/,https://cdn.javmiku.com/wp-content/uploads/2026/08/n_945kidm387pl-550x374.jpg
https://jav.guru/1026509/kidm-361-untitled-togashi-azusa/,https://cdn.javmiku.com/wp-content/uploads/2026/08/n_945kidm361pl-550x374.jpg
https://jav.guru/1026510/kidm-349-title-undecided-ikeda-hiroko/,https://cdn.javmiku.com/wp-content/uploads/2026/08/n_945kidm349pl-550x374.jpg
https://jav.guru/1026524/hodv-21714-the-ultimate-hairy-nude-guide-to-gorgeous-women-from-casual-outfits-to-lingerie-to-full-nudity-honoka-tsujii-hanamiya-amu-kuru-maebi-nanase-alice-hoshi-yuuka-momonaga-sarina-mifune/,https://cdn.javmiku.com/wp-content/uploads/2026/08/41hodv21714pl-550x374.jpg
https://jav.guru/1026525/gvh-866-mother-and-son-rpe-shiramine-ikumi/,https://cdn.javmiku.com/wp-content/uploads/2026/08/gvh866pl-550x374.jpg
https://jav.guru/1026526/gvh-865-my-female-boss-frced-me-into-repeated-creampies-with-undulating-cowgirl-during-a-remote-meeting-so-headquarters-wouldnt-find-out-honoka-tsujii/,https://cdn.javmiku.com/wp-content/uploads/2026/08/gvh865pl-550x374.jpg
https://jav.guru/1026527/guild-178-mika-nonomiya-bungou-secretary/,https://cdn.javmiku.com/wp-content/uploads/2026/08/GUILD-178-550x374.jpg
https://jav.guru/1026529/guild-136-erika-chiba-impulse-of-supplication/,https://cdn.javmiku.com/wp-content/uploads/2026/08/GUILD-136-550x374.jpg
https://jav.guru/1026531/guild-048-iyo-yoshimi-red-ripe-fruit/,https://cdn.javmiku.com/wp-content/uploads/2026/08/GUILD-048-550x374.jpg
https://jav.guru/1026534/gravb-0003-yanas-love-private-lesson-yanase-saki/,https://cdn.javmiku.com/wp-content/uploads/2026/08/936-550x374.jpg
https://jav.guru/1026535/gebb-054-the-full-story-of-dosing-a-married-try-on-model-with-aphrodisiac-cream-until-her-body-twitches-uncontrollably-and-she-shows-ahegao-while-getting-deep-raw-creampies-kurokawa-sumire-onodera/,https://cdn.javmiku.com/wp-content/uploads/2026/08/gebb054pl-550x374.jpg
https://jav.guru/1026537/fns-241-sensual-development-of-a-fair-skinned-slender-body-raised-in-a-snowy-country-leads-to-first-orgasms-in-three-scenes-kashiwagi-shizuku/,https://cdn.javmiku.com/wp-content/uploads/2026/08/FNS-241-550x374.jpg
https://jav.guru/1026546/ecb-170-gushing-saliva-kisses-and-cum-swallowing-blowjobs-aise-mina-nijimura-yumi-kudo-yuri-nagimiya-yukino-shibamata-shiho-tsukamoto-saya-imada-hikari-chiba-yuuka/,https://cdn.javmiku.com/wp-content/uploads/2026/08/2ecb170pl-550x374.jpg
https://jav.guru/1026547/dveh-093-matching-a-glistening-bikini-babe-with-a-huge-cocked-virgin-at-miura-beach-for-a-slippery-oil-intercrural-massage-that-awakens-her-inner-slut-and-ends-in-raw-creampie-deflowering-for-the-ul/,https://cdn.javmiku.com/wp-content/uploads/2026/08/dveh093pl-550x374.jpg
https://jav.guru/1026548/drpt-118-exposing-the-dark-side-of-modern-society-unlimited-sexual-harassment-allowed-at-this-overworked-elderly-care-facility-where-instant-sex-is-always-okay-yuri-ryo/,https://cdn.javmiku.com/wp-content/uploads/2026/08/1drpt118pl-550x374.jpg
https://jav.guru/1026551/dfdm-076-older-man-sugar-dating-with-a-jk-the-secret-record-of-a-demure-looking-but-secretly-perverted-schoolgirl-devouring-ojisans-chiba-yuuka/,https://cdn.javmiku.com/wp-content/uploads/2026/08/2dfdm076pl-550x374.jpg
https://jav.guru/1026554/bab-195-ghostly-throbbing-schoolgirl-season-10-kisaki-nana/,https://cdn.javmiku.com/wp-content/uploads/2026/08/bab195pl-550x374.jpg
https://jav.guru/1026555/akdl-362-if-you-wont-fuck-me-then-at-least-let-me-tease-just-the-tip-the-student-who-keeps-sweet-talking-her-favorite-teacher-even-when-he-gives-her-the-cold-shoulder-miyagi-rie/,https://cdn.javmiku.com/wp-content/uploads/2026/08/1akdl00362pl-550x374.jpg
https://jav.guru/1026705/ps-131-new-amateur-debut-sorry-dad-a-shy-girl-overwhelmed-by-dirty-talk-showing-signs-of-naughtiness-despite-her-inexperience-yukimi-maika/,https://cdn.javmiku.com/wp-content/uploads/2026/08/h_113ps131pl-550x374.jpg
https://jav.guru/1026707/murikuri-013-double-penetration-and-raw-action-with-a-ballet-girl-featuring-anal-play-and-a-series-of-double-internal-releases-in-a-wild-orgy/,https://cdn.javmiku.com/wp-content/uploads/2026/08/1murikuri013pl-550x374.jpg
https://jav.guru/1026709/jkw-028-a-troubled-wife-with-large-breasts-and-debt-issues-fujisaki-riko/,https://cdn.javmiku.com/wp-content/uploads/2026/08/h_848jkw028pl-550x374.jpg
https://jav.guru/1027103/lady-102-boy-love-stories-inaba-yui-amamiya-kotone/,https://cdn.javmiku.com/wp-content/uploads/2026/08/1lady102pl-550x374.jpg
https://jav.guru/1032381/rebdb-403-maos-steamy-and-provocative-moments-on-blu-ray-miura-rui/,https://cdn.javmiku.com/wp-content/uploads/2026/08/n_1412rebdb403pl-550x374.jpg
https://jav.guru/1032390/rebdb-328-suzus-debut-performance-on-blu-ray-honjo-suzu/,https://cdn.javmiku.com/wp-content/uploads/2026/08/n_1412rebdb328pl-550x374.jpg
https://jav.guru/1032391/rebdb-326-festival-fun-in-a-colorful-paradise-blu-ray-kiritani-matsuri/,https://cdn.javmiku.com/wp-content/uploads/2026/08/n_1412rebdb326pl-550x374.jpg
https://jav.guru/1032399/rebdb-271-rainbow-diary-nanasawa-mia/,https://cdn.javmiku.com/wp-content/uploads/2026/08/n_1412rebdb271pl-550x374.jpg
https://jav.guru/1032403/rebdb-044-scarlet-angel-on-blu-ray-itoh-beni/,https://cdn.javmiku.com/wp-content/uploads/2026/08/n_1010rebdb044pl-550x374.jpg
https://jav.guru/1032405/rebd-445-forbidden-mischief-takanashi-momoe/,https://cdn.javmiku.com/wp-content/uploads/2026/08/n_1412rebd445pl-550x374.jpg
https://jav.guru/1032406/rebd-444-southern-superstar-minami-riona/,https://cdn.javmiku.com/wp-content/uploads/2026/08/n_1412rebd444pl-550x374.jpg
https://jav.guru/1032407/rebd-441-emergency-with-ema-yuri-izumi/,https://cdn.javmiku.com/wp-content/uploads/2026/08/n_1412rebd441pl-550x374.jpg
https://jav.guru/1032408/rebd-440-after-school-seduction-fantasy-yumemite-uta/,https://cdn.javmiku.com/wp-content/uploads/2026/08/n_1412rebd440pl-550x374.jpg
https://jav.guru/1032409/rebd-438-the-season-of-elegance-kotoi-shihori/,https://cdn.javmiku.com/wp-content/uploads/2026/08/n_1412rebd438pl-550x374.jpg
https://jav.guru/1032410/rebd-436-lovely-travel-lovers-kiritani-matsuri/,https://cdn.javmiku.com/wp-content/uploads/2026/08/n_1412rebd436pl-550x374.jpg
https://jav.guru/1032411/rebd-431-feeling-the-sideboob-in-the-reiwa-era-reiwa-rei/,https://cdn.javmiku.com/wp-content/uploads/2026/08/n_1412rebd431pl-550x374.jpg
https://jav.guru/1032412/rebd-430-colorful-wings-amami-tubasa/,https://cdn.javmiku.com/wp-content/uploads/2026/08/n_1412rebd430pl-550x374.jpg
https://jav.guru/1032413/rebd-428-a-feeling-of-anticipation-begins-touka-yuria/,https://cdn.javmiku.com/wp-content/uploads/2026/08/n_1412rebd428pl-550x374.jpg
https://jav.guru/1032414/rebd-424-the-innocent-girls-seven-transformations-kano-yura/,https://cdn.javmiku.com/wp-content/uploads/2026/08/n_1412rebd424pl-550x374.jpg
https://jav.guru/1032415/rebd-423-twinkle-storm-2-akari-tsumugi/,https://cdn.javmiku.com/wp-content/uploads/2026/08/n_1412rebd423pl-550x374.jpg
https://jav.guru/1032416/rebd-419-momo-idolizes-the-cherry-sky-sakura-momo/,https://cdn.javmiku.com/wp-content/uploads/2026/08/n_1412rebd419pl-550x374.jpg
https://jav.guru/1032417/rebd-417-naughty-and-playful-cup-action-miura-rui/,https://cdn.javmiku.com/wp-content/uploads/2026/08/n_1412rebd417pl-550x374.jpg
https://jav.guru/1032418/rebd-416-yukas-sweet-first-experience-yuyu-monami/,https://cdn.javmiku.com/wp-content/uploads/2026/08/n_1412rebd416pl-550x374.jpg
https://jav.guru/1032419/rebd-414-seventh-eden-ichikawa-masami/,https://cdn.javmiku.com/wp-content/uploads/2026/08/n_1412rebd414pl-550x374.jpg
https://jav.guru/1032420/rebd-408-twin-tailed-love-affair-nonoura-non/,https://cdn.javmiku.com/wp-content/uploads/2026/08/n_1155rebd408pl-550x374.jpg
https://jav.guru/1032422/rebd-372-the-only-flower-hoshimiya-ichika/,https://cdn.javmiku.com/wp-content/uploads/2026/08/n_1412rebd372pl-550x374.jpg
https://jav.guru/1032427/rebd-268-a-bouquet-of-smiles-just-for-you-julia/,https://cdn.javmiku.com/wp-content/uploads/2026/08/n_1412rebd268pl-550x374.jpg
https://jav.guru/1032428/rebd-253-elegant-and-extravagant-beauty-kitagawa-erika/,https://cdn.javmiku.com/wp-content/uploads/2026/08/n_1412rebd253pl-550x374.jpg
https://jav.guru/1032448/iesp-327-naked-secretary-working-for-the-president-miura-asahi/,https://cdn.javmiku.com/wp-content/uploads/2026/08/1iesp327pl-550x374.jpg
https://jav.guru/1032449/iesp-323-heidi-3-a-girls-love-while-home-alone-aizato-hina/,https://cdn.javmiku.com/wp-content/uploads/2026/08/1iesp323pl-550x374.jpg
https://jav.guru/1032450/iesp-321-narcotics-officer-addicted-to-drugs-and-experiencing-vaginal-spasms-hoshino-akari/,https://cdn.javmiku.com/wp-content/uploads/2026/08/1iesp321pl-550x374.jpg
https://jav.guru/1032451/iesp-308-narcotics-officer-addicted-to-drugs-and-experiencing-vaginal-spasms-hino-hikari/,https://cdn.javmiku.com/wp-content/uploads/2026/08/1iesp308pl-550x374.jpg
https://jav.guru/1032452/iesp-306-yukata-outdoor-encounters-with-multiple-climaxes-amai-mitsu/,https://cdn.javmiku.com/wp-content/uploads/2026/08/1iesp306pl-550x374.jpg
https://jav.guru/1032453/iesp-300-20-consecutive-internal-releases-with-a-female-announcer-ayase-haruna/,https://cdn.javmiku.com/wp-content/uploads/2026/08/1iesp300pl-550x374.jpg
https://jav.guru/1032456/hunt-863-i-dont-want-to-make-my-uncle-a-criminal-so-when-my-high-school-niece-visits-she-accidentally-enters-my-forbidden-room-filled-with-my-favorite-adult-materials-shinomiya-yuri/,https://cdn.javmiku.com/wp-content/uploads/2026/08/1hunt863pl-550x374.jpg
https://jav.guru/1032457/hunt-860-sister-pleads-with-me-to-help-her-after-getting-something-stuck-inside-while-trying-to-pleasure-herself-minami-riona-itano-yuki-aoi-koharu-ashida-tomoko-suzumiya-kotone/,https://cdn.javmiku.com/wp-content/uploads/2026/08/1hunt860pl-550x374.jpg
https://jav.guru/1032458/hunt-859-an-afternoon-neighborhood-gathering-turns-adventurous-as-young-wives-decide-to-play-a-daring-asuka-mitsuki-maika-horiuchi-akemi-miyano-yukana-fukusaki-ren-hinata-umi-saeki-haruna/,https://cdn.javmiku.com/wp-content/uploads/2026/08/1hunt859pl-550x374.jpg
https://jav.guru/1032459/hunt-853-sister-gets-soaked-in-the-bathroom-while-accidentally-showering-herself-during-cleaning-araki-mai-aoi-koharu-katsuragi-maya-saori-kurashina-iori-sana-suzumiya-kotone-aoba-yui/,https://cdn.javmiku.com/wp-content/uploads/2026/08/1hunt853pl-550x374.jpg
https://jav.guru/1032460/hunt-849-a-college-student-still-sharing-a-room-with-his-sister-unexpectedly-finds-himself-in-a-69-yoshida-hana-aoi-koharu-katsuragi-maya-ishihara-ai-aihara-yua-hinata-umi/,https://cdn.javmiku.com/wp-content/uploads/2026/08/1hunt849pl-550x374.jpg
https://jav.guru/1032461/hunt-846-a-young-wife-cant-resist-rubbing-against-her-sons-morning-erection-yoshida-hana-yamamoto-miwako-aizawa-ren-horiuchi-akemi-natsume-miura-fukusaki-ren/,https://cdn.javmiku.com/wp-content/uploads/2026/08/1hunt846pl-1-550x374.jpg
https://jav.guru/1032462/hunt-842-a-week-of-living-with-six-adorable-nieces-turns-my-mundane-life-upside-down-as-my-divorced-sister-returns-home-minami-riona-kasugano-yui-sakuragi-iku-amane-haruka-kaede-yuuka/,https://cdn.javmiku.com/wp-content/uploads/2026/08/1hunt842pl-550x374.jpg
https://jav.guru/1032463/hunt-838-all-the-neighbors-have-big-breasts-and-no-bras-in-this-exciting-new-chapter-of-life-asuka-mitsuki-matsushita-miyuki-mitsuikura-nayu-fukusaki-ren/,https://cdn.javmiku.com/wp-content/uploads/2026/08/1hunt838pl-550x374.jpg
https://jav.guru/1032464/hunt-836-ignored-by-girls-i-secretly-add-an-aphrodisiac-to-drinks-at-my-sisters-popular-birthday-hayase-alice-saionji-reo-kawagoe-yui-konishi-marie-toono-miho-ishihara-ami-takanashi-haru/,https://cdn.javmiku.com/wp-content/uploads/2026/08/1hunt836pl-550x374.jpg
https://jav.guru/1032465/hunt-834-my-mom-cleaned-my-room-without-permission-yoshida-hana-asuka-mitsuki-honda-riko-nishikawa-rion-sasaki-remi-ishihara-ai-ashida-tomoko-sasaki-kaho-fukusaki-ren/,https://cdn.javmiku.com/wp-content/uploads/2026/08/1hunt834pl-550x374.jpg
https://jav.guru/1035118/snos-332-mother-and-daughter-dance-together-in-a-sensual-performance-okuda-saki-sakurano-rino/,https://cdn.javmiku.com/wp-content/uploads/2026/08/snos332pl-550x374.jpg
https://jav.guru/1035127/snos-065-the-new-swimsuit-company-features-female-employees-in-swimwear-with-a-caring-boss-who-takes-care-of-everything-until-exhaustion-sets-in-tano-yuu/,https://cdn.javmiku.com/wp-content/uploads/2026/08/snos065pl-550x374.jpg
https://jav.guru/1035579/urmt-008-petite-girl-with-big-breasts-itoi-ruka/,https://cdn.javmiku.com/wp-content/uploads/2026/08/urmt008pl-550x374.jpg
https://jav.guru/1035590/royd-345-i-found-myself-unintentionally-seduced-by-my-girlfriends-friend-who-stays-over-every-day-leaving-me-in-a-frustrating-state-of-indecision-uruki-sarara/,https://cdn.javmiku.com/wp-content/uploads/2026/08/royd345pl-550x374.jpg
https://jav.guru/1035591/royd-340-my-sister-a-habitual-reverse-sexual-harasser-can-only-get-excited-by-sex-at-work-as-a-true-desire-monster-ootori-miyu/,https://cdn.javmiku.com/wp-content/uploads/2026/08/royd340pl-550x374.jpg
https://jav.guru/1035593/rlmp-006-a-sisters-self-sacrifice-to-prevent-her-brother-from-becoming-a-sex-offender-leads-her-to-secretly-endure-abuse-tukinoe-sui/,https://cdn.javmiku.com/wp-content/uploads/2026/08/rlmp006pl-550x374.jpg
https://jav.guru/1035596/rki-763-a-socially-awkward-guy-dreams-of-a-lively-party-with-five-popular-girls-takase-rina-seto-hinako-asakaze-yui-kohaku-yaya/,https://cdn.javmiku.com/wp-content/uploads/2026/08/rki763pl-550x374.jpg
https://jav.guru/1035597/nsfs-501-a-new-reckoning-the-price-of-sin-is-betrayal-and-depravity-against-my-husband-mioka-satomi/,https://cdn.javmiku.com/wp-content/uploads/2026/08/nsfs501pl-550x374.jpg
https://jav.guru/1035598/nmsl-045-revenge-on-the-delivery-thief-a-sensitive-woman-falls-into-pleasure-through-intense-domination-and-confinement-fujita-yuzu/,https://cdn.javmiku.com/wp-content/uploads/2026/08/h_1814nmsl00045pl-550x374.jpg
https://jav.guru/1035600/nkkd-366-a-mother-is-seduced-by-her-sons-impressive-endowment-in-a-taboo-encounter-morisawa-kana/,https://cdn.javmiku.com/wp-content/uploads/2026/08/nkkd366pl-550x374.jpg
https://jav.guru/1035601/ngod-351-i-ended-up-having-unprotected-sex-with-the-married-woman-i-admired-who-gently-took-my-virginity-and-loved-my-size-hazuki-honami/,https://cdn.javmiku.com/wp-content/uploads/2026/08/ngod351pl-550x374.jpg
https://jav.guru/1035605/mkmp-747-a-summer-of-secret-fun-with-sunburned-marks-on-a-student-minazuki-hikaru-toa-kotone-amau-ririka/,https://cdn.javmiku.com/wp-content/uploads/2026/08/mkmp747pl-550x374.jpg
https://jav.guru/1035607/mkmp-744-eliminating-premature-ejaculation-a-game-where-a-skilled-actress-seduces-a-submissive-man-testing-his-endurance-with-intense-stimulation-for-multiple-releases-otsu-arisu/,https://cdn.javmiku.com/wp-content/uploads/2026/08/mkmp744pl-550x374.jpg
https://jav.guru/1035611/jur-818-retirement-mrs-diamonds-final-shine-one-last-and-ultimate-affair-before-saying-goodbye-honda-hitomi/,https://cdn.javmiku.com/wp-content/uploads/2026/08/jur818pl-1-550x374.jpg
https://jav.guru/1035613/ipzz-946-while-my-wife-and-chld-are-away-i-get-excited-by-the-serious-yet-secretly-submissive-side-of-a-former-colleague-working-at-my-sons-daycare-nagano-tsumugi/,https://cdn.javmiku.com/wp-content/uploads/2026/08/ipzz946pl-550x374.jpg
https://jav.guru/1035614/ipzz-907-first-ever-unprotected-creampie-orgasm-release-ashitaba-mitsuha/,https://cdn.javmiku.com/wp-content/uploads/2026/08/ipzz907pl-1-550x374.jpg
https://jav.guru/1035617/huntc-600-a-serious-study-session-turns-into-a-naughty-lesson-on-anatomy-ando-haruno-mochizuki-tsubomi-yura-kana-minazuki-hikaru/,https://cdn.javmiku.com/wp-content/uploads/2026/08/huntc600pl-550x374.jpg
https://jav.guru/1035618/huntc-595-losing-my-virginity-at-a-wild-party-with-friendly-voluptuous-young-wives-made-me-surprisingly-popular-ichinose-hazuki-onosaka-yuka-oshikawa-yuuri-fujii-reira-negoto-rui/,https://cdn.javmiku.com/wp-content/uploads/2026/08/huntc595pl-550x374.jpg
https://jav.guru/1035619/huntc-551-waking-up-to-my-boss-in-a-revealing-yukata-who-usually-lectures-me-but-is-now-acting-sweet-miyanisi-hikaru-onosaka-yuka-amamiya-hibiki/,https://cdn.javmiku.com/wp-content/uploads/2026/08/huntc551pl-550x374.jpg
https://jav.guru/1035620/huntc-445-young-wives-seduced-by-a-friends-tempting-massage-end-up-giving-in-to-pleasure-kisaki-alice-kamisaka-tomoko-konno-hikaru-totuki-ruisa/,https://cdn.javmiku.com/wp-content/uploads/2026/08/huntc445pl-550x374.jpg
https://jav.guru/1035622/hsoda-130-revenge-at-the-reunion-wanting-to-show-up-the-popular-kids-from-back-in-the-day-isshiki-sara-seino-miyori-mashiro-minori-ayase-kokoro/,https://cdn.javmiku.com/wp-content/uploads/2026/08/hsoda130pl-550x374.jpg
https://jav.guru/1035623/hsoda-129-watch-me-show-off-my-oversized-nipples-enhanced-to-an-extreme-sensitivity-as-i-indulge-in-my-obsession-with-them-kui-sunao/,https://cdn.javmiku.com/wp-content/uploads/2026/08/hsoda129pl-550x374.jpg
https://jav.guru/1035624/hsoda-123-a-shy-nerdy-girl-with-a-hidden-talent-for-seduction-fulfills-your-wildest-fantasies-in-a-playful-role-reversal-harunai-noa/,https://cdn.javmiku.com/wp-content/uploads/2026/08/hsoda123pl-550x374.jpg
https://jav.guru/1035626/gvh-868-riding-position-goddess-with-a-wild-big-butt-relentlessly-milks-the-man-until-he-squirts-multiple-times-in-a-sensual-experience-kurumi-sakura/,https://cdn.javmiku.com/wp-content/uploads/2026/08/gvh868pl-550x374.jpg
https://jav.guru/1035631/ekdv-825-my-childhood-friend-took-my-virginity-she-became-my-practice-partner-for-sex-as-i-experienced-my-first-relationship-with-a-beautiful-and-cute-girl-aosaka-aoi/,https://cdn.javmiku.com/wp-content/uploads/2026/08/ekdv825pl-550x374.jpg
https://jav.guru/1035633/dvaj-752-on-the-last-train-i-fell-for-a-high-school-girls-teasing-display-of-her-underwear-leading-to-a-wild-encounter-in-the-empty-car-until-the-final-stop-hanamori-kaho/,https://cdn.javmiku.com/wp-content/uploads/2026/08/dvaj752pl-550x374.jpg
https://jav.guru/1035634/dvaj-751-practicing-condom-application-with-a-childhood-friend-for-my-boyfriend-leads-to-an-overwhelming-encounter-resulting-in-an-unexpected-and-intense-experience-onosaka-yuka/,https://cdn.javmiku.com/wp-content/uploads/2026/08/dvaj751pl-550x374.jpg
https://jav.guru/1035636/dass-998-when-i-took-in-my-cheeky-young-relative-i-discovered-she-was-actually-a-beautiful-girl-after-four-days-of-teasing-we-ended-up-in-a-committed-relationship-kuramoto-sumire/,https://cdn.javmiku.com/wp-content/uploads/2026/08/dass998pl-550x374.jpg
https://jav.guru/1035637/dass-995-no-script-no-direction-just-pure-instinct-surrendering-to-pleasure-in-a-one-on-one-encounter-nami-nami/,https://cdn.javmiku.com/wp-content/uploads/2026/08/dass995pl-550x374.jpg
https://jav.guru/1035643/cemd-877-sorry-for-the-excessive-pleasure-and-accidents-56-kosuzu-mikan/,https://cdn.javmiku.com/wp-content/uploads/2026/08/cemd877pl-550x374.jpg
https://jav.guru/1035645/cead-762-a-voluptuous-maid-drives-men-wild-with-her-curves-featuring-intense-nipple-teasing-and-explosive-pleasure-from-a-sensual-encounter-tomoe-hikari/,https://cdn.javmiku.com/wp-content/uploads/2026/08/cead762pl-550x374.jpg
https://jav.guru/1035648/bacj-189-a-frustrated-office-worker-discovers-the-sweetness-of-intimacy-after-becoming-aroused-by-a-female-therapist-during-a-wellness-massage-suzuka-kurumi-niiyama-chinatu-shiomi-yui/,https://cdn.javmiku.com/wp-content/uploads/2026/08/bacj189pl-550x374.jpg
https://jav.guru/1035650/avsa-451-the-trap-of-high-paying-home-care-jobs-losing-virginity-under-duress-in-a-messy-room-while-being-trained-by-older-men-with-a-strong-odor-hanamori-kaho/,https://cdn.javmiku.com/wp-content/uploads/2026/08/avsa451pl-550x374.jpg
https://jav.guru/1035651/avsa-450-celebrity-encounter-intense-erotic-fun-with-a-seductive-woman-during-messy-fully-clothed-sex-hayama-sayuri/,https://cdn.javmiku.com/wp-content/uploads/2026/08/avsa450pl-550x374.jpg
https://jav.guru/1035652/avsa-449-sensual-legs-and-irresistible-allure-in-a-slippery-sheer-pantyhose-experience-with-a-seductive-tease-kobayakawa-reiko/,https://cdn.javmiku.com/wp-content/uploads/2026/08/avsa449pl-550x374.jpg
https://jav.guru/1035653/avsa-448-the-queen-bee-the-pleasure-empress-with-a-devilish-smile-and-curvy-body-leads-submissive-men-to-ecstasy-hatano-yui/,https://cdn.javmiku.com/wp-content/uploads/2026/08/avsa448pl-550x374.jpg
https://jav.guru/1035654/apns-418-aunts-visit-leads-to-mischievous-encounters-with-her-niece-resulting-in-unexpected-consequences-takeuchi-sakina/,https://cdn.javmiku.com/wp-content/uploads/2026/08/apns418pl-550x374.jpg
https://jav.guru/1035655/apns-417-i-will-seduce-this-girl-a-plan-to-turn-a-noble-lady-into-a-plaything-over-30-days-until-conception-shiratori-rei/,https://cdn.javmiku.com/wp-content/uploads/2026/08/apns417pl-550x374.jpg
https://jav.guru/1035656/aldn-605-a-few-days-of-non-stop-intimacy-with-my-brothers-wife-ichijo-mio/,https://cdn.javmiku.com/wp-content/uploads/2026/08/aldn605pl-550x374.jpg
https://jav.guru/1035657/aldn-604-im-offering-my-wife-now-im-coming-home-after-my-first-affair-tsukada-shiori/,https://cdn.javmiku.com/wp-content/uploads/2026/08/aldn604pl-550x374.jpg
https://jav.guru/1035658/aldn-603-mother-in-law-youre-much-better-than-my-wife-hoshina-kiho/,https://cdn.javmiku.com/wp-content/uploads/2026/08/aldn603pl-550x374.jpg
https://jav.guru/1035782/sqte-705-you-can-do-whatever-you-want-with-me-uncle-tsukise-riria/,https://cdn.javmiku.com/wp-content/uploads/2026/08/sqte705pl-550x374.jpg
https://jav.guru/1035783/pkpr-047-anal-documentary-filming-a-live-anal-scene-ohara-rio/,https://cdn.javmiku.com/wp-content/uploads/2026/08/pkpr047pl-550x374.jpg
https://jav.guru/1035784/pkpd-429-bra-free-hot-spring-getaway-with-internal-release-momose-himari/,https://cdn.javmiku.com/wp-content/uploads/2026/08/pkpd429pl-550x374.jpg
https://jav.guru/1035785/nghj-072-a-wild-challenge-breaks-friendships-as-childhood-friends-attempt-a-series-of-high-stakes-releases-nanahara-sayu-kawano-mina-tsukise-riria-asahi-rio/,https://cdn.javmiku.com/wp-content/uploads/2026/08/nghj072pl-550x374.jpg
https://jav.guru/1035786/nghj-071-a-busty-bikini-girl-shines-on-shonan-beach-leading-a-festival-of-explosive-pleasure-for-a-virgin-with-a-big-member-misaki-maika-aina-ai-nozomi-arimura-kurosaki-hana/,https://cdn.javmiku.com/wp-content/uploads/2026/08/nghj071pl-550x374.jpg
https://jav.guru/1035787/nghj-069-a-college-girl-holds-milk-in-her-mouth-endures-intense-nipple-play-for-a-prize-satsuki-hina-takeuchi-sakina-ukawa-ruru-hanamori-kaho/,https://cdn.javmiku.com/wp-content/uploads/2026/08/nghj069pl-550x374.jpg
https://jav.guru/1035788/mvg-170-a-woman-with-a-pig-nose-indulges-in-dirty-talk-and-intimate-encounters-usui-saryuu/,https://cdn.javmiku.com/wp-content/uploads/2026/08/mvg170pl-550x374.jpg
https://jav.guru/1035789/mmkz-165-the-older-sisters-voluptuous-figure-is-so-enticing-that-it-captivates-instantly-yoshizawa-yuki/,https://cdn.javmiku.com/wp-content/uploads/2026/08/mmkz165pl-550x374.jpg
https://jav.guru/1035790/madm-221-while-my-husband-is-away-my-busty-wife-indulges-in-a-passionate-affair-with-the-neighbor-sakurano-momo/,https://cdn.javmiku.com/wp-content/uploads/2026/08/madm221pl-550x374.jpg
https://jav.guru/1035791/jura-208-first-time-documentary-featuring-a-married-woman-chapter-two-higuchi-sara/,https://cdn.javmiku.com/wp-content/uploads/2026/08/h_086jura208pl-550x374.jpg
https://jav.guru/1035792/jrze-313-first-time-documentary-featuring-a-married-woman-yukihira-sayaka/,https://cdn.javmiku.com/wp-content/uploads/2026/08/h_086jrze313pl-550x374.jpg
https://jav.guru/1035793/jrze-312-first-time-documentary-featuring-a-married-woman-narumiya-shiori/,https://cdn.javmiku.com/wp-content/uploads/2026/08/h_086jrze312pl-550x374.jpg
https://jav.guru/1035794/hthd-242-my-friends-mother-nagisawa-hikaru/,https://cdn.javmiku.com/wp-content/uploads/2026/08/h_086hthd242pl-550x374.jpg
https://jav.guru/1035795/hone-298-i-never-expected-to-lose-my-virginity-to-my-beloved-grandmother-izumi-kinue/,https://cdn.javmiku.com/wp-content/uploads/2026/08/h_086hone298pl-550x374.jpg
https://jav.guru/1035796/gma-101-a-wife-is-bound-and-trained-by-her-father-in-law-in-place-of-her-deceased-mother-in-law-awakening-her-submissive-desires-through-frced-bondage-rio-tsumugi/,https://cdn.javmiku.com/wp-content/uploads/2026/08/gma101pl-550x374.jpg
https://jav.guru/1035797/fns-243-ten-minutes-after-graduation-i-went-straight-to-a-love-hotel-with-my-former-student-and-ended-up-having-sex-until-i-was-exhausted-hamabe-yayoi/,https://cdn.javmiku.com/wp-content/uploads/2026/08/1fns00243pl-550x374.jpg
https://jav.guru/1035798/dldss-539-a-married-woman-indulges-in-a-week-of-intimacy-with-her-two-brothers-in-law-at-a-hot-spring-during-her-hometown-visit-haru-hibine/,https://cdn.javmiku.com/wp-content/uploads/2026/08/1dldss539pl-550x374.jpg
https://jav.guru/1035799/cmv-210-busty-yoga-instructors-submissive-awakening-with-intense-squirting-and-waterwheel-punishment-aona-miu/,https://cdn.javmiku.com/wp-content/uploads/2026/08/cmv210pl-550x374.jpg
https://jav.guru/1035800/chrv-222-why-are-there-so-many-busty-female-doctors-in-the-proctology-department-the-answer-lies-beneath-their-lab-coats-revealing-a-stunning-j-cup-figure-ogura-hikari/,https://cdn.javmiku.com/wp-content/uploads/2026/08/chrv222pl-550x374.jpg
https://jav.guru/1035801/cemd-875-a-full-day-of-shy-and-romantic-home-video-dating-without-any-acting-or-direction-momosaki-kikka/,https://cdn.javmiku.com/wp-content/uploads/2026/08/cemd875pl-550x374.jpg
https://jav.guru/1035802/basj-047-enchanting-innkeeper-soothes-travelers-in-a-secluded-traditional-ryokan-aiga-ruka/,https://cdn.javmiku.com/wp-content/uploads/2026/08/basj047pl-550x374.jpg
https://jav.guru/1035803/basj-046-a-woman-becomes-addicted-to-female-escort-services-finding-herself-captivated-in-her-childhood-room-ito-sara/,https://cdn.javmiku.com/wp-content/uploads/2026/08/basj046pl-550x374.jpg
https://jav.guru/1035804/bagr-090-a-dangerously-beautiful-love-that-knows-no-bounds-driven-by-a-yandere-girl-determined-to-win-him-over-narumi-ruka/,https://cdn.javmiku.com/wp-content/uploads/2026/08/bagr090pl-550x374.jpg
https://jav.guru/1035805/apgh-058-i-devoured-all-the-boys-in-class-insatiable-desire-with-deep-penetration-and-intense-passion-during-an-after-school-date-with-a-beautiful-girl-misaki-oto/,https://cdn.javmiku.com/wp-content/uploads/2026/08/apgh058pl-550x374.jpg
https://jav.guru/1035806/apak-335-a-devoted-student-experiences-intense-pleasure-with-deep-penetration-enjoying-every-moment-of-wild-sex-and-reaching-new-heights-of-ecstasy-shiraha-maina/,https://cdn.javmiku.com/wp-content/uploads/2026/08/apak335pl-550x374.jpg
https://jav.guru/1035895/scpx-560-morning-arousal-between-mother-and-son-yosii-miki-morinaga-aice-nagayama-haruka/,https://cdn.javmiku.com/wp-content/uploads/2026/08/scpx560pl-550x374.jpg
https://jav.guru/1035896/namh-073-a-20-year-olds-sparkling-smile-and-first-experience-with-13-internal-releases-in-a-fresh-hairless-vagina-akiyama-mia/,https://cdn.javmiku.com/wp-content/uploads/2026/08/1namh073pl-550x374.jpg
https://jav.guru/1035897/hsm-089-a-cute-boy-experiences-his-first-adult-film-featuring-unexpected-moments-of-excitement-and-pleasure-aoba-rinon/,https://cdn.javmiku.com/wp-content/uploads/2026/08/h_458hsm089pl-550x374.jpg
https://jav.guru/1035898/hez-915-forbidden-office-affair-a-passionate-married-woman-gets-messy-with-intense-encounters-amano-koyuki-hirose-yuka-kanade-aya-toyosaki-kiyoka-namikawa-yukari/,https://cdn.javmiku.com/wp-content/uploads/2026/08/59hez915pl-550x374.jpg
https://jav.guru/1035900/hez-912-my-mother-does-this-when-shes-angry-but-is-it-toxic-parenting-aona-miu/,https://cdn.javmiku.com/wp-content/uploads/2026/08/59hez912pl-550x374.jpg
https://jav.guru/1035902/gs-2145-the-ultimate-collection-of-infidelity-experiences-yasuda-masaki-yukikawa-ouka-sakuma-kaede-kiyama-ai-sanjo-mihono-okuno-mikana/,https://cdn.javmiku.com/wp-content/uploads/2026/08/140gs2145pl-550x374.jpg
https://jav.guru/1035989/start-626-a-week-of-passionate-affair-with-a-beautiful-teacher-from-the-daycare-while-the-family-is-away-visiting-relatives-kamiki-rei/,https://cdn.javmiku.com/wp-content/uploads/2026/08/1start626pl-550x374.jpg
https://jav.guru/1035990/start-620-a-24-hour-daycare-in-a-sleepless-city-a-beautiful-caregiver-and-a-restaurant-manager-while-dad-is-nearby-with-his-sleeping-daughter-aozora-hikari/,https://cdn.javmiku.com/wp-content/uploads/2026/08/1start620pl-550x374.jpg
https://jav.guru/1035991/start-618-a-homesick-new-graduate-struggles-with-living-alone-and-is-betrayed-by-the-owner-of-a-diner-that-reminds-her-of-her-mothers-cooking-amagami-ui/,https://cdn.javmiku.com/wp-content/uploads/2026/08/1start618pl-550x374.jpg
https://jav.guru/1035992/start-593-first-experience-of-unprotected-intercourse-leads-to-overwhelming-pleasure-and-uncontrollable-climax-during-intense-sex-ogasawara-nano/,https://cdn.javmiku.com/wp-content/uploads/2026/08/1start593vpl-550x374.jpg
https://jav.guru/1035993/sdnm-559-a-45-year-old-married-taxi-driver-seeks-a-second-partner-in-place-of-her-husband-during-a-cheating-getaway-with-her-90000-social-media-followers-haruki-ranko/,https://cdn.javmiku.com/wp-content/uploads/2026/08/1sdnm559pl-550x374.jpg
https://jav.guru/1035994/sdmm-237-helping-a-shy-virgin-with-his-first-experience-in-a-magic-mirror-bus-featuring-kind-hearted-fukuhara-mina-sakurano-momo-komiya-suzuka/,https://cdn.javmiku.com/wp-content/uploads/2026/08/1sdmm237pl-550x374.jpg
https://jav.guru/1035995/sdab-355-18-year-olds-naughty-language-lesson-with-a-bright-cheerful-smile-she-was-made-to-say-embarrassing-things-while-maintaining-eye-contact-with-the-camera-minami-airi/,https://cdn.javmiku.com/wp-content/uploads/2026/08/1sdab355pl-550x374.jpg
https://jav.guru/1036006/kv-325-non-stop-filming-for-107-minutes-with-uncut-editing-featuring-23-internal-releases-and-12-facial-finishes-with-follow-up-cleaning-kawakita-ema/,https://cdn.javmiku.com/wp-content/uploads/2026/08/h_955kv325pl-550x374.jpg
https://jav.guru/1036012/hbla-012-best-of-deep-throat-training-with-large-size-featuring-48-intense-scenes-over-4-hours-kagami-sara/,https://cdn.javmiku.com/wp-content/uploads/2026/08/hbla012pl-550x374.jpg
https://jav.guru/1036014/fns-244-the-shy-office-workers-junior-has-such-a-big-butt-that-she-cant-resist-a-passionate-encounter-kamiki-mia/,https://cdn.javmiku.com/wp-content/uploads/2026/08/1fns00244pl-550x374.jpg
https://jav.guru/1036023/bkd-369-mother-and-son-encounter-on-the-road-to-higashi-shirakawa-kouda-riri/,https://cdn.javmiku.com/wp-content/uploads/2026/08/bkd369pl-550x374.jpg
https://jav.guru/1036025/ang-016-sisterly-photo-shoot-featuring-competitive-swimwear-capturing-cute-girls-in-revealing-outfits-intimate-moments-and-playful-lesbian-encounters-mizuhata-asami-minami-hinano/,https://cdn.javmiku.com/wp-content/uploads/2026/08/1ang016pl-550x374.jpg
https://jav.guru/1036026/anb-261-my-beautiful-and-seductive-aunt-drives-me-wild-with-her-lewd-whispers-and-sensitive-body-hazuki-eri/,https://cdn.javmiku.com/wp-content/uploads/2026/08/anb261pl-550x374.jpg
https://jav.guru/1036118/yako-098-the-first-experience-of-handsome-straight-men-in-cross-dressing-and-losing-their-anal-virginity/,https://cdn.javmiku.com/wp-content/uploads/2026/08/h_1133yako098pl-550x374.jpg
https://jav.guru/1036126/tnik-030-j-cup-android-submissive-service-delivery-sex-ogura-hikari/,https://cdn.javmiku.com/wp-content/uploads/2026/08/h_1133tnik030pl-550x374.jpg
https://jav.guru/1036127/tenn-050-debut-of-a-genuine-virgin-losing-my-completely-pure-hymen-and-offering-my-first-time-tani-miruku/,https://cdn.javmiku.com/wp-content/uploads/2026/08/h_491tenn050pl-550x374.jpg
https://jav.guru/1036128/sxma-023-a-submissive-idols-true-nature-is-revealed-in-a-tale-of-depravity-and-desire-kataoka-yuu/,https://cdn.javmiku.com/wp-content/uploads/2026/08/h_1133sxma023pl-550x374.jpg
https://jav.guru/1036136/sdjs-380-sex-becomes-part-of-the-training-constant-intimacy-during-the-hr-workshop-yoda-hikage/,https://cdn.javmiku.com/wp-content/uploads/2026/08/1sdjs00380pl-550x374.jpg
https://jav.guru/1036138/pako-107-first-affair-after-two-years-of-marriage-a-busty-wife-in-uniform-is-restrained-and-seduced-by-a-younger-man-fukuhara-mina/,https://cdn.javmiku.com/wp-content/uploads/2026/08/h_1133pako107pl-550x374.jpg
https://jav.guru/1036139/otin-027-an-affair-with-a-former-classmate-leads-to-passionate-encounters-featuring-cosplay-and-multiple-intimate-experiences-nijimura-yumi/,https://cdn.javmiku.com/wp-content/uploads/2026/08/h_1133otin027pl-550x374.jpg
https://jav.guru/1036140/oftr-014-bound-piston-vibrator-voice-restraint-game-mizuki-mei-hirose-narumi-negoto-rui/,https://cdn.javmiku.com/wp-content/uploads/2026/08/1oftr014pl-550x374.jpg
https://jav.guru/1036141/oftr-013-nipple-teasing-and-body-measurements-galore-miyanisi-hikaru-igarashi-kiyoka-ayase-kokoro-isshiki-sara-mion-yume-mikumo-sora/,https://cdn.javmiku.com/wp-content/uploads/2026/08/1oftr013pl-550x374.jpg
https://jav.guru/1036142/mist-528-auntie-sex-for-auntie-lovers-featuring-an-experienced-woman-toyota-reika/,https://cdn.javmiku.com/wp-content/uploads/2026/08/1mist528pl-550x374.jpg
https://jav.guru/1036143/lock-015-filming-adult-videos-to-pay-off-debt-featuring-deep-throat-and-near-unconscious-chking-play-with-intense-climax-kawai-haruna/,https://cdn.javmiku.com/wp-content/uploads/2026/08/h_491lock015pl-550x374.jpg
https://jav.guru/1036144/honb-496-demand-exceeds-supply-6-shiratori-rei/,https://cdn.javmiku.com/wp-content/uploads/2026/08/h_1133honb496pl-550x374.jpg
https://jav.guru/1036145/honb-495-a-young-woman-participates-in-a-drug-trial-for-aphrodisiacs-ayanami-ren/,https://cdn.javmiku.com/wp-content/uploads/2026/08/h_1133honb495pl-550x374.jpg
https://jav.guru/1036146/dldss-527-isnt-she-just-adorably-cunning-discover-the-irresistible-charm-of-this-stunning-adult-beauty-with-limitless-potential-imai-miyu/,https://cdn.javmiku.com/wp-content/uploads/2026/08/1dldss527pl-550x374.jpg
https://jav.guru/1036147/bobb-040-big-breasts-box-set-kitami-yumi/,https://cdn.javmiku.com/wp-content/uploads/2026/08/bobb040pl-550x374.jpg
https://jav.guru/1036148/awaw-028-knowing-its-wrong-unable-to-control-overwhelming-desire-a-young-man-has-his-first-experience-of-unprotected-sex-with-his-beloved-sister-while-their-parents-are-away-mamiya-shiori/,https://cdn.javmiku.com/wp-content/uploads/2026/08/h_1819awaw028pl-550x374.jpg
https://jav.guru/1036149/awaw-027-a-neighborhood-kds-part-time-job-for-pocket-money-while-home-alone-featuring-leakd-footage-yura-kana-mikumo-sora/,https://cdn.javmiku.com/wp-content/uploads/2026/08/h_1819awaw027pl-550x374.jpg
https://jav.guru/1036150/alog-031-lets-do-something-embarrassing-a-diary-of-a-pure-girl-turned-into-a-pet-tsukino-kotone/,https://cdn.javmiku.com/wp-content/uploads/2026/08/h_491alog031pl-550x374.jpg
https://jav.guru/1036253/vgq-010-come-join-us-for-a-mixed-bathing-experience-at-a-hot-spring-with-an-adult-actress-shiratori-sumire/,https://cdn.javmiku.com/wp-content/uploads/2026/08/13vgq010pl-550x374.jpg
https://jav.guru/1036266/rebd-1056-a-pink-prologue-to-desire-momosaki-kikka/,https://cdn.javmiku.com/wp-content/uploads/2026/08/h_346rebd1056pl-550x374.jpg
https://jav.guru/1036267/rebd-1055-new-me-the-cinematics-amakawa-sora/,https://cdn.javmiku.com/wp-content/uploads/2026/08/h_346rebd1055pl-550x374.jpg
https://jav.guru/1036268/rebd-1054-breathless-moments-in-a-confined-space-shiina-yuna/,https://cdn.javmiku.com/wp-content/uploads/2026/08/h_346rebd1054pl-550x374.jpg
https://jav.guru/1036270/mbdd-2190-viva-amore-giving-you-my-love-satsuki-nao/,https://cdn.javmiku.com/wp-content/uploads/2026/08/n_707mbdd2190pl-550x374.jpg
https://jav.guru/1036271/mbdd-2189-the-miracle-of-ice-blue-tojo-natsu/,https://cdn.javmiku.com/wp-content/uploads/2026/08/n_707mbdd2189pl-550x374.jpg
https://jav.guru/1036272/mbdd-2188-untitled-winter-love-story-toa-kotone/,https://cdn.javmiku.com/wp-content/uploads/2026/08/n_707mbdd2188pl-550x374.jpg
https://jav.guru/1036273/iesp-586-female-detective-turned-into-a-druggd-sex-slave-usami-mayo/,https://cdn.javmiku.com/wp-content/uploads/2026/08/1iesp586pl-550x374.jpg
https://jav.guru/1036274/iesp-584-the-female-teacher-who-cant-hold-it-kitagawa-mio/,https://cdn.javmiku.com/wp-content/uploads/2026/08/1iesp584pl-550x374.jpg
https://jav.guru/1036275/iesp-431-narcotics-officer-addicted-to-drugs-and-experiencing-vaginal-spasms-murakami-risa/,https://cdn.javmiku.com/wp-content/uploads/2026/08/1iesp431pl-550x374.jpg
https://jav.guru/1036276/iesp-252-100-back-to-back-encounters-nishino-sho-satomi-yuria-akane-hotaru/,https://cdn.javmiku.com/wp-content/uploads/2026/08/1iesp252pl-550x374.jpg
https://jav.guru/1036277/iesp-249-a-hundred-schoolgirls-conquered-nishino-sho-kanno-arisa-akane-hotaru/,https://cdn.javmiku.com/wp-content/uploads/2026/08/1iesp249pl-550x374.jpg
https://jav.guru/1036278/hunt-976-i-keep-having-unprotected-sex-with-my-friends-girlfriend-after-he-leaves-mitsuki-yume-shinomiya-yuri-mano-yuria-haruyama-ayaka-yuuki-seri/,https://cdn.javmiku.com/wp-content/uploads/2026/08/1hunt976pl-550x374.jpg
https://jav.guru/1036279/hunt-969-my-roommate-is-in-the-shower/,https://cdn.javmiku.com/wp-content/uploads/2026/08/1hunt969pl-550x374.jpg
https://jav.guru/1036280/hunt-965-a-friends-visit-leads-to-a-discovery-about-a-magazine-article-claiming-that-certain-activities-can-enhance-breast-natsume-yuuki-hayase-alice-motozawa-tomomi-koharu-mizuki-ozawa-yuuki/,https://cdn.javmiku.com/wp-content/uploads/2026/08/1hunt965pl-550x374.jpg
https://jav.guru/1036281/hunt-828-a-surprise-mixed-bath-in-a-tiny-indoor-hot-spring-after-the-outdoor-bath-unexpectedly-closed-during-my-solo-trip-niiyama-kaede-mitsuikura-nayu-fukusaki-ren-tsukada-shiori/,https://cdn.javmiku.com/wp-content/uploads/2026/08/1hunt828pl-550x374.jpg
https://jav.guru/1036282/hunt-826-inhaling-the-seductive-incense-turns-her-into-a-lustful-mess-posing-as-a-massage-therapist-he-lights-the-aphrodisiac-incense-and-ignites-her-desire-yoshida-hana-saejima-kaori/,https://cdn.javmiku.com/wp-content/uploads/2026/08/1hunt826pl-550x374.jpg
https://jav.guru/1036283/hunt-825-a-girl-whose-pride-has-been-hurt-competes-for-my-unwanted-attention-in-minami-riona-saionji-reo-serizawa-tsumugi-shinomiya-yuri-aoi-koharu-adachi-yuzuna-arimoto-sayo-koizumi-mitsuka/,https://cdn.javmiku.com/wp-content/uploads/2026/08/1hunt825pl-550x374.jpg
https://jav.guru/1036284/hunt-820-a-strict-librarians-skirt-becomes-sheer-revealing-her-panties-leading-to-an-unexpected-sakurazaki-hina-aizawa-ren-hamasaki-mao/,https://cdn.javmiku.com/wp-content/uploads/2026/08/HUNT-820-550x374.jpg
https://jav.guru/1036285/hunt-819-the-ultimate-scenario-as-the-only-male-student-at-a-beauty-school-tomoda-ayaka-ono-maria-takigawa-kanon-%e6%bb%9d%e5%b7%9d%e3%81%8b%e3%81%ae%e3%82%93-hazuki-karen/,https://cdn.javmiku.com/wp-content/uploads/2026/08/1hunt819pl-550x374.jpg
https://jav.guru/1036286/hunt-818-caught-off-guard-by-a-classmates-wardrobe-malfunction-during-gym-class-araki-rina-takigawa-kanon-%e6%bb%9d%e5%b7%9d%e3%81%8b%e3%81%ae%e3%82%93-takahashi-yura-yui-mizuki-tsukada-shi/,https://cdn.javmiku.com/wp-content/uploads/2026/08/1hunt818pl-550x374.jpg
https://jav.guru/1036287/hunt-815-women-with-large-breasts-aroused-by-the-sight-of-an-erection-aozora-konatsu/,https://cdn.javmiku.com/wp-content/uploads/2026/08/1hunt815pl-550x374.jpg
https://jav.guru/1036288/hunt-529-while-on-a-family-trip-at-a-hot-spring-inn-i-secretly-watched-adult-content-sakano-yuri-kojima-junna-haruka-rei-iwasa-ayumi-yoshimi-nao/,https://cdn.javmiku.com/wp-content/uploads/2026/08/1hunt529pl-550x374.jpg
https://jav.guru/1036289/dldss-541-tonight-i-will-be-with-the-ugliest-man-mino-suzume/,https://cdn.javmiku.com/wp-content/uploads/2026/08/1dldss541pl-550x374.jpg
https://jav.guru/1036290/bhsp-021-addicted-to-pleasure-the-instructors-descent-into-pregnancy-kinjo-rika/,https://cdn.javmiku.com/wp-content/uploads/2026/08/bhsp021pl-550x374.jpg
https://jav.guru/1036556/abf-377-ultimate-ecstasy-a-new-realm-of-pleasure-that-courses-through-every-nerve-nonoura-dan/,https://cdn.javmiku.com/wp-content/uploads/2026/08/118abf377pl-550x374.jpg
https://jav.guru/1036557/abf-376-new-female-announcer-does-her-best-regarding-sex-suzumori-remu/,https://cdn.javmiku.com/wp-content/uploads/2026/08/118abf376pl-550x374.jpg
https://jav.guru/1036647/vec-784-my-frustrated-wife-secretly-called-a-sex-service-recommended-by-her-mom-friends-ichise-airi/,https://cdn.javmiku.com/wp-content/uploads/2026/08/vec784pl-550x374.jpg
https://jav.guru/1036648/vec-783-a-friends-mother-pretends-to-sleep-and-seduces-with-an-exposed-body-leading-to-a-spontaneous-encounter-and-unprotected-sex-takashima-nodoka/,https://cdn.javmiku.com/wp-content/uploads/2026/08/vec783pl-550x374.jpg
https://jav.guru/1036649/timd-040-stunning-beauty-engages-in-multiple-anal-encounters-with-continuous-internal-release-sayuki-kana/,https://cdn.javmiku.com/wp-content/uploads/2026/08/h_019timd040pl-550x374.jpg
https://jav.guru/1036650/skmj-779-a-kind-instructor-at-a-support-center-for-shut-ins-helps-a-young-man-lose-his-virginity-with-nurturing-oral-service-himemori-amu-mitsuki-rinne-watarai-fuu-kosaka-mia/,https://cdn.javmiku.com/wp-content/uploads/2026/08/h_1324skmj779pl-550x374.jpg
https://jav.guru/1036651/skmj-778-a-summer-twist-game-leads-to-a-challenge-where-a-beach-beauty-competes-for-cash-mikoto-towa-tsubaki-rika-minoshima-meguri-tanimura-nagisaki/,https://cdn.javmiku.com/wp-content/uploads/2026/08/h_1324skmj778pl-550x374.jpg
https://jav.guru/1036652/skmj-777-college-girls-in-thigh-highs-take-on-a-daring-dildo-challenge-pushing-their-limits-with-intense-sensations-himemori-amu-hinata-yuna-minoshima-meguri-takahoshi-nagisa/,https://cdn.javmiku.com/wp-content/uploads/2026/08/h_1324skmj777pl-550x374.jpg
https://jav.guru/1036653/skmj-776-a-busty-bikini-girl-at-the-beach-gives-a-hands-free-oral-performance-blushing-and-aroused-sakura-mahiru-marumo-rea-tomoe-hikari-aina-ai/,https://cdn.javmiku.com/wp-content/uploads/2026/08/h_1324skmj776pl-550x374.jpg
https://jav.guru/1036654/prwf-013-a-secret-wife-seeks-freedom-and-fulfillment-leading-her-to-expose-herself-in-an-adult-film-despite-her-comfortable-life-nikaidou-miu/,https://cdn.javmiku.com/wp-content/uploads/2026/08/prwf013pl-550x374.jpg
https://jav.guru/1036655/pred-892-at-home-young-wife-spa-unable-to-resist-the-expert-techniques-of-a-seasoned-client-i-was-repeatedly-filled-during-our-intimate-sessions-waka-natsuki/,https://cdn.javmiku.com/wp-content/uploads/2026/08/pred892pl-550x374.jpg
https://jav.guru/1036656/pred-887-unable-to-control-my-erection-i-received-care-from-a-kind-teacher-leading-to-multiple-encounters-throughout-the-night-with-her-irresistible-curves-aizawa-miyu/,https://cdn.javmiku.com/wp-content/uploads/2026/08/pred887pl-550x374.jpg
https://jav.guru/1036657/pred-884-teasing-a-guy-on-a-no-fap-challenge-with-no-bra-and-no-panties-leads-to-overwhelming-pleasure-for-a-lustful-sister-hatano-yui/,https://cdn.javmiku.com/wp-content/uploads/2026/08/pred884pl-550x374.jpg
https://jav.guru/1036658/pred-882-a-convenient-plain-looking-office-worker-with-big-breasts-is-ready-for-anything-as-she-enjoys-passionate-encounters-and-intimate-moments-yuzuriha-karen/,https://cdn.javmiku.com/wp-content/uploads/2026/08/pred882pl-550x374.jpg
https://jav.guru/1036659/pppe-444-a-busty-girl-offers-an-unexpected-titty-job-rinoa/,https://cdn.javmiku.com/wp-content/uploads/2026/08/pppe444pl-550x374.jpg
https://jav.guru/1036660/pppe-438-my-loathed-father-in-laws-member-is-just-too-irresistible-begging-for-more-during-a-quick-session-of-intense-extended-intimacy-andu-an/,https://cdn.javmiku.com/wp-content/uploads/2026/08/pppe438pl-550x374.jpg
https://jav.guru/1036661/pppe-437-a-shy-girl-unable-to-say-no-is-embarrassed-as-she-is-repeatedly-pleasured-by-a-sensual-massage-therapist-nakayama-fumika/,https://cdn.javmiku.com/wp-content/uploads/2026/08/pppe437pl-550x374.jpg
https://jav.guru/1036662/pppe-436-naked-maid-with-large-breasts-sannoki-kanna/,https://cdn.javmiku.com/wp-content/uploads/2026/08/pppe436pl-550x374.jpg
https://jav.guru/1036663/pppe-435-after-missing-the-last-train-from-a-company-party-a-busty-junior-playfully-suggests-i-stay-over-leading-to-multiple-intimate-encounters-in-her-revealing-loungewear-satsuki-nao/,https://cdn.javmiku.com/wp-content/uploads/2026/08/pppe435pl-550x374.jpg
https://jav.guru/1036664/pppe-434-returning-home-i-find-my-childhood-crush-has-become-my-fathers-woman-and-watching-her-indulge-in-yoga-while-being-filled-brings-me-mixed-feelings-yakuno-marina/,https://cdn.javmiku.com/wp-content/uploads/2026/08/pppe434pl-550x374.jpg
https://jav.guru/1036665/pppe-433-12-hour-non-stop-sensual-development-monitoring-with-convulsions-squirting-and-intense-pleasure-experiences-yuzuriha-karen/,https://cdn.javmiku.com/wp-content/uploads/2026/08/pppe433pl-550x374.jpg
https://jav.guru/1036666/mngs-076-instant-access-to-a-rental-girlfriend-who-wont-leave-even-after-the-time-is-up-fulfilling-all-your-desires-for-24-hours-misono-waka/,https://cdn.javmiku.com/wp-content/uploads/2026/08/mngs076pl-550x374.jpg
https://jav.guru/1036667/mngs-075-after-rejecting-my-bosss-confession-i-was-subjected-to-endless-harassment-and-frced-into-a-degrading-role-as-a-high-cut-pink-model-arai-rima/,https://cdn.javmiku.com/wp-content/uploads/2026/08/mngs075pl-550x374.jpg
https://jav.guru/1036668/mimk-293-secretly-getting-girls-on-the-street-to-give-handjobs-without-their-awareness-in-a-box-guessing-game-featuring-eight-participants-wakatuki-moa-momose-himari-tomoe-hikari/,https://cdn.javmiku.com/wp-content/uploads/2026/08/mimk293pl-550x374.jpg
https://jav.guru/1036669/mikr-119-a-beautiful-and-accommodating-woman-who-comes-whenever-called-offering-intimate-services-including-oral-and-deep-penetration-for-a-fulfilling-experience-shira-tomo/,https://cdn.javmiku.com/wp-content/uploads/2026/08/mikr119pl-550x374.jpg
https://jav.guru/1036670/mikr-117-falling-in-love-with-this-smile-a-stunning-beauty-with-charm-style-and-exceptional-skills-makes-her-adult-film-debut-shirakawa-mirei/,https://cdn.javmiku.com/wp-content/uploads/2026/08/mikr117pl-550x374.jpg
https://jav.guru/1036671/mikr-116-if-you-love-morihina-drink-it-all-saliva-juices-and-everything-else-in-a-blissful-messy-experience-mori-hinako/,https://cdn.javmiku.com/wp-content/uploads/2026/08/mikr116pl-550x374.jpg
https://jav.guru/1036672/mifd-732-new-graduate-hired-on-the-spot-a-new-female-employee-turns-to-adult-films-due-to-her-overly-seductive-nature-oono-mizuki/,https://cdn.javmiku.com/wp-content/uploads/2026/08/mifd732pl-550x374.jpg
https://jav.guru/1036673/mida-792-exposed-beauty-and-intimate-encounters-lead-to-unexpected-pleasure-despite-the-embarrassment-kitano-iori/,https://cdn.javmiku.com/wp-content/uploads/2026/08/mida792pl-550x374.jpg
https://jav.guru/1036674/mida-755-wifes-masked-streaming-ntr-while-browsing-online-i-found-a-familiar-body-no-way-is-that-really-you-i-had-no-idea-you-were-so-sexy-a-stunning-body-caught-in-a-wild-sc/,https://cdn.javmiku.com/wp-content/uploads/2026/08/mida755pl-550x374.jpg
https://jav.guru/1036675/mida-752-waking-up-in-a-virgins-room-to-find-a-busty-senior-in-her-underwear-who-once-looked-down-on-me-now-getting-really-into-it-unpai/,https://cdn.javmiku.com/wp-content/uploads/2026/08/mida752pl-550x374.jpg
https://jav.guru/1036676/mida-750-a-tutor-uses-an-aphrodisiac-on-a-reclusive-student-to-train-her-in-pleasure-leading-to-intense-experiences-and-a-transformation-koikawa-momomo/,https://cdn.javmiku.com/wp-content/uploads/2026/08/mida750pl-550x374.jpg
https://jav.guru/1036677/mida-749-on-ovulation-day-a-fake-business-trip-leads-to-a-steamy-encounter-with-a-seductive-boss-who-whispers-naughty-words-and-craves-pleasure-kuno-hinano/,https://cdn.javmiku.com/wp-content/uploads/2026/08/mida749pl-550x374.jpg
https://jav.guru/1036678/mida-748-a-maid-indulges-in-a-sensitive-cleanup-with-a-fresh-release-eagerly-providing-another-round-of-pleasure-through-her-oral-skills-izumi-momoka/,https://cdn.javmiku.com/wp-content/uploads/2026/08/mida748pl-550x374.jpg
https://jav.guru/1036679/mida-747-24-hours-of-non-stop-laughter-free-thrusting-and-climaxing-ishihara-nozomi/,https://cdn.javmiku.com/wp-content/uploads/2026/08/mida747pl-550x374.jpg
https://jav.guru/1036680/mida-746-my-first-experience-documentary-even-though-the-virgin-is-climaxing-i-keep-going-miyashita-rena/,https://cdn.javmiku.com/wp-content/uploads/2026/08/mida746pl-550x374.jpg
https://jav.guru/1036681/mida-743-a-bride-to-bes-heightened-sensitivity-leads-to-unexpected-infidelity-okui-chiharu/,https://cdn.javmiku.com/wp-content/uploads/2026/08/mida743pl-550x374.jpg
https://jav.guru/1036682/mida-742-everyday-encounters-spark-wild-fantasies-in-five-scenarios-featuring-a-well-endowed-woman-in-clothing-himari/,https://cdn.javmiku.com/wp-content/uploads/2026/08/mida742pl-550x374.jpg
https://jav.guru/1036683/mida-741-a-j-cup-teacher-guides-a-confused-student-through-a-career-consultation-with-intimate-advice-and-personal-attention-hayama-miria/,https://cdn.javmiku.com/wp-content/uploads/2026/08/mida741pl-550x374.jpg
https://jav.guru/1036684/mida-703-being-called-a-brat-by-my-relatives-i-ended-up-being-dominated-by-a-much-younger-boy-and-it-was-absolutely-the-worst-experience-ever-nanasawa-mia/,https://cdn.javmiku.com/wp-content/uploads/2026/08/mida703pl-550x374.jpg
https://jav.guru/1036685/mida-681-a-hospitalized-patient-receives-daily-assistance-from-a-curvy-nurse-leading-to-multiple-intimate-encounters-during-recovery-misaki-mayu/,https://cdn.javmiku.com/wp-content/uploads/2026/08/mida681pl-550x374.jpg
https://jav.guru/1036686/mfyd-180-a-chaotic-encounter-between-a-straight-con-artist-and-a-genuine-lesbian-con-artist-in-the-biggest-romance-scam-of-the-reiwa-era-hatano-yui-sasakura-aya/,https://cdn.javmiku.com/wp-content/uploads/2026/08/mfyd180pl-550x374.jpg
https://jav.guru/1036687/mfyd-177-a-married-woman-experiences-overwhelming-pleasure-after-a-period-of-abstinence-in-three-intense-scenes-miyuki-shiori/,https://cdn.javmiku.com/wp-content/uploads/2026/08/mfyd177pl-550x374.jpg
https://jav.guru/1036688/mfyd-176-loving-older-men-and-kisses-a-steamy-shared-house-experience-between-a-senior-man-and-a-married-woman-with-a-complicated-past-koitsuki-noa/,https://cdn.javmiku.com/wp-content/uploads/2026/08/mfyd176pl-550x374.jpg
https://jav.guru/1036689/mfyd-175-beautiful-even-with-a-face-covered-in-white-fluid-21-shots-on-a-shy-lovely-wife-saegusa-rei/,https://cdn.javmiku.com/wp-content/uploads/2026/08/mfyd175pl-550x374.jpg
https://jav.guru/1036690/mfyd-174-a-day-of-secret-affairs-with-the-perfect-lover-creating-a-hidden-chld-while-indulging-in-passion-in-a-tent-car-and-outdoor-hot-spring-dan-reina/,https://cdn.javmiku.com/wp-content/uploads/2026/08/mfyd174pl-550x374.jpg
https://jav.guru/1036691/mfyd-173-the-worlds-most-vulgar-yet-beautiful-hyper-intense-sex-with-explosive-high-energy-brain-bugging-experiences-totuki-ruisa/,https://cdn.javmiku.com/wp-content/uploads/2026/08/mfyd173pl-550x374.jpg
https://jav.guru/1036692/mfyd-172-one-week-before-being-evicted-from-the-apartment-ive-shared-with-my-husband-i-was-continuously-assaulted-by-an-intruder-in-the-neighboring-unit-otani-futaba/,https://cdn.javmiku.com/wp-content/uploads/2026/08/mfyd172pl-550x374.jpg
https://jav.guru/1036693/mfyd-171-abandoned-by-my-family-i-can-only-survive-thanks-to-a-kind-housekeeper-who-embraces-me-and-helps-with-my-daily-pleasure-yumemi-kanae/,https://cdn.javmiku.com/wp-content/uploads/2026/08/mfyd171pl-550x374.jpg
https://jav.guru/1036694/hrsm-156-a-single-office-workers-routine-outdoor-intimacy-with-her-boss-on-the-rooftop-during-lunch-break-imada-hikari-shiratori-rei-minoshima-meguri-tanimura-nagisaki/,https://cdn.javmiku.com/wp-content/uploads/2026/08/h_1745hrsm156pl-550x374.jpg
https://jav.guru/1036695/hrsm-155-a-cult-where-mere-touch-from-the-leader-causes-intense-pleasure-and-convulsions-featuring-a-hedonistic-paradise-of-indulgence-tsukise-riria-shibamata-shiho-nijimura-yumi-nomiya-an/,https://cdn.javmiku.com/wp-content/uploads/2026/08/h_1745hrsm155pl-550x374.jpg
https://jav.guru/1036696/hmn-900-sneaking-away-with-a-muscular-coworker-during-a-long-work-shift-to-release-pent-up-desires-in-a-steamy-break-room-takeuchi-yuki/,https://cdn.javmiku.com/wp-content/uploads/2026/08/hmn900pl-550x374.jpg
https://jav.guru/1036697/hmn-899-intense-groin-massage-with-tantalizing-whispers-and-secret-extras-featuring-multiple-releases-at-a-mens-esthetic-salon-suzunoya-rin/,https://cdn.javmiku.com/wp-content/uploads/2026/08/hmn899pl-550x374.jpg
https://jav.guru/1036698/hmn-896-deceived-by-a-high-paying-job-a-woman-endures-72-hours-of-drug-induced-submission-as-a-disposable-plaything-itsukaichi-mei/,https://cdn.javmiku.com/wp-content/uploads/2026/08/hmn896pl-550x374.jpg
https://jav.guru/1036699/hmn-895-new-slender-goddess-with-a-stunning-45cm-waist-makes-her-adult-film-debut-as-a-gourmet-influencer-and-college-student-asahina-sara/,https://cdn.javmiku.com/wp-content/uploads/2026/08/hmn895pl-550x374.jpg
https://jav.guru/1036700/fpre-240-intimate-experience-at-the-nurturing-breast-daycare-with-a-caring-teacher-ebisaki-ao/,https://cdn.javmiku.com/wp-content/uploads/2026/08/fpre240pl-550x374.jpg
https://jav.guru/1036701/fpre-239-sharing-a-room-with-my-female-boss-leads-to-unexpected-desires-and-provocative-poses-that-ignite-my-passion-kikuno-ran/,https://cdn.javmiku.com/wp-content/uploads/2026/08/fpre239pl-550x374.jpg
https://jav.guru/1036702/eyan-228-i-want-to-be-insulted-like-garbage-four-years-into-marriage-29-years-old-job-resignation-assistance-submissive-desires-a-slender-body-that-drives-men-wild-debut-asaha-hono/,https://cdn.javmiku.com/wp-content/uploads/2026/08/eyan228pl-550x374.jpg
https://jav.guru/1036703/ebwh-356-a-married-beautician-with-presumed-i-cup-breasts-books-an-appointment-on-her-ovulation-day-to-get-pregnant-before-her-husband-kashiwagi-fumika/,https://cdn.javmiku.com/wp-content/uploads/2026/08/ebwh356pl-550x374.jpg
https://jav.guru/1036704/ebwh-354-a-naive-girl-unknowingly-has-her-spence-glands-invaded-while-she-sleeps-and-when-she-wakes-up-her-body-is-forever-changed-tomine-hinako/,https://cdn.javmiku.com/wp-content/uploads/2026/08/ebwh354pl-550x374.jpg
https://jav.guru/1036705/ebwh-353-in-an-open-marriage-is-it-safe-a-couple-of-misguided-wives-take-on-men-seeking-to-breed-all-while-their-husband-approves-ohana-non-riri-haruka/,https://cdn.javmiku.com/wp-content/uploads/2026/08/ebwh353pl-550x374.jpg
https://jav.guru/1036706/ebwh-350-debut-of-a-black-belt-judoka-who-conquered-kanto-at-173-cm-tall-daimon-reya/,https://cdn.javmiku.com/wp-content/uploads/2026/08/ebwh350pl-550x374.jpg
https://jav.guru/1036707/ebwh-343-after-100-hours-of-rescue-in-a-desolate-ruin-she-became-a-queen-consuming-the-mens-desires-kiyomiya-toa/,https://cdn.javmiku.com/wp-content/uploads/2026/08/ebwh343pl-550x374.jpg
https://jav.guru/1036708/dvmm-433-j-cup-busty-woman-with-a-big-butt-and-a-seductive-personality-enjoys-a-no-hand-oral-experience-in-a-hot-spring-affair-harunai-noa/,https://cdn.javmiku.com/wp-content/uploads/2026/08/dvmm433pl-550x374.jpg
https://jav.guru/1036709/dsjh-019-new-employees-lewd-training-with-pantyhose-and-fixed-vibrator-leading-to-continuous-orgasms-2-izumi-rion-minoshima-meguri-nitta-konomi-yuri-ryo-yukimura-itsuki/,https://cdn.javmiku.com/wp-content/uploads/2026/08/h_139dsjh19pl-550x374.jpg
https://jav.guru/1036710/dsjh-018-harem-of-schoolgirls-all-of-them-are-my-throat-pets-nijimura-yumi-watarai-fuu-hanabuki-shion/,https://cdn.javmiku.com/wp-content/uploads/2026/08/h_139dsjh18pl-550x374.jpg
https://jav.guru/1036711/doks-685-after-school-club-for-well-behaved-girls-in-black-pantyhose-itoi-ruka/,https://cdn.javmiku.com/wp-content/uploads/2026/08/h_139doks685pl-550x374.jpg
https://jav.guru/1036712/bank-245-a-mischievous-hot-spring-trip-with-an-obedient-slender-girl-monami-suzu-iori-hinano/,https://cdn.javmiku.com/wp-content/uploads/2026/08/h_1495bank245pl-550x374.jpg
https://jav.guru/1036976/vec-786-a-seductive-technique-showcases-a-stunning-body-as-a-mother-engages-in-intense-sex-with-her-daughters-eager-boyfriend-fukiishi-rena/,https://cdn.javmiku.com/wp-content/uploads/2026/08/vec786pl-550x374.jpg
https://jav.guru/1036977/vec-785-after-five-years-of-unrequited-love-for-my-childhood-friend-who-became-a-married-woman-i-confessed-too-late-and-was-told-mitsuki-kaori/,https://cdn.javmiku.com/wp-content/uploads/2026/08/vec785pl-550x374.jpg
https://jav.guru/1036978/timd-041-the-descent-into-submission-of-a-sissy-boys-orgasm-nakazawa-churin-kato-rei-hizaki-hime-chibitori/,https://cdn.javmiku.com/wp-content/uploads/2026/08/h_019timd041pl-550x374.jpg
https://jav.guru/1036979/tikb-225-make-me-your-personal-toy-a-cosplay-enthusiast-ready-for-anything-including-spontaneous-encounters-kitaoka-karin/,https://cdn.javmiku.com/wp-content/uploads/2026/08/tikb225pl-550x374.jpg
https://jav.guru/1036980/tcd-342-mens-desires-fulfilled-with-a-plea-for-insertion-from-a-new-half-meru/,https://cdn.javmiku.com/wp-content/uploads/2026/08/tcd342pl-550x374.jpg
https://jav.guru/1036981/tanp-055-im-becoming-an-adult-film-actress-debut-of-a-male-to-female-performer-as-a-submissive-plaything-shinonome-yuki/,https://cdn.javmiku.com/wp-content/uploads/2026/08/tanp055pl-550x374.jpg
https://jav.guru/1036982/svbgr-005-since-shes-an-unfaithful-wife-its-only-natural-to-take-advantage-right-sneaking-into-the-home-of-an-old-girlfriend-from-a-reunion-i-pushed-her-to-the-limit-tukinoe-sui/,https://cdn.javmiku.com/wp-content/uploads/2026/08/1svbgr00005pl-550x374.jpg
https://jav.guru/1036983/suji-316-a-healthy-young-body-succumbs-to-a-perverse-obsession-leading-to-complete-degradation-and-dependence-on-extreme-experiences-ashida-noa/,https://cdn.javmiku.com/wp-content/uploads/2026/08/suji316pl-550x374.jpg
https://jav.guru/1036984/suji-315-silent-humiliation-and-fear-during-an-unexpected-encounter-with-a-student-aizawa-miyu/,https://cdn.javmiku.com/wp-content/uploads/2026/08/suji315pl-550x374.jpg
https://jav.guru/1036985/smkd-012-complete-unconsciousness-four-participants-including-a-magazine-editor-an-instructor-a-convenience-store-worker-and-a-bookstore-clerk-suzuki-mayu-komatu-motoka/,https://cdn.javmiku.com/wp-content/uploads/2026/08/smkd012pl-550x374.jpg
https://jav.guru/1036986/skmj-775-amateur-girl-loses-herself-in-ecstasy-drenched-and-overwhelmed-nakajo-aoi-hoshino-nene-mizohata-ren-itoi-ruka-yukishiro-miho-kousaka-tae/,https://cdn.javmiku.com/wp-content/uploads/2026/08/h_1324skmj775pl-550x374.jpg
https://jav.guru/1036987/pts-553-transgender-wife-in-a-triple-lesbian-threesome-akira-elly-sayuki-kana-sakura-yae-tsubasa-ichinomiya-oura-manami-hoshikoshi-kaname-kasai-rima-tani-azusa-minami-saya-yuki-sakuya-ts/,https://cdn.javmiku.com/wp-content/uploads/2026/08/h_021pts553pl-550x374.jpg
https://jav.guru/1036988/prwf-015-a-devoted-wife-secretly-indulges-in-multiple-encounters-with-a-passionate-older-man-resulting-in-a-series-of-intimate-experiences-komatsu-sora/,https://cdn.javmiku.com/wp-content/uploads/2026/08/prwf015pl-550x374.jpg
https://jav.guru/1036989/pred-891-while-my-girlfriend-was-away-i-discovered-her-elegant-sisters-hidden-desire-for-raw-intimacy-leading-to-multiple-encounters-fueled-by-temptation-tamura-kana/,https://cdn.javmiku.com/wp-content/uploads/2026/08/pred891pl-550x374.jpg
https://jav.guru/1036990/pred-889-sorry-for-teaching-you-only-naughty-things-a-cute-virgin-student-helplessly-cums-from-a-blowjob-and-handjob-repeatedly-made-to-finish-inside-by-a-seductive-tutor-miyoshi-yuka/,https://cdn.javmiku.com/wp-content/uploads/2026/08/pred889pl-550x374.jpg
https://jav.guru/1036991/pred-888-did-the-teachers-big-butt-get-you-hard-a-jealous-teacher-punishes-her-student-with-sweet-sadism-and-squeezes-out-his-pleasure-neo-akari/,https://cdn.javmiku.com/wp-content/uploads/2026/08/pred888pl-550x374.jpg
https://jav.guru/1036992/pred-871-targeted-by-my-husbands-boss-i-was-made-to-become-a-nipple-slave-yukimura-itsuki/,https://cdn.javmiku.com/wp-content/uploads/2026/08/pred871pl-550x374.jpg
https://jav.guru/1036993/pets-069-im-a-girl-with-a-big-chest-but-is-it-okay-getting-anal-while-moaning-like-a-female-aoyama-neru/,https://cdn.javmiku.com/wp-content/uploads/2026/08/pets069pl-550x374.jpg
https://jav.guru/1036994/naac-073-best-nude-scenes-asami-nami/,https://cdn.javmiku.com/wp-content/uploads/2026/08/n_1541naac073pl-550x374.jpg
https://jav.guru/1036995/naac-071-best-nude-scenes-yamada-suzuna/,https://cdn.javmiku.com/wp-content/uploads/2026/08/n_1541naac071pl-550x374.jpg
https://jav.guru/1036996/naac-070-best-naked-white-flower-shirohana-nia/,https://cdn.javmiku.com/wp-content/uploads/2026/08/n_1541naac070pl-550x374.jpg
https://jav.guru/1036997/naac-069-best-nude-scenes-furuno-hono/,https://cdn.javmiku.com/wp-content/uploads/2026/08/n_1541naac069pl-550x374.jpg
https://jav.guru/1036998/myba-097-a-married-womans-secret-desires-unfold-honoka-tsujii/,https://cdn.javmiku.com/wp-content/uploads/2026/08/myba097pl-550x374.jpg
https://jav.guru/1036999/mvsd-704-tall-girl-with-a-broken-fetish-makes-her-debut-as-a-submissive-in-a-tattooed-scene-kisaragi-yozora/,https://cdn.javmiku.com/wp-content/uploads/2026/08/mvsd704pl-550x374.jpg
https://jav.guru/1037000/mvsd-693-a-sexless-wife-driven-to-madness-by-her-overbearing-bosss-relentless-advances-while-living-next-door-to-her-husband-hasumi-kurea/,https://cdn.javmiku.com/wp-content/uploads/2026/08/mvsd693pl-550x374.jpg
https://jav.guru/1037001/mukd-583-supporter-of-the-throat-deepening-youth-experience-tanimura-nagisaki/,https://cdn.javmiku.com/wp-content/uploads/2026/08/mukd583pl-550x374.jpg
https://jav.guru/1037002/mukd-582-a-group-of-arrogant-girls-learns-a-lesson-from-an-older-man-kitaoka-karin-hanamori-kaho/,https://cdn.javmiku.com/wp-content/uploads/2026/08/mukd582pl-550x374.jpg
https://jav.guru/1037003/mukc-130-a-day-in-the-life-of-a-busty-influencer-sharing-risque-selfies-featuring-cosplay-and-casual-encounters-mizuki-mei/,https://cdn.javmiku.com/wp-content/uploads/2026/08/mukc130pl-550x374.jpg
https://jav.guru/1037004/mukc-128-defeated-in-a-card-battle-the-overconfident-heroine-faces-her-downfall-nijimura-yumi/,https://cdn.javmiku.com/wp-content/uploads/2026/08/mukc128pl-550x374.jpg
https://jav.guru/1037005/muka-010-dressing-up-in-a-uniform-for-adult-play-featuring-exhibitionism-humiliation-and-intense-sexual-experiences-with-cosplay-oguri-misao/,https://cdn.javmiku.com/wp-content/uploads/2026/08/muka010pl-550x374.jpg
https://jav.guru/1037006/mufr-011-the-day-i-crossed-the-line-with-a-friend-a-classmate-chasing-her-dreams-as-a-bassist-in-a-band-katori-toka/,https://cdn.javmiku.com/wp-content/uploads/2026/08/mufr011pl-550x374.jpg
https://jav.guru/1037007/mudr-400-i-became-the-dedicated-support-for-my-reclusive-sisters-intense-solo-sessions-after-witnessing-her-wild-masturbation-uruki-sarara/,https://cdn.javmiku.com/wp-content/uploads/2026/08/mudr400pl-550x374.jpg
https://jav.guru/1037008/mudr-394-a-lustful-schoolgirl-drenched-in-sweat-indulges-in-intense-passion-during-a-vigorous-encounter-aoba-haru/,https://cdn.javmiku.com/wp-content/uploads/2026/08/mudr394pl-550x374.jpg
https://jav.guru/1037009/mudr-392-if-you-dont-want-to-get-caught-suck-it-deep-a-naughty-student-is-coerced-into-throat-training-years-later-she-returns-home-in-her-old-uniform-to-relive-the-pleasure-tenma-yui/,https://cdn.javmiku.com/wp-content/uploads/2026/08/mudr392pl-550x374.jpg
https://jav.guru/1037010/mudr-391-a-group-of-high-school-girls-takes-on-a-risque-part-time-job-leading-to-their-first-experiences-with-older-men-in-a-wild-six-person-encounter-himesaki-hana-satsuki-mei/,https://cdn.javmiku.com/wp-content/uploads/2026/08/mudr391pl-550x374.jpg
https://jav.guru/1037011/mudr-389-a-lonely-friend-in-the-apartment-complex-turns-out-to-be-an-adorable-girl-kuramoto-sumire/,https://cdn.javmiku.com/wp-content/uploads/2026/08/mudr389pl-550x374.jpg
https://jav.guru/1037012/mudr-385-a-boyish-looking-girl-makes-her-debut-exploring-her-newfound-interest-in-sex-with-a-man-after-being-in-a-serious-lesbian-relationship-miyasaka-umi/,https://cdn.javmiku.com/wp-content/uploads/2026/08/mudr385pl-550x374.jpg
https://jav.guru/1037013/mrss-191-i-couldnt-resist-my-friends-newlywed-wife-so-i-got-my-buddy-drunk-and-took-advantage-of-the-situation-to-have-my-way-with-her-miyano-sakura/,https://cdn.javmiku.com/wp-content/uploads/2026/08/mrss191pl-550x374.jpg
https://jav.guru/1037014/mrss-190-sperm-donation-ntr-due-to-my-male-infertility-a-handsome-educated-man-ended-up-impregnating-my-wife-hibiki-ren/,https://cdn.javmiku.com/wp-content/uploads/2026/08/mrss190pl-550x374.jpg
https://jav.guru/1037015/mooc-026-jealous-of-my-childhood-friend-who-unexpectedly-became-a-curvy-black-girl-i-found-myself-aroused-and-drawn-into-a-passionate-encounter-that-changed-everything-tokonatsu-moka/,https://cdn.javmiku.com/wp-content/uploads/2026/08/mooc026pl-550x374.jpg
https://jav.guru/1037016/mngs-078-my-overly-affectionate-older-sister-comes-to-pamper-me-the-reclusive-brother-abandoned-by-family-and-becomes-my-personal-pleasure-companion-haruhi-moka/,https://cdn.javmiku.com/wp-content/uploads/2026/08/mngs078pl-550x374.jpg
https://jav.guru/1037017/mmym-080-a-dominant-black-girl-pleads-to-be-used-for-pleasure-during-intimate-moments-kurosaki-hana/,https://cdn.javmiku.com/wp-content/uploads/2026/08/mmym080pl-550x374.jpg
https://jav.guru/1037018/mkon-146-my-friends-little-sister-was-a-brat-i-was-dominated-and-insulted-while-being-made-to-lick-her-feet-and-was-thoroughly-drained-hinata-yuna/,https://cdn.javmiku.com/wp-content/uploads/2026/08/mkon146pl-550x374.jpg
https://jav.guru/1037019/mimk-287-a-college-student-experiences-intense-raw-intimacy-with-a-beautiful-black-gal-manager-in-a-vigorous-riding-position-hasumi-kurea/,https://cdn.javmiku.com/wp-content/uploads/2026/08/mimk287pl-550x374.jpg
https://jav.guru/1037020/mida-753-training-my-stepdaughters-through-their-puberty-as-a-plaything-for-my-abnormal-desires-indulging-in-days-of-unprotected-encounters-hinata-yuna-kurusu-yuki/,https://cdn.javmiku.com/wp-content/uploads/2026/08/mida753pl-550x374.jpg
https://jav.guru/1037021/mibb-085-a-beautiful-womans-wild-clothed-sex-contrary-to-appearances-a-pleasure-filled-drunken-encounter-sano-akiho/,https://cdn.javmiku.com/wp-content/uploads/2026/08/mibb085pl-550x374.jpg
https://jav.guru/1037022/mibb-084-a-sexy-and-beautiful-woman-indulges-in-pantyhose-fetish-play-while-keeping-her-elegant-outfit-on-yorimoto-shiori/,https://cdn.javmiku.com/wp-content/uploads/2026/08/mibb084pl-550x374.jpg
https://jav.guru/1037023/mgmq-171-the-day-i-was-seduced-by-a-new-employee-and-became-a-submissive-plaything-nia/,https://cdn.javmiku.com/wp-content/uploads/2026/08/mgmq171pl-550x374.jpg
https://jav.guru/1037024/mfyd-193-a-seductive-housewife-trainer-with-perfectly-sculpted-hips-gets-sweaty-while-tempting-men-fujisaki-yukari/,https://cdn.javmiku.com/wp-content/uploads/2026/08/mfyd193pl-550x374.jpg
https://jav.guru/1037025/meko-407-i-wanted-more-amazing-sex-with-a-kind-and-sexy-older-woman-who-discreetly-allowed-me-to-have-intimate-encounters-so-i-decided-to-request-another-session-hoshikawa-riko/,https://cdn.javmiku.com/wp-content/uploads/2026/08/h_1160meko407pl-550x374.jpg
https://jav.guru/1037026/mbmh-095-kissing-with-a-transgender-woman-leads-to-an-unexpected-arousal-resulting-in-an-uncontrollable-moment-of-passion-yamamoto-kaori-akase-shouko-hanamiya-hime/,https://cdn.javmiku.com/wp-content/uploads/2026/08/h_460mbmh095pl-550x374.jpg
https://jav.guru/1037027/mbma-279-are-you-aware-of-the-fact-that-local-housewives-are-easy-targets-the-reality-is-that-plain-housewives-can-be-quite-naughty-featuring-12-women-over-4-hours/,https://cdn.javmiku.com/wp-content/uploads/2026/08/h_460mbma279pl-550x374.jpg
https://jav.guru/1037028/mbdd-2187-first-love-in-sepia-tones-by-the-white-waves-shiraishi-nami/,https://cdn.javmiku.com/wp-content/uploads/2026/08/n_707mbdd2187pl-550x374.jpg
https://jav.guru/1037029/mbdd-2186-platinum-body-surrounded-by-men-watanabe-hono/,https://cdn.javmiku.com/wp-content/uploads/2026/08/n_707mbdd2186pl-550x374.jpg
https://jav.guru/1037030/marr-006-dreamy-goddess-experience-megami-jun/,https://cdn.javmiku.com/wp-content/uploads/2026/08/n_1064marr006pl-550x374.jpg
https://jav.guru/1037031/kymi-057-fully-dressed-in-shiny-pantyhose-and-leotard-a-teasing-seductress-onosaka-yuka/,https://cdn.javmiku.com/wp-content/uploads/2026/08/kymi057pl-550x374.jpg
https://jav.guru/1037032/ksbj-441-a-mother-finds-solace-in-self-pleasure-in-the-changing-room-but-her-stepson-takes-advantage-of-her-vulnerability-leading-to-a-forbidden-encounter-in-the-living-room-terashima-shiho/,https://cdn.javmiku.com/wp-content/uploads/2026/08/ksbj441pl-550x374.jpg
https://jav.guru/1037033/kagn-026-oral-pleasure-anywhere-with-11-participants-honoka-tsujii-tanaka-nene-tsubaki-rika-honda-momo-miyanisi-hikaru-nisimoto-meisa-nitori-hina-himeno-ran-ashina-honoka-konami-aya/,https://cdn.javmiku.com/wp-content/uploads/2026/08/kagn026pl-550x374.jpg
https://jav.guru/1037038/hodv-22072-the-best-of-frced-encounters-mochizuki-kanon-hirose-umi/,https://cdn.javmiku.com/wp-content/uploads/2026/08/41hodv22072pl-550x374.jpg
https://jav.guru/1037039/hjmo-738-young-wives-experience-a-naughty-punishment-game-after-losing-a-cruel-mirror-challenge-ichinose-hazuki-yukimura-itsuki-hibiki-ren-kuroshima-rei/,https://cdn.javmiku.com/wp-content/uploads/2026/08/hjmo738pl-550x374.jpg
https://jav.guru/1037040/hjmo-737-a-vulnerable-spa-monitor-is-secretly-filmed-as-shes-teased-with-aphrodisiac-oil-miyanisi-hikaru-oguri-misao-nozomi-arimura/,https://cdn.javmiku.com/wp-content/uploads/2026/08/hjmo737pl-550x374.jpg
https://jav.guru/1037041/gvh-872-i-secretly-slipped-an-aphrodisiac-to-my-always-grumpy-daughter-in-law-and-it-had-an-overwhelming-effect-awakening-her-wild-side-kurokawa-sumire/,https://cdn.javmiku.com/wp-content/uploads/2026/08/gvh872pl-550x374.jpg
https://jav.guru/1037042/gvh-871-urine-play-harassment-a-new-recruit-with-a-big-backside-in-black-pantyhose-makes-you-drink-her-pee-while-she-enjoys-the-scent-and-taste-of-her-own-body-tukinoe-sui/,https://cdn.javmiku.com/wp-content/uploads/2026/08/gvh871pl-550x374.jpg
https://jav.guru/1037043/gvh-870-forbidden-caregiving-kitano-mina/,https://cdn.javmiku.com/wp-content/uploads/2026/08/gvh870pl-550x374.jpg
https://jav.guru/1037044/gtj-175-trture-drug-neo-miike-koharu/,https://cdn.javmiku.com/wp-content/uploads/2026/08/gtj175pl-550x374.jpg
https://jav.guru/1037045/gqn-014-resolving-the-troubles-of-a-well-endowed-man-with-intimate-encounters-and-genuine-experiences-suzuki-mayu/,https://cdn.javmiku.com/wp-content/uploads/2026/08/gqn014pl-550x374.jpg
https://jav.guru/1037046/gbrk-004-warning-indiscriminate-ejaculation-brutal-domination-insults-screams-abduction-restraint-and-candle-play-with-20-victims-over-300-minutes-mizuno-mika/,https://cdn.javmiku.com/wp-content/uploads/2026/08/gbrk004pl-550x374.jpg
https://jav.guru/1037047/fthtd-210-curious-young-women-are-taken-for-a-walk-yokoyama-natsuki-tani-azusa-shizuki-yukari-kuwahara-seira-otoha-misuzu-adachi-yuri-takanashi-hina-haduki-hina-haduki-kanon-kano-amo/,https://cdn.javmiku.com/wp-content/uploads/2026/08/1fthtd210pl-550x374.jpg
https://jav.guru/1037048/fthtd-209-women-participating-as-monitors-for-a-certain-underwear-yokoyama-natsuki-tani-azusa-shizuki-yukari-kuwahara-seira-otoha-misuzu-adachi-yuri-takanashi-hina-haduki-hina-haduki-kanon/,https://cdn.javmiku.com/wp-content/uploads/2026/08/1fthtd209pl-550x374.jpg
https://jav.guru/1037049/fstu-033-tall-race-queen-in-a-high-cut-swimsuit-gets-intimate-in-the-pit-mori-ayami/,https://cdn.javmiku.com/wp-content/uploads/2026/08/fstu033pl-550x374.jpg
https://jav.guru/1037050/fns-206-my-jealous-wife-turned-into-a-seductive-teacher-in-uniform-making-me-climax-repeatedly-yoshitaka-nene/,https://cdn.javmiku.com/wp-content/uploads/2026/08/1fns00206pl-550x374.jpg
https://jav.guru/1037051/dvmm-434-monitoring-a-couples-intimate-moments-behind-a-magic-mirror-a-college-student-explores-a-game-of-insertion-while-being-watched-shirako-miyamoto-satomi-kojima-miko/,https://cdn.javmiku.com/wp-content/uploads/2026/08/dvmm434pl-550x374.jpg
https://jav.guru/1037052/dvmm-432-a-couples-apartment-viewing-turns-steamy-as-she-seduces-him-with-tight-pants-leading-to-multiple-intense-encounters-and-a-wild-experience-tanimura-nagisaki/,https://cdn.javmiku.com/wp-content/uploads/2026/08/dvmm432pl-550x374.jpg
https://jav.guru/1037053/dldss-552-will-you-still-do-it-raw-with-a-woman-like-me-ozawa-naho/,https://cdn.javmiku.com/wp-content/uploads/2026/08/1dldss552pl-550x374.jpg
https://jav.guru/1037054/ddob-142-muscle-pleasure-with-intense-vaginal-stimulation-yamamoto-kaori/,https://cdn.javmiku.com/wp-content/uploads/2026/08/ddob142pl-550x374.jpg
https://jav.guru/1037055/ddff-054-vomiting-enema-princess-shirako/,https://cdn.javmiku.com/wp-content/uploads/2026/08/ddff054pl-550x374.jpg
https://jav.guru/1037056/dbnk-122-amateur-mom-gets-hooked-on-a-sensual-massage-at-a-womens-spa-for-four-hours-saeki-haruna-mukai-momo/,https://cdn.javmiku.com/wp-content/uploads/2026/08/dbnk122pl-550x374.jpg
https://jav.guru/1037057/cead-760-indulging-in-pleasure-with-non-stop-self-pleasure-hatano-yui-morisawa-kana-nogi-ayame-ogawa-haru-nanzyou-sayaka-adachi-yuri-nijimura-yumi-kitamura-michi-hazuki-honami/,https://cdn.javmiku.com/wp-content/uploads/2026/08/cead760pl-550x374.jpg
https://jav.guru/1037058/bdsr-558-24-hard-thrusts-in-300-minutes-insemination-saves-the-world-yosii-miki-fujimori-riho-tamaki-kurumi-fujiki-sae-ranka/,https://cdn.javmiku.com/wp-content/uploads/2026/08/57bdsr558pl-550x374.jpg
https://jav.guru/1037059/bbtu-118-wild-curves-and-intense-pleasure-hirose-miyu/,https://cdn.javmiku.com/wp-content/uploads/2026/08/bbtu118pl-550x374.jpg
https://jav.guru/1037060/bank-244-a-beautiful-wife-in-a-hot-spring-town-experiences-a-scandalous-affair-with-a-slender-curvy-ceo-during-an-unexpected-encounter-karina-nishida/,https://cdn.javmiku.com/wp-content/uploads/2026/08/h_1495bank244pl-550x374.jpg
https://jav.guru/1037061/aukg-657-a-wealthy-wife-and-a-younger-lesbian-escort-indulge-in-mutual-anal-pleasure-driving-a-passionate-older-woman-to-ecstasy-takigawa-eri-usui-natsume/,https://cdn.javmiku.com/wp-content/uploads/2026/08/aukg657pl-550x374.jpg
https://jav.guru/1037063/agmx-264-while-on-the-phone-my-beloved-was-driven-wild-by-another-man-kasumi-sena-nishio-marina-wakana-reika-morinaga-iroha-kohaku-yaya-mitsumori-shuri-akane-urara/,https://cdn.javmiku.com/wp-content/uploads/2026/08/agmx264pl-550x374.jpg
https://jav.guru/1037065/aczd-253-captured-and-bound-noblewoman-collection-4-kagami-mari-honda-hitomi-akari-nonoka/,https://cdn.javmiku.com/wp-content/uploads/2026/08/h_019aczd253pl-550x374.jpg
https://jav.guru/1037300/yume-049-abandoned-apartment-encounters-03-kurosawa-natsumi/,https://cdn.javmiku.com/wp-content/uploads/2026/08/h_254yume049pl-550x374.jpg
https://jav.guru/1037301/yume-045-one-night-stand-in-an-apartment-with-a-seemingly-innocent-busty-wife-spotted-on-the-street-sasaki-remi/,https://cdn.javmiku.com/wp-content/uploads/2026/08/h_254yume045pl-550x374.jpg
https://jav.guru/1037302/ypaa-22-wifes-infidelity-devoured-by-a-big-member-during-oral-hatano-yui-aoki-rei-ichijyou-kimika-mizuno-asahi-sasaki-aki-imai-mayumi-fukiishi-rena-nikaidou-yuri-akari-tomoka/,https://cdn.javmiku.com/wp-content/uploads/2026/08/h_086ypaa22pl-550x374.jpg
https://jav.guru/1037303/yoz-140-the-secret-room-in-a-cheap-apartment-a-struggling-wife-sacrifices-her-body-for-a-living/,https://cdn.javmiku.com/wp-content/uploads/2026/08/h_254yoz140pl-550x374.jpg
https://jav.guru/1037304/ylw-4073-an-older-woman-falls-for-a-younger-man-who-excites-her-leading-her-to-surrender-her-body-mari-yonezaki-kitatani-shizuka-yamazaki-yuriko-murakami-risa-fukiishi-rena/,https://cdn.javmiku.com/wp-content/uploads/2026/08/h_606ylw4073pl-550x374.jpg
https://jav.guru/1037305/ygl-005-amateur-home-video-with-friends-1-yukino-kurumi-koharu/,https://cdn.javmiku.com/wp-content/uploads/2026/08/ygl005pl-550x374.jpg
https://jav.guru/1037306/wpe-39-a-heated-encounter-with-a-wife-at-the-spa-fukiishi-rena/,https://cdn.javmiku.com/wp-content/uploads/2026/08/540wpe39pl-550x374.jpg
https://jav.guru/1037307/wan-177-secret-sensual-massage-while-boyfriend-is-watching-mizushima-ai/,https://cdn.javmiku.com/wp-content/uploads/2026/08/h_254wan177pl-550x374.jpg
https://jav.guru/1037308/wan-163-if-you-help-me-with-my-masturbation-in-the-fitting-room-ill-pay-you-a-certain-amount-of-money-2/,https://cdn.javmiku.com/wp-content/uploads/2026/08/h_254wan163pl-550x374.jpg
https://jav.guru/1037309/vspds-604-outdoor-encounter-with-a-tanned-student-after-club-activities-tamaki-junko-arisa-nakano/,https://cdn.javmiku.com/wp-content/uploads/2026/08/42vspds604pl-550x374.jpg
https://jav.guru/1037310/vnds-2774-ten-mature-women-in-a-thrilling-encounter/,https://cdn.javmiku.com/wp-content/uploads/2026/08/h_170vnds2774pl-550x374.jpg
https://jav.guru/1037311/venu-833-a-surprise-visit-from-my-sister-in-law-leads-to-a-non-stop-weekend-of-pleasure-fukiishi-rena/,https://cdn.javmiku.com/wp-content/uploads/2026/08/venu833pl-550x374.jpg
https://jav.guru/1037312/venu-581-incest-with-a-beautiful-aunt-fukiishi-rena/,https://cdn.javmiku.com/wp-content/uploads/2026/08/venu581pl-550x374.jpg
https://jav.guru/1037315/umso-211-a-special-treatment-for-a-proud-mature-woman-at-the-salon-featuring-a-unique-aphrodisiac-massage-katou-tsubaki-moka-hojo-maki-kamihata-ichika-fukiishi-rena/,https://cdn.javmiku.com/wp-content/uploads/2026/08/84umso211pl-550x374.jpg
https://jav.guru/1037316/umso-061-secretly-giving-my-sister-and-mother-aphrodisiac-viagra-leads-to-indulging-in-their-bodies-maika-kamihata-ichika-fukiishi-rena-yamase-miki/,https://cdn.javmiku.com/wp-content/uploads/2026/08/84umso061pl-550x374.jpg
https://jav.guru/1037320/umd-587-three-friendly-couples-enjoy-a-weekend-barbecue-with-the-wives-getting-tipsy-and-playful-mizuno-asahi-fukiishi-rena-hibino-satomi/,https://cdn.javmiku.com/wp-content/uploads/2026/08/125umd587pl-550x374.jpg
https://jav.guru/1037321/ugug-100-while-the-bosss-wife-sleeps-she-has-an-accident-invited-to-stay-over-i-secretly-watch-the-entire-embarrassing-scene-unfold-fukiishi-rena-yamase-miki-asakawa-shizuka/,https://cdn.javmiku.com/wp-content/uploads/2026/08/18ugug100pl-550x374.jpg
https://jav.guru/1037322/ugug-098-my-friends-mom-secretly-works-at-a-mature-cabaret-and-transforms-when-she-sees-my-private-parts-aoki-rei-fukiishi-rena/,https://cdn.javmiku.com/wp-content/uploads/2026/08/18ugug098pl-550x374.jpg
https://jav.guru/1037323/ugss-023-my-mom-seduces-my-friend-in-the-bath-kitagawa-chihiro-natsukawa-miku-fukiishi-rena-kiritani-shiho/,https://cdn.javmiku.com/wp-content/uploads/2026/08/18ugss023pl-550x374.jpg
https://jav.guru/1037324/tspx-022-a-private-school-teachers-secret-a-wealthy-student-caught-shoplifting-during-a-school-trip-and-the-lengths-theyll-go-to-keep-it-hidden-shinohara-misaki/,https://cdn.javmiku.com/wp-content/uploads/2026/08/tspx022pl-550x374.jpg
https://jav.guru/1037325/tppn-167-behind-the-scenes-with-a-top-actress-unexpected-intimate-encounters/,https://cdn.javmiku.com/wp-content/uploads/2026/08/tppn167pl-550x374.jpg
https://jav.guru/1037326/tomn-093-ultimate-collection-of-intense-encounters-featuring-a-stunning-brown-skinned-g-cup-beauty-fukiishi-rena/,https://cdn.javmiku.com/wp-content/uploads/2026/08/tomn093pl-550x374.jpg
https://jav.guru/1037327/tomn-062-best-of-gal-glistening-sweat-on-sun-kissed-skin-aika-moka-matumoto-mei-uehara-karen-saijo-sara-hujimoto-shion-hasegawa-monika-kamiki-yua-fukiishi-rena-arimori-ryo/,https://cdn.javmiku.com/wp-content/uploads/2026/08/tomn062pl-550x374.jpg
https://jav.guru/1037328/tmdi-066-a-35-year-old-mother-of-four-enjoys-a-happy-family-life-with-provocative-tan-lines-from-a-family-trip-to-hawaii-fukiishi-rena/,https://cdn.javmiku.com/wp-content/uploads/2026/08/h_452tmdi066pl-550x374.jpg
https://jav.guru/1037329/tkd-17-the-bathhouse-owners-special-time-has-arrived-kurosaki-reiko/,https://cdn.javmiku.com/wp-content/uploads/2026/08/17tkd17pl-550x374.jpg
https://jav.guru/1037330/tcm-002-massive-member-fantasy-honda-nanami/,https://cdn.javmiku.com/wp-content/uploads/2026/08/5tcm002pl-550x374.jpg
https://jav.guru/1037334/sqte-711-this-girl-is-wild-drunk-and-affectionate-a-cute-girl-who-loves-kissing-and-squirting-during-sex-yukimura-itsuki/,https://cdn.javmiku.com/wp-content/uploads/2026/08/sqte711pl-550x374.jpg
https://jav.guru/1037335/sqte-710-this-girl-is-wild-she-wants-sex-more-than-anything-else-and-thinks-about-it-all-the-time-tukinoe-sui/,https://cdn.javmiku.com/wp-content/uploads/2026/08/sqte710pl-550x374.jpg
https://jav.guru/1037336/sqte-709-a-versatile-pocket-toy-for-any-time-use-nisimoto-meisa/,https://cdn.javmiku.com/wp-content/uploads/2026/08/sqte709pl-550x374.jpg
https://jav.guru/1037337/sqte-708-more-than-friends-with-benefits-less-than-lovers-lets-film-what-only-friends-can-do-yorimoto-shiori/,https://cdn.javmiku.com/wp-content/uploads/2026/08/sqte708pl-550x374.jpg
https://jav.guru/1037338/spz-485-extreme-danger-caught-on-hidden-camera-tsukishima-otoha-yaguchi-reina/,https://cdn.javmiku.com/wp-content/uploads/2026/08/h_254spz485pl-550x374.jpg
https://jav.guru/1037339/spz-483-how-far-can-we-go-a-university-hospital-nurses-adventures-3-morinaga-hiyoko-mishima-sora-mitsuhashi-hiyori/,https://cdn.javmiku.com/wp-content/uploads/2026/08/h_254spz483pl-550x374.jpg
https://jav.guru/1037340/spz-477-a-sensual-massage-that-captivates-straight-clients-with-expert-touch-and-intense-pleasure/,https://cdn.javmiku.com/wp-content/uploads/2026/08/h_254spz477pl-550x374.jpg
https://jav.guru/1037341/spz-474-i-want-to-see-it-just-once-my-sister-giving-her-boyfriend-a-blowjob-uemura-azusa-misaki-konoha-touka-hina/,https://cdn.javmiku.com/wp-content/uploads/2026/08/h_254spz474pl-550x374.jpg
https://jav.guru/1037342/shkd-439-a-young-wife-with-large-breasts-is-violated-by-her-father-in-law-arisa-kuroki/,https://cdn.javmiku.com/wp-content/uploads/2026/08/shkd439pl-550x374.jpg
https://jav.guru/1037343/she-511-top-15-mature-internet-videos-ranked-by-hotentertainment-four-hours-of-deluxe-content/,https://cdn.javmiku.com/wp-content/uploads/2026/08/59she511pl-550x374.jpg
https://jav.guru/1037344/sdk-001-mature-jogger-with-large-breasts-gets-impregnated-fukiishi-rena/,https://cdn.javmiku.com/wp-content/uploads/2026/08/442sdk001pl-550x374.jpg
https://jav.guru/1037345/sddm-003-female-karateka-takes-on-a-rapist-miyama-chiharu-nagai-erika/,https://cdn.javmiku.com/wp-content/uploads/2026/08/1sddm003pl-550x374.jpg
https://jav.guru/1037346/scmf-003-sweet-sadistic-first-person-sex-intense-pleasure-trture-on-the-brink-of-brain-overload-featuring-a-stunning-model-demonstrating-every-aspect-of-sex-hanai-tsubaki/,https://cdn.javmiku.com/wp-content/uploads/2026/08/scmf003pl-550x374.jpg
https://jav.guru/1037347/scd-105-a-mother-is-violated-in-front-of-her-son-overwhelmed-by-pleasure-as-she-experiences-intense-sensations-shimada-kyoko/,https://cdn.javmiku.com/wp-content/uploads/2026/08/17scd105pl-550x374.jpg
https://jav.guru/1037348/rvg-088-best-of-the-series-volume-1-fukiishi-rena/,https://cdn.javmiku.com/wp-content/uploads/2026/08/13rvg088pl-550x374.jpg
https://jav.guru/1037349/rpin-092-chubby-indoor-girl-with-big-breasts-shows-her-cute-side-but-gets-overwhelmed-by-intense-foreplay-and-deep-penetration-resulting-in-genuine-pleasure-miyanoki-shunka/,https://cdn.javmiku.com/wp-content/uploads/2026/08/rpin092pl-550x374.jpg
https://jav.guru/1037350/rebd-356-fairy-tale-concerto-rurucha-2/,https://cdn.javmiku.com/wp-content/uploads/2026/08/n_1412rebd356pl-1-550x374.jpg
https://jav.guru/1037351/pkpd-430-taking-the-virginity-of-a-new-actress-with-internal-ejaculation-amane-runa/,https://cdn.javmiku.com/wp-content/uploads/2026/08/pkpd430pl-550x374.jpg
https://jav.guru/1037352/piyo-234-a-forbidden-love-spirals-into-madness-as-a-teacher-is-pressured-for-internal-ejaculation-and-pregnancy-by-a-student-in-a-serious-relationship-chiba-yuuka/,https://cdn.javmiku.com/wp-content/uploads/2026/08/1piyo234pl-550x374.jpg
https://jav.guru/1037355/okax-215-four-hour-hyper-selection-of-adult-content-fukiishi-rena/,https://cdn.javmiku.com/wp-content/uploads/2026/08/84okax215pl-550x374.jpg
https://jav.guru/1037356/okad-305-office-lady-experiences-unprotected-intimacy-amamiya-kotone/,https://cdn.javmiku.com/wp-content/uploads/2026/08/84okad305pl-550x374.jpg
https://jav.guru/1037357/nxg-160-the-forbidden-desires-of-a-brothers-wife-in-a-family-consumed-by-lust-takashima-kyoko-yuko-sakurai-nakayama-kasumi-hasegawa-miku-%e9%95%b7%e8%b0%b7%e5%b7%9d%e7%be%8e%e7%b4%85/,https://cdn.javmiku.com/wp-content/uploads/2026/08/h_254nxg160pl-550x374.jpg
https://jav.guru/1037358/nsps-127-drenched-in-saliva-love-juice-and-semen-father-and-daughter-2-natsukawa-miku-oshima-minami-mieda-rina/,https://cdn.javmiku.com/wp-content/uploads/2026/08/h_102nsps127pl-550x374.jpg
https://jav.guru/1037359/nsps-121-a-bondage-massage-salon-for-busy-women-including-single-mothers-female-bosses-and-teachers-michiko-serenade-mizusawa-maki-kaede-nonoka-orihara-misato/,https://cdn.javmiku.com/wp-content/uploads/2026/08/h_102nsps121pl-550x374.jpg
https://jav.guru/1037362/nhdta-098-a-new-first-year-student-secretly-enjoys-themselves-in-a-school-uniform-shop-konoha/,https://cdn.javmiku.com/wp-content/uploads/2026/08/1nhdta098pl-550x374.jpg
https://jav.guru/1037364/mxgs-1443-a-beautiful-wife-is-targeted-for-her-irresistible-body-morisawa-kana/,https://cdn.javmiku.com/wp-content/uploads/2026/08/h_068mxgs1443pl-550x374.jpg
https://jav.guru/1037365/mxgs-1442-my-girlfriend-is-kanna-misaki-an-exciting-cohabitation-life-misaki-kanna/,https://cdn.javmiku.com/wp-content/uploads/2026/08/h_068mxgs1442pl-550x374.jpg
https://jav.guru/1037366/mxgs-1441-a-curious-girl-discovers-her-brothers-secret-toy-and-excited-goes-on-a-shopping-spree-with-her-dads-card-leading-to-unexpected-consequences-aise-mina/,https://cdn.javmiku.com/wp-content/uploads/2026/08/h_068mxgs1441pl-550x374.jpg
https://jav.guru/1037367/mxgs-1440-a-seemingly-ordinary-female-employee-secretly-indulges-in-a-wild-lifestyle-extracting-pleasure-from-her-boss-and-colleagues-minoshima-meguri/,https://cdn.javmiku.com/wp-content/uploads/2026/08/h_068mxgs1440pl-550x374.jpg
https://jav.guru/1037368/mkon-147-teaching-the-beauty-of-thick-pubic-hair-to-those-who-want-to-remove-it-through-hands-on-experience-oguri-misao/,https://cdn.javmiku.com/wp-content/uploads/2026/08/mkon147pl-550x374.jpg
https://jav.guru/1037369/mizd-544-the-ultimate-countdown-video-for-synchronized-masturbation/,https://cdn.javmiku.com/wp-content/uploads/2026/08/mizd544pl-550x374.jpg
https://jav.guru/1037371/marr-005-dreamy-moments-of-bliss-kiyomiya-toa/,https://cdn.javmiku.com/wp-content/uploads/2026/08/n_1064marr005pl-550x374.jpg
https://jav.guru/1037377/lcdv-40704-the-sound-of-bells-yuki-suzuki/,https://cdn.javmiku.com/wp-content/uploads/2026/08/1574246808_lcdv-40704-550x374.jpg
https://jav.guru/1037378/lcdv-40698-mashu-marina-marina-ogawa/,https://cdn.javmiku.com/wp-content/uploads/2026/08/1576249117_lcdv-40698-550x374.jpg
https://jav.guru/1037379/lcdv-40680-lemon-drops-karen-kobayashi/,https://cdn.javmiku.com/wp-content/uploads/2026/08/1557675213_lcdv-40680-550x374.jpg
https://jav.guru/1037380/lcdv-40677-healing-izumi-misaki-izumi/,https://cdn.javmiku.com/wp-content/uploads/2026/08/1562686136_lcdv-40677-550x374.jpg
https://jav.guru/1037382/lcdv-40662-swing-heart-takaba-mio/,https://cdn.javmiku.com/wp-content/uploads/2026/08/1590145434_lcdv-40662-550x374.jpg
https://jav.guru/1037383/lcdv-40650-anna-chanpur-anna-konno/,https://cdn.javmiku.com/wp-content/uploads/2026/08/1584469838_lcdv-40650-550x374.jpg
https://jav.guru/1037386/lcdv-40631-fragrant-tomorrow-asuka-kishi/,https://cdn.javmiku.com/wp-content/uploads/2026/08/1584469689_lcdv-40631-550x374.jpg
https://jav.guru/1037387/lcdv-40623-foul-play-noriko-kijima/,https://cdn.javmiku.com/wp-content/uploads/2026/08/1564669405_lcdv-40623-550x374.jpg
https://jav.guru/1037388/lcdv-40614-forever-with-chika-chika-ojima/,https://cdn.javmiku.com/wp-content/uploads/2026/08/1558357910_lcdv-40614-550x374.jpg
https://jav.guru/1037390/lcdv-40607-plump-rika-sakurai-rika/,https://cdn.javmiku.com/wp-content/uploads/2026/08/1586696941_lcdv-40607-550x374.jpg
https://jav.guru/1037391/kusr-034-the-beautiful-secretary-everyone-in-the-office-admires-is-bound-and-restrained-usui-saryuu-fukusaki-ren-fukiishi-rena/,https://cdn.javmiku.com/wp-content/uploads/2026/08/57kusr034pl-550x374.jpg
https://jav.guru/1037392/ksbj-442-a-newlywed-wifes-calculated-plan-to-seduce-another-man-in-front-of-her-husband-risking-everything-for-her-career-advancement-sato-meru/,https://cdn.javmiku.com/wp-content/uploads/2026/08/ksbj442pl-550x374.jpg
https://jav.guru/1037393/kri-071-while-the-husband-is-unaware-amateur-wives-fulfill-their-desires-in-an-unauthorized-adult-video-release-fukiishi-rena-hoshisaki-remi-hayama-rin/,https://cdn.javmiku.com/wp-content/uploads/2026/08/h_286kri071pl-550x374.jpg
https://jav.guru/1037394/kkj-045-serious-seduction-married-women-edition-24-pick-up-take-home-hidden-camera-sex-posted-without-permission-kamiya-aki-fukiishi-rena/,https://cdn.javmiku.com/wp-content/uploads/2026/08/118kkj045pl-550x374.jpg
https://jav.guru/1037399/kidm-636-uncensored-reality-mouka-megumi/,https://cdn.javmiku.com/wp-content/uploads/2026/08/n_945kidm636pl-1-550x374.jpg
https://jav.guru/1037401/kidm-546-untitled-oda-asuka/,https://cdn.javmiku.com/wp-content/uploads/2026/08/n_945kidm546pl-1-550x374.jpg
https://jav.guru/1037402/kidm-468-untitled-scene-with-a-seductive-allure-ikeda-hiroko/,https://cdn.javmiku.com/wp-content/uploads/2026/08/n_945kidm468pl-1-550x374.jpg
https://jav.guru/1037403/kidm-452-untitled-summer-glow-natsuki/,https://cdn.javmiku.com/wp-content/uploads/2026/08/n_945kidm452pl-1-550x374.jpg
https://jav.guru/1037404/kidm-447-untitled-work-featuring-a-captivating-performance-nonomiya-rika/,https://cdn.javmiku.com/wp-content/uploads/2026/08/n_945kidm447pl-1-550x374.jpg
https://jav.guru/1037405/kidm-445-untitled-scene-with-a-captivating-encounter-mouka-megumi/,https://cdn.javmiku.com/wp-content/uploads/2026/08/n_945kidm445pl-1-550x374.jpg
https://jav.guru/1037406/kidm-437-untitled-scene-with-a-seductive-encounter-mamiya-yuki/,https://cdn.javmiku.com/wp-content/uploads/2026/08/n_945kidm437pl-1-550x374.jpg
https://jav.guru/1037407/kidm-436-untitled-akari-nishino/,https://cdn.javmiku.com/wp-content/uploads/2026/08/n_945kidm436pl-1-550x374.jpg
https://jav.guru/1037408/kidm-387-untitled-nakagawa-tomomi-2/,https://cdn.javmiku.com/wp-content/uploads/2026/08/n_945kidm387pl-1-550x374.jpg
https://jav.guru/1037409/jera-038-a-shy-friend-enjoys-a-cozy-stay-at-a-love-hotel-indulging-in-intimate-moments-and-passionate-encounters-aise-mina/,https://cdn.javmiku.com/wp-content/uploads/2026/08/1jera038pl-550x374.jpg
https://jav.guru/1037410/isd-003-secretly-filmed-in-a-celebritys-home-a-wet-and-wild-mother-of-two-sakamoto-risa/,https://cdn.javmiku.com/wp-content/uploads/2026/08/h_254isd003pl-550x374.jpg
https://jav.guru/1037411/iesp-628-20-consecutive-internal-releases-with-a-young-girl-azuki/,https://cdn.javmiku.com/wp-content/uploads/2026/08/1iesp628pl-550x374.jpg
https://jav.guru/1037412/hoks-232-confessions-of-a-caregiver-a-secret-diary-of-forbidden-literature-mioka-satomi/,https://cdn.javmiku.com/wp-content/uploads/2026/08/hoks232pl-550x374.jpg
https://jav.guru/1037413/hawa-384-after-19-years-of-marriage-a-housewife-feels-her-passion-fading-and-longs-for-the-thrill-of-youthful-romance-leading-to-a-day-of-infidelity-with-a-temporary-boyfriend-ninomiya-waka/,https://cdn.javmiku.com/wp-content/uploads/2026/08/1hawa384pl-550x374.jpg
https://jav.guru/1037414/fns-246-sweet-whispers-and-sticky-dirty-talk-melting-asmr-paizuri-play-that-makes-you-cum-continuously-between-the-breasts-megami-jun/,https://cdn.javmiku.com/wp-content/uploads/2026/08/FNS-246-550x374.jpg
https://jav.guru/1037415/dvmm-431-college-friends-have-a-surprising-chance-to-lose-their-virginity-together-in-a-love-hotel-leading-to-an-intense-and-intimate-experience-amane-tao-kohinata-meru-shiraki-kanna-nomiya-an/,https://cdn.javmiku.com/wp-content/uploads/2026/08/dvmm431pl-550x374.jpg
https://jav.guru/1037416/dvmm-419-monitoring-a-couples-relationship-a-mother-steps-in-after-her-daughter-loses-her-boyfriend-leading-to-a-series-of-forbidden-encounters-that-get-discovered-yoshine-yuria-shirakumo-sui/,https://cdn.javmiku.com/wp-content/uploads/2026/08/dvmm419pl-550x374.jpg
https://jav.guru/1037417/dvdes-452-a-real-national-university-student-with-an-iq-of-130-in-bloomers-minamoto-shizuka/,https://cdn.javmiku.com/wp-content/uploads/2026/08/46641511_i47618-550x374.jpg
https://jav.guru/1037418/dandya-046-can-you-show-me-the-secret-photos-an-embarrassed-flight-attendant-pretends-to-make-a-mistake-while-being-shown-an-erect-penis-right-in-front-of-katou-tsubaki-honda-momo-mori-kaori/,https://cdn.javmiku.com/wp-content/uploads/2026/08/1dandya046pl-550x374.jpg
https://jav.guru/1037419/atya-045-the-needy-wife-is-developed-by-insatiable-older-men-leading-to-infidelity-and-intense-pleasure-imada-hikari/,https://cdn.javmiku.com/wp-content/uploads/2026/08/atya045pl-550x374.jpg
https://jav.guru/1037420/ap-482-a-video-of-a-shy-cute-girl-from-class-being-relentlessly-teased-and-taken-advantage-of-abe-mikako-miyazaki-aya-yamakawa-yuna-asanaga-yuki/,https://cdn.javmiku.com/wp-content/uploads/2026/08/ap482pl-550x374.jpg
https://jav.guru/1037421/aofr-001-the-era-of-frced-encounters-a-history-of-assaults-on-married-women-in-the-showa-period-akiyama-reiko/,https://cdn.javmiku.com/wp-content/uploads/2026/08/h_066aofr001sopl-550x374.jpg
https://jav.guru/1037422/annd-126-intimate-and-erotic-skin-contact-leads-to-a-wet-and-passionate-love-ecstasy-among-women-fujikita-ayaka-satozaki-akane-hatano-yui-amamiya-kotone-orihara-yuuna/,https://cdn.javmiku.com/wp-content/uploads/2026/08/annd126pl-550x374.jpg
https://jav.guru/1037423/ankb-045-a-tempting-trip-to-a-hot-spring-with-a-curvy-older-sister-and-her-younger-brother-tsukada-shiori/,https://cdn.javmiku.com/wp-content/uploads/2026/08/ankb045pl-550x374.jpg
https://jav.guru/1037424/anb-155-i-became-my-mothers-toy-the-seductive-challenge-of-a-glamorous-stepmother-fukiishi-rena/,https://cdn.javmiku.com/wp-content/uploads/2026/08/anb155sopl-550x374.jpg
https://jav.guru/1037425/ameb-001-what-if-i-were-teased-with-toys-during-a-playful-encounter-fukiishi-rena/,https://cdn.javmiku.com/wp-content/uploads/2026/08/ameb001pl-550x374.jpg
https://jav.guru/1037426/ald-468-captive-abuse-and-frced-intercourse-with-a-focus-on-submission-tsubomi/,https://cdn.javmiku.com/wp-content/uploads/2026/08/15ald468sopl-550x374.jpg
https://jav.guru/1037427/ald-437-amateur-exclusive-16-soft-and-plump-girls-with-squishy-bodies/,https://cdn.javmiku.com/wp-content/uploads/2026/08/15ald437sopl-550x374.jpg
https://jav.guru/1037428/aikb-010-stocking-obsession-amamiya-kotone/,https://cdn.javmiku.com/wp-content/uploads/2026/08/55aikb010pl-550x374.jpg
https://jav.guru/1037429/aikb-005-beautiful-legs-in-natural-stockings-amamiya-kotone/,https://cdn.javmiku.com/wp-content/uploads/2026/08/55aikb005pl-550x374.jpg
https://jav.guru/1037430/agemix-304-intensely-staring-at-each-other-while-pleasuring-a-friends-wife/,https://cdn.javmiku.com/wp-content/uploads/2026/08/h_213agemix304pl-550x374.jpg
https://jav.guru/1037431/agemix-303-a-slippery-encounter-with-a-mix-of-saliva/,https://cdn.javmiku.com/wp-content/uploads/2026/08/h_213agemix303pl-550x374.jpg
