page_url,image_url
https://jav.guru/1021304/start-616-intense-genuine-kisses-as-they-desperately-entwine-their-tongues-until-every-last-drop-of-desire-is-spent-sakura-mana/,https://cdn.javmiku.com/wp-content/uploads/2026/07/1start616pl-550x374.jpg
https://jav.guru/1021305/start-615-sudden-quickie-during-work-high-speed-thrusting-creampies-in-spare-moments-to-avoid-getting-caught-nagisa-koiki/,https://cdn.javmiku.com/wp-content/uploads/2026/07/1start615pl-550x374.jpg
https://jav.guru/1021306/start-612-first-raw-creampie-ever-unleashes-nonstop-convulsions-from-overwhelming-pleasure/,https://cdn.javmiku.com/wp-content/uploads/2026/07/1start612vpl-550x374.jpg
https://jav.guru/1021307/start-603-a-perverted-swapping-couple-implants-an-ntr-fetish-in-the-pure-innocent-wife-dragging-her-into-a-swamp-of-immoral-pleasure-after-shes-loaned-out-to-a-rich-pair-honjo-suzu/,https://cdn.javmiku.com/wp-content/uploads/2026/07/1start603pl-550x374.jpg
https://jav.guru/1021308/start-598-groping-the-eye-catching-o-cup-bombshell-on-the-train-makes-her-silently-orgasm-without-resistance-due-to-her-hypersensitive-body/,https://cdn.javmiku.com/wp-content/uploads/2026/07/1start598pl-550x374.jpg
https://jav.guru/1021309/sdnm-558-cheerful-mom-spends-the-day-at-a-younger-studs-place-handling-housework-cooking-and-his-endless-sexual-needs-while-getting-pumped-full-by-multiple-guys-arizawa-mayuka/,https://cdn.javmiku.com/wp-content/uploads/2026/07/1sdnm558pl-550x374.jpg
https://jav.guru/1021395/fns-239-ed-husband-daily-horny-wife-and-two-fully-erect-adult-men-fujii-ranran/,https://cdn.javmiku.com/wp-content/uploads/2026/07/FNS-239-550x374.jpg
https://jav.guru/1022304/svdvd-091-intense-no-holds-barred-lesbian-pro-wrestling-with-nonstop-squirting-akira-elly/,https://cdn.javmiku.com/wp-content/uploads/2026/07/1svdvd091pl-550x374.jpg
https://jav.guru/1022309/sbvd-0313-yui-ito-who-is-your-favorite-person/,https://cdn.javmiku.com/wp-content/uploads/2026/07/SBVD-0313-550x374.jpg
https://jav.guru/1022323/ntt-01-the-things-i-made-my-wife-do-amamiya-kotone/,https://cdn.javmiku.com/wp-content/uploads/2026/07/540ntt01pl-550x374.jpg
https://jav.guru/1022331/love-061-utter-scum-rural-thugs-beastly-abduction-gang-rpe-records/,https://cdn.javmiku.com/wp-content/uploads/2026/07/h_491love61pl-550x374.jpg
https://jav.guru/1022332/love-060-tochigi-prefecture-shimo-town-japanese-style/,https://cdn.javmiku.com/wp-content/uploads/2026/07/h_491love60pl-550x374.jpg
https://jav.guru/1022333/love-059-visiting-the-only-virgin-from-a-single-mother-danchi-household-whos-behind-on-her-school-lunch-fees-aoi-ichigo/,https://cdn.javmiku.com/wp-content/uploads/2026/07/h_491love59pl-550x374.jpg
https://jav.guru/1022334/love-058-roricon-student-orgy-triple-rorita-once-in-a-lifetime/,https://cdn.javmiku.com/wp-content/uploads/2026/07/h_491love58pl-550x374.jpg
https://jav.guru/1022335/love-057/,https://cdn.javmiku.com/wp-content/uploads/2026/07/h_491love57pl-550x374.jpg
https://jav.guru/1022352/lcdv-40750-first-miyu-miyu-kojima/,https://cdn.javmiku.com/wp-content/uploads/2026/07/1551981081_lcdv-40750-550x374.jpg
https://jav.guru/1022353/lcdv-40749-yuka-kyomoto/,https://cdn.javmiku.com/wp-content/uploads/2026/07/LCDV-40749-550x374.jpg
https://jav.guru/1022354/lcdv-40748-rina-hashimoto-lily-next-door/,https://cdn.javmiku.com/wp-content/uploads/2026/07/LCDV-40748-550x374.jpg
https://jav.guru/1022355/lcdv-40747-nanoka/,https://cdn.javmiku.com/wp-content/uploads/2026/07/LCDV-40747-550x374.jpg
https://jav.guru/1022356/lcdv-40740-mika-nonomiya-gran-puru-n/,https://cdn.javmiku.com/wp-content/uploads/2026/07/LCDV-40740-550x374.jpg
https://jav.guru/1022358/lcdv-40733-ayaka-morikawa-ayamonogatari/,https://cdn.javmiku.com/wp-content/uploads/2026/07/LCDV-40733-550x374.jpg
https://jav.guru/1022360/lcdv-40605-mikie-hara-wrapped-in-kindness/,https://cdn.javmiku.com/wp-content/uploads/2026/07/LCBD-00605-550x374.jpg
https://jav.guru/1022361/lcdv-40604-yukie-kawamura-sweet-emotion/,https://cdn.javmiku.com/wp-content/uploads/2026/07/LCBD-00604-550x374.jpg
https://jav.guru/1022362/lcdv-40600-risa-yoshiki-karenka/,https://cdn.javmiku.com/wp-content/uploads/2026/07/LCBD-00600-1-550x374.jpg
https://jav.guru/1022363/lcdv-40599-dreaming-flower-yoshiki-risa/,https://cdn.javmiku.com/wp-content/uploads/2026/07/lcdv-40599-550x374.jpg
https://jav.guru/1022364/lcdv-40591-tokky-tokki-melty/,https://cdn.javmiku.com/wp-content/uploads/2026/07/LCDV-40591-550x374.jpg
https://jav.guru/1022365/lcdv-40590-chiaki-ota-kowaku/,https://cdn.javmiku.com/wp-content/uploads/2026/07/LCDV-40590-550x374.jpg
https://jav.guru/1022384/iesp-626-maid-gets-twenty-creampies-in-a-row-fukada-yuri/,https://cdn.javmiku.com/wp-content/uploads/2026/07/1iesp626pl-550x374.jpg
https://jav.guru/1022385/iesp-623-a-schoolgirl-takes-twenty-consecutive-creampies-mari-rika/,https://cdn.javmiku.com/wp-content/uploads/2026/07/1iesp623pl-550x374.jpg
https://jav.guru/1022388/hunt-898-siblings-insecure-about-her-flat-chest-and-his-phimosis-hold-a-secret-sex-talk-that-turns-into-mutual-mockery-and-a-fight-minami-riona-kawamura-maya-ichinose-suzu-kagami-shuna/,https://cdn.javmiku.com/wp-content/uploads/2026/07/1hunt898pl-550x374.jpg
https://jav.guru/1022389/hunt-897-at-least-until-i-see-their-nipples-alone-with-a-group-of-busty-college-girls-in-the-mixed-outdoor-bath-but-their-guard-is-too-tight-to-see-anything-ayase-minami-saejima/,https://cdn.javmiku.com/wp-content/uploads/2026/07/1hunt897pl-550x374.jpg
https://jav.guru/1022390/hunt-896-my-boring-life-shuttling-between-school-and-home-had-zero-excitement-until-my-sisters-friend-stayed-over-and-her-showering-body-showed-clearly-through-the-glass-so-i-boldly-peeked-with-a/,https://cdn.javmiku.com/wp-content/uploads/2026/07/1hunt896pl-550x374.jpg
https://jav.guru/1022391/hunt-894-this-is-bad-teacher-were-in-class-right-now-the-usually-reserved-guy-is-doing-unbelievably-bold-things-during-lessons-that-no-one-could-imagine-or-rather-having-them-done-to-him-this/,https://cdn.javmiku.com/wp-content/uploads/2026/07/1hunt894pl-550x374.jpg
https://jav.guru/1022392/hunt-893-unexpectedly-hammered-after-eating-whiskey-bonbons-freshly-laid-off-and-unemployed-i-lounge-around-the-house-all-day-but-my-daughter-keeps-bringing-her-friends-over-anyway-thinking-i/,https://cdn.javmiku.com/wp-content/uploads/2026/07/1hunt893pl-550x374.jpg
https://jav.guru/1022393/hunt-891-i-dont-care-whose-they-are-i-just-want-to-grope-some-boobs-otowa-reon-saejima-kaori-yokoyama-natsuki/,https://cdn.javmiku.com/wp-content/uploads/2026/07/1hunt891pl-550x374.jpg
https://jav.guru/1022394/hunt-886-toilet-cleaner-swallows-piss-i-burst-into-the-bathroom-shes-cleaning-and-whip-out-my-cock-only-for-the-gorgeous-janitor-to-stare-in-shock-so-pent-up-that-even-my-limp-average-dick-mira/,https://cdn.javmiku.com/wp-content/uploads/2026/07/1hunt886pl-550x374.jpg
https://jav.guru/1022395/hunt-885-lucky-break-at-the-hot-spring-inn-an-unexpected-erotic-drinking-party-with-drunk-college-girls-maki-kyoko-konno-hikaru-ayashiro-yurina-nishikawa-rion-hinata-airi/,https://cdn.javmiku.com/wp-content/uploads/2026/07/1hunt885pl-550x374.jpg
https://jav.guru/1022396/hunt-883-please-notice-me-im-waiting-the-girl-hoping-to-be-groped-on-a-crowded-train-gets-soaking-wet-just-from-brushing-against-the-men-around-her-and-once-they-touch-her-shell-eagerly-accept/,https://cdn.javmiku.com/wp-content/uploads/2026/07/1hunt883pl-550x374.jpg
https://jav.guru/1022397/hunt-879-an-erection-from-squatting-sideboob-because-her-breasts-are-just-too-big-on-a-sweltering-night-at-your-friends-house-you-spot-his-older-sister-squatting-nearly-naked-through-the-door-he/,https://cdn.javmiku.com/wp-content/uploads/2026/07/1hunt879pl-550x374.jpg
https://jav.guru/1022398/hunt-875-tonight-im-sleeping-in-the-same-futon-with-my-uncle-a-high-school-niece-returns-home-after-a-long-absence-and-clings-to-her-uncle-insisting-they-share-a-bed-like-when-she-was-little-sa/,https://cdn.javmiku.com/wp-content/uploads/2026/07/1hunt875pl-550x374.jpg
https://jav.guru/1022400/hunt-870-unexpected-mixed-bathing-in-this-tiny-indoor-tub-solo-onsen-trip-goes-wrong-when-the-outdoor-bath-closes-and-the-indoor-one-turns-co-ed-2-arisawa-risa-kururugi-mikan-mizumi-saki-hamaz/,https://cdn.javmiku.com/wp-content/uploads/2026/07/1hunt870pl-550x374.jpg
https://jav.guru/1022401/hunt-869-miraculous-turnaround-as-he-flashes-an-erection-with-a-urine-bottle-but-it-fizzles-or-so-it-seemed-until-his-first-hospital-checkup-after-thirty-confirms-hes-perfectly-healthy-with-everyt/,https://cdn.javmiku.com/wp-content/uploads/2026/07/1hunt869pl-550x374.jpg
https://jav.guru/1022402/hunt-867-massive-aphrodisiac-dump-at-the-reunion-after-years-of-nonstop-bullying-from-elementary-through-high-school-this-neet-gets-dragged-into-an-uninvited-class-reunion-when-he-runs-into-his-ol/,https://cdn.javmiku.com/wp-content/uploads/2026/07/1hunt867pl-550x374.jpg
https://jav.guru/1022403/hunt-864-full-underboob-exposure-i-never-expected-her-to-be-changing-when-i-opened-the-door-at-my-friends-house-and-caught-his-busty-sister-mid-dress-with-everything-on-display-mesmerized/,https://cdn.javmiku.com/wp-content/uploads/2026/07/1hunt864pl-550x374.jpg
https://jav.guru/1022412/ebod-563-after-a-year-of-persuasion-by-e-body-the-no-1-busty-soapland-girl-from-the-famous-susukino-entertainment-district-makes-her-exclusive-av-debut-sakai-nozomi/,https://cdn.javmiku.com/wp-content/uploads/2026/07/ebod563pl-550x374.jpg
https://jav.guru/1022418/cesd-066-paranoid-masturbation-pleasure-8-kobayakawa-reiko/,https://cdn.javmiku.com/wp-content/uploads/2026/07/cesd066pl-550x374.jpg
https://jav.guru/1022426/bobb-299-my-l-cup-mega-breasted-girlfriend-in-boyfriend-pov-sayaka-kujo/,https://cdn.javmiku.com/wp-content/uploads/2026/07/bobb299pl-550x374.jpg
https://jav.guru/1022428/bobb-294-situations-that-make-you-want-to-fondle-an-18-year-olds-k-cups-nagata-megumi/,https://cdn.javmiku.com/wp-content/uploads/2026/07/bobb294pl-550x374.jpg
https://jav.guru/1023763/zuko-019-the-ultimate-healing-with-a-lactating-orgy-shimada-sae-kimura-marie-mogami-akira/,https://cdn.javmiku.com/wp-content/uploads/2026/07/zuko019pl-550x374.jpg
https://jav.guru/1023778/sgki-100-magic-mirror-van-meets-the-orgasm-bicycle-married-women-on-city-bikes-only-cumming-nonstop-from-dildo-pistons-with-massive-public-squirting-climaxes/,https://cdn.javmiku.com/wp-content/uploads/2026/07/1sgki00100pl-1-550x374.jpg
https://jav.guru/1023779/rebdb-334-my-pet-idol-kaneko-chika/,https://cdn.javmiku.com/wp-content/uploads/2026/07/n_1412rebdb334pl-550x374.jpg
https://jav.guru/1023780/rebdb-333-deep-impact-fukada-yuri/,https://cdn.javmiku.com/wp-content/uploads/2026/07/n_1412rebdb333pl-550x374.jpg
https://jav.guru/1023781/rebdb-330-a-cheerful-spring-harusaki-ryo/,https://cdn.javmiku.com/wp-content/uploads/2026/07/n_1412rebdb330pl-550x374.jpg
https://jav.guru/1023782/rebdb-309-the-radiance-is-eternal-satsuki-towa/,https://cdn.javmiku.com/wp-content/uploads/2026/07/n_1412rebdb309pl-550x374.jpg
https://jav.guru/1023783/rebdb-306-reminds-you-of-you-amaki-yu/,https://cdn.javmiku.com/wp-content/uploads/2026/07/n_1412rebdb306pl-550x374.jpg
https://jav.guru/1023784/rebdb-039-break-now-aida-mina/,https://cdn.javmiku.com/wp-content/uploads/2026/07/n_1010rebdb039pl-550x374.jpg
https://jav.guru/1023785/rebdb-033-seductive-temptation-tsubaki-kanari/,https://cdn.javmiku.com/wp-content/uploads/2026/07/n_1010rebdb033pl-550x374.jpg
https://jav.guru/1023786/rebdb-032-venus-reborn-koda-risa/,https://cdn.javmiku.com/wp-content/uploads/2026/07/n_1010rebdb032pl-550x374.jpg
https://jav.guru/1023787/real-709-the-essence-of-real-30-extreme-orgasms-in-4-hours-abe-mikako-atomi-shuri-sasaki-aki-mari-rika-himekawa-yuuna-sumire-mika-kururugi-aoi-hoshina-ai-nanase-mai-negoto-rui/,https://cdn.javmiku.com/wp-content/uploads/2026/07/84real709pl-550x374.jpg
https://jav.guru/1023789/mopg-058-hunting-clothed-masochists-with-tight-jeans-harassment-hoshijima-ruri/,https://cdn.javmiku.com/wp-content/uploads/2026/07/mopg058sopl-550x374.jpg
https://jav.guru/1023790/mopg-057-frced-m-pleasure-training-for-a-quick-shot-masochist-chinamin/,https://cdn.javmiku.com/wp-content/uploads/2026/07/mopg057sopl-550x374.jpg
https://jav.guru/1023791/mopg-050-tight-jeans-harassment-while-hunting-clothed-masochistic-men-maeda-iroha/,https://cdn.javmiku.com/wp-content/uploads/2026/07/mopg050sopl-550x374.jpg
https://jav.guru/1023792/mmr-az010-natural-beauty-aoki-rei/,https://cdn.javmiku.com/wp-content/uploads/2026/07/MMR-AZ010-550x374.jpg
https://jav.guru/1023794/mmr-ab011-worlds-intense-anal-fuck-011-super-perverted-anal-and-pussy-craving-thick-stimulation-in-four-cities-runami-matsunaga/,https://cdn.javmiku.com/wp-content/uploads/2026/07/MMR-AB011-550x374.jpg
https://jav.guru/1023795/mmr-aa096-milky-purun-2-koharu-yui/,https://cdn.javmiku.com/wp-content/uploads/2026/07/n_709mmraa096pl-550x374.jpg
https://jav.guru/1023798/love-056-flexible-small-breasted-heiress-takes-a-bukkake-gangbang-in-full-180-degree-splits-mutou-tsugumi/,https://cdn.javmiku.com/wp-content/uploads/2026/07/h_491love56pl-550x374.jpg
https://jav.guru/1023800/lcdv-40555-mikie-hara-kimi-ga-suki/,https://cdn.javmiku.com/wp-content/uploads/2026/07/LCDV-40555-550x374.jpg
https://jav.guru/1023802/lcbd-00809-satomi-nishihori-sukurudeizu/,https://cdn.javmiku.com/wp-content/uploads/2026/07/LCBD-00809-550x374.jpg
https://jav.guru/1023803/ksbj-155-sneaking-an-affair-at-home-behind-her-husbands-back-hanamiya-amu/,https://cdn.javmiku.com/wp-content/uploads/2026/07/ksbj155pl-550x374.jpg
https://jav.guru/1023804/ksbj-154-sixty-busty-beauties-who-keep-their-tits-bouncing-in-cowgirl-position-mashiro-an-haruna-hana-maki-kyoko-shinoda-yu-honjo-hitomi-kururugi-mikan-shiratori-sumire-morishita-sakura-kao/,https://cdn.javmiku.com/wp-content/uploads/2026/07/ksbj154pl-550x374.jpg
https://jav.guru/1023805/ksbj-145-mature-women-really-are-the-hottest-22-ladies-honjo-hitomi-shoda-chisato-katou-tsubaki-kawakami-yuu-endo-shiori-hojo-maki-enjo-hitomi-anno-yumi-inoue-ayako-sasaki-aki/,https://cdn.javmiku.com/wp-content/uploads/2026/07/ksbj145pl-550x374.jpg
https://jav.guru/1023806/kidm-819-annas-diary/,https://cdn.javmiku.com/wp-content/uploads/2026/07/KIDM-819B-550x374.jpg
https://jav.guru/1023807/kidm-818-ultra-zone-hoshino-miyu-hoshino-miyu-%e6%98%9f%e9%87%8e%e7%be%8e%e6%86%82/,https://cdn.javmiku.com/wp-content/uploads/2026/07/KIDM-818B-550x374.jpg
https://jav.guru/1023808/kidm-763-cherry-bomb-matsunaga-sana/,https://cdn.javmiku.com/wp-content/uploads/2026/07/KIDM-763B-550x374.jpg
https://jav.guru/1023809/kidm-723-el-dorado/,https://cdn.javmiku.com/wp-content/uploads/2026/07/KIDM-723B-550x374.jpg
https://jav.guru/1023810/kidm-683-perfect-woman-mina-riyon/,https://cdn.javmiku.com/wp-content/uploads/2026/07/KIDM-683B-550x374.jpg
https://jav.guru/1023811/kidm-666-untitled-oda-asuka/,https://cdn.javmiku.com/wp-content/uploads/2026/07/n_945kidm666pl-550x374.jpg
https://jav.guru/1023812/kidm-604-untitled-kubota-asami/,https://cdn.javmiku.com/wp-content/uploads/2026/07/n_945kidm604pl-550x374.jpg
https://jav.guru/1023813/kidm-598-uncensored-akimoto-tsubasa/,https://cdn.javmiku.com/wp-content/uploads/2026/07/n_945kidm598pl-550x374.jpg
https://jav.guru/1023814/kidm-592-title-to-be-determined-hoshino-miyu-hoshino-miyu-%e6%98%9f%e9%87%8e%e7%be%8e%e6%86%82/,https://cdn.javmiku.com/wp-content/uploads/2026/07/n_945kidm592pl-550x374.jpg
https://jav.guru/1023815/kidm-588-untitled-natsuki/,https://cdn.javmiku.com/wp-content/uploads/2026/07/n_945kidm588pl-550x374.jpg
https://jav.guru/1023816/kidm-575-untitled-natsuki/,https://cdn.javmiku.com/wp-content/uploads/2026/07/n_945kidm575pl-550x374.jpg
https://jav.guru/1023817/kidm-567-sentimental-journey-hoshino-miyu-hoshino-miyu-%e6%98%9f%e9%87%8e%e7%be%8e%e6%86%82/,https://cdn.javmiku.com/wp-content/uploads/2026/07/n_945kidm567pl-550x374.jpg
https://jav.guru/1023818/kidm-552-untitled-mieko-arai/,https://cdn.javmiku.com/wp-content/uploads/2026/07/n_945kidm552pl-550x374.jpg
https://jav.guru/1023819/kidm-548-in-dubai-akimoto-tsubasa/,https://cdn.javmiku.com/wp-content/uploads/2026/07/n_945kidm548pl-550x374.jpg
https://jav.guru/1023820/kidm-487-title-undecided-imai-mero/,https://cdn.javmiku.com/wp-content/uploads/2026/07/n_945kidm487pl-550x374.jpg
https://jav.guru/1023821/kidm-476-title-undecided-ootsuka-mayumi/,https://cdn.javmiku.com/wp-content/uploads/2026/07/n_945kidm476pl-550x374.jpg
https://jav.guru/1023822/kidm-471-untitled-misaki-reira/,https://cdn.javmiku.com/wp-content/uploads/2026/07/n_945kidm471pl-550x374.jpg
https://jav.guru/1023823/kidm-051-erika-fujimiya-de-%e2%98%86-girl-%e2%98%86/,https://cdn.javmiku.com/wp-content/uploads/2026/07/KIDM-051-550x374.jpg
https://jav.guru/1023828/hodv-21771-women-in-their-thirties-forties-and-even-sixties-go-into-full-on-heat-from-young-cock-sweating-and-writhing-through-mind-blowing-sex-chisato-igawa-nagase-yuumi-temma-mitsue-michiko/,https://cdn.javmiku.com/wp-content/uploads/2026/07/41hodv21771pl-550x374.jpg
https://jav.guru/1023829/hodv-21761-five-stars-premium-celeb-wives-picked-up-for-nonstop-raw-creampies-in-this-250-minute-special-takase-rina-%e9%ab%98%e7%80%ac%e3%82%8a%e3%81%aa-aino-hinata-mion-yume-minami-tsubasa/,https://cdn.javmiku.com/wp-content/uploads/2026/07/41hodv21761pl-550x374.jpg
https://jav.guru/1023831/fskt-034-shedding-their-uniforms-to-become-adults-four-hours-of-bittersweet-sex-with-ten-18-year-old-beauties-shinozaki-mio-shinosaki-kotomi-aise-miki-hinata-inori/,https://cdn.javmiku.com/wp-content/uploads/2026/07/h_491fskt034pl-550x374.jpg
https://jav.guru/1023833/enfd-5668-tomona-morioka-tomonas-love/,https://cdn.javmiku.com/wp-content/uploads/2026/07/ENFD-5668-550x374.jpg
https://jav.guru/1023834/enfd-5633-maori-hoshino-miss-flash2015/,https://cdn.javmiku.com/wp-content/uploads/2026/07/ENFD-5633-550x374.jpg
https://jav.guru/1023835/enfd-5632-anna-tamechika-miss-flash-2015/,https://cdn.javmiku.com/wp-content/uploads/2026/07/ENFD-5632-550x374.jpg
https://jav.guru/1023836/enfd-5616-eimi-matsushima-heart-mark/,https://cdn.javmiku.com/wp-content/uploads/2026/07/ENFD-5616-550x374.jpg
https://jav.guru/1023837/enfd-5500-saki-takeda-sakimo/,https://cdn.javmiku.com/wp-content/uploads/2026/07/ENFD-5500-550x374.jpg
https://jav.guru/1023839/dori-044-raw-sex-tape-no-44-pinching-her-plump-swollen-clit-while-thrusting-made-her-orgasm-internally-over-and-over-until-she-begged-why-wont-you-cum-inside-so-i-creampied-her-hard-ohsawa-mizuki/,https://cdn.javmiku.com/wp-content/uploads/2026/07/h_491dori044pl-550x374.jpg
https://jav.guru/1023841/dldss-524-the-thirteenth-day-of-abstinence-psycho-bosss-thirteen-creampies-in-an-overtime-horror-show-mitsuha-chiharu/,https://cdn.javmiku.com/wp-content/uploads/2026/07/1dldss524pl-550x374.jpg
https://jav.guru/1023842/cesd-080-amateur-wives-creampie-documentary-t-prefecture-edition-mikami-riho/,https://cdn.javmiku.com/wp-content/uploads/2026/07/cesd080pl-550x374.jpg
https://jav.guru/1023843/cesd-069-paranoid-masturbation-pleasure-10-takanashi-ayumi/,https://cdn.javmiku.com/wp-content/uploads/2026/07/cesd069pl-550x374.jpg
https://jav.guru/1023844/cesd-053-paranoid-masturbation-pleasure-3-kamihata-ichika/,https://cdn.javmiku.com/wp-content/uploads/2026/07/cesd053pl-550x374.jpg
https://jav.guru/1023845/c-2469-taking-an-acquaintances-wife-on-a-hot-spring-getaway-015/,https://cdn.javmiku.com/wp-content/uploads/2026/07/140c2469pl-550x374.jpg
https://jav.guru/1023846/c-2468-mature-womans-erotic-one-day-hot-spring-getaway-008-otsuka-reina/,https://cdn.javmiku.com/wp-content/uploads/2026/07/140c2468pl-550x374.jpg
https://jav.guru/1023847/bobb-305-the-massive-i-cup-areolas-with-huge-areolae-that-boin-has-been-craving-sensitive-nipples-get-breastfeeding-handjobs-and-sex-powerful-titjob-for-explosive-release-begging-for-more-while-d/,https://cdn.javmiku.com/wp-content/uploads/2026/07/bobb305pl-550x374.jpg
https://jav.guru/1023848/bobb-304-almost-exploding-from-this-cute-girls-intense-blowjob-super-busty-babe-who-doesnt-look-it-gets-taken-however-i-want-wakatuki-miina/,https://cdn.javmiku.com/wp-content/uploads/2026/07/bobb304pl-550x374.jpg
https://jav.guru/1023850/bkd-206-mother-and-son-mating-enjo-hitomi/,https://cdn.javmiku.com/wp-content/uploads/2026/07/bkd206sopl-550x374.jpg
https://jav.guru/1023851/bkd-205-mother-and-son-mating-kataoka-nagisa/,https://cdn.javmiku.com/wp-content/uploads/2026/07/bkd205sopl-550x374.jpg
https://jav.guru/1024047/umd-994-secret-two-day-trip-to-a-hidden-gem-hot-spring-where-the-innkeeper-stole-me-from-my-wife-morisawa-kana-miyanisi-hikaru/,https://cdn.javmiku.com/wp-content/uploads/2026/07/125umd994pl-550x374.jpg
https://jav.guru/1024048/umd-993-did-you-know-the-more-you-hold-back-from-cumming-the-more-over-the-top-the-service-gets-at-this-mens-massage-parlor-suzuki-mayu-onosaka-yuka/,https://cdn.javmiku.com/wp-content/uploads/2026/07/125umd993pl-550x374.jpg
https://jav.guru/1024050/tcd-341-forbidden-cock-lesbians-traps-swapping-mutual-anal-creampies-kondo-mumu-hibiki-aoi/,https://cdn.javmiku.com/wp-content/uploads/2026/07/tcd341pl-550x374.jpg
https://jav.guru/1024051/sw-1037-couple-swapping-and-swinging-a-wife-with-ntr-desires-begs-to-be-taken-by-other-men-on-a-hot-spring-trip-kawagoe-yui-akari-nonoka-shiramine-ikumi/,https://cdn.javmiku.com/wp-content/uploads/2026/07/1sw1037pl-550x374.jpg
https://jav.guru/1024052/sw-1034-big-brother-lets-get-all-fluffy-and-play-together-my-cousin-in-fluffy-loungewear-with-a-t-back-thong-has-been-doing-tons-of-naughty-things-arisu-mai-minato-haru-wakatuki-moa/,https://cdn.javmiku.com/wp-content/uploads/2026/07/1sw1034pl-550x374.jpg
https://jav.guru/1024053/smom-002-new-abnormal-intercourse-mother-in-her-forties-and-son-part-2-the-mature-mother-tormented-daily-by-her-rising-sex-drive-crosses-the-forbidden-line-shirakawa-kasumi/,https://cdn.javmiku.com/wp-content/uploads/2026/07/smom002pl-550x374.jpg
https://jav.guru/1024054/scd-249-daughter-takes-care-of-her-father-6-izumi-ryouko-shizuki-yukari/,https://cdn.javmiku.com/wp-content/uploads/2026/07/scd249pl-550x374.jpg
https://jav.guru/1024055/saba-970-amateur-personal-videos-of-8-beautiful-girls-giving-blowjobs-anywhere-and-11-after-school-schoolgirls-tsubaki-rika-momose-kurumi-kashiwagi-konatsu-igarashi-kiyoka-itsuha-nanzyou-sayak/,https://cdn.javmiku.com/wp-content/uploads/2026/07/saba970pl-550x374.jpg
https://jav.guru/1024057/onex-124-secret-day-trip-affair-where-i-obey-every-command-5-amane-koa-touka-yuuuri-kawana-ai/,https://cdn.javmiku.com/wp-content/uploads/2026/07/h_1674onex124pl-550x374.jpg
https://jav.guru/1024058/oks-187-wet-and-glossy-skin-tight-school-swimsuits-savoring-cute-girls-figures-with-changing-room-shots-fetish-close-ups-from-flat-chests-to-big-breasts-and-fully-clothed-lotion-play-plus-bukka/,https://cdn.javmiku.com/wp-content/uploads/2026/07/1oks187pl-550x374.jpg
https://jav.guru/1024059/okb-185-plump-perfect-asses-in-divine-bloomers-with-slim-and-curvy-girls-squeezed-into-skin-tight-shorts-and-gym-clothes-for-extreme-close-ups-of-every-sweaty-detail-plus-assjobs-clothed-peeing/,https://cdn.javmiku.com/wp-content/uploads/2026/07/1okb185pl-550x374.jpg
https://jav.guru/1024060/odvhj-072-full-service-ok-married-woman-rejuvenating-massage-salon-vi-nakajo-rino-miike-koharu-wakana-reika-miyashita-madoka/,https://cdn.javmiku.com/wp-content/uploads/2026/07/48odvhj072pl-550x374.jpg
https://jav.guru/1024062/nsfs-499-ai-remastered-the-big-breasted-cheating-wifes-secret-she-cant-let-her-husband-discover-asuka-mitsuki-hujiki-orie-takahashi-yura-sinoda-ayumi-saijo-sara/,https://cdn.javmiku.com/wp-content/uploads/2026/07/nsfs499pl-550x374.jpg
https://jav.guru/1024063/nsfs-446-cumming-nonstop-right-beside-her-husband-in-this-cuckold-fuck-tachibana-mary-hanasaki-ian-imai-yua-aoi-yurika-mamiya-aya-wakatuki-miina-minami-mayu-%e5%8d%97%e7%9c%9f%e6%82%a0/,https://cdn.javmiku.com/wp-content/uploads/2026/07/nsfs446pl-550x374.jpg
https://jav.guru/1024065/lulu-423-i-spiked-a-busty-cosplayer-who-does-off-paco-pillow-business-with-an-aphrodisiac-making-her-eyes-roll-back-in-ahegao-as-she-convulses-moans-oho-and-squirts-while-i-relentlessly-piston-cr/,https://cdn.javmiku.com/wp-content/uploads/2026/07/lulu423pl-550x374.jpg
https://jav.guru/1024067/ipok-006-lick-suck-stroke-splurt-one-look-from-a-girl-this-stunning-and-youll-cum-in-seconds-premium-nipple-licking-handjob-overload-230-minutes-of-94-scenes-all-ending-in-ejaculation-aka/,https://cdn.javmiku.com/wp-content/uploads/2026/07/ipok006pl-550x374.jpg
https://jav.guru/1024068/husr-305-the-national-treasure-blonde-with-the-ultimate-smile-i-found-overseas-turned-out-to-be-a-total-pervert-liz-ocean-tahlia-lane-kawaii-anba-fosu-gureita/,https://cdn.javmiku.com/wp-content/uploads/2026/07/57husr305pl-550x374.jpg
https://jav.guru/1024069/hez-870-holiday-work-becomes-a-married-nymphos-lewd-trap-four-stories-of-creampie-affair-sex-in-an-empty-office-sakihara-iona-kishimoto-aika-adachi-mio-aizawa-mio/,https://cdn.javmiku.com/wp-content/uploads/2026/07/59hez870pl-550x374.jpg
https://jav.guru/1024070/hez-865-leakd-outcall-married-woman-massages-no-man-could-resist-these-young-wives-12-creampied-housewives-natsume-airi/,https://cdn.javmiku.com/wp-content/uploads/2026/07/59hez865pl-550x374.jpg
https://jav.guru/1024071/hez-864-wives-soaked-in-adulterous-ecstasy-druggd-creampie-sessions-strip-away-every-inhibition-as-they-gush-and-turn-into-living-fuck-toys-12-women-5-hours-3-maki-kyoko-kawagoe-yui-oikawa-umi/,https://cdn.javmiku.com/wp-content/uploads/2026/07/59hez864pl-550x374.jpg
https://jav.guru/1024072/hez-862-a-sexually-frustrated-married-woman-visits-a-high-end-esthetic-salon-in-the-city-where-aphrodisiac-oil-awakens-her-desires-and-leaves-her-body-craving-more-no-matter-how-many-times-she-come/,https://cdn.javmiku.com/wp-content/uploads/2026/07/59hez862pl-550x374.jpg
https://jav.guru/1024073/hez-861-first-class-pickup-of-exquisite-married-women-25-yuki-nao-hanamiya-kyoko-fujisaki-yukari/,https://cdn.javmiku.com/wp-content/uploads/2026/07/59hez861pl-550x374.jpg
https://jav.guru/1024074/hazu-032-a-mans-ass-exists-to-be-fucked-the-smiling-super-sadist-is-a-spine-chillingly-beautiful-male-newhalf-honekudaki-no-ts/,https://cdn.javmiku.com/wp-content/uploads/2026/07/hazu032pl-550x374.jpg
https://jav.guru/1024075/emlb-092-beyond-the-true-anal-addict-she-rips-her-hole-devouring-fists-the-second-she-sees-them-and-cums-until-her-mind-blanks-out-in-this-ultimate-anal-fisting-fuck-collection-aikawa-mika-nagase/,https://cdn.javmiku.com/wp-content/uploads/2026/07/emlb092pl-550x374.jpg
https://jav.guru/1024076/cmc-338-training-the-depraved-widow-as-a-beautiful-mature-flesh-slave-special-2-ootsuki-hibiki-aizawa-haruka-%e9%80%a2%e6%b2%a2%e3%81%af%e3%82%8b%e3%81%8b-saionji-mio-nonomiya-ran-mibu-kohaku/,https://cdn.javmiku.com/wp-content/uploads/2026/07/cmc338pl-550x374.jpg
https://jav.guru/1024078/cjob-198-best-of-getting-milked-for-62-loads-by-older-women-pressing-their-bodies-against-me-from-behind-during-handjobs-julia-shinoda-yu-aika-hasumi-kurea-tachibana-mary-mukai-ai-mitani-akan/,https://cdn.javmiku.com/wp-content/uploads/2026/07/cjob198pl-550x374.jpg
https://jav.guru/1024080/bony-174-vicious-home-invading-gang-targets-a-beautiful-woman-living-alone-for-relentless-creampie-rape-in-the-ultimate-nightmare-edition-tsubaki-rika/,https://cdn.javmiku.com/wp-content/uploads/2026/07/bony174pl-550x374.jpg
https://jav.guru/1024081/basj-038-tongue-obsessed-sluts-premium-sloppy-kisses-and-cock-licks-shiramine-ikumi/,https://cdn.javmiku.com/wp-content/uploads/2026/07/basj038pl-550x374.jpg
https://jav.guru/1024082/ankb-044-big-breasted-beauty-whose-sensitive-nipples-get-instantly-wet-when-her-tits-are-teased-momoki-yua/,https://cdn.javmiku.com/wp-content/uploads/2026/07/ankb044pl-550x374.jpg
https://jav.guru/1024083/anb-256-tormenting-my-beautiful-lewd-aunts-soft-breasts-and-pussy-until-shes-my-captive/,https://cdn.javmiku.com/wp-content/uploads/2026/07/anb256pl-550x374.jpg
https://jav.guru/1024085/aed-253-incest-creampie-for-my-50-year-old-mom-mamiya-yui/,https://cdn.javmiku.com/wp-content/uploads/2026/07/aed253pl-550x374.jpg
https://jav.guru/1024086/abf-374-unrivaled-alice-shaku-alice/,https://cdn.javmiku.com/wp-content/uploads/2026/07/118abf374pl-550x374.jpg
https://jav.guru/1024087/abf-373-ultimate-slippery-orgasm-suzumura-airi/,https://cdn.javmiku.com/wp-content/uploads/2026/07/118abf373pl-550x374.jpg
https://jav.guru/1024088/aarm-334-isnt-it-enough-to-just-be-cute-and-love-blowjobs-miura-maina-suzune-kyoka-tachibana-kyoka-marui-moeka-misumi-rei-momosaki-miiro-aoi-ran/,https://cdn.javmiku.com/wp-content/uploads/2026/07/aarm334pl-550x374.jpg
https://jav.guru/1025169/yuj-070-i-couldnt-forget-about-the-older-man-a-summer-of-being-helplessly-loved-licked-all-over-and-tormented-by-a-beautiful-woman-obsessed-with-me-until-drenched-in-sweat/,https://cdn.javmiku.com/wp-content/uploads/2026/07/yuj070pl-550x374.jpg
https://jav.guru/1025170/yuj-069-ill-make-your-body-unable-to-live-without-my-sex-50-days-to-win-back-my-boyfriends-attention-after-he-became-my-fuck-buddy/,https://cdn.javmiku.com/wp-content/uploads/2026/07/yuj069pl-550x374.jpg
https://jav.guru/1025171/yuj-067-want-me-to-be-your-girlfriend-a-record-of-nonstop-making-out-with-my-first-older-girlfriend-whos-perfect-at-both-work-and-sex-until-my-balls-are-empty/,https://cdn.javmiku.com/wp-content/uploads/2026/07/yuj067pl-550x374.jpg
https://jav.guru/1025172/waaa-679-creampied-over-and-over-even-though-shes-already-cumming-yuki-rino/,https://cdn.javmiku.com/wp-content/uploads/2026/07/waaa679pl-550x374.jpg
https://jav.guru/1025173/waaa-678-orgasmic-golden-shower-slut-drenches-you-in-a-dripping-bukkake-of-pee-saliva-sweat-and-pussy-juice-at-the-sensual-salon-aizawa-miyu/,https://cdn.javmiku.com/wp-content/uploads/2026/07/waaa678pl-550x374.jpg
https://jav.guru/1025178/waaa-672-my-stepsister-model-fills-in-for-a-memorial-nude-shoot-and-keeps-seducing-my-rock-hard-cock-with-her-dripping-juices-every-five-minute-break-suzunoya-rin/,https://cdn.javmiku.com/wp-content/uploads/2026/07/waaa672pl-550x374.jpg
https://jav.guru/1025179/waaa-671-after-school-only-premium-private-quickie-reflexology-with-a-beautiful-girl-featuring-slow-teasing-handjobs-mind-blowing-deep-kisses-secret-raw-sex-and-brain-melting-full-body-slut-servi/,https://cdn.javmiku.com/wp-content/uploads/2026/07/waaa671pl-550x374.jpg
https://jav.guru/1025185/vec-782-please-fuck-my-mom-just-once-a-son-who-catches-his-mother-masturbating-recruits-his-womanizing-friend-to-satisfy-her-frustration-yoshizawa-aguri/,https://cdn.javmiku.com/wp-content/uploads/2026/07/vec782pl-550x374.jpg
https://jav.guru/1025186/vdd-207-female-doctor-blackmailed-in-the-suite-room-nishino-emi/,https://cdn.javmiku.com/wp-content/uploads/2026/07/24vdd207pl-550x374.jpg
https://jav.guru/1025192/same-246-i-cant-forget-the-way-that-man-i-hate-fucked-me/,https://cdn.javmiku.com/wp-content/uploads/2026/07/same246pl-550x374.jpg
https://jav.guru/1025193/same-238-humiliate-me-once-for-every-atonement/,https://cdn.javmiku.com/wp-content/uploads/2026/07/same238pl-550x374.jpg
https://jav.guru/1025194/rbk-128-please-tie-up-my-sister/,https://cdn.javmiku.com/wp-content/uploads/2026/07/rbk128pl-550x374.jpg
https://jav.guru/1025198/onex-123-i-love-you-teacher-please-marry-me-impregnation-ok-onahole-girl-baby-making-sex-aoharu-edition-07-nia-yuina-mitsuki-horikita-mayu/,https://cdn.javmiku.com/wp-content/uploads/2026/07/h_1674onex123pl-550x374.jpg
https://jav.guru/1025211/mngs-057-cheap-rent-share-house-for-horny-girls-with-onahole-privileges-allowing-anytime-bukkake-on-face-tits-pussy-or-ass/,https://cdn.javmiku.com/wp-content/uploads/2026/07/mngs057pl-550x374.jpg
https://jav.guru/1025214/mifd-734-i-broke-in-this-new-blonde-gyaru-tomboy-and-made-her-av-debut/,https://cdn.javmiku.com/wp-content/uploads/2026/07/mifd734pl-550x374.jpg
https://jav.guru/1025215/mifd-733-innocent-148cm-girl-loves-the-perverted-old-man-who-licks-her-all-over-until-she-cums-her-slender-body-convulses-wildly-with-ahegao-ecstasy-in-her-av-debut/,https://cdn.javmiku.com/wp-content/uploads/2026/07/mifd733pl-550x374.jpg
https://jav.guru/1025219/mida-736-defenseless-slender-teacher-with-gorgeous-legs-becomes-our-personal-cumdump-for-a-22-load-bukkake-creampie-gangbang/,https://cdn.javmiku.com/wp-content/uploads/2026/07/mida736pl-550x374.jpg
https://jav.guru/1025220/mida-735-my-wifes-best-friend-gave-me-ten-straight-cleanup-blowjobs-kneading-my-sensitive-cock-right-after-i-came-and-letting-me-finish-on-her-face-like-my-wife-never-would/,https://cdn.javmiku.com/wp-content/uploads/2026/07/mida735pl-550x374.jpg
https://jav.guru/1025223/mida-732-plain-caregiver-in-glasses-with-beautiful-breasts-is-frced-into-obscene-lingerie-by-a-deranged-resident-and-succumbs-to-orgasm-during-captivity-training/,https://cdn.javmiku.com/wp-content/uploads/2026/07/mida732pl-550x374.jpg
https://jav.guru/1025226/mida-728-i-gave-in-to-my-students-seduction-and-had-sex-with-her-over-and-over-at-a-love-hotel-after-school/,https://cdn.javmiku.com/wp-content/uploads/2026/07/mida728pl-550x374.jpg
https://jav.guru/1025227/mida-727-ill-make-your-beautiful-tits-all-sticky-with-cum-and-spit-the-busty-office-lady-trapped-in-the-neighbors-garbage-room-gets-defiled-and-brought-to-orgasm-by-the-perverted-old/,https://cdn.javmiku.com/wp-content/uploads/2026/07/mida727pl-550x374.jpg
https://jav.guru/1025228/mida-725-its-so-embarrassing-to-have-my-pee-watched-the-secretly-perverted-schoolgirl-makes-you-drink-her-urine-saliva-pussy-juice-and-sweat-sparking-fidgety-excitement-in-a-body-fluid-soaked/,https://cdn.javmiku.com/wp-content/uploads/2026/07/mida725pl-550x374.jpg
https://jav.guru/1025230/mida-723-my-uncontrollable-erections-and-the-new-nurses-healing-smile-lead-to-endless-ball-draining-ejaculation-assistance-that-never-stops-during-my-hospital-stay/,https://cdn.javmiku.com/wp-content/uploads/2026/07/mida723pl-550x374.jpg
https://jav.guru/1025232/lulu-448-couldnt-resist-my-big-ass-college-nieces-unaware-steamy-body-odor-seduction-while-she-focused-on-club-activities-so-i-quickly-fucked-her-and-licked-every-inch-of-her-athlete-pheromones/,https://cdn.javmiku.com/wp-content/uploads/2026/07/lulu448pl-550x374.jpg
https://jav.guru/1025233/lulu-447-if-you-love-me-youll-swallow-every-drop-right-an-unhinged-big-booty-underground-idol-tests-her-secretly-married-veteran-fans-loyalty-by-drowning-him-in-fluids-during-draining-orgasm-s/,https://cdn.javmiku.com/wp-content/uploads/2026/07/lulu447pl-550x374.jpg
https://jav.guru/1025234/lulu-446-a-big-ass-part-timer-with-a-dazzling-youthful-smile-came-to-stay-for-just-one-night-and-her-defenseless-ass-proved-impossible-to-resist-so-i-fucked-her-on-the-spot-but-with-my-much-older/,https://cdn.javmiku.com/wp-content/uploads/2026/07/lulu446pl-550x374.jpg
https://jav.guru/1025235/lulu-445-seduced-by-the-neighborhoods-beautiful-legged-bitchy-flight-attendant-into-a-creampie-after-she-teases-with-her-sweaty-black-pantyhose-and-milks-with-sweet-sadistic-leg-technique-tenma-y/,https://cdn.javmiku.com/wp-content/uploads/2026/07/lulu445pl-550x374.jpg
https://jav.guru/1025236/jufe-628-young-wife-with-a-fair-skinned-busty-body-falls-prey-to-a-shady-chiropractor-shitara-yuuhi/,https://cdn.javmiku.com/wp-content/uploads/2026/07/jufe628pl-550x374.jpg
https://jav.guru/1025237/jufe-627-old-mans-pov-documentary-greedily-devouring-her-with-thick-dripping-fluids-in-sweaty-sex-otoda-eri/,https://cdn.javmiku.com/wp-content/uploads/2026/07/jufe627pl-550x374.jpg
https://jav.guru/1025238/jjda-077-married-nurses-forbidden-hospital-affair-relieving-the-pent-up-sexual-needs-of-hospitalized-patients-hatano-yui/,https://cdn.javmiku.com/wp-content/uploads/2026/07/jjda077pl-550x374.jpg
https://jav.guru/1025240/ecb-169-the-slutty-woman-the-violated-man-and-us-watching-from-the-sidelines-niimura-akari-hibiki-tukasa/,https://cdn.javmiku.com/wp-content/uploads/2026/07/2ecb169pl-550x374.jpg
https://jav.guru/1025241/dvrt-077-destroying-my-best-friends-girlfriend-tomoe-hikari/,https://cdn.javmiku.com/wp-content/uploads/2026/07/dvrt077pl-550x374.jpg
https://jav.guru/1025242/dvmm-430-take-me-somewhere-naughty-taxi-driver-an-av-actress-fulfills-her-wildest-desires-in-this-anything-goes-sex-documentary-usami-sui-kurosaki-hana-nijimura-yumi/,https://cdn.javmiku.com/wp-content/uploads/2026/07/dvmm430pl-550x374.jpg
https://jav.guru/1025243/dvmm-429-a-cum-swallowing-gal-obsessed-with-swallowing-she-skips-her-boyfriends-loads-but-always-milks-her-crushs-cheating-cock-with-nonstop-oral-creampies-sucking-like-crazy-until-shes-full/,https://cdn.javmiku.com/wp-content/uploads/2026/07/dvmm429pl-550x374.jpg
https://jav.guru/1025244/dvmm-428-three-big-ass-office-lady-coworkers-get-their-anuses-pumped-full-of-milk-to-the-limit-and-try-playing-milk-enema-daruma-san-ga-koronda-where-squirting-means-instant-huge-cock-insertion-but/,https://cdn.javmiku.com/wp-content/uploads/2026/07/dvmm428pl-550x374.jpg
https://jav.guru/1025245/dvmm-427-i-immediately-fucked-the-fair-skinned-big-assed-part-time-housekeeper-and-the-next-day-the-married-woman-hooked-on-my-huge-cock-showed-up-unannounced-so-i-creampied-her-over-and-over-until/,https://cdn.javmiku.com/wp-content/uploads/2026/07/dvmm427pl-550x374.jpg
https://jav.guru/1025246/dvmm-425-in-this-ordinary-couple-monitoring-av-the-admired-big-ass-track-team-senior-tries-to-deflower-her-huge-dicked-virgin-junior-with-nonstop-nipple-teasing-and-spider-cowgirl-while-her-boyfrien/,https://cdn.javmiku.com/wp-content/uploads/2026/07/dvmm425pl-550x374.jpg
https://jav.guru/1025247/dveh-092-lli-bitch-otaku-girl-uses-her-hairless-puffy-pussy-to-extort-character-lottery-prizes-from-random-old-men-who-buy-in-bulk-at-the-convenience-store-minase-akari-hinata-yuna/,https://cdn.javmiku.com/wp-content/uploads/2026/07/dveh092pl-550x374.jpg
https://jav.guru/1025248/djdk-021-barely-erotic-underboob-dancer-schoolgirl-edition-2-cant-resist-the-underboob-spilling-out-of-that-slutty-uniform-plus-wedgied-panties-creating-extra-camel-toe-on-a-hyped-up-gal-schoolgi/,https://cdn.javmiku.com/wp-content/uploads/2026/07/29djdk021pl-550x374.jpg
https://jav.guru/1025249/digi-164-hyper-highleg-queen-012/,https://cdn.javmiku.com/wp-content/uploads/2026/07/434digi164sopl-550x374.jpg
https://jav.guru/1025250/dfgr-003-tongue-kissing-maniax-my-saliva-tastes-so-sweet-and-delicious-right-vol-2-mizushima-azumi-kawakami-yuu-sawamura-reiko-amamiya-kotone-hojo-maki-ootsuki-hibiki-takigawa-kanon/,https://cdn.javmiku.com/wp-content/uploads/2026/07/30dfgr003pl-550x374.jpg
https://jav.guru/1025251/club-934-luxury-hotel-womans-elegant-pussy-gets-relentlessly-pounded-in-a-creampie-rape-orgy-video-yorimoto-shiori/,https://cdn.javmiku.com/wp-content/uploads/2026/07/club934pl-550x374.jpg
https://jav.guru/1025252/club-929-busty-gal-stalked-secretly-filmed-and-raped-while-unconscious-shirahama-kaho/,https://cdn.javmiku.com/wp-content/uploads/2026/07/club929pl-550x374.jpg
https://jav.guru/1025253/club-928-clingy-stalker-films-hidden-camera-rape-of-unconscious-former-idol-wife-honzyou-hana/,https://cdn.javmiku.com/wp-content/uploads/2026/07/club928pl-550x374.jpg
https://jav.guru/1025254/club-925-stalking-and-secretly-filming-a-beautiful-marunouchi-office-lady-before-dosing-her-with-aphrodisiacs-for-rough-sex-kuninaka-arina/,https://cdn.javmiku.com/wp-content/uploads/2026/07/club925pl-550x374.jpg
https://jav.guru/1025255/cawd-999-the-classs-most-untouchable-beauty-loses-her-memory-and-all-reason-now-crawling-on-all-fours-with-her-anus-fully-exposed-in-public-and-at-school-while-shamelessly-peeing-in-a-total-moral/,https://cdn.javmiku.com/wp-content/uploads/2026/07/cawd999pl-550x374.jpg
https://jav.guru/1025256/cawd-989-the-female-teacher-obeys-in-her-school-swimsuit-unable-to-defy-the-male-students-as-shes-humiliated-and-turned-into-the-swimming-clubs-dedicated-fucktoy-until-graduation-ito-mayuki/,https://cdn.javmiku.com/wp-content/uploads/2026/07/cawd989pl-550x374.jpg
https://jav.guru/1025257/cawb-025-new-part-timers-come-with-guaranteed-pussy-my-pure-girlfriend-gets-eagerly-passed-around-all-night-by-the-entire-sleazy-staff-at-her-first-jobs-welcome-party-asami-nami/,https://cdn.javmiku.com/wp-content/uploads/2026/07/cawb025pl-550x374.jpg
https://jav.guru/1025258/cawb-023-this-innocent-short-haired-girl-who-throws-herself-into-volunteer-work-secretly-craves-having-her-heart-and-pussy-ravaged-in-masochistic-ecstasy-sera-shizuku/,https://cdn.javmiku.com/wp-content/uploads/2026/07/cawb023pl-550x374.jpg
https://jav.guru/1025259/cawb-022-petite-but-able-to-lift-anything-this-super-popular-influencer-whos-always-on-tiktok-and-live-streams-has-such-a-raging-sex-drive-that-her-pussy-gets-soaking-wet-every-day-leading-to-he/,https://cdn.javmiku.com/wp-content/uploads/2026/07/cawb022pl-550x374.jpg
https://jav.guru/1025260/cawb-021-chubby-cute-female-comedian-gets-used-as-the-industrys-shared-meat-onahole-shishido-riho/,https://cdn.javmiku.com/wp-content/uploads/2026/07/cawb021pl-550x374.jpg
https://jav.guru/1025261/cawb-020-old-men-are-dangerous-a-naive-girl-gets-casually-covered-in-cum-by-older-guys-matsuoka-miou/,https://cdn.javmiku.com/wp-content/uploads/2026/07/cawb020pl-550x374.jpg
https://jav.guru/1025265/cawb-012-52cm-waist-ballerina-with-perfect-curves-finally-allows-creampies-in-over-50-erotic-scenes-seino-saki/,https://cdn.javmiku.com/wp-content/uploads/2026/07/cawb012pl-550x374.jpg
https://jav.guru/1025266/atid-695-female-boss-kept-cumming-from-her-incompetent-subordinates-clit-sucker-until-her-lower-body-shook-uncontrollably/,https://cdn.javmiku.com/wp-content/uploads/2026/07/atid695pl-550x374.jpg
https://jav.guru/1025267/atid-686-exhausted-from-caregiving-the-toxic-daughter-in-law-who-abusd-her-father-in-law-gets-strangled-and-creampied-in-a-revenge-rape-that-breaks-her/,https://cdn.javmiku.com/wp-content/uploads/2026/07/atid686pl-550x374.jpg
https://jav.guru/1025268/atid-680-you-were-a-girl-id-always-thought-you-were-a-boy-but-learning-the-truth-left-me-so-horny-i-couldnt-stop/,https://cdn.javmiku.com/wp-content/uploads/2026/07/atid680pl-550x374.jpg
https://jav.guru/1025269/atid-668-innocent-soap-princesss-first-anal-pleasure-training/,https://cdn.javmiku.com/wp-content/uploads/2026/07/atid668pl-550x374.jpg
https://jav.guru/1025270/atid-656-the-three-succubus-sisters-nozomi-arimura-hirose-riona/,https://cdn.javmiku.com/wp-content/uploads/2026/07/atid656pl-550x374.jpg
https://jav.guru/1025272/adn-798-how-does-my-father-in-law-really-feel-about-me/,https://cdn.javmiku.com/wp-content/uploads/2026/07/adn798pl-550x374.jpg
https://jav.guru/1025275/adn-792-oversexed-nurse-who-needs-sex-three-times-a-day-sucks-the-cum-packed-cocks-of-hospitalized-patients-in-the-reverse-night-visit-ward/,https://cdn.javmiku.com/wp-content/uploads/2026/07/adn792pl-550x374.jpg
https://jav.guru/1025276/adn-791-please-fuck-me-with-the-intention-of-getting-me-pregnant-this-older-man-loving-beauty-drains-her-bosss-seed-with-impregnation-dirty-talk-in-deep-addictive-sex/,https://cdn.javmiku.com/wp-content/uploads/2026/07/adn791pl-550x374.jpg
https://jav.guru/1025277/adn-788-i-cant-tell-my-late-husband-that-i-got-pregnant-after-sleeping-with-my-father-in-law-every-day-to-fill-the-loneliness-natsume-iroha/,https://cdn.javmiku.com/wp-content/uploads/2026/07/adn788pl-550x374.jpg
https://jav.guru/1025278/adn-763-forgive-me-i-couldnt-hold-back-my-loneliness/,https://cdn.javmiku.com/wp-content/uploads/2026/07/adn763pl-550x374.jpg
https://jav.guru/1025872/hunt-943-my-sister-comes-home-wasted-from-a-friends-wedding-in-a-super-sexy-dress-and-seduces-me-with-her-nipples-and-panties-fully-exposed-mizuki-an-honda-riko-fukusaki-ren-mizuki-an/,https://cdn.javmiku.com/wp-content/uploads/2026/07/1hunt943pl-550x374.jpg
https://jav.guru/1025874/hunt-938-pressed-against-a-gorgeous-office-lady-with-her-cleavage-fully-exposed-on-a-super-crowded-train-mizuna-rei-konno-hikaru-nagase-ryoko-kasuga-mona-narimiya-azusa-ishihara-ai/,https://cdn.javmiku.com/wp-content/uploads/2026/07/1hunt938pl-550x374.jpg
https://jav.guru/1025875/hunt-936-i-live-in-a-filthy-studio-apartment-but-when-i-hired-a-cleaning-specialist-all-that-showed-up-were-the-horniest-housewives-in-their-mid-thirties-yamamoto-miwako-mizuki-nao-hojo-maki-ka/,https://cdn.javmiku.com/wp-content/uploads/2026/07/1hunt936pl-550x374.jpg
https://jav.guru/1025876/hunt-928-drenched-from-the-downpour-never-thought-id-see-my-mom-as-a-woman-because-of-her-see-through-nipples-yokoyama-mirei-natsuki-anna-niiyama-kaede-honda-riko-nonomiya-misato/,https://cdn.javmiku.com/wp-content/uploads/2026/07/1hunt928pl-550x374.jpg
https://jav.guru/1025877/hunt-926-the-shower-runs-wild-and-drenches-his-stepsister-while-shes-cleaning-the-bath-soaking-her-clothes-and-making-her-nipples-fully-visible-for-a-forbidden-full-erection-hearing-her-screams/,https://cdn.javmiku.com/wp-content/uploads/2026/07/1hunt926pl-550x374.jpg
https://jav.guru/1025878/hunt-923-my-friends-older-sister-was-flashing-her-plump-butt-cheeks-from-under-her-short-shorts-when-i-visited-their-house-the-sight-made-me-hard-instantly-and-she-came-over-to-me-nonomiya-misat/,https://cdn.javmiku.com/wp-content/uploads/2026/07/1hunt923pl-550x374.jpg
https://jav.guru/1025894/cosq-012-beautiful-girl-warrior-sailor-heroine-amamiya-kotone/,https://cdn.javmiku.com/wp-content/uploads/2026/07/cosq012pl-550x374.jpg
https://jav.guru/1025898/byd-120-piss-hell-anzu-yuu-amamiya-kotone-takigawa-ayaka-mikami-karina-mitsui-ayane/,https://cdn.javmiku.com/wp-content/uploads/2026/07/h_103byd120pl-550x374.jpg
https://jav.guru/1025901/atfb-064-the-ultimate-in-passivity-a-soothing-restrained-handjob-that-triggers-explosive-release-kirioka-satuki-kotaki-miina-hitomi-yamabuki-amamiya-kotone/,https://cdn.javmiku.com/wp-content/uploads/2026/07/atfb064pl-550x374.jpg
https://jav.guru/1025902/atfb-061-the-ultimate-handjob-while-drenched-in-saliva-from-deep-tongue-kisses-and-nipple-licking-3-kohaku-uta-kotaki-miina-kirihara-azusa-amamiya-kotone/,https://cdn.javmiku.com/wp-content/uploads/2026/07/atfb061pl-550x374.jpg
https://jav.guru/1025903/atfb-055-gentle-slut-makes-a-surprise-visit-to-her-fans-home-amamiya-kotone/,https://cdn.javmiku.com/wp-content/uploads/2026/07/atfb055pl-550x374.jpg
https://jav.guru/1026432/xvsr-891-creampie-paradise-with-a-tall-slender-g-cup-beauty-sasakura-aya/,https://cdn.javmiku.com/wp-content/uploads/2026/08/xvsr891pl-550x374.jpg
https://jav.guru/1026433/xvsr-890-raw-creampie-sex-where-they-relentlessly-seek-each-other-out-following-pure-instinct-onosaka-yuka/,https://cdn.javmiku.com/wp-content/uploads/2026/08/xvsr890pl-550x374.jpg
https://jav.guru/1026434/xvsr-889-more-intense-than-the-hottest-toy-human-clitoris-suction-cunnilingus-onami-aya/,https://cdn.javmiku.com/wp-content/uploads/2026/08/xvsr889pl-550x374.jpg
https://jav.guru/1026435/xvsr-888-two-av-actresses-battle-for-your-dream-cock-in-a-private-reverse-threesome-pov-harem-creampie-session-nisimoto-meisa-kitaoka-karin/,https://cdn.javmiku.com/wp-content/uploads/2026/08/xvsr888pl-550x374.jpg
https://jav.guru/1026438/sqte-707-hot-spring-trip-with-my-girlfriend-so-intense-we-never-wanted-to-leave-hanamori-kaho/,https://cdn.javmiku.com/wp-content/uploads/2026/08/sqte707pl-550x374.jpg
https://jav.guru/1026439/sqte-706-sweat-scent-and-sex-marumo-rea/,https://cdn.javmiku.com/wp-content/uploads/2026/08/sqte706pl-550x374.jpg
https://jav.guru/1026440/sora-643-frced-drugging-abducting-a-sassy-ex-cabaret-girl-and-blasting-her-masochistic-sensitivity-with-aphrodisiacs-until-shes-a-rolled-eyed-squirting-doll-minoshima-meguri/,https://cdn.javmiku.com/wp-content/uploads/2026/08/sora643pl-550x374.jpg
https://jav.guru/1026442/smok-042-weak-willed-new-office-lady-with-a-huge-ass-gets-frced-to-swallow-her-horny-bosss-middle-aged-cum-every-day-while-alone-together-after-hours-hanamori-kaho/,https://cdn.javmiku.com/wp-content/uploads/2026/08/smok042pl-550x374.jpg
https://jav.guru/1026445/rebdb-045-mama-idol-has-g-cups-shiraishi-marina/,https://cdn.javmiku.com/wp-content/uploads/2026/08/n_1010rebdb045pl-550x374.jpg
https://jav.guru/1026448/rebd-378-little-devil-kiss-kururugi-aoi/,https://cdn.javmiku.com/wp-content/uploads/2026/08/n_1412rebd378pl-550x374.jpg
https://jav.guru/1026456/rebd-228-mion-2-natural-and-beautiful-sonoda-mion/,https://cdn.javmiku.com/wp-content/uploads/2026/08/n_1412rebd228pl-550x374.jpg
https://jav.guru/1026458/ped-049-after-just-seven-hours-alone-together-we-ended-up-having-sex-eight-times-shishido-riho/,https://cdn.javmiku.com/wp-content/uploads/2026/08/24ped049pl-550x374.jpg
https://jav.guru/1026469/mooc-025-a-trap-babysitter-soothes-exhausted-parents-with-sweet-baby-talk-while-letting-them-suck-her-fully-erect-cock-and-healing-them-with-her-spurting-cum-kondo-mumu/,https://cdn.javmiku.com/wp-content/uploads/2026/08/mooc025pl-550x374.jpg
https://jav.guru/1026492/ktb-120-two-tall-wives-you-can-touch-anytime-anywhere-in-the-store-groping-friendly-women-miike-koharu-hanamiya-kyoko/,https://cdn.javmiku.com/wp-content/uploads/2026/08/ktb120pl-550x374.jpg
https://jav.guru/1026493/ksbj-440-lewd-mom-uses-seduction-to-keep-her-son-from-leaving-home-fuyuki-mai/,https://cdn.javmiku.com/wp-content/uploads/2026/08/ksbj440pl-550x374.jpg
https://jav.guru/1026521/id-060-my-beloved-escort-60-the-fair-skinned-sensitive-j-cup-110cm-whale-princess-edition-with-massive-natural-breasts-everyone-wants-to-suck-cumming-nonstop-as-her-nipples-and-tits-are-pleasured/,https://cdn.javmiku.com/wp-content/uploads/2026/08/h_113id060pl-550x374.jpg
https://jav.guru/1026522/hz-012-nurse-nurse-those-massive-breasts-and-plump-juicy-ass-in-uniform-are-a-crime-in-the-hospital-this-g-cup-body-gets-a-raw-examination-takikawa-sumire/,https://cdn.javmiku.com/wp-content/uploads/2026/08/h_113hz012pl-550x374.jpg
https://jav.guru/1026525/gvh-866-mother-and-son-rpe-shiramine-ikumi/,https://cdn.javmiku.com/wp-content/uploads/2026/08/gvh866pl-550x374.jpg
https://jav.guru/1026526/gvh-865-my-female-boss-frced-me-into-repeated-creampies-with-undulating-cowgirl-during-a-remote-meeting-so-headquarters-wouldnt-find-out-honoka-tsujii/,https://cdn.javmiku.com/wp-content/uploads/2026/08/gvh865pl-550x374.jpg
https://jav.guru/1026535/gebb-054-the-full-story-of-dosing-a-married-try-on-model-with-aphrodisiac-cream-until-her-body-twitches-uncontrollably-and-she-shows-ahegao-while-getting-deep-raw-creampies-kurokawa-sumire-onodera/,https://cdn.javmiku.com/wp-content/uploads/2026/08/gebb054pl-550x374.jpg
https://jav.guru/1026537/fns-241-sensual-development-of-a-fair-skinned-slender-body-raised-in-a-snowy-country-leads-to-first-orgasms-in-three-scenes-kashiwagi-shizuku/,https://cdn.javmiku.com/wp-content/uploads/2026/08/FNS-241-550x374.jpg
https://jav.guru/1026546/ecb-170-gushing-saliva-kisses-and-cum-swallowing-blowjobs-aise-mina-nijimura-yumi-kudo-yuri-nagimiya-yukino-shibamata-shiho-tsukamoto-saya-imada-hikari-chiba-yuuka/,https://cdn.javmiku.com/wp-content/uploads/2026/08/2ecb170pl-550x374.jpg
https://jav.guru/1026547/dveh-093-matching-a-glistening-bikini-babe-with-a-huge-cocked-virgin-at-miura-beach-for-a-slippery-oil-intercrural-massage-that-awakens-her-inner-slut-and-ends-in-raw-creampie-deflowering-for-the-ul/,https://cdn.javmiku.com/wp-content/uploads/2026/08/dveh093pl-550x374.jpg
https://jav.guru/1026548/drpt-118-exposing-the-dark-side-of-modern-society-unlimited-sexual-harassment-allowed-at-this-overworked-elderly-care-facility-where-instant-sex-is-always-okay-yuri-ryo/,https://cdn.javmiku.com/wp-content/uploads/2026/08/1drpt118pl-550x374.jpg
https://jav.guru/1026549/drpt-114-busty-beauty-has-her-nipples-developed-while-sandwiched-and-arm-locked-on-a-packed-train-3-kui-sunao/,https://cdn.javmiku.com/wp-content/uploads/2026/08/1drpt114pl-550x374.jpg
https://jav.guru/1026551/dfdm-076-older-man-sugar-dating-with-a-jk-the-secret-record-of-a-demure-looking-but-secretly-perverted-schoolgirl-devouring-ojisans-chiba-yuuka/,https://cdn.javmiku.com/wp-content/uploads/2026/08/2dfdm076pl-550x374.jpg
https://jav.guru/1026552/bobb-293-thoroughly-savoring-those-gorgeous-k-cup-breasts-niizuki-sanae/,https://cdn.javmiku.com/wp-content/uploads/2026/08/bobb293pl-550x374.jpg
https://jav.guru/1026553/bkd-200-mother-and-son-mating-ninomiya-keiko/,https://cdn.javmiku.com/wp-content/uploads/2026/08/bkd200sopl-550x374.jpg
https://jav.guru/1026554/bab-195-ghostly-throbbing-schoolgirl-season-10-kisaki-nana/,https://cdn.javmiku.com/wp-content/uploads/2026/08/bab195pl-550x374.jpg
https://jav.guru/1026704/sy-225-a-25-year-old-housewifes-intimate-experience-in-a-small-room-part-of-an-amateur-series-featuring-live-encounters-watarai-fuu/,https://cdn.javmiku.com/wp-content/uploads/2026/08/h_113sy225pl-550x374.jpg
https://jav.guru/1026705/ps-131-new-amateur-debut-sorry-dad-a-shy-girl-overwhelmed-by-dirty-talk-showing-signs-of-naughtiness-despite-her-inexperience-yukimi-maika/,https://cdn.javmiku.com/wp-content/uploads/2026/08/h_113ps131pl-550x374.jpg
https://jav.guru/1026706/murikuri-014-a-naive-girl-learns-to-enjoy-the-taste-of-semen-through-intense-oral-training-and-ends-up-happily-consuming-it-in-large-quantities-misaki-oto/,https://cdn.javmiku.com/wp-content/uploads/2026/08/1murikuri014pl-550x374.jpg
https://jav.guru/1026707/murikuri-013-double-penetration-and-raw-action-with-a-ballet-girl-featuring-anal-play-and-a-series-of-double-internal-releases-in-a-wild-orgy/,https://cdn.javmiku.com/wp-content/uploads/2026/08/1murikuri013pl-550x374.jpg
https://jav.guru/1026710/jera-046-invited-on-a-drive-by-a-junior-coworker-she-enters-a-love-hotel-and-wanting-to-avoid-being-seen-as-strange-by-her-new-boyfriend-tries-oral-for-the-first-time-minoshima-meguri/,https://cdn.javmiku.com/wp-content/uploads/2026/08/1jera046pl-550x374.jpg
https://jav.guru/1026711/jera-044-a-hidden-busty-office-worker-suggests-a-drive-date-for-work-advice-leading-to-a-curious-visit-to-a-love-hotel-and-a-day-of-intense-infidelity-koume-ena/,https://cdn.javmiku.com/wp-content/uploads/2026/08/1jera044pl-550x374.jpg
https://jav.guru/1026712/hawa-383-clumsy-and-inept-at-cooking-and-laundry-this-married-woman-is-actually-an-incredibly-skilled-high-spec-companion-nijimura-yumi/,https://cdn.javmiku.com/wp-content/uploads/2026/08/1hawa383pl-550x374.jpg
https://jav.guru/1026713/dandya-044-its-your-fault-for-getting-wet-when-i-touch-you-a-lustful-woman-seduces-her-cute-girlfriend-from-behind-yorimoto-shiori-niimura-akari-minazuki-hikaru-minami-kozue/,https://cdn.javmiku.com/wp-content/uploads/2026/08/1dandya044pl-550x374.jpg
https://jav.guru/1026714/dandya-042-an-older-nurse-captivates-a-young-patient-with-a-deliberate-intimate-washing-technique-that-leads-to-an-unexpected-climax-adachi-yuri-suzuki-mayu/,https://cdn.javmiku.com/wp-content/uploads/2026/08/1dandya042pl-550x374.jpg
https://jav.guru/1027103/lady-102-boy-love-stories-inaba-yui-amamiya-kotone/,https://cdn.javmiku.com/wp-content/uploads/2026/08/1lady102pl-550x374.jpg
https://jav.guru/1032381/rebdb-403-maos-steamy-and-provocative-moments-on-blu-ray-miura-rui/,https://cdn.javmiku.com/wp-content/uploads/2026/08/n_1412rebdb403pl-550x374.jpg
https://jav.guru/1032382/rebdb-401-refreshing-resort-experience-suzumori-remu/,https://cdn.javmiku.com/wp-content/uploads/2026/08/n_1412rebdb401pl-550x374.jpg
https://jav.guru/1032383/rebdb-400-seventh-eden-ichikawa-masami/,https://cdn.javmiku.com/wp-content/uploads/2026/08/n_1412rebdb400pl-550x374.jpg
https://jav.guru/1032384/rebdb-389-pastel-fantasy-world-kiritani-matsuri/,https://cdn.javmiku.com/wp-content/uploads/2026/08/n_1412rebdb389pl-550x374.jpg
https://jav.guru/1032385/rebdb-388-nostalgic-journey-kobayakawa-reiko/,https://cdn.javmiku.com/wp-content/uploads/2026/08/n_1412rebdb388pl-550x374.jpg
https://jav.guru/1032386/rebdb-383-a-spring-day-filled-with-blooming-flowers-sakuno-koharu/,https://cdn.javmiku.com/wp-content/uploads/2026/08/n_1412rebdb383pl-550x374.jpg
https://jav.guru/1032387/rebdb-379-sweet-silence-of-desire-shina-rio/,https://cdn.javmiku.com/wp-content/uploads/2026/08/n_1412rebdb379pl-550x374.jpg
https://jav.guru/1032389/rebdb-377-love-me-my-only-one-nonomiya-misato/,https://cdn.javmiku.com/wp-content/uploads/2026/08/n_1412rebdb377pl-550x374.jpg
https://jav.guru/1032390/rebdb-328-suzus-debut-performance-on-blu-ray-honjo-suzu/,https://cdn.javmiku.com/wp-content/uploads/2026/08/n_1412rebdb328pl-550x374.jpg
https://jav.guru/1032391/rebdb-326-festival-fun-in-a-colorful-paradise-blu-ray-kiritani-matsuri/,https://cdn.javmiku.com/wp-content/uploads/2026/08/n_1412rebdb326pl-550x374.jpg
https://jav.guru/1032399/rebdb-271-rainbow-diary-nanasawa-mia/,https://cdn.javmiku.com/wp-content/uploads/2026/08/n_1412rebdb271pl-550x374.jpg
https://jav.guru/1032403/rebdb-044-scarlet-angel-on-blu-ray-itoh-beni/,https://cdn.javmiku.com/wp-content/uploads/2026/08/n_1010rebdb044pl-550x374.jpg
https://jav.guru/1032404/rebd-446-a-romantic-holiday-with-my-partner-matsumoto-nanami/,https://cdn.javmiku.com/wp-content/uploads/2026/08/n_1412rebd446pl-550x374.jpg
https://jav.guru/1032405/rebd-445-forbidden-mischief-takanashi-momoe/,https://cdn.javmiku.com/wp-content/uploads/2026/08/n_1412rebd445pl-550x374.jpg
https://jav.guru/1032406/rebd-444-southern-superstar-minami-riona/,https://cdn.javmiku.com/wp-content/uploads/2026/08/n_1412rebd444pl-550x374.jpg
https://jav.guru/1032407/rebd-441-emergency-with-ema-yuri-izumi/,https://cdn.javmiku.com/wp-content/uploads/2026/08/n_1412rebd441pl-550x374.jpg
https://jav.guru/1032408/rebd-440-after-school-seduction-fantasy-yumemite-uta/,https://cdn.javmiku.com/wp-content/uploads/2026/08/n_1412rebd440pl-550x374.jpg
https://jav.guru/1032409/rebd-438-the-season-of-elegance-kotoi-shihori/,https://cdn.javmiku.com/wp-content/uploads/2026/08/n_1412rebd438pl-550x374.jpg
https://jav.guru/1032410/rebd-436-lovely-travel-lovers-kiritani-matsuri/,https://cdn.javmiku.com/wp-content/uploads/2026/08/n_1412rebd436pl-550x374.jpg
https://jav.guru/1032411/rebd-431-feeling-the-sideboob-in-the-reiwa-era-reiwa-rei/,https://cdn.javmiku.com/wp-content/uploads/2026/08/n_1412rebd431pl-550x374.jpg
https://jav.guru/1032412/rebd-430-colorful-wings-amami-tubasa/,https://cdn.javmiku.com/wp-content/uploads/2026/08/n_1412rebd430pl-550x374.jpg
https://jav.guru/1032413/rebd-428-a-feeling-of-anticipation-begins-touka-yuria/,https://cdn.javmiku.com/wp-content/uploads/2026/08/n_1412rebd428pl-550x374.jpg
https://jav.guru/1032414/rebd-424-the-innocent-girls-seven-transformations-kano-yura/,https://cdn.javmiku.com/wp-content/uploads/2026/08/n_1412rebd424pl-550x374.jpg
https://jav.guru/1032415/rebd-423-twinkle-storm-2-akari-tsumugi/,https://cdn.javmiku.com/wp-content/uploads/2026/08/n_1412rebd423pl-550x374.jpg
https://jav.guru/1032416/rebd-419-momo-idolizes-the-cherry-sky-sakura-momo/,https://cdn.javmiku.com/wp-content/uploads/2026/08/n_1412rebd419pl-550x374.jpg
https://jav.guru/1032417/rebd-417-naughty-and-playful-cup-action-miura-rui/,https://cdn.javmiku.com/wp-content/uploads/2026/08/n_1412rebd417pl-550x374.jpg
https://jav.guru/1032418/rebd-416-yukas-sweet-first-experience-yuyu-monami/,https://cdn.javmiku.com/wp-content/uploads/2026/08/n_1412rebd416pl-550x374.jpg
https://jav.guru/1032419/rebd-414-seventh-eden-ichikawa-masami/,https://cdn.javmiku.com/wp-content/uploads/2026/08/n_1412rebd414pl-550x374.jpg
https://jav.guru/1032420/rebd-408-twin-tailed-love-affair-nonoura-non/,https://cdn.javmiku.com/wp-content/uploads/2026/08/n_1155rebd408pl-550x374.jpg
https://jav.guru/1032422/rebd-372-the-only-flower-hoshimiya-ichika/,https://cdn.javmiku.com/wp-content/uploads/2026/08/n_1412rebd372pl-550x374.jpg
https://jav.guru/1032426/rebd-281-spring-feelings-of-love-suzuki-koharu/,https://cdn.javmiku.com/wp-content/uploads/2026/08/n_1412rebd281pl-550x374.jpg
https://jav.guru/1032427/rebd-268-a-bouquet-of-smiles-just-for-you-julia/,https://cdn.javmiku.com/wp-content/uploads/2026/08/n_1412rebd268pl-550x374.jpg
https://jav.guru/1032428/rebd-253-elegant-and-extravagant-beauty-kitagawa-erika/,https://cdn.javmiku.com/wp-content/uploads/2026/08/n_1412rebd253pl-550x374.jpg
https://jav.guru/1032456/hunt-863-i-dont-want-to-make-my-uncle-a-criminal-so-when-my-high-school-niece-visits-she-accidentally-enters-my-forbidden-room-filled-with-my-favorite-adult-materials-shinomiya-yuri/,https://cdn.javmiku.com/wp-content/uploads/2026/08/1hunt863pl-550x374.jpg
https://jav.guru/1032457/hunt-860-sister-pleads-with-me-to-help-her-after-getting-something-stuck-inside-while-trying-to-pleasure-herself-minami-riona-itano-yuki-aoi-koharu-ashida-tomoko-suzumiya-kotone/,https://cdn.javmiku.com/wp-content/uploads/2026/08/1hunt860pl-550x374.jpg
https://jav.guru/1032459/hunt-853-sister-gets-soaked-in-the-bathroom-while-accidentally-showering-herself-during-cleaning-araki-mai-aoi-koharu-katsuragi-maya-saori-kurashina-iori-sana-suzumiya-kotone-aoba-yui/,https://cdn.javmiku.com/wp-content/uploads/2026/08/1hunt853pl-550x374.jpg
https://jav.guru/1032460/hunt-849-a-college-student-still-sharing-a-room-with-his-sister-unexpectedly-finds-himself-in-a-69-yoshida-hana-aoi-koharu-katsuragi-maya-ishihara-ai-aihara-yua-hinata-umi/,https://cdn.javmiku.com/wp-content/uploads/2026/08/1hunt849pl-550x374.jpg
https://jav.guru/1032461/hunt-846-a-young-wife-cant-resist-rubbing-against-her-sons-morning-erection-yoshida-hana-yamamoto-miwako-aizawa-ren-horiuchi-akemi-natsume-miura-fukusaki-ren/,https://cdn.javmiku.com/wp-content/uploads/2026/08/1hunt846pl-1-550x374.jpg
https://jav.guru/1032462/hunt-842-a-week-of-living-with-six-adorable-nieces-turns-my-mundane-life-upside-down-as-my-divorced-sister-returns-home-minami-riona-kasugano-yui-sakuragi-iku-amane-haruka-kaede-yuuka/,https://cdn.javmiku.com/wp-content/uploads/2026/08/1hunt842pl-550x374.jpg
https://jav.guru/1032463/hunt-838-all-the-neighbors-have-big-breasts-and-no-bras-in-this-exciting-new-chapter-of-life-asuka-mitsuki-matsushita-miyuki-mitsuikura-nayu-fukusaki-ren/,https://cdn.javmiku.com/wp-content/uploads/2026/08/1hunt838pl-550x374.jpg
https://jav.guru/1032464/hunt-836-ignored-by-girls-i-secretly-add-an-aphrodisiac-to-drinks-at-my-sisters-popular-birthday-hayase-alice-saionji-reo-kawagoe-yui-konishi-marie-toono-miho-ishihara-ami-takanashi-haru/,https://cdn.javmiku.com/wp-content/uploads/2026/08/1hunt836pl-550x374.jpg
https://jav.guru/1032465/hunt-834-my-mom-cleaned-my-room-without-permission-yoshida-hana-asuka-mitsuki-honda-riko-nishikawa-rion-sasaki-remi-ishihara-ai-ashida-tomoko-sasaki-kaho-fukusaki-ren/,https://cdn.javmiku.com/wp-content/uploads/2026/08/1hunt834pl-550x374.jpg
https://jav.guru/1032466/dldss-528-the-peak-of-a-high-class-flower-a-48-year-old-former-secretary-debuts-with-unchanged-beauty-and-evolving-desires-miyakami-yuihana/,https://cdn.javmiku.com/wp-content/uploads/2026/08/1dldss00528pl-550x374.jpg
https://jav.guru/1032588/zsmx-001-extreme-pleasure-training-a-tough-love-lesson-in-enhancing-sensations-takayama-tao/,https://cdn.javmiku.com/wp-content/uploads/2026/08/n_650zsmx0010pl-550x374.jpg
https://jav.guru/1032589/ymdd-501-a-wild-adventure-with-unexpected-surprises-as-a-group-of-friends-navigates-a-chaotic-night-of-street-pickup-and-passionate-encounters-nozomi-arimura/,https://cdn.javmiku.com/wp-content/uploads/2026/08/ymdd501pl-550x374.jpg
https://jav.guru/1032590/usag-096-amateur-girls-only-a-challenge-to-keep-panties-dry-while-watching-a-man-for-ten-minutes-natsukawa-ayumi-hoshino-natsuki-tsukino-kotone-minami-haru/,https://cdn.javmiku.com/wp-content/uploads/2026/08/usag096pl-550x374.jpg
https://jav.guru/1032591/totk-024-fairy-with-long-ears-experiences-anal-submission-mari-ruri/,https://cdn.javmiku.com/wp-content/uploads/2026/08/h_1133totk024pl-550x374.jpg
https://jav.guru/1032592/stsk-224-four-aspiring-idols-indulge-in-a-full-on-addictive-experience-of-pleasure-and-excess-miyagi-rie-yorimoto-shiori-usui-natsume-sakura-yuzuki/,https://cdn.javmiku.com/wp-content/uploads/2026/08/h_1605stsk224pl-550x374.jpg
https://jav.guru/1032593/sqte-704-a-drunken-night-with-a-friend-aizawa-miyu/,https://cdn.javmiku.com/wp-content/uploads/2026/08/sqte704pl-550x374.jpg
https://jav.guru/1032594/spe-008-shoplifting-housewives-curvy-and-full-figured-with-excuses-troublesome-shaved-wives-with-allure-futaba-sara-usui-serina-sakuragi-minato/,https://cdn.javmiku.com/wp-content/uploads/2026/08/h_113spe008pl-550x374.jpg
https://jav.guru/1032595/sigl-022-amateur-girls-vol-22-three-inexperienced-young-women-all-experiencing-unprotected-intercourse-yumekawa-honoka-ashina-honoka-ousaka-kiho/,https://cdn.javmiku.com/wp-content/uploads/2026/08/sigl022pl-550x374.jpg
https://jav.guru/1032596/sgki-096-a-halloween-challenge-in-aoyama-a-busty-girlfriend-must-endure-without-reacting-to-win-a-million-yen-matsui-hinako-hanamori-kaho-aizawa-miyu/,https://cdn.javmiku.com/wp-content/uploads/2026/08/1sgki00096pl-550x374.jpg
https://jav.guru/1032597/sdgy-004-a-beautiful-girl-with-short-hair-meets-a-boy-and-they-quickly-engage-in-mutual-oral-pleasure-and-intense-intimacy-shizuku-kokoro/,https://cdn.javmiku.com/wp-content/uploads/2026/08/sdgy004pl-550x374.jpg
https://jav.guru/1032598/pkpl-068-a-top-student-accepts-internal-release-for-the-sake-of-advancing-her-education-while-in-a-relationship-otoda-eri/,https://cdn.javmiku.com/wp-content/uploads/2026/08/pkpl068pl-550x374.jpg
https://jav.guru/1032599/pkpd-428-documentary-of-a-cheating-wife-misaki-hikari/,https://cdn.javmiku.com/wp-content/uploads/2026/08/pkpd428pl-550x374.jpg
https://jav.guru/1032600/pets-067-debut-of-a-crossdresser-experiencing-intense-pleasure-during-anal-intercourse-with-live-insertion-hikami-eri/,https://cdn.javmiku.com/wp-content/uploads/2026/08/pets067pl-550x374.jpg
https://jav.guru/1032601/onin-113-enjoying-the-softness-of-natural-breasts-taking-my-time-to-fondle-them-through-clothing-lingerie-and-bare-skin-sakurano-momo/,https://cdn.javmiku.com/wp-content/uploads/2026/08/onin113pl-550x374.jpg
https://jav.guru/1032602/npjb-122-girls-from-minato-ward-exploited-by-older-men-seeking-revenge-through-hidden-filming-best-moments-volume-2-mizuki-mei-miyagi-rie-seto-hinako-saitoh-honoka/,https://cdn.javmiku.com/wp-content/uploads/2026/08/npjb122pl-550x374.jpg
https://jav.guru/1032603/moil-007-forbidden-encounters-with-my-mother-in-law-after-all-shes-better-than-my-wife-yosii-miki-yokoyama-natsuki/,https://cdn.javmiku.com/wp-content/uploads/2026/08/moil007pl-550x374.jpg
https://jav.guru/1032604/mogk-008-a-beautiful-young-wife-in-debt-is-subjected-to-degrading-manipulation-seto-hinako/,https://cdn.javmiku.com/wp-content/uploads/2026/08/mogk008pl-550x374.jpg
https://jav.guru/1032605/huntc-535-is-she-looking-at-me-is-she-interested-my-teenage-stepdaughter-seems-to-dislike-me-amau-ririka-kawakami-shizuku-kashiwagi-konatsu-minazuki-hikaru/,https://cdn.javmiku.com/wp-content/uploads/2026/08/huntc535pl-550x374.jpg
https://jav.guru/1032606/huntc-439-my-reason-went-out-the-window-when-i-found-myself-grabbing-my-stepsisters-breasts-andoh-haru-izumi-rion-watarai-fuu-ayami-nana/,https://cdn.javmiku.com/wp-content/uploads/2026/08/huntc439pl-550x374.jpg
https://jav.guru/1032607/hsm-088-stunning-new-star-natural-beauty-makes-her-adult-film-debut-as-a-transgender-performer-mutsuki-maya/,https://cdn.javmiku.com/wp-content/uploads/2026/08/h_458hsm088pl-550x374.jpg
https://jav.guru/1032608/gun-695-debut-of-a-cross-dressing-boy-in-his-first-adult-video/,https://cdn.javmiku.com/wp-content/uploads/2026/08/433gun695pl-550x374.jpg
https://jav.guru/1032609/fgan-186-provocative-display-of-arousal-with-a-tight-anal-tease-during-solo-play-itsuha-misaki-oto-shinomiya-momo-sano-rika-tsukino-aya/,https://cdn.javmiku.com/wp-content/uploads/2026/08/h_1440fgan186pl-550x374.jpg
https://jav.guru/1032610/avsa-444-mind-bending-oral-pleasure-with-a-tanned-athlete-in-a-dress-featuring-intense-sperm-swallowing-and-anal-play-suzune-niko/,https://cdn.javmiku.com/wp-content/uploads/2026/08/avsa444pl-550x374.jpg
https://jav.guru/1032611/agmx-269-intense-glass-licking-and-lewd-oral-pleasure-showcase-kuraki-shiori-minami-kozue-ichikawa-riku-nashiki-serina-yuri-ryo-toriki-hana-narumi-yua/,https://cdn.javmiku.com/wp-content/uploads/2026/08/agmx269pl-550x374.jpg
https://jav.guru/1032612/ageom-035-a-festival-of-full-body-splashes-with-washing-ninomiya-waka-toa-kotone-nagase-yui-matsumoto-ichika-monami-suzu-kinoshita-himari-horikita-wan-ichiki-mahiro-hironaka-minami/,https://cdn.javmiku.com/wp-content/uploads/2026/08/ageom035pl-550x374.jpg
https://jav.guru/1033075/start-613-whispers-of-temptation-four-scenarios-of-secret-intimacy-with-a-mischievous-voice-that-arouses-desire-akari-matsunaga/,https://cdn.javmiku.com/wp-content/uploads/2026/08/1start613pl-550x374.jpg
https://jav.guru/1033076/start-611-in-a-village-of-swapping-newlyweds-engage-in-ntr-as-a-form-of-entertainment-in-a-community-of-perversion-shibazaki-haru-tachibana-hinata/,https://cdn.javmiku.com/wp-content/uploads/2026/08/1start611pl-550x374.jpg
https://jav.guru/1033077/start-609-first-time-non-stop-climax-orgy-with-a-total-of-19-releases-in-a-special-edition-nanase-tazune/,https://cdn.javmiku.com/wp-content/uploads/2026/08/1start609pl-550x374.jpg
https://jav.guru/1033078/start-587-after-losing-my-parents-at-a-young-age-i-became-jealous-of-my-sisters-fiance-and-engaged-in-repeated-intimate-encounters-to-be-with-her-forever-ichinomiya-rui/,https://cdn.javmiku.com/wp-content/uploads/2026/08/1start587pl-550x374.jpg
https://jav.guru/1033083/sdam-178-our-life-of-mutual-insertion/,https://cdn.javmiku.com/wp-content/uploads/2026/08/1sdam178pl-550x374.jpg
https://jav.guru/1033091/mrec-008-a-legendary-53-year-old-actress-reveals-her-past-struggles-motherhood-and-sensual-experiences-in-an-intimate-exploration-of-desire-and-vulnerability-tomoda-maki/,https://cdn.javmiku.com/wp-content/uploads/2026/08/mrec00008pl-550x374.jpg
https://jav.guru/1033092/guild-141-innocent-baby-hinata-shizaki/,https://cdn.javmiku.com/wp-content/uploads/2026/08/1212-550x374.jpg
https://jav.guru/1033093/guild-139-spoil-me-rinrin-rin-tachibana/,https://cdn.javmiku.com/wp-content/uploads/2026/08/559-550x374.jpg
https://jav.guru/1033094/guild-123-innocent-honey-ayaka-sayama/,https://cdn.javmiku.com/wp-content/uploads/2026/08/558-550x374.jpg
https://jav.guru/1033095/guild-112-i-love-you-j-sena-ichimizu/,https://cdn.javmiku.com/wp-content/uploads/2026/08/1547291930_guild-112-550x374.jpg
https://jav.guru/1033096/guild-110-umi-older-girlfriend-aomi-serina/,https://cdn.javmiku.com/wp-content/uploads/2026/08/1469-550x374.jpg
https://jav.guru/1033097/guild-106-twenty-years-old-kaori-hisamatsu/,https://cdn.javmiku.com/wp-content/uploads/2026/08/1561828752_guild-106-550x374.jpg
https://jav.guru/1033098/guild-100-love-sin-aiko-eguchi/,https://cdn.javmiku.com/wp-content/uploads/2026/08/1593-550x374.jpg
https://jav.guru/1033099/guild-095-love-of-seven-colors-nana-hiratsuka/,https://cdn.javmiku.com/wp-content/uploads/2026/08/258887597_159-550x374.jpg
https://jav.guru/1033100/guild-087-reluctant-kiss-nanoka-ito/,https://cdn.javmiku.com/wp-content/uploads/2026/08/552-550x374.jpg
https://jav.guru/1033101/guild-082-mana-happy-manami-furukawa/,https://cdn.javmiku.com/wp-content/uploads/2026/08/2492-550x374.jpg
https://jav.guru/1033102/guild-079-and-for-you-shiraishi-aya/,https://cdn.javmiku.com/wp-content/uploads/2026/08/2832-550x374.jpg
https://jav.guru/1033103/guild-074-sister-complex-emi-ito/,https://cdn.javmiku.com/wp-content/uploads/2026/08/258887594_158-550x374.jpg
https://jav.guru/1033104/guild-044-melancholic-cinema-2-aiko-otake/,https://cdn.javmiku.com/wp-content/uploads/2026/08/guild-044-550x374.jpg
https://jav.guru/1033105/guild-042-love-rina-rina-nagai/,https://cdn.javmiku.com/wp-content/uploads/2026/08/313587267_2945-550x374.jpg
https://jav.guru/1033106/guild-038-pure-girlfriend-aoi-rino/,https://cdn.javmiku.com/wp-content/uploads/2026/08/309046953_2690-550x374.jpg
https://jav.guru/1033107/guild-037-first-love-v-miki-ichikawa/,https://cdn.javmiku.com/wp-content/uploads/2026/08/1091-550x374.jpg
https://jav.guru/1033108/guild-026-first-love-connection-konona-shiba/,https://cdn.javmiku.com/wp-content/uploads/2026/08/1570727550_guild-026-550x374.jpg
https://jav.guru/1033109/fays-015-my-exclusive-cosplay-photo-shoot/,https://cdn.javmiku.com/wp-content/uploads/2026/08/55fays015pl-550x374.jpg
https://jav.guru/1033110/enfd-5830-supple-mami-hayama/,https://cdn.javmiku.com/wp-content/uploads/2026/08/263333802_enfd-5830-550x374.jpg
https://jav.guru/1033111/enfd-5802-thoughts-of-nanoka/,https://cdn.javmiku.com/wp-content/uploads/2026/08/1728-550x374.jpg
https://jav.guru/1033112/enfd-5797-your-color-flavor-shiori-konno/,https://cdn.javmiku.com/wp-content/uploads/2026/08/1955-550x374.jpg
https://jav.guru/1033113/enfd-5795-falling-in-love-with-hitomi-hitomi-ichinose/,https://cdn.javmiku.com/wp-content/uploads/2026/08/1283-550x374.jpg
https://jav.guru/1033114/enfd-5784-nice-to-meet-you-i-came-from-guyana-sayumi-makino/,https://cdn.javmiku.com/wp-content/uploads/2026/08/1568575875_enfd-5784-550x374.jpg
https://jav.guru/1033115/enfd-5736-ramu/,https://cdn.javmiku.com/wp-content/uploads/2026/08/1568240911_enfd-5736-550x374.jpg
https://jav.guru/1033116/enfd-5675-future-diary-miku-aono/,https://cdn.javmiku.com/wp-content/uploads/2026/08/1569157994_enfd-5675-550x374.jpg
https://jav.guru/1033117/dldss-530-a-mother-questions-her-sons-upbringing-as-their-family-is-dominated-by-his-delinquent-girlfriend-tanihara-nozomi-nagasaki-yukine/,https://cdn.javmiku.com/wp-content/uploads/2026/08/1dldss00530pl-550x374.jpg
https://jav.guru/1033972/thza-09-super-heroine-in-a-desperate-situation-vol-109-magical-girl-warrior-fontaine-nishino-emi/,https://cdn.javmiku.com/wp-content/uploads/2026/08/h_173thza09pl-550x374.jpg
https://jav.guru/1033975/spsf-37-new-star-squad-ryusei-the-red-warrior-akana-ito/,https://cdn.javmiku.com/wp-content/uploads/2026/08/h_173spsf37pl-550x374.jpg
https://jav.guru/1033976/spsf-36-dark-girl-and-catty-the-ultimate-psychos-twisted-battle-part-one-konno-hikaru-tsuji-sakura/,https://cdn.javmiku.com/wp-content/uploads/2026/08/h_173spsf36pl-550x374.jpg
https://jav.guru/1033977/scr-349-amateur-daytime-encounter-with-a-young-man-and-unprotected-intimacy-kudo-rara-hinata-yuna/,https://cdn.javmiku.com/wp-content/uploads/2026/08/12scr349pl-550x374.jpg
https://jav.guru/1033978/nact-168-a-skilled-recluse-support-counselor-puts-her-mature-body-and-erotic-techniques-to-full-use-yosii-miki/,https://cdn.javmiku.com/wp-content/uploads/2026/08/h_237nact168pl-550x374.jpg
https://jav.guru/1033979/nact-167-a-beautiful-older-woman-from-next-door-who-lost-her-keys-takes-over-my-room-and-teases-me-while-showing-off-in-the-shower-until-her-husband-returns-shoda-chisato/,https://cdn.javmiku.com/wp-content/uploads/2026/08/h_237nact167pl-550x374.jpg
https://jav.guru/1033980/nact-166-my-daughter-is-just-my-type-returning-home-after-a-long-absence-i-find-shes-become-the-woman-ive-always-wanted-itoi-ruka/,https://cdn.javmiku.com/wp-content/uploads/2026/08/h_237nact166pl-550x374.jpg
https://jav.guru/1033981/nact-165-why-did-i-only-book-one-room-i-found-myself-sharing-with-a-clumsy-older-subordinate-who-captivated-me-completely-miyamoto-satomi/,https://cdn.javmiku.com/wp-content/uploads/2026/08/h_237nact165pl-550x374.jpg
https://jav.guru/1033982/nact-164-bought-by-a-dominant-girl-a-complete-record-of-submission-as-im-collared-and-brought-to-pleasure-through-foot-worship-kisaki-nana/,https://cdn.javmiku.com/wp-content/uploads/2026/08/h_237nact164pl-550x374.jpg
https://jav.guru/1033983/nact-163-a-serious-office-worker-gets-trapped-in-a-new-apartment-with-a-respected-senior-leading-to-a-shameful-experience-with-hidden-toys-and-a-desperate-plea-for-intimacy-aizawa-miyu/,https://cdn.javmiku.com/wp-content/uploads/2026/08/h_237nact163pl-550x374.jpg
https://jav.guru/1033984/nact-162-caught-in-the-moment-a-busty-beauty-gets-aroused-by-a-mans-erection-and-eagerly-engages-in-unexpected-encounters-yamamoto-kotone/,https://cdn.javmiku.com/wp-content/uploads/2026/08/h_237nact162pl-550x374.jpg
https://jav.guru/1033986/lol-248-get-ready-for-some-training-right-here-no-way-doing-this-outside-is-terrible-outdoor-training-with-a-rural-beauty-ichii-yuika-hinata-yuna-tsukino-aya/,https://cdn.javmiku.com/wp-content/uploads/2026/08/12lol248pl-550x374.jpg
https://jav.guru/1033990/iesp-589-incredible-wetting-volume-10-yazawa-shiori/,https://cdn.javmiku.com/wp-content/uploads/2026/08/1iesp589pl-550x374.jpg
https://jav.guru/1033991/iesp-585-incredible-wetting-volume-8-miyazi-yurika/,https://cdn.javmiku.com/wp-content/uploads/2026/08/1iesp585pl-550x374.jpg
https://jav.guru/1033992/iesp-579-incestuous-reunion-with-father-minami-riona/,https://cdn.javmiku.com/wp-content/uploads/2026/08/1iesp579pl-550x374.jpg
https://jav.guru/1033993/iesp-574-mother-and-daughter-swap-bodies-tomoda-ayaka-hojo-maki/,https://cdn.javmiku.com/wp-content/uploads/2026/08/1iesp574pl-550x374.jpg
https://jav.guru/1033994/iesp-551-the-worries-of-a-married-woman-in-a-housing-complex-mizuki-nao/,https://cdn.javmiku.com/wp-content/uploads/2026/08/1iesp551pl-550x374.jpg
https://jav.guru/1033995/iesp-538-intense-climax-and-sex-hayama-junko/,https://cdn.javmiku.com/wp-content/uploads/2026/08/1iesp538pl-550x374.jpg
https://jav.guru/1033996/iesp-530-the-worries-of-a-married-woman-in-a-housing-complex-moroboshi-seira/,https://cdn.javmiku.com/wp-content/uploads/2026/08/1iesp530pl-550x374.jpg
https://jav.guru/1033997/iesp-486-the-beautiful-wife-ayukawa-nao/,https://cdn.javmiku.com/wp-content/uploads/2026/08/1iesp486pl-550x374.jpg
https://jav.guru/1033998/iesp-464-new-employees-20-internal-releases-mika-nurie/,https://cdn.javmiku.com/wp-content/uploads/2026/08/1iesp464pl-550x374.jpg
https://jav.guru/1033999/iesp-461-the-widow-in-mourning-feels-a-deep-ache-ayukawa-nao/,https://cdn.javmiku.com/wp-content/uploads/2026/08/1iesp461pl-550x374.jpg
https://jav.guru/1034000/iesp-460-weather-girl-20-times-of-internal-release-kousaka-yuri/,https://cdn.javmiku.com/wp-content/uploads/2026/08/1iesp460pl-550x374.jpg
https://jav.guru/1034001/iesp-459-incredible-wetting-volume-3-tsuji-saki/,https://cdn.javmiku.com/wp-content/uploads/2026/08/1iesp459pl-550x374.jpg
https://jav.guru/1034002/iesp-448-prisoner-patient-4-mitsui-towa/,https://cdn.javmiku.com/wp-content/uploads/2026/08/1iesp448pl-550x374.jpg
https://jav.guru/1034003/iesp-446-vaginal-spasms-and-the-torment-of-desire-in-a-nursing-scenario-aizawa-nao/,https://cdn.javmiku.com/wp-content/uploads/2026/08/1iesp446pl-550x374.jpg
https://jav.guru/1034004/iesp-445-twenty-spontaneous-encounters-with-a-female-teacher-hoshi-anje/,https://cdn.javmiku.com/wp-content/uploads/2026/08/1iesp445pl-550x374.jpg
https://jav.guru/1034005/iesp-444-incredible-wetting-experience-kosaka-meguru/,https://cdn.javmiku.com/wp-content/uploads/2026/08/1iesp444pl-550x374.jpg
https://jav.guru/1034006/iesp-432-glossy-bukkake-and-internal-release-7-sumikawa-roa/,https://cdn.javmiku.com/wp-content/uploads/2026/08/1iesp432pl-550x374.jpg
https://jav.guru/1034007/iesp-371-ultimate-collection-of-100-intense-internal-releases-from-2007-takizawa-yuna-aisaki-reira-kanno-arisa-himeno-ai-shiina-riku-ayase-haruna-amai-mitsu/,https://cdn.javmiku.com/wp-content/uploads/2026/08/1iesp371pl-550x374.jpg
https://jav.guru/1034008/iesp-370-collection-of-100-public-groping-and-internal-ejaculation-scenes-from-2007-aisaki-reira-nakano-mina-fujimoto-marina-ayumi-motomura-ayase-haruna/,https://cdn.javmiku.com/wp-content/uploads/2026/08/1iesp370pl-550x374.jpg
https://jav.guru/1034009/iesp-219-20-consecutive-internal-releases-with-a-female-teacher-aisaki-reira/,https://cdn.javmiku.com/wp-content/uploads/2026/08/1iesp219pl-550x374.jpg
https://jav.guru/1034010/iesp-187-special-edition-for-complete-permanent-preservation-tachibana-riko/,https://cdn.javmiku.com/wp-content/uploads/2026/08/1iesp187pl-550x374.jpg
https://jav.guru/1034011/hunt-998-living-lonely-days-for-some-reason-due-to-a-scary-looking-face-tsubaki-kanari-konishi-marie-masuwaka-erika-takanashi-haru-tsuruta-kana/,https://cdn.javmiku.com/wp-content/uploads/2026/08/1hunt998pl-550x374.jpg
https://jav.guru/1034012/hunt-937-jealous-sister-has-a-crush-on-her-older-sisters-friend-and-cant-help-but-imitate-her-sister-during-their-private-time-natsume-yuuki-shinomiya-yuri-arimoto-sayo-hoshikawa-maki/,https://cdn.javmiku.com/wp-content/uploads/2026/08/1hunt937pl-550x374.jpg
https://jav.guru/1034013/hunt-918-a-housekeepers-role-reversal-leads-to-frced-encounters-after-witnessing-a-secret-asakura-kotomi-nonomiya-misato-haneda-nozomi/,https://cdn.javmiku.com/wp-content/uploads/2026/08/1hunt918pl-550x374.jpg
https://jav.guru/1034014/hunt-852-the-schools-most-unpopular-student-finds-himself-pressed-against-the-class-beauty-in-a-crowded-ayami-hikaru-honoka-mayu-hoshikawa-maki-takahide-akari-omori-reina-takatsuki-runa/,https://cdn.javmiku.com/wp-content/uploads/2026/08/1hunt852pl-550x374.jpg
https://jav.guru/1034015/hunt-610-i-lost-my-professionalism-as-a-teacher-after-witnessing-students-having-sex-and-giving-in-to-my-desires-kojima-junna-kobayashi-yuki-%e5%b0%8f%e6%9e%97%e3%82%86%e3%81%8d-uchimura-rina/,https://cdn.javmiku.com/wp-content/uploads/2026/08/1hunt610pl-550x374.jpg
https://jav.guru/1034016/htb-14-heroine-defeat-vol-114-the-spandex-angel-faces-loss-and-experiences-pain-and-fear-for-the-first-time-aisaka-sumire/,https://cdn.javmiku.com/wp-content/uploads/2026/08/h_173htb14pl-550x374.jpg
https://jav.guru/1034017/clot-041-seductive-black-pantyhose-female-boss-hatano-yui/,https://cdn.javmiku.com/wp-content/uploads/2026/08/h_237clot041pl-550x374.jpg
https://jav.guru/1034018/bur-652-a-four-hour-live-stream-featuring-solo-masturbation-mizutani-aoi-mari-rika-takasugi-mari-kuraki-shiori-kanon-urara-fujimori-riho-miyazaki-rin-satsuki-ena-otsu-arisu-arioka-miu/,https://cdn.javmiku.com/wp-content/uploads/2026/08/12bur652pl-550x374.jpg
https://jav.guru/1034260/vsed-103-on-a-quiet-country-road-how-many-rural-women-will-agree-to-have-sex-after-being-approached-nakai-mayumi-oshima-mikako-mizuhashi-yuri-mitsumine-kazuko-aoi-yurika-otsuka-shizuku/,https://cdn.javmiku.com/wp-content/uploads/2026/08/70vsed103pl-550x374.jpg
https://jav.guru/1034261/vnds-2777-granddaughter-tormented-by-her-grandfather-and-his-friends-hinaki-anzu/,https://cdn.javmiku.com/wp-content/uploads/2026/08/h_170vnds2777pl-550x374.jpg
https://jav.guru/1034262/vnds-2763-while-the-father-isnt-watching-the-son-secretly-sets-up-a-remote-device-on-his-mother-mii-ayano-asada-hiromi-tomita-jun-izumi-kaoru/,https://cdn.javmiku.com/wp-content/uploads/2026/08/h_170vnds2763pl-550x374.jpg
https://jav.guru/1034263/ugss-024-a-mother-catches-her-son-watching-adult-videos-and-reacts-toma-yuki-natsukawa-miku-mori-nanako-fukiishi-rena/,https://cdn.javmiku.com/wp-content/uploads/2026/08/18ugss024pl-550x374.jpg
https://jav.guru/1034264/tmdi-070-a-35-year-old-mother-of-four-enjoys-a-happy-family-life-but-her-provocative-tan-lines-from-a-hawaiian-vacation-tell-a-different-story-fukiishi-rena/,https://cdn.javmiku.com/wp-content/uploads/2026/08/h_452tmdi070pl-550x374.jpg
https://jav.guru/1034265/nsps-134-women-caught-up-in-events-always-the-target-of-desire-michiko-serenade-mizusawa-maki/,https://cdn.javmiku.com/wp-content/uploads/2026/08/164nsps134pl-550x374.jpg
https://jav.guru/1034266/nsps-131-desperate-sex-with-a-girl-who-has-suicidal-thoughts-aine-mayu-mizushima-ai/,https://cdn.javmiku.com/wp-content/uploads/2026/08/164nsps131pl-550x374.jpg
https://jav.guru/1034267/nhdta-356-a-petite-18-year-old-maid-cafe-worker-makes-her-adult-film-debut-at-just-45-and-70-pounds-yukino-riko/,https://cdn.javmiku.com/wp-content/uploads/2026/08/1nhdta356pl-550x374.jpg
https://jav.guru/1034268/mxgs-385-shocking-retirement-a-tuna-girl-faces-brutal-violation-yano-saki/,https://cdn.javmiku.com/wp-content/uploads/2026/08/h_068mxgs385pl-550x374.jpg
https://jav.guru/1034269/miad-913-frced-intercourse-with-a-defiant-woman-in-a-hard-hitting-scenario-usui-saryuu-fukiishi-rena-kanou-hana/,https://cdn.javmiku.com/wp-content/uploads/2026/08/miad913pl-550x374.jpg
https://jav.guru/1034270/hunt-817-my-awkward-life-as-a-guy-nicknamed-doctor-where-classmates-mizuki-risa-ashina-yuria-ayu-sakurai-takigawa-kanon-%e6%bb%9d%e5%b7%9d%e3%81%8b%e3%81%ae%e3%82%93-shiratori-yuna-naga/,https://cdn.javmiku.com/wp-content/uploads/2026/08/1hunt817pl-550x374.jpg
https://jav.guru/1034271/hunt-812-my-mother-transforms-from-mom-to-woman-after-i-get-aroused-during-a-rare-ear-cleaning-leading-to-unexpected-desires-and-her-pursuing-me-satsuki-takaya/,https://cdn.javmiku.com/wp-content/uploads/2026/08/1hunt812pl-550x374.jpg
https://jav.guru/1034272/hunt-811-a-crowded-train-leads-to-an-unexpected-encounter-with-a-stunning-woman-shinomiya-yuri-hara-chigusa-asakura-yui-%e6%b5%85%e5%80%89%e7%b5%90%e8%a1%a3-nagase-ryoko-aihara-yua/,https://cdn.javmiku.com/wp-content/uploads/2026/08/1hunt811pl-550x374.jpg
https://jav.guru/1034273/hunt-810-surrounded-by-girls-im-the-only-guy-in-the-kings-game-4-minami-riona-aoi-koharu-usui-aimi-komine-miko-mamika-momohara/,https://cdn.javmiku.com/wp-content/uploads/2026/08/1hunt810pl-550x374.jpg
https://jav.guru/1034274/hunt-808-a-high-school-girl-eager-to-touch-bare-legs-asks-a-friend-to-run-a-day-spa-offering-half-price-for-students-minami-riona-kojima-sena-hazuki-karen/,https://cdn.javmiku.com/wp-content/uploads/2026/08/1hunt808pl-550x374.jpg
https://jav.guru/1034275/hunt-806-the-nurse-is-busy-and-frustrated-but-when-admitted-kohaku-uta-niiyama-kaede-ootsuki-hibiki-usami-nana-aizawa-ren-sasaki-remi-hazuki-karen-mutou-tsugumi/,https://cdn.javmiku.com/wp-content/uploads/2026/08/HUNT-806-550x374.jpg
https://jav.guru/1034276/hunt-805-a-cozy-family-gathering-turns-awkward-when-a-risque-scene-on-tv-catches-everyones-attention-revealing-a-shocking-secret-under-the-kotatsu-kirimiya-ten-hazuki-karen-hazuki-nanase/,https://cdn.javmiku.com/wp-content/uploads/2026/08/1hunt805pl-550x374.jpg
https://jav.guru/1034277/hunt-804-a-miraculous-situation-alone-in-a-mixed-outdoor-hot-spring-with-a-busty-woman-yoshida-hana-arisawa-risa-asuka-mitsuki-saejima-kaori-tachibana-sakura-hinata-umi-haneda-nozomi/,https://cdn.javmiku.com/wp-content/uploads/2026/08/1hunt804pl-550x374.jpg
https://jav.guru/1034278/hunt-802-after-20-years-as-a-teacher-my-life-changed-dramatically-when-i-started-at-a-prestigious-all-girls-school-sakurazaki-hina-hamasaki-mao-mutou-tsugumi-mashiro-ai-momose-rinka/,https://cdn.javmiku.com/wp-content/uploads/2026/08/1hunt802pl-550x374.jpg
https://jav.guru/1034279/hunt-798-after-school-with-nothing-to-do-i-visited-the-school-library-minami-riona-minami-airi-serino-rina-takahashi-yura-aohitsugi-rika/,https://cdn.javmiku.com/wp-content/uploads/2026/08/1hunt798pl-550x374.jpg
https://jav.guru/1034280/hunt-795-my-teacher-classmates-and-sister-desperately-try-to-convince-me-to-go-to-school-after-i-refuse-to-attend-tomoda-ayaka-mizusawa-mao-kirimiya-ten-ishihara-ai/,https://cdn.javmiku.com/wp-content/uploads/2026/08/1hunt795pl-550x374.jpg
https://jav.guru/1034281/hunt-788-a-mix-up-during-a-business-trip-leads-to-sharing-a-room-with-a-female-colleague-and-as-i-struggle-to-sleep-she-notices-my-growing-arousal-meru-nishikawa-rion-mashiro-ai/,https://cdn.javmiku.com/wp-content/uploads/2026/08/1hunt788pl-550x374.jpg
https://jav.guru/1034282/hunt-785-my-childhood-friend-who-is-four-years-older-and-always-visited-my-room-niiyama-kaede-ashina-yuria-shinomiya-yuri-ayu-sakurai-fukusaki-ren-hinata-umi/,https://cdn.javmiku.com/wp-content/uploads/2026/08/1hunt785pl-550x374.jpg
https://jav.guru/1034283/hunt-784-i-suddenly-gained-seven-beautiful-sisters-after-my-mother-remarried-sunohara-miki-tsuchiya-kei-serizawa-tsumugi-nanase-asami-nanase-kuru-haneda-nozomi-sasaki-sawa/,https://cdn.javmiku.com/wp-content/uploads/2026/08/1hunt784pl-550x374.jpg
https://jav.guru/1034284/hunt-778-i-dont-want-to-die-a-virgin-so-i-became-the-underling-of-the-strongest-student-in-class-saionji-reo-shinomiya-yuri-aoi-koharu/,https://cdn.javmiku.com/wp-content/uploads/2026/08/1hunt778pl-550x374.jpg
https://jav.guru/1034285/hunt-777-as-the-homeroom-teacher-at-an-all-girls-school-i-meticulously-tracked-my-students-behavior-and-completed-a-diary-detailing-their-menstrual-cycles-minami-airi-kaho-ishihara-ai/,https://cdn.javmiku.com/wp-content/uploads/2026/08/1hunt777pl-550x374.jpg
https://jav.guru/1034286/hunt-775-in-our-single-parent-household-we-hire-a-housekeeper-because-my-dad-is-busy-minami-airi-onoue-wakaba-yoshimi-riina-hara-chigusa-takahashi-yura-shiratori-yuna-momota-mayuka/,https://cdn.javmiku.com/wp-content/uploads/2026/08/1hunt775pl-550x374.jpg
https://jav.guru/1034287/hunt-772-a-pure-schoolgirl-gets-secretly-druggd-on-her-bike-saddle-leading-her-to-ride-while-aroused-kohaku-uta-arimura-chika-shinomiya-yuri-takigawa-kanon/,https://cdn.javmiku.com/wp-content/uploads/2026/08/1hunt772pl-550x374.jpg
https://jav.guru/1034288/hunt-769-a-busty-nurse-in-a-revealing-bra-under-her-uniform-secretly-welcomes-the-sexual-advances-from-her-patients-instead-of-rejecting-them-otowa-reon-hinata-umi/,https://cdn.javmiku.com/wp-content/uploads/2026/08/1hunt769pl-550x374.jpg
https://jav.guru/1034289/hunt-768-what-happens-to-a-mans-anatomy-after-40-years-without-casual-conversations-with-women-becoming-a-teacher-at-an-all-girls-school-brought-unexpected-benefits-aoi-koharu-fukusaki-ren/,https://cdn.javmiku.com/wp-content/uploads/2026/08/1hunt768pl-550x374.jpg
https://jav.guru/1034290/hunt-766-my-sister-and-her-friends-party-every-night-in-our-apartment-and-its-a-nightmare-for-me-as-a-recluse-especially-when-they-try-to-drag-me-out-of-my-room-mizuki-an-%e6%b0%b4%e5%b8%8c/,https://cdn.javmiku.com/wp-content/uploads/2026/08/1hunt766pl-550x374.jpg
https://jav.guru/1034291/hunt-762-how-to-unhook-a-bra-my-childhood-friend-once-the-class-beauty-became-a-notorious-flirt-after-moving-to-high-school-kohaku-uta-satou-haruki-ogiwara-kurumi-ishihara-ai/,https://cdn.javmiku.com/wp-content/uploads/2026/08/1hunt762pl-550x374.jpg
https://jav.guru/1034292/hunt-761-on-the-night-before-my-beloved-sisters-wedding-i-sneak-into-her-bed-for-an-intimate-encounter-arimura-chika-ashina-yuria-saki-sudo-takigawa-kanon/,https://cdn.javmiku.com/wp-content/uploads/2026/08/1hunt761pl-550x374.jpg
https://jav.guru/1034293/hunt-760-surrounded-by-girls-im-the-only-guy-in-the-kings-game-3-usami-nana-shinomiya-yuri-abeno-miku/,https://cdn.javmiku.com/wp-content/uploads/2026/08/1hunt760pl-550x374.jpg
https://jav.guru/1034294/hunt-759-suffocated-by-huge-breasts-while-sleeping-between-my-two-sisters-i-found-myself-unable-to-move-and-they-secretly-helped-me-out-satou-haruki-nagakura-yuri/,https://cdn.javmiku.com/wp-content/uploads/2026/08/1hunt759pl-550x374.jpg
https://jav.guru/1034295/hunt-758-a-young-wife-believes-her-husbands-lack-of-interest-is-due-to-her-weight-gain-so-she-desperately-diets-tomoda-ayaka-mizumi-saki-hoshizaki-aya-yuina-saho-saeki-haruna/,https://cdn.javmiku.com/wp-content/uploads/2026/08/1hunt758pl-550x374.jpg
https://jav.guru/1034296/hunt-756-on-a-crowded-train-during-rush-hour-i-couldnt-help-but-get-aroused-by-an-incredibly-cute-girl-right-in-miura-mai-minami-riona-aika-saya-sunohara-miki-momota-mayuka-fujimiya-uduki/,https://cdn.javmiku.com/wp-content/uploads/2026/08/1hunt756pl-550x374.jpg
https://jav.guru/1034297/hunt-752-living-in-a-women-only-share-house-we-enjoy-seducing-a-cute-newcomer-for-a-threesome-niiyama-kaede-serizawa-tsumugi-shinomiya-yuri-fujisaki-seira-ayu-sakurai-shiratori-yuna/,https://cdn.javmiku.com/wp-content/uploads/2026/08/1hunt752pl-550x374.jpg
https://jav.guru/1034298/hunt-745-since-being-laid-off-a-few-years-ago-ive-become-a-stay-at-home-dad-feeling-quite-out-of-place-minami-riona-suzuki-alice-aoi-koharu-koizumi-mitsuka-haneda-nozomi/,https://cdn.javmiku.com/wp-content/uploads/2026/08/1hunt745pl-550x374.jpg
https://jav.guru/1034299/hunt-733-when-i-secretly-showed-my-classmate-in-a-leotard-how-to-avoid-wardrobe-malfunctions-her-embarrassment-turned-into-arousal-matsushita-hikari-ohmomo-risa-kokomi-mashiro-ai/,https://cdn.javmiku.com/wp-content/uploads/2026/08/1hunt733pl-550x374.jpg
https://jav.guru/1034300/hunt-726-a-new-student-at-a-coed-school-finds-himself-alone-with-girls-leading-to-an-unexpected-nagakura-yuri-tanaka-yui-hoshizaki-aya-hanyu-nozomi-ando-rei/,https://cdn.javmiku.com/wp-content/uploads/2026/08/43785407_i213431-550x374.jpg
https://jav.guru/1034301/hunt-700-ignored-by-girls-i-secretly-add-an-aphrodisiac-to-drinks-at-my-popular-sisters-birthday-party-usami-nana-matsushita-hikari-araki-mai-narukiyo-koomi-arimoto-sayo-yumesaki-ribon/,https://cdn.javmiku.com/wp-content/uploads/2026/08/1hunt700pl-550x374.jpg
https://jav.guru/1034302/hunt-681-despite-being-a-casual-fling-i-finally-lost-my-virginity-with-unprotected-sex-konishi-rena-arimura-chika-mitsuki-yume-aiba-reika-miyabi-mao/,https://cdn.javmiku.com/wp-content/uploads/2026/08/1hunt681pl-550x374.jpg
https://jav.guru/1034303/hunt-680-a-lackluster-tutor-frequently-comes-over-to-sleep-at-my-house-maki-azusa-arima-yuu-serizawa-tsumugi-minami-sugano-saeki-haruna/,https://cdn.javmiku.com/wp-content/uploads/2026/08/1hunt680pl-550x374.jpg
https://jav.guru/1034304/hunt-662-am-i-really-this-naughty-while-being-bullied-in-class-im-stuck-cleaning-the-boys-restroom-alone-miho-tachibana-asakura-kotomi-kitagawa-hitomi/,https://cdn.javmiku.com/wp-content/uploads/2026/08/1hunt662pl-550x374.jpg
https://jav.guru/1034305/hunt-657-i-wanted-to-surprise-everyone-at-my-friends-birthday-party-so-i-bought-a-pink-vibrator-as-a-prank-misaki-yui-mizuna-rei-harune-miko-sumire-hozumi-yuuri-mari-asahina/,https://cdn.javmiku.com/wp-content/uploads/2026/08/1hunt657pl-550x374.jpg
https://jav.guru/1034306/hunt-654-caught-in-a-sudden-downpour-after-school-a-girl-and-her-classmates-seek-shelter-at-my-house-hasegawa-shizuku-kurume-mayu-narushima-konomi-kizaki-mika/,https://cdn.javmiku.com/wp-content/uploads/2026/08/1hunt654pl-550x374.jpg
https://jav.guru/1034307/hunt-653-i-want-to-naturally-engage-with-my-daughter-without-my-wife-finding-out-aiuchi-nozomi-kobayashi-yuki-%e5%b0%8f%e6%9e%97%e3%82%86%e3%81%8d-matsushita-hikari-hasegawa-yuri-maeda-chie/,https://cdn.javmiku.com/wp-content/uploads/2026/08/1hunt653pl-550x374.jpg
https://jav.guru/1034308/hunt-652-my-studious-sister-who-has-only-focused-on-studying-since-childhood-ohashi-kurumi-sumire-himesaki-rui-yoshizuki-aino-kashima-ryo/,https://cdn.javmiku.com/wp-content/uploads/2026/08/1hunt652pl-550x374.jpg
https://jav.guru/1034309/hunt-650-after-missing-the-last-train-from-a-company-party-i-ended-up-drinking-at-my-bosss-house-misaki-yui-arisaka-mio-narushima-konomi-kashima-ryo-endo-aiko-arisaka-mio-mari-asahina/,https://cdn.javmiku.com/wp-content/uploads/2026/08/1hunt650pl-550x374.jpg
https://jav.guru/1034310/hunt-648-after-five-years-my-niece-reunites-with-me-acting-playfully-like-a-chld-hanakawa-runa-aoi-natsu-tsukimoto-iori-takei-maki-yura-mao-hoshino-yuzu/,https://cdn.javmiku.com/wp-content/uploads/2026/08/1hunt648pl-550x374.jpg
https://jav.guru/1034311/hunt-639-i-finally-lost-my-virginity-to-a-beautiful-tutor-who-despite-her-looks-kitagawa-erika-azumi-ren-saionji-reo-kaoru-mirei/,https://cdn.javmiku.com/wp-content/uploads/2026/08/1hunt00639pl-550x374.jpg
https://jav.guru/1034312/hunt-629-i-found-a-girl-being-groped-on-the-bus-but-instead-of-helping-i-just-watched-in-arousal-mio-mikuru-ishihara-ai/,https://cdn.javmiku.com/wp-content/uploads/2026/08/1hunt629pl-550x374.jpg
https://jav.guru/1034313/hunt-619-i-showed-a-blonde-hotel-maid-in-la-who-doesnt-speak-english-japanese-adult-videos-and-despite-the-language-barrier-she-became-aroused-and-we-had-intimate-relations/,https://cdn.javmiku.com/wp-content/uploads/2026/08/1hunt619pl-550x374.jpg
https://jav.guru/1034314/hunt-607-a-schoolgirl-in-black-tights-offers-secret-foot-jobs-for-quick-cash-kashiwagi-suzu-takei-maki-oomori-mirei-momose-nonoka-ninomiya-marin-takamura-hiyona/,https://cdn.javmiku.com/wp-content/uploads/2026/08/HUNT607-550x374.jpg
https://jav.guru/1034316/hoc063-a-business-trip-massage-with-a-seductive-mature-woman-leads-to-an-explicit-display-mari-yonezaki-murakami-risa-fukiishi-rena/,https://cdn.javmiku.com/wp-content/uploads/2026/08/59hoc063pl-550x374.jpg
https://jav.guru/1034318/hitma-241-best-of-beautiful-girls-in-anal-scenes-4-hours-of-hd-content-on-blu-ray-uehara-ai-arimoto-sayo-aoi-ichigo-koshi-an-haduki-rui/,https://cdn.javmiku.com/wp-content/uploads/2026/08/55hitma241pl-550x374.jpg
https://jav.guru/1034319/hitma-170-a-cute-older-sister-spends-the-whole-day-doing-naughty-things-for-you-tsubomi/,https://cdn.javmiku.com/wp-content/uploads/2026/08/55hitma170pl-550x374.jpg
https://jav.guru/1034320/hitma-155-best-collection-of-heroine-humiliation-in-hd-4-hours-long-yoshida-hana-hoshino-akari-tsubomi-himesaki-riria-kuribayashi-riri-mizuna-rei-hoshino-hikari-lily-labeau-kitsunai-hinata/,https://cdn.javmiku.com/wp-content/uploads/2026/08/55hitma155pl-550x374.jpg
https://jav.guru/1034322/fns-242-unprotected-release-allowed-intense-multiple-internal-ejaculations-in-a-chaotic-11-person-orgy-right-after-shinomiya-rui/,https://cdn.javmiku.com/wp-content/uploads/2026/08/1fns00242pl-550x374.jpg
https://jav.guru/1034324/dvap-013-after-school-beautiful-girl-h-yumiko-the-seductive-angel-2-yumiko-takeuchi/,https://cdn.javmiku.com/wp-content/uploads/2026/08/4dvap013pl-550x374.jpg
https://jav.guru/1034329/atid-174-drowning-in-tentacles-a-female-teachers-tentacle-festival-mizumoto-yuuna/,https://cdn.javmiku.com/wp-content/uploads/2026/08/atid174pl-550x374.jpg
https://jav.guru/1034458/yoch-034-a-50-year-old-woman-becomes-infatuated-with-a-much-younger-man-exposing-herself-in-public-and-embracing-her-desires-mihara-sumire/,https://cdn.javmiku.com/wp-content/uploads/2026/08/h_086yoch034pl-550x374.jpg
https://jav.guru/1034459/umd-1015-the-elegant-woman-in-pantyhose-miyanisi-hikaru-yui-hina-haduki-mayu/,https://cdn.javmiku.com/wp-content/uploads/2026/08/125umd1015pl-550x374.jpg
https://jav.guru/1034460/umd-1014-i-was-unexpectedly-pleasured-by-a-frustrated-neighbors-wife-leading-to-multiple-releases-and-an-unexpected-first-experience-toono-miho-fujimori-riho-kitano-mina/,https://cdn.javmiku.com/wp-content/uploads/2026/08/125umd1014pl-550x374.jpg
https://jav.guru/1034461/sw-1062-slender-cousin-offers-plenty-of-kisses-and-intimate-moments-inviting-you-to-enjoy-a-playful-experience-together-natsushiro-maya-minami-haru-yuri-ryo/,https://cdn.javmiku.com/wp-content/uploads/2026/08/1sw1062pl-550x374.jpg
https://jav.guru/1034462/sw-1061-a-curvy-housewife-seduces-in-black-pantyhose-leading-to-an-embarrassingly-awkward-encounter-akari-nonoka-nishino-emi-shiramine-ikumi/,https://cdn.javmiku.com/wp-content/uploads/2026/08/1sw1061pl-550x374.jpg
https://jav.guru/1034463/stsk-239-three-contestants-in-a-beauty-contest-face-unauthorized-internal-exposure-marumo-rea-yoshizawa-yuki-hujzkawa-nokaze/,https://cdn.javmiku.com/wp-content/uploads/2026/08/h_1605stsk239pl-550x374.jpg
https://jav.guru/1034464/stsk-238-happy-girls-dance-dont-give-in-to-your-swaying-feelings-tsukise-riria-shibamata-shiho-nijimura-yumi-nomiya-an/,https://cdn.javmiku.com/wp-content/uploads/2026/08/h_1605stsk238pl-550x374.jpg
https://jav.guru/1034465/stsk-237-event-companion-overwhelmed-and-defiled-by-relentless-pleasure-and-depraved-desires-sakura-mahiru-marumo-rea-tomoe-hikari-aina-ai/,https://cdn.javmiku.com/wp-content/uploads/2026/08/h_1605stsk237pl-550x374.jpg
https://jav.guru/1034466/stsk-236-insurance-ladys-obsessive-training-leads-to-chaos-as-four-saleswomen-are-tainted-during-work-hours-amane-kanna-hiyori-nodoka-azusa-marino-misaki-kanna/,https://cdn.javmiku.com/wp-content/uploads/2026/08/h_1605stsk236pl-550x374.jpg
https://jav.guru/1034468/sods-086-after-a-year-on-social-media-a-woman-with-h-cup-breasts-shares-her-experiences-of-increasing-her-number-of-partners-to-eight-documenting-her-first-year-sexual-encounters-nakajou-ayana/,https://cdn.javmiku.com/wp-content/uploads/2026/08/1sods086pl-550x374.jpg
https://jav.guru/1034469/nhdtc-238-i-annoyed-the-beautiful-staff-at-the-hair-removal-salon-and-ended-up-having-excessive-unprotected-encounters-nijimura-yumi-nagasaki-yukine/,https://cdn.javmiku.com/wp-content/uploads/2026/08/1nhdtc238pl-550x374.jpg
https://jav.guru/1034470/nhdtc-237-flat-chested-girls-swimsuit-challenge-meeting-leads-to-a-wrestling-match-where-she-panics-after-being-exposed-and-ends-up-in-a-compromising-situation-natsuno-chinami/,https://cdn.javmiku.com/wp-content/uploads/2026/08/1nhdtc237pl-550x374.jpg
https://jav.guru/1034471/nhdtc-236-the-shy-librarian-easily-falls-for-a-kind-girl-pursuing-her-despite-rejection-leading-to-a-passionate-confession-and-intimate-moments-tomoe-hikari-suehiro-jun-watarai-fuu/,https://cdn.javmiku.com/wp-content/uploads/2026/08/1nhdtc236pl-550x374.jpg
https://jav.guru/1034472/nhdtc-235-a-woman-secretly-brings-her-boyfriend-to-climax-with-a-handjob-in-a-bus-seat-gap-leading-to-a-quiet-sex-encounter-and-eventual-internal-release-futaba-sara-onosaka-yuka-tomoe-hikari/,https://cdn.javmiku.com/wp-content/uploads/2026/08/1nhdtc235pl-550x374.jpg
https://jav.guru/1034473/nhdtc-221-i-got-in-trouble-after-having-unprotected-sex-with-my-friends-daughters-who-longed-to-be-treated-like-objects-and-ended-up-falling-for-me-yasaka-nagi-mochizuki-tsubomi/,https://cdn.javmiku.com/wp-content/uploads/2026/08/1nhdtc221pl-550x374.jpg
https://jav.guru/1034474/nhdtc-167-a-beer-vendor-succumbs-to-humiliation-while-being-made-to-squirt-and-obey-in-a-wide-legged-position-harunai-noa/,https://cdn.javmiku.com/wp-content/uploads/2026/08/1nhdtc167pl-550x374.jpg
https://jav.guru/1034475/namh-072-a-shy-womans-first-experience-with-internal-ejaculation-featuring-13-encounters-toba-iku/,https://cdn.javmiku.com/wp-content/uploads/2026/08/1namh072pl-550x374.jpg
https://jav.guru/1034476/namh-071-uncut-genuine-internal-ejaculation-23-times-with-a-boyish-schoolgirl-ichikawa-riku/,https://cdn.javmiku.com/wp-content/uploads/2026/08/1namh071pl-550x374.jpg
https://jav.guru/1034477/jura-207-first-time-filming-of-a-middle-aged-wife-chapter-three-yahiro-chika/,https://cdn.javmiku.com/wp-content/uploads/2026/08/h_086jura207pl-550x374.jpg
https://jav.guru/1034478/jura-188-first-time-documentary-featuring-a-married-woman-chapter-two-yoshimizu-hitomi/,https://cdn.javmiku.com/wp-content/uploads/2026/08/h_086jura188pl-550x374.jpg
https://jav.guru/1034479/hbad-739-surprising-a-serious-obedient-office-worker-with-big-breasts-at-her-place-for-a-wild-night-with-everyone-kasai-suzu/,https://cdn.javmiku.com/wp-content/uploads/2026/08/1hbad739pl-550x374.jpg
https://jav.guru/1034480/hbad-738-my-wife-with-her-voluptuous-body-is-a-nymphomaniac-and-its-causing-me-some-trouble-sakuragi-minato/,https://cdn.javmiku.com/wp-content/uploads/2026/08/1hbad738pl-550x374.jpg
https://jav.guru/1034481/evis-629-intense-foot-worship-with-a-strong-odor-in-a-lesbian-encounter-kagami-mari-iwasawa-kayo-yuina-mitsuki-hiraizumi-kanna-hirosaki-ayaka-konno-miina/,https://cdn.javmiku.com/wp-content/uploads/2026/08/evis629pl-550x374.jpg
https://jav.guru/1034482/euud-90-an-exquisite-mature-woman-indulges-you-with-lewd-words-and-scenarios-in-the-ultimate-first-person-masturbation-support-experience-saeki-reimi/,https://cdn.javmiku.com/wp-content/uploads/2026/08/h_086euud90pl-550x374.jpg
https://jav.guru/1034483/dlv-006-new-absolute-beauty-for-rent-act-122-miyoshi-uta/,https://cdn.javmiku.com/wp-content/uploads/2026/08/118dlv006pl-550x374.jpg
https://jav.guru/1034484/abf-375-tempted-by-my-secretly-admired-sister-in-law-my-emotions-exploded-and-i-ended-up-climaxing-inside-her-multiple-times-nanashima-mai/,https://cdn.javmiku.com/wp-content/uploads/2026/08/118abf375pl-550x374.jpg
https://jav.guru/1034485/aarm-361-bound-and-intimate-nipple-play-with-double-oral-sessions-and-consecutive-releases-hatano-yui-honda-hitomi-nia-nogi-ayame-minase-sana-misaki-oto-amamiya-hibiki-mano-inori/,https://cdn.javmiku.com/wp-content/uploads/2026/08/aarm361pl-550x374.jpg
https://jav.guru/1034486/aarm-360-intense-anal-licking-enthusiasts-13-mizuhata-asami/,https://cdn.javmiku.com/wp-content/uploads/2026/08/aarm360pl-550x374.jpg
https://jav.guru/1035112/uman-010-forbidden-ntr-caught-in-the-act-by-my-stepfather-a-scandalous-caregiving-experience-yoshine-yuria/,https://cdn.javmiku.com/wp-content/uploads/2026/08/uman010pl-550x374.jpg
https://jav.guru/1035113/spjur-001-the-hottest-summer-in-the-world-will-surely-make-you-fall-in-love-with-her-yamada-yuri/,https://cdn.javmiku.com/wp-content/uploads/2026/08/spjur001pl-550x374.jpg
https://jav.guru/1035114/snos-361-a-24-hour-date-where-a-dominant-older-girlfriend-teases-her-boyfriends-nipples-with-her-long-limbs-kaede-fuua/,https://cdn.javmiku.com/wp-content/uploads/2026/08/snos361pl-550x374.jpg
https://jav.guru/1035115/snos-357-stuck-in-bed-with-a-cold-i-get-devoured-by-my-aggressive-student-kawagoe-niko/,https://cdn.javmiku.com/wp-content/uploads/2026/08/snos357pl-550x374.jpg
https://jav.guru/1035116/snos-353-witness-the-passionate-kiss-between-the-strict-teacher-and-the-gentle-teacher-leading-to-an-unexpected-and-intense-three-way-encounter-miru-murakami-yuka/,https://cdn.javmiku.com/wp-content/uploads/2026/08/snos353pl-550x374.jpg
https://jav.guru/1035117/snos-334-a-top-notch-office-worker-shares-a-room-with-her-despised-middle-aged-boss-on-a-business-trip-but-unexpectedly-finds-herself-succumbing-to-intense-harassment-seto-kanna/,https://cdn.javmiku.com/wp-content/uploads/2026/08/snos334pl-550x374.jpg
https://jav.guru/1035118/snos-332-mother-and-daughter-dance-together-in-a-sensual-performance-okuda-saki-sakurano-rino/,https://cdn.javmiku.com/wp-content/uploads/2026/08/snos332pl-550x374.jpg
https://jav.guru/1035119/snos-323-i-want-to-help-you-with-your-desires-a-beautiful-girl-becomes-completely-dependent-on-me-offering-her-unusual-affection-and-support-for-all-my-needs-mita-marin/,https://cdn.javmiku.com/wp-content/uploads/2026/08/snos323pl-550x374.jpg
https://jav.guru/1035120/snos-321-the-former-gravure-idol-and-swim-coach-is-pushed-to-her-limits-in-a-revealing-swimsuit-shido-rui/,https://cdn.javmiku.com/wp-content/uploads/2026/08/snos321pl-550x374.jpg
https://jav.guru/1035121/snos-309-a-night-of-blackout-alone-with-my-beautiful-boss-losing-control-in-the-allure-of-her-curves-and-the-darkness-until-dawn-kanematsu-kiho/,https://cdn.javmiku.com/wp-content/uploads/2026/08/snos309pl-550x374.jpg
https://jav.guru/1035122/snos-306-the-attractive-swim-coach-boosts-the-motivation-of-male-team-members-with-steamy-coaching-in-a-barely-there-swimsuit-adachi-yuuri/,https://cdn.javmiku.com/wp-content/uploads/2026/08/snos306pl-550x374.jpg
https://jav.guru/1035123/snos-298-the-swimming-instructor-unwinds-after-work-with-an-intense-night-of-passionate-sex-until-morning-sono-rinon/,https://cdn.javmiku.com/wp-content/uploads/2026/08/snos298pl-550x374.jpg
https://jav.guru/1035124/snos-297-curvy-beauty-with-an-hourglass-figure-experiences-intense-squirting-and-wild-group-fun-hinagata-mikuru/,https://cdn.javmiku.com/wp-content/uploads/2026/08/snos297pl-550x374.jpg
https://jav.guru/1035125/snos-270-behind-the-scenes-of-a-gravure-shoot-an-intense-and-intimate-sex-date-filled-with-cuteness-and-eroticism-hakata-iroha/,https://cdn.javmiku.com/wp-content/uploads/2026/08/snos270pl-550x374.jpg
https://jav.guru/1035126/snos-246-a-sweet-down-to-earth-older-sister-gets-flustered-with-kisses-in-a-wild-explicit-encounter-filled-with-passion-suzuki-nozomi/,https://cdn.javmiku.com/wp-content/uploads/2026/08/snos246pl-550x374.jpg
https://jav.guru/1035127/snos-065-the-new-swimsuit-company-features-female-employees-in-swimwear-with-a-caring-boss-who-takes-care-of-everything-until-exhaustion-sets-in-tano-yuu/,https://cdn.javmiku.com/wp-content/uploads/2026/08/snos065pl-550x374.jpg
https://jav.guru/1035128/royd-344-a-runaway-girl-moves-to-the-city-and-stays-in-a-party-house-where-guys-take-turns-relentlessly-pushing-her-limits-for-ten-hours-straight-leading-to-her-breakdown-sakura-yuno/,https://cdn.javmiku.com/wp-content/uploads/2026/08/royd344pl-550x374.jpg
https://jav.guru/1035129/royd-343-in-a-nearly-private-movie-theater-i-could-only-focus-on-climaxing-as-a-slender-busty-blonde-kept-teasing-me-momonaga-sarina/,https://cdn.javmiku.com/wp-content/uploads/2026/08/royd343pl-550x374.jpg
https://jav.guru/1035130/royd-342-i-turned-her-into-a-submissive-partner-through-a-teasing-app-where-she-insults-me-while-eagerly-taking-the-lead-kinoshita-himari/,https://cdn.javmiku.com/wp-content/uploads/2026/08/royd342pl-550x374.jpg
https://jav.guru/1035131/roe-542-days-of-incest-with-my-mother-in-the-family-home-after-everyone-has-moved-out-nagamine-tsubaki/,https://cdn.javmiku.com/wp-content/uploads/2026/08/roe542pl-550x374.jpg
https://jav.guru/1035132/roe-539-ten-years-of-unrequited-love-culminate-in-relentless-pursuit-and-16-intimate-encounters-with-my-mother-nakajima-minami/,https://cdn.javmiku.com/wp-content/uploads/2026/08/roe539pl-550x374.jpg
https://jav.guru/1035133/roe-538-a-secret-rendezvous-with-a-friends-son-during-a-housewifes-day-off-at-a-womens-escort-service-baba-sana/,https://cdn.javmiku.com/wp-content/uploads/2026/08/roe538pl-550x374.jpg
https://jav.guru/1035134/roe-537-a-former-cabin-attendants-av-debut-at-40-she-lies-to-her-husband-and-embarks-on-a-one-way-journey-of-infidelity-nagasaki-reika/,https://cdn.javmiku.com/wp-content/uploads/2026/08/roe537pl-550x374.jpg
https://jav.guru/1035135/roe-535-please-get-pregnant-with-my-seed-boss-a-second-year-new-graduates-overtime-service-to-impregnate-his-harassing-female-superior-yoshinaga-touko/,https://cdn.javmiku.com/wp-content/uploads/2026/08/roe535pl-550x374.jpg
https://jav.guru/1035136/roe-534-ntr-in-a-two-family-home-my-wife-was-taken-by-our-daughters-husband-hoshi-fuyuka/,https://cdn.javmiku.com/wp-content/uploads/2026/08/roe534pl-550x374.jpg
https://jav.guru/1035137/roe-533-returning-home-i-discovered-my-grandfather-and-mother-together-that-day-changed-me-into-a-lifelong-lover-of-mature-women-mikumo-ayaha/,https://cdn.javmiku.com/wp-content/uploads/2026/08/roe533pl-550x374.jpg
https://jav.guru/1035138/roe-531-a-story-about-how-i-became-infatuated-with-my-virtuous-mother-in-law-and-transformed-into-a-submissive-thrill-seeking-lesbian-after-a-month-of-using-aphrodisiacs-niimura-akari-seo-reiko/,https://cdn.javmiku.com/wp-content/uploads/2026/08/roe531pl-550x374.jpg
https://jav.guru/1035139/roe-529-i-became-lost-in-intense-pleasure-with-my-daughters-boyfriend-inamori-miyabi/,https://cdn.javmiku.com/wp-content/uploads/2026/08/roe529pl-550x374.jpg
https://jav.guru/1035140/rki-762-a-cute-cafe-worker-is-put-to-sleep-and-coerced-into-submission-becoming-a-compliant-plaything-nijimura-yumi/,https://cdn.javmiku.com/wp-content/uploads/2026/08/rki762pl-550x374.jpg
https://jav.guru/1035141/nsodn-026-infiltrating-the-rumored-pink-hospital-at-midnight-where-moans-can-be-heard-akane-urara-kuroshima-rei/,https://cdn.javmiku.com/wp-content/uploads/2026/08/nsodn026pl-550x374.jpg
https://jav.guru/1035142/nnod-001-students-repeatedly-experience-intense-teasing-and-release-during-a-remedial-class-with-a-seductive-teacher-who-plays-with-their-pleasure-hatano-yui/,https://cdn.javmiku.com/wp-content/uploads/2026/08/nnod001pl-550x374.jpg
https://jav.guru/1035143/ngod-353-mother-trained-to-wet-herself-by-her-son-with-a-huge-member-pleading-for-mercy-in-a-humiliating-display-of-incestuous-domination-oguri-misao/,https://cdn.javmiku.com/wp-content/uploads/2026/08/ngod353pl-550x374.jpg
https://jav.guru/1035144/ngod-352-a-visit-to-my-hometown-leads-to-a-wild-encounter-with-my-city-friends-and-my-mother-kitano-mina/,https://cdn.javmiku.com/wp-content/uploads/2026/08/ngod352pl-550x374.jpg
https://jav.guru/1035145/ngod-350-a-wife-unexpectedly-reaches-climax-after-her-friend-uses-a-surrogate-service-to-impregnate-her-in-front-of-her-husband-mitsuki-rinne/,https://cdn.javmiku.com/wp-content/uploads/2026/08/ngod350pl-550x374.jpg
https://jav.guru/1035146/namh-070-intimate-double-penetration-with-21-releases-and-a-documentary-on-abundant-semen-injection-suehiro-jun-onami-aya/,https://cdn.javmiku.com/wp-content/uploads/2026/08/1namh070pl-550x374.jpg
https://jav.guru/1035147/jur-900-after-school-i-indulge-in-secret-activities-with-the-most-serious-female-teacher-at-school-revealing-her-hidden-side-okimiya-nami/,https://cdn.javmiku.com/wp-content/uploads/2026/08/jur900pl-550x374.jpg
https://jav.guru/1035148/jur-837-a-female-teachers-beloved-wife-is-seduced-by-a-troubled-student-mihi-nanami/,https://cdn.javmiku.com/wp-content/uploads/2026/08/jur837pl-550x374.jpg
https://jav.guru/1035149/jur-833-a-gym-going-wife-with-heightened-desires-indulges-in-intense-sweaty-sessions-of-passionate-intercourse-craving-the-fit-and-vigorous-experience-huji-kanna/,https://cdn.javmiku.com/wp-content/uploads/2026/08/jur833pl-550x374.jpg
https://jav.guru/1035150/jur-831-a-mother-in-laws-irresistible-desire-for-her-son-in-laws-large-member-maki-kyoko/,https://cdn.javmiku.com/wp-content/uploads/2026/08/jur831pl-550x374.jpg
https://jav.guru/1035151/jur-829-come-over-when-you-want-to-release-again-a-secret-intimate-ride-with-my-aunt-in-a-summer-room-filled-with-drool-sweat-and-desire-shiina-yuna/,https://cdn.javmiku.com/wp-content/uploads/2026/08/jur829pl-550x374.jpg
https://jav.guru/1035152/jur-827-did-you-really-want-that-reward-an-extreme-punishment-and-ejaculation-control-by-a-strict-mother-figure-kazama-yumi/,https://cdn.javmiku.com/wp-content/uploads/2026/08/jur827pl-550x374.jpg
https://jav.guru/1035154/jur-814-just-let-me-insert-it-for-a-moment-i-felt-sorry-for-my-30-year-old-virgin-brother-in-law-and-fulfilled-his-lifelong-wish-leading-to-incredible-chemistry-and-repeated-sessions-honda-sora/,https://cdn.javmiku.com/wp-content/uploads/2026/08/jur814pl-550x374.jpg
https://jav.guru/1035155/jur-811-it-might-be-my-father-in-laws-last-chance-for-an-erection-so-i-let-him-have-a-moment-of-intimacy-leading-to-unexpected-passion-and-wild-encounters-kusakabe-kana/,https://cdn.javmiku.com/wp-content/uploads/2026/08/jur811pl-550x374.jpg
https://jav.guru/1035156/jur-806-a-surprising-ntr-story-written-in-the-resignation-letter-of-a-new-employee-who-quit-after-three-months-saying-your-wife-was-amazing-jinguuji-nao/,https://cdn.javmiku.com/wp-content/uploads/2026/08/jur806pl-550x374.jpg
https://jav.guru/1035157/jur-798-raw-and-primal-passion-intense-sex-with-sweat-drool-and-fluids-featuring-19-releases-and-a-special-focus-on-awakening-through-restraint-miura-nana/,https://cdn.javmiku.com/wp-content/uploads/2026/08/jur798pl-550x374.jpg
https://jav.guru/1035158/jur-794-the-cruel-torment-of-a-daughter-in-law-by-her-mother-in-law-leads-to-unexpected-consequences-ichino-aoi/,https://cdn.javmiku.com/wp-content/uploads/2026/08/jur794pl-550x374.jpg
https://jav.guru/1035159/jur-792-i-was-overwhelmed-by-a-married-womans-intense-movements-and-ended-up-finishing-inside-without-moving-my-hips-at-all-niizuma-yuuka/,https://cdn.javmiku.com/wp-content/uploads/2026/08/jur792pl-550x374.jpg
https://jav.guru/1035160/jur-791-a-perfect-match-in-body-and-soul-an-intimate-soap-experience-with-passionate-kisses-that-blend-feelings-and-lips-ichika/,https://cdn.javmiku.com/wp-content/uploads/2026/08/jur791pl-550x374.jpg
https://jav.guru/1035161/jur-788-a-serious-office-worker-reveals-her-true-nature-as-a-top-health-worker-leading-her-boss-to-become-completely-infatuated-with-her-ichiki-mahiro/,https://cdn.javmiku.com/wp-content/uploads/2026/08/jur788pl-550x374.jpg
https://jav.guru/1035162/jur-786-a-gift-from-a-stepmother-to-her-grown-up-chld-after-graduation-meguri/,https://cdn.javmiku.com/wp-content/uploads/2026/08/jur786pl-550x374.jpg
https://jav.guru/1035163/jur-767-is-this-really-part-of-the-treatment-humiliating-breeding-press-massage-shiraishi-marina/,https://cdn.javmiku.com/wp-content/uploads/2026/08/jur767pl-550x374.jpg
https://jav.guru/1035164/jur-103-sweaty-passion-clashing-lips-and-intense-kisses-lead-to-unprotected-intercourse-in-this-tale-of-a-scandalous-and-alluring-wife-chapter-2-unleashing-desire-saeki-rio/,https://cdn.javmiku.com/wp-content/uploads/2026/08/jur103pl-550x374.jpg
https://jav.guru/1035165/jur-102-the-hottest-summer-in-the-world-will-make-you-fall-in-love-with-her-a-stunning-debut-from-a-new-star-at-28-yamada-yuri/,https://cdn.javmiku.com/wp-content/uploads/2026/08/jur102pl-550x374.jpg
https://jav.guru/1035166/jur-097-a-wifes-bath-time-affair-becomes-more-indulgent-after-her-brother-in-law-moves-in-kinoshita-ririko/,https://cdn.javmiku.com/wp-content/uploads/2026/08/jur097pl-550x374.jpg
https://jav.guru/1035167/ipzz-958-a-high-class-j-cup-body-in-an-unrestricted-group-sex-event-featuring-over-20-scenes-with-16-participants-hinano-kanon/,https://cdn.javmiku.com/wp-content/uploads/2026/08/ipzz958pl-550x374.jpg
https://jav.guru/1035168/ipzz-940-i-took-a-married-woman-on-a-drive-to-lift-her-spirits-and-after-she-confided-about-her-sexless-marriage-and-husbands-infidelity-we-spent-the-night-together-nakamura-miu/,https://cdn.javmiku.com/wp-content/uploads/2026/08/ipzz940pl-550x374.jpg
https://jav.guru/1035169/ipzz-932-staying-overnight-at-the-strict-bosss-house-after-work-leads-to-unexpected-passion-fueled-by-alcohol-revealing-a-cute-side-that-continues-into-the-next-morning-kaede-karen/,https://cdn.javmiku.com/wp-content/uploads/2026/08/ipzz932pl-550x374.jpg
https://jav.guru/1035170/ipzz-931-by-day-an-angel-to-men-by-night-a-submissive-nurse-exploring-extreme-pleasure-through-pain-and-suffering-in-her-debut-training-video-nishida-mizuki/,https://cdn.javmiku.com/wp-content/uploads/2026/08/ipzz931pl-550x374.jpg
https://jav.guru/1035171/ipzz-929-do-you-enjoy-being-seduced-by-a-beautiful-older-woman-a-talented-newcomer-with-impressive-skills-and-a-stunning-figure-makes-her-adult-film-debut-mikoto-chio/,https://cdn.javmiku.com/wp-content/uploads/2026/08/ipzz929pl-550x374.jpg
https://jav.guru/1035172/ipzz-926-a-lifestyle-with-a-girl-who-lets-you-use-her-as-a-substitute-for-renting-a-room-sasaki-saki/,https://cdn.javmiku.com/wp-content/uploads/2026/08/ipzz926pl-550x374.jpg
https://jav.guru/1035173/ipzz-925-the-moment-i-caught-a-glimpse-of-the-quiet-beauty-at-the-reception-going-wild-during-a-scandalous-encounter-was-when-i-felt-the-most-aroused-in-my-life-seo-rin/,https://cdn.javmiku.com/wp-content/uploads/2026/08/ipzz925pl-550x374.jpg
https://jav.guru/1035174/ipzz-922-ten-days-of-captivity-with-an-insatiable-yakuza-who-wont-stop-ejaculating-using-a-substitute-fleshlight-hayashi-mei/,https://cdn.javmiku.com/wp-content/uploads/2026/08/ipzz922pl-550x374.jpg
https://jav.guru/1035175/ipzz-919-caught-in-a-record-breaking-downpour-a-talent-and-her-manager-end-up-sharing-a-room-leading-to-an-unexpected-night-of-passionate-encounters-shiraishi-runa/,https://cdn.javmiku.com/wp-content/uploads/2026/08/ipzz919pl-550x374.jpg
https://jav.guru/1035176/ipzz-918-my-despised-father-in-laws-favorite-is-me-a-high-school-girl-enduring-the-ultimate-humiliation-while-being-violated-aise-ria/,https://cdn.javmiku.com/wp-content/uploads/2026/08/ipzz918pl-550x374.jpg
https://jav.guru/1035177/ipzz-915-a-gentle-nurse-enjoys-a-secret-encounter-with-her-newlywed-patient-in-a-quiet-hospital-room-during-a-late-night-cleaning-session-hanasaki-mio/,https://cdn.javmiku.com/wp-content/uploads/2026/08/ipzz915pl-550x374.jpg
https://jav.guru/1035178/ipzz-914-after-swimming-class-the-janitor-helps-you-explore-pleasure-after-noticing-your-excitement-horikita-moa/,https://cdn.javmiku.com/wp-content/uploads/2026/08/ipzz914pl-550x374.jpg
https://jav.guru/1035179/ipzz-913-a-literature-loving-girls-twisted-fantasies-lead-her-to-use-my-timid-nature-to-satisfy-her-desires-while-reading-in-the-library-tsuji-miina/,https://cdn.javmiku.com/wp-content/uploads/2026/08/ipzz913pl-550x374.jpg
https://jav.guru/1035180/ipzz-910-a-usually-elegant-and-high-class-office-lady-gets-drunk-and-becomes-wildly-uninhibited-leading-to-an-unforgettable-night-of-passion-fujisaki-mai/,https://cdn.javmiku.com/wp-content/uploads/2026/08/ipzz910pl-550x374.jpg
https://jav.guru/1035182/ipzz-904-when-i-treated-my-younger-looking-tutor-like-a-chld-she-turned-into-a-teasing-older-sister-leaving-me-overwhelmed-with-passionate-kisses-and-playful-punishment-yamada-suzuna/,https://cdn.javmiku.com/wp-content/uploads/2026/08/ipzz904pl-550x374.jpg
https://jav.guru/1035183/ipzz-901-a-rival-gravure-idol-succumbs-to-overwhelming-beauty-and-perfect-figure-leading-to-a-revenge-request-for-a-humiliating-photoshoot-in-a-revealing-swimsuit-misumi-nene/,https://cdn.javmiku.com/wp-content/uploads/2026/08/ipzz901pl-550x374.jpg
https://jav.guru/1035184/ipzz-899-sharing-a-room-on-a-business-trip-with-a-charming-and-alluring-senior-female-colleague-leads-to-an-all-night-indulgence-in-passionate-intimacy-shinozaki-saho/,https://cdn.javmiku.com/wp-content/uploads/2026/08/ipzz899pl-550x374.jpg
https://jav.guru/1035185/ipzz-892-a-skilled-breakup-specialist-plans-to-seduce-but-ends-up-facing-unexpected-retaliation-from-a-target-with-impressive-stamina-and-insatiable-desire-nishimiya-yume/,https://cdn.javmiku.com/wp-content/uploads/2026/08/ipzz892pl-550x374.jpg
https://jav.guru/1035186/ipzz-890-my-shy-juniors-declaration-of-being-my-obedient-love-doll-sakura-wakana/,https://cdn.javmiku.com/wp-content/uploads/2026/08/ipzz890pl-550x374.jpg
https://jav.guru/1035187/ipzz-877-a-reunion-with-a-high-school-ex-after-five-years-leads-to-a-fun-tipsy-date-and-despite-knowing-each-other-has-partners-they-seek-each-other-like-old-times-in-a-hotel-nagahama-mitsuri/,https://cdn.javmiku.com/wp-content/uploads/2026/08/ipzz877pl-550x374.jpg
https://jav.guru/1035188/ipzz-871-a-traditional-inn-revives-its-fortunes-by-offering-a-unique-pink-plan-where-the-owner-personally-provides-intimate-services-to-a-couple-staying-without-sex-sakura-momo/,https://cdn.javmiku.com/wp-content/uploads/2026/08/ipzz871pl-550x374.jpg
https://jav.guru/1035189/huntc-586-after-school-a-playful-game-of-time-stop-during-festival-preparations-escalates-into-wild-fun-igarashi-mitsuki-maeda-minami-akari-nonoka-tsubaki-rika/,https://cdn.javmiku.com/wp-content/uploads/2026/08/huntc586pl-550x374.jpg
https://jav.guru/1035190/hsoda-128-caught-in-a-love-triangle-during-a-massage-session-shishido-riho-kitaoka-karin/,https://cdn.javmiku.com/wp-content/uploads/2026/08/hsoda128pl-550x374.jpg
https://jav.guru/1035191/fway-102-ill-take-care-of-all-of-you-sinohara-iyo/,https://cdn.javmiku.com/wp-content/uploads/2026/08/fway102pl-550x374.jpg
https://jav.guru/1035192/fway-099-one-more-time-then-yagi-nana/,https://cdn.javmiku.com/wp-content/uploads/2026/08/fway099pl-550x374.jpg
https://jav.guru/1035193/dsod-070-as-a-transgender-woman-she-knows-exactly-how-to-please-boys-and-now-were-struggling-as-shes-seducing-us-with-her-irresistible-hand-jobs-anytime-anywhere-ikeda-marina/,https://cdn.javmiku.com/wp-content/uploads/2026/08/dsod070pl-550x374.jpg
https://jav.guru/1035194/dsod-062-ultimate-babying-support-with-sweet-nurturing-words-that-make-you-melt-with-every-release-satsuki-nao/,https://cdn.javmiku.com/wp-content/uploads/2026/08/dsod062pl-550x374.jpg
https://jav.guru/1035195/dsod-059-logical-brainwashing-ntr-public-execution-during-class-and-a-chaotic-cycle-of-internal-ejaculation-with-a-leaking-flesh-toilet-viewer-discretion-advised-tojo-natsu/,https://cdn.javmiku.com/wp-content/uploads/2026/08/dsod059pl-550x374.jpg
https://jav.guru/1035196/dsod-056-a-noble-woman-resists-the-pleasures-of-aphrodisiacs-during-an-undercover-investigation-takeuchi-yuki/,https://cdn.javmiku.com/wp-content/uploads/2026/08/dsod056pl-550x374.jpg
https://jav.guru/1035197/dsod-053-disposable-pleasure-after-being-released-the-insatiable-yakuza-offers-a-human-toilet-with-no-rights-allowing-for-unprotected-use-until-pregnancy-occurs-amasawa-rin/,https://cdn.javmiku.com/wp-content/uploads/2026/08/dsod053pl-550x374.jpg
https://jav.guru/1035198/dsod-051-sweaty-arousal-from-an-aphrodisiac-a-lewd-display-of-uncontrolled-release-during-a-sensitive-hot-yoga-class-amakawa-sora/,https://cdn.javmiku.com/wp-content/uploads/2026/08/dsod051pl-550x374.jpg
https://jav.guru/1035199/dsod-044-a-dedicated-caregiver-manages-the-intense-ejaculation-addiction-of-an-elderly-man-at-a-welfare-facility-shishido-riho/,https://cdn.javmiku.com/wp-content/uploads/2026/08/dsod044pl-550x374.jpg
https://jav.guru/1035200/dsod-023-a-beautiful-new-half-is-teased-relentlessly-by-a-skilled-dominatrix-driving-her-to-the-brink-of-pleasure-with-constant-edging-hiiragi-kana-hanamiya-kyoko/,https://cdn.javmiku.com/wp-content/uploads/2026/08/dsod023pl-550x374.jpg
https://jav.guru/1035201/dsod-013-the-ultimate-exploration-of-pleasure-transforming-a-new-half-into-a-submissive-female-through-intense-experiences-kitano-mina-hiiragi-momiji/,https://cdn.javmiku.com/wp-content/uploads/2026/08/dsod013pl-550x374.jpg
https://jav.guru/1035202/dsod-001-a-busty-girlfriend-driven-wild-by-men-she-despises-in-a-game-of-pleasure-misono-waka-nakamaru-mikuru-yura-kana-matumaru-kasumi-hiiragi-momiji/,https://cdn.javmiku.com/wp-content/uploads/2026/08/dsod001pl-550x374.jpg
https://jav.guru/1035203/dldss-515-prohibited-area-for-big-breasts-a-stunning-108cm-mcup-explosion-of-size-kanou-ai/,https://cdn.javmiku.com/wp-content/uploads/2026/08/1dldss515pl-550x374.jpg
https://jav.guru/1035208/bban-600-stuck-at-a-hotel-with-my-admired-senior-after-missing-the-last-train-i-succumbed-to-temptation-and-indulged-in-an-affair-with-another-woman-oka-rin-sato-meru/,https://cdn.javmiku.com/wp-content/uploads/2026/08/bban600pl-550x374.jpg
https://jav.guru/1035209/bban-597-unconscious-seduction-i-secretly-brought-my-favorite-teacher-to-climax-and-brainwashed-her-into-becoming-a-lesbian-karina-nishida-nisimoto-meisa/,https://cdn.javmiku.com/wp-content/uploads/2026/08/bban597pl-550x374.jpg
https://jav.guru/1035210/bban-596-my-plain-bespectacled-junior-at-work-turns-out-to-be-an-insatiable-seductress-leading-me-to-repeatedly-lose-myself-in-a-lesbian-romance-tomoe-hikari-yorimoto-shiori/,https://cdn.javmiku.com/wp-content/uploads/2026/08/bban596pl-550x374.jpg
https://jav.guru/1035211/bban-594-this-body-belongs-to-me-a-new-idols-exclusive-brainwashing-lesbian-experience-hatano-yui-aoba-haru/,https://cdn.javmiku.com/wp-content/uploads/2026/08/bban594pl-550x374.jpg
https://jav.guru/1035579/urmt-008-petite-girl-with-big-breasts-itoi-ruka/,https://cdn.javmiku.com/wp-content/uploads/2026/08/urmt008pl-550x374.jpg
https://jav.guru/1035580/uman-011-a-neighbors-wife-tempts-with-her-voluptuous-body-going-braless-and-pantyless-yosii-miki/,https://cdn.javmiku.com/wp-content/uploads/2026/08/uman011pl-550x374.jpg
https://jav.guru/1035581/tnoz-049-a-documentary-featuring-a-rural-beautys-first-experience-with-anal-sex-leading-to-a-wild-six-person-orgy-with-simultaneous-penetration-misaki-hinano/,https://cdn.javmiku.com/wp-content/uploads/2026/08/tnoz049pl-550x374.jpg
https://jav.guru/1035590/royd-345-i-found-myself-unintentionally-seduced-by-my-girlfriends-friend-who-stays-over-every-day-leaving-me-in-a-frustrating-state-of-indecision-uruki-sarara/,https://cdn.javmiku.com/wp-content/uploads/2026/08/royd345pl-550x374.jpg
https://jav.guru/1035591/royd-340-my-sister-a-habitual-reverse-sexual-harasser-can-only-get-excited-by-sex-at-work-as-a-true-desire-monster-ootori-miyu/,https://cdn.javmiku.com/wp-content/uploads/2026/08/royd340pl-550x374.jpg
https://jav.guru/1035592/roe-532-a-story-about-leaving-a-married-woman-tied-to-a-chair-for-two-hours-resulting-in-her-becoming-a-drooling-perverse-individual-kirioka-satuki/,https://cdn.javmiku.com/wp-content/uploads/2026/08/roe532pl-550x374.jpg
https://jav.guru/1035593/rlmp-006-a-sisters-self-sacrifice-to-prevent-her-brother-from-becoming-a-sex-offender-leads-her-to-secretly-endure-abuse-tukinoe-sui/,https://cdn.javmiku.com/wp-content/uploads/2026/08/rlmp006pl-550x374.jpg
https://jav.guru/1035594/rlmp-005-a-mother-and-daughter-are-subjected-to-relentless-abuse-by-a-corrupt-doctor-and-a-deranged-patient-as-a-consequence-of-unpaid-medical-bills-suzuki-mayu-nisimoto-meisa/,https://cdn.javmiku.com/wp-content/uploads/2026/08/rlmp005pl-550x374.jpg
https://jav.guru/1035595/rki-764-women-exposed-after-being-devoured-by-a-mimic-engaged-in-raw-intercourse-from-behind-with-unlimited-release-sano-rika-sano-hazuki-tachibana-iori/,https://cdn.javmiku.com/wp-content/uploads/2026/08/rki764pl-550x374.jpg
https://jav.guru/1035596/rki-763-a-socially-awkward-guy-dreams-of-a-lively-party-with-five-popular-girls-takase-rina-seto-hinako-asakaze-yui-kohaku-yaya/,https://cdn.javmiku.com/wp-content/uploads/2026/08/rki763pl-550x374.jpg
https://jav.guru/1035597/nsfs-501-a-new-reckoning-the-price-of-sin-is-betrayal-and-depravity-against-my-husband-mioka-satomi/,https://cdn.javmiku.com/wp-content/uploads/2026/08/nsfs501pl-550x374.jpg
https://jav.guru/1035598/nmsl-045-revenge-on-the-delivery-thief-a-sensitive-woman-falls-into-pleasure-through-intense-domination-and-confinement-fujita-yuzu/,https://cdn.javmiku.com/wp-content/uploads/2026/08/h_1814nmsl00045pl-550x374.jpg
https://jav.guru/1035599/nkkd-367-my-wife-was-taken-by-a-younger-coworker-so-i-request-the-release-of-this-adult-video-tenma-yui/,https://cdn.javmiku.com/wp-content/uploads/2026/08/nkkd367pl-550x374.jpg
https://jav.guru/1035600/nkkd-366-a-mother-is-seduced-by-her-sons-impressive-endowment-in-a-taboo-encounter-morisawa-kana/,https://cdn.javmiku.com/wp-content/uploads/2026/08/nkkd366pl-550x374.jpg
https://jav.guru/1035601/ngod-351-i-ended-up-having-unprotected-sex-with-the-married-woman-i-admired-who-gently-took-my-virginity-and-loved-my-size-hazuki-honami/,https://cdn.javmiku.com/wp-content/uploads/2026/08/ngod351pl-550x374.jpg
https://jav.guru/1035602/nghj-070-a-student-gets-carried-away-after-school-with-a-beautiful-teacher-yamashita-sawa-arisaka-yui-hujzkawa-nokaze-kurokawa-harumi/,https://cdn.javmiku.com/wp-content/uploads/2026/08/nghj070pl-550x374.jpg
https://jav.guru/1035603/mond-307-with-my-admired-female-boss-kitamura-michi/,https://cdn.javmiku.com/wp-content/uploads/2026/08/mond307pl-550x374.jpg
https://jav.guru/1035604/mkmp-750-a-special-collection-packed-with-the-hottest-titles-from-all-misono-waka-futaba-ema-fujiwsawa-reo-otsu-arisu-minahata-fuka-yura-kana-totuki-ruisa-harunai-noa-nijimura-yumi/,https://cdn.javmiku.com/wp-content/uploads/2026/08/mkmp750pl-550x374.jpg
https://jav.guru/1035605/mkmp-747-a-summer-of-secret-fun-with-sunburned-marks-on-a-student-minazuki-hikaru-toa-kotone-amau-ririka/,https://cdn.javmiku.com/wp-content/uploads/2026/08/mkmp747pl-550x374.jpg
https://jav.guru/1035606/mkmp-745-a-weekend-camping-trip-leads-to-a-heartfelt-lesbian-encounter-between-childhood-friends-capturing-their-intimate-memories-together-yayoi-mizuki-shishido-riho/,https://cdn.javmiku.com/wp-content/uploads/2026/08/mkmp745pl-550x374.jpg
https://jav.guru/1035607/mkmp-744-eliminating-premature-ejaculation-a-game-where-a-skilled-actress-seduces-a-submissive-man-testing-his-endurance-with-intense-stimulation-for-multiple-releases-otsu-arisu/,https://cdn.javmiku.com/wp-content/uploads/2026/08/mkmp744pl-550x374.jpg
https://jav.guru/1035608/mist-527-nipple-obsession-love-for-nipples-is-everything-toono-miho/,https://cdn.javmiku.com/wp-content/uploads/2026/08/1mist527pl-550x374.jpg
https://jav.guru/1035609/mdtm-883-the-ultimate-collection-of-legendary-performances-complete-memorial-edition-four-hours-of-highlights-ran-ran/,https://cdn.javmiku.com/wp-content/uploads/2026/08/mdtm883pl-550x374.jpg
https://jav.guru/1035610/madv-640-a-beautiful-and-sensitive-student-breaks-school-rules-by-wearing-a-swimsuit-and-seduces-leading-to-multiple-intimate-encounters-kitaoka-karin/,https://cdn.javmiku.com/wp-content/uploads/2026/08/madv640pl-550x374.jpg
https://jav.guru/1035611/jur-818-retirement-mrs-diamonds-final-shine-one-last-and-ultimate-affair-before-saying-goodbye-honda-hitomi/,https://cdn.javmiku.com/wp-content/uploads/2026/08/jur818pl-1-550x374.jpg
https://jav.guru/1035612/jrze-314-first-time-documentary-featuring-a-married-woman-tarasaki-yasuyo/,https://cdn.javmiku.com/wp-content/uploads/2026/08/h_086jrze314pl-550x374.jpg
https://jav.guru/1035613/ipzz-946-while-my-wife-and-chld-are-away-i-get-excited-by-the-serious-yet-secretly-submissive-side-of-a-former-colleague-working-at-my-sons-daycare-nagano-tsumugi/,https://cdn.javmiku.com/wp-content/uploads/2026/08/ipzz946pl-550x374.jpg
https://jav.guru/1035614/ipzz-907-first-ever-unprotected-creampie-orgasm-release-ashitaba-mitsuha/,https://cdn.javmiku.com/wp-content/uploads/2026/08/ipzz907pl-1-550x374.jpg
https://jav.guru/1035615/huntc-615-the-kings-game-in-a-house-full-of-women-new-residents-are-welcomed-with-a-party-where-anything-goes-maeda-minami-miyanisi-hikaru-suehiro-jun-ayase-kokoro-wakatuki-moa/,https://cdn.javmiku.com/wp-content/uploads/2026/08/huntc615pl-550x374.jpg
https://jav.guru/1035616/huntc-607-unlimited-access-for-a-flat-fee-at-the-city-hall-pay-a-monthly-tax-nanase-honoka-oikawa-umi-amatsuki-azu-ichikawa-riku-tsukino-kotone/,https://cdn.javmiku.com/wp-content/uploads/2026/08/huntc607pl-550x374.jpg
https://jav.guru/1035617/huntc-600-a-serious-study-session-turns-into-a-naughty-lesson-on-anatomy-ando-haruno-mochizuki-tsubomi-yura-kana-minazuki-hikaru/,https://cdn.javmiku.com/wp-content/uploads/2026/08/huntc600pl-550x374.jpg
https://jav.guru/1035618/huntc-595-losing-my-virginity-at-a-wild-party-with-friendly-voluptuous-young-wives-made-me-surprisingly-popular-ichinose-hazuki-onosaka-yuka-oshikawa-yuuri-fujii-reira-negoto-rui/,https://cdn.javmiku.com/wp-content/uploads/2026/08/huntc595pl-550x374.jpg
https://jav.guru/1035619/huntc-551-waking-up-to-my-boss-in-a-revealing-yukata-who-usually-lectures-me-but-is-now-acting-sweet-miyanisi-hikaru-onosaka-yuka-amamiya-hibiki/,https://cdn.javmiku.com/wp-content/uploads/2026/08/huntc551pl-550x374.jpg
https://jav.guru/1035620/huntc-445-young-wives-seduced-by-a-friends-tempting-massage-end-up-giving-in-to-pleasure-kisaki-alice-kamisaka-tomoko-konno-hikaru-totuki-ruisa/,https://cdn.javmiku.com/wp-content/uploads/2026/08/huntc445pl-550x374.jpg
https://jav.guru/1035621/huntc-420-the-slender-busty-neighbor-from-upstairs-comes-down-for-a-bath-and-after-i-help-her-with-a-broken-tub-we-indulge-in-a-steamy-encounter-aizawa-miyu/,https://cdn.javmiku.com/wp-content/uploads/2026/08/huntc420pl-550x374.jpg
https://jav.guru/1035622/hsoda-130-revenge-at-the-reunion-wanting-to-show-up-the-popular-kids-from-back-in-the-day-isshiki-sara-seino-miyori-mashiro-minori-ayase-kokoro/,https://cdn.javmiku.com/wp-content/uploads/2026/08/hsoda130pl-550x374.jpg
https://jav.guru/1035623/hsoda-129-watch-me-show-off-my-oversized-nipples-enhanced-to-an-extreme-sensitivity-as-i-indulge-in-my-obsession-with-them-kui-sunao/,https://cdn.javmiku.com/wp-content/uploads/2026/08/hsoda129pl-550x374.jpg
https://jav.guru/1035624/hsoda-123-a-shy-nerdy-girl-with-a-hidden-talent-for-seduction-fulfills-your-wildest-fantasies-in-a-playful-role-reversal-harunai-noa/,https://cdn.javmiku.com/wp-content/uploads/2026/08/hsoda123pl-550x374.jpg
https://jav.guru/1035625/gvh-869-office-ladys-harem-a-wild-reverse-threesome-with-two-voluptuous-bosses-in-a-shared-room-nishimura-niina-yuki-chitose/,https://cdn.javmiku.com/wp-content/uploads/2026/08/gvh869pl-550x374.jpg
https://jav.guru/1035626/gvh-868-riding-position-goddess-with-a-wild-big-butt-relentlessly-milks-the-man-until-he-squirts-multiple-times-in-a-sensual-experience-kurumi-sakura/,https://cdn.javmiku.com/wp-content/uploads/2026/08/gvh868pl-550x374.jpg
https://jav.guru/1035627/gma-100-bound-and-trained-wife-a-woman-offered-up-to-cover-her-husbands-debts-as-her-body-is-developed-and-her-sanity-unravels-yamaguchi-reiko/,https://cdn.javmiku.com/wp-content/uploads/2026/08/gma100pl-550x374.jpg
https://jav.guru/1035628/gara-025-a-newlywed-wife-is-overwhelmed-by-her-father-in-laws-relentless-advances-while-living-together-unable-to-confess-to-her-husband-aizawa-miyu/,https://cdn.javmiku.com/wp-content/uploads/2026/08/gara025pl-550x374.jpg
https://jav.guru/1035629/gajk-038-a-schoolgirl-is-bound-and-trained-in-a-warehouse-by-a-kind-neighbor-who-turns-out-to-be-a-psychopathic-criminal-leading-to-her-abduction-and-assault-mamiya-shiori/,https://cdn.javmiku.com/wp-content/uploads/2026/08/gajk038pl-550x374.jpg
https://jav.guru/1035630/flav-425-this-weeks-horny-schoolgirl-is-ready-for-action-as-the-desires-of-the-boys-explode-turning-her-into-a-pleasure-tool-while-she-enjoys-every-moment-sakura-mahiru/,https://cdn.javmiku.com/wp-content/uploads/2026/08/flav425pl-550x374.jpg
https://jav.guru/1035631/ekdv-825-my-childhood-friend-took-my-virginity-she-became-my-practice-partner-for-sex-as-i-experienced-my-first-relationship-with-a-beautiful-and-cute-girl-aosaka-aoi/,https://cdn.javmiku.com/wp-content/uploads/2026/08/ekdv825pl-550x374.jpg
https://jav.guru/1035632/dvaj-753-just-the-tip-isnt-cheating-right-temptation-leads-to-a-forbidden-encounter-with-her-sister-resulting-in-a-deep-and-risky-affair-kuraki-shiori/,https://cdn.javmiku.com/wp-content/uploads/2026/08/dvaj753pl-550x374.jpg
https://jav.guru/1035633/dvaj-752-on-the-last-train-i-fell-for-a-high-school-girls-teasing-display-of-her-underwear-leading-to-a-wild-encounter-in-the-empty-car-until-the-final-stop-hanamori-kaho/,https://cdn.javmiku.com/wp-content/uploads/2026/08/dvaj752pl-550x374.jpg
https://jav.guru/1035634/dvaj-751-practicing-condom-application-with-a-childhood-friend-for-my-boyfriend-leads-to-an-overwhelming-encounter-resulting-in-an-unexpected-and-intense-experience-onosaka-yuka/,https://cdn.javmiku.com/wp-content/uploads/2026/08/dvaj751pl-550x374.jpg
https://jav.guru/1035635/dvaj-750-a-defiant-students-exposed-backside-leads-to-a-loss-of-control-resulting-in-intense-punishment-and-submission-through-relentless-action-nisimoto-meisa/,https://cdn.javmiku.com/wp-content/uploads/2026/08/dvaj750pl-550x374.jpg
https://jav.guru/1035636/dass-998-when-i-took-in-my-cheeky-young-relative-i-discovered-she-was-actually-a-beautiful-girl-after-four-days-of-teasing-we-ended-up-in-a-committed-relationship-kuramoto-sumire/,https://cdn.javmiku.com/wp-content/uploads/2026/08/dass998pl-550x374.jpg
https://jav.guru/1035637/dass-995-no-script-no-direction-just-pure-instinct-surrendering-to-pleasure-in-a-one-on-one-encounter-nami-nami/,https://cdn.javmiku.com/wp-content/uploads/2026/08/dass995pl-550x374.jpg
https://jav.guru/1035642/cemd-878-public-humiliation-and-frced-submission-during-a-date-in-the-bustling-city-misaki-kanna/,https://cdn.javmiku.com/wp-content/uploads/2026/08/cemd878pl-550x374.jpg
https://jav.guru/1035643/cemd-877-sorry-for-the-excessive-pleasure-and-accidents-56-kosuzu-mikan/,https://cdn.javmiku.com/wp-content/uploads/2026/08/cemd877pl-550x374.jpg
https://jav.guru/1035644/cemd-876-first-lesbian-experience-a-younger-actress-is-seduced-by-her-senior-niimura-akari-momono-marina/,https://cdn.javmiku.com/wp-content/uploads/2026/08/cemd876pl-550x374.jpg
https://jav.guru/1035645/cead-762-a-voluptuous-maid-drives-men-wild-with-her-curves-featuring-intense-nipple-teasing-and-explosive-pleasure-from-a-sensual-encounter-tomoe-hikari/,https://cdn.javmiku.com/wp-content/uploads/2026/08/cead762pl-550x374.jpg
https://jav.guru/1035646/bonu-047-drink-my-urine-niimura-akari/,https://cdn.javmiku.com/wp-content/uploads/2026/08/bonu047pl-550x374.jpg
https://jav.guru/1035647/bigc-008-a-dominant-woman-uses-a-massive-member-to-push-a-submissive-partner-to-their-limits-leading-to-intense-pleasure-and-a-complete-loss-of-control-kaname-haruki/,https://cdn.javmiku.com/wp-content/uploads/2026/08/bigc008pl-550x374.jpg
https://jav.guru/1035648/bacj-189-a-frustrated-office-worker-discovers-the-sweetness-of-intimacy-after-becoming-aroused-by-a-female-therapist-during-a-wellness-massage-suzuka-kurumi-niiyama-chinatu-shiomi-yui/,https://cdn.javmiku.com/wp-content/uploads/2026/08/bacj189pl-550x374.jpg
https://jav.guru/1035649/bacj-188-an-immoral-and-seductive-writer-finds-pleasure-in-her-creations-with-her-assistant-and-devoted-servant-hazuki-honami/,https://cdn.javmiku.com/wp-content/uploads/2026/08/bacj188pl-550x374.jpg
https://jav.guru/1035650/avsa-451-the-trap-of-high-paying-home-care-jobs-losing-virginity-under-duress-in-a-messy-room-while-being-trained-by-older-men-with-a-strong-odor-hanamori-kaho/,https://cdn.javmiku.com/wp-content/uploads/2026/08/avsa451pl-550x374.jpg
https://jav.guru/1035651/avsa-450-celebrity-encounter-intense-erotic-fun-with-a-seductive-woman-during-messy-fully-clothed-sex-hayama-sayuri/,https://cdn.javmiku.com/wp-content/uploads/2026/08/avsa450pl-550x374.jpg
https://jav.guru/1035652/avsa-449-sensual-legs-and-irresistible-allure-in-a-slippery-sheer-pantyhose-experience-with-a-seductive-tease-kobayakawa-reiko/,https://cdn.javmiku.com/wp-content/uploads/2026/08/avsa449pl-550x374.jpg
https://jav.guru/1035653/avsa-448-the-queen-bee-the-pleasure-empress-with-a-devilish-smile-and-curvy-body-leads-submissive-men-to-ecstasy-hatano-yui/,https://cdn.javmiku.com/wp-content/uploads/2026/08/avsa448pl-550x374.jpg
https://jav.guru/1035654/apns-418-aunts-visit-leads-to-mischievous-encounters-with-her-niece-resulting-in-unexpected-consequences-takeuchi-sakina/,https://cdn.javmiku.com/wp-content/uploads/2026/08/apns418pl-550x374.jpg
https://jav.guru/1035655/apns-417-i-will-seduce-this-girl-a-plan-to-turn-a-noble-lady-into-a-plaything-over-30-days-until-conception-shiratori-rei/,https://cdn.javmiku.com/wp-content/uploads/2026/08/apns417pl-550x374.jpg
https://jav.guru/1035656/aldn-605-a-few-days-of-non-stop-intimacy-with-my-brothers-wife-ichijo-mio/,https://cdn.javmiku.com/wp-content/uploads/2026/08/aldn605pl-550x374.jpg
https://jav.guru/1035657/aldn-604-im-offering-my-wife-now-im-coming-home-after-my-first-affair-tsukada-shiori/,https://cdn.javmiku.com/wp-content/uploads/2026/08/aldn604pl-550x374.jpg
https://jav.guru/1035658/aldn-603-mother-in-law-youre-much-better-than-my-wife-hoshina-kiho/,https://cdn.javmiku.com/wp-content/uploads/2026/08/aldn603pl-550x374.jpg
