page_url,image_url
https://jav.guru/1018782/yab-095-super-lewd-wife-creampie-soapland-bubble-princess-3-amamiya-kotone/,https://cdn.javmiku.com/wp-content/uploads/2026/07/436yab095pl-550x374.jpg
https://jav.guru/1018784/vspds-631-authentic-erectile-dysfunction-treatment-clinic-mori-nanako-amamiya-kotone/,https://cdn.javmiku.com/wp-content/uploads/2026/07/42vspds631pl-550x374.jpg
https://jav.guru/1018785/ugug-096-my-mom-accidentally-wandered-into-the-local-thugs-hangout-bathroom-and-emerged-40-minutes-later-soaked-in-piss-and-cum-fighting-back-tears-mutou-ayaka-ayana-rina/,https://cdn.javmiku.com/wp-content/uploads/2026/07/18ugug096pl-550x374.jpg
https://jav.guru/1018786/sw-125-sprayed-with-a-potent-ethnic-aphrodisiac-on-a-packed-commuter-bus-a-beautiful-young-wife-starts-writhing-in-ecstasy-while-stifling-her-moans-amamiya-kotone-kitajima-ann-kamiki-risa/,https://cdn.javmiku.com/wp-content/uploads/2026/07/h_635sw125pl-550x374.jpg
https://jav.guru/1018787/sw-1059-score-at-the-reunion-your-first-crush-is-now-a-married-woman-whose-lewdly-matured-breasts-and-ass-seduce-a-single-guys-cock-with-lucky-sex-in-the-toilet-hallway-and-her-empty-house-whil/,https://cdn.javmiku.com/wp-content/uploads/2026/07/1sw1059pl-550x374.jpg
https://jav.guru/1018788/soe-195-barely-mosaic-ill-make-you-cum-with-my-incredible-technique-amamiya-kotone/,https://cdn.javmiku.com/wp-content/uploads/2026/07/soe195pl-550x374.jpg
https://jav.guru/1018789/soe-178-barely-mosaic-intense-orgy-amamiya-kotone/,https://cdn.javmiku.com/wp-content/uploads/2026/07/soe178pl-550x374.jpg
https://jav.guru/1018790/soe-160-unstoppable-incontinence-barely-mosaic-amamiya-kotone/,https://cdn.javmiku.com/wp-content/uploads/2026/07/soe160pl-550x374.jpg
https://jav.guru/1018791/soe-138-screaming-big-magnum-fuck-with-barely-any-mosaic-amamiya-kotone/,https://cdn.javmiku.com/wp-content/uploads/2026/07/soe138pl-550x374.jpg
https://jav.guru/1018792/soe-107-barely-mosaic-fucking-in-six-costumes-amamiya-kotone/,https://cdn.javmiku.com/wp-content/uploads/2026/07/soe107pl-550x374.jpg
https://jav.guru/1018793/soe-087-new-girl-barely-mosaic-amamiya-kotone/,https://cdn.javmiku.com/wp-content/uploads/2026/07/soe087pl-550x374.jpg
https://jav.guru/1018795/sev-702-i-went-all-the-way-to-osaka-to-meet-her-amamiya-kotone-miyama-aoi/,https://cdn.javmiku.com/wp-content/uploads/2026/07/h_660sev702pl-550x374.jpg
https://jav.guru/1018796/sero-0099-the-moment-we-bumped-into-each-other-in-the-hallway-my-dick-was-already-inside-her-pussy-amamiya-kotone/,https://cdn.javmiku.com/wp-content/uploads/2026/07/h_422sero0099pl-550x374.jpg
https://jav.guru/1018797/seo-001-amateur-girl-who-sells-her-body-gets-double-teamed-plus-bukkake-amamiya-kotone/,https://cdn.javmiku.com/wp-content/uploads/2026/07/118seo001pl-550x374.jpg
https://jav.guru/1018801/scop-097-shady-delivery-health-operators-are-increasingly-forcing-real-sex-on-young-wives-who-joined-training-thinking-it-was-low-risk-no-actual-intercourse-and-easy-money-aihara-sae-amamiya-kot/,https://cdn.javmiku.com/wp-content/uploads/2026/07/SCOP-097-550x374.jpg
https://jav.guru/1018806/qedz-021-women-who-keep-tormenting-a-masochistic-man-with-lightning-fast-edging-handjobs-even-after-he-cums-during-anal-training-3-haruka-rei-amamiya-kotone-komiyama-serina-sonoda-seira-haneda/,https://cdn.javmiku.com/wp-content/uploads/2026/07/30qedz021pl-550x374.jpg
https://jav.guru/1018807/qedz-019-masochistic-men-relentlessly-pegged-by-beautiful-secretaries-haruka-rei-amamiya-kotone-komiyama-serina-sonoda-seira-haneda-nozomi/,https://cdn.javmiku.com/wp-content/uploads/2026/07/30qedz019pl-550x374.jpg
https://jav.guru/1018808/qedz-018-beautiful-secretaries-turning-masochistic-men-into-human-toilets-by-forcing-them-to-lick-their-unwashed-pussies-relentlessly-haruka-rei-amamiya-kotone-komiyama-serina-sonoda-seira-hane/,https://cdn.javmiku.com/wp-content/uploads/2026/07/30qedz018pl-550x374.jpg
https://jav.guru/1018809/qedk-004-beautiful-secretary-mercilessly-teases-masochistic-men-4-amamiya-kotone/,https://cdn.javmiku.com/wp-content/uploads/2026/07/30qedk004pl-550x374.jpg
https://jav.guru/1018810/pst-106-sadistic-lady-06-amamiya-kotone/,https://cdn.javmiku.com/wp-content/uploads/2026/07/23pst106sopl-550x374.jpg
https://jav.guru/1018811/nsfs-498-the-only-way-to-save-your-husband-is-to-give-your-body-to-the-man-you/,https://cdn.javmiku.com/wp-content/uploads/2026/07/nsfs498pl-550x374.jpg
https://jav.guru/1018812/nfdm-245-new-masochistic-sensations-at-the-gauze-handjob-clinic-mizushima-azumi-kuraki-mio-amamiya-kotone-ootsuki-hibiki-kato-azusa-tachibana-julia-arisa-nakano/,https://cdn.javmiku.com/wp-content/uploads/2026/07/h_188nfdm245pl-550x374.jpg
https://jav.guru/1018813/natr-404-even-knowing-its-wrong-they-cant-resist-women-who-lap-up-dripping-pussies-with-their-tongues-and-pound-each-other-with-dildos-until-they-cum-over-and-over-in-lesbian-sex-matsumoto-ma/,https://cdn.javmiku.com/wp-content/uploads/2026/07/h_067natr404pl-550x374.jpg
https://jav.guru/1018814/mxpf-001-bondage-queen-rapes-masochistic-men-act-01-amamiya-kotone/,https://cdn.javmiku.com/wp-content/uploads/2026/07/30mxpf001pl-550x374.jpg
https://jav.guru/1018815/mvg-169-i-want-to-become-a-pig-nosed-anal-meat-toilet/,https://cdn.javmiku.com/wp-content/uploads/2026/07/mvg169pl-550x374.jpg
https://jav.guru/1018816/mond-304-with-my-admired-female-boss-miike-koharu/,https://cdn.javmiku.com/wp-content/uploads/2026/07/mond304pl-550x374.jpg
https://jav.guru/1018817/momj-123-my-passed-out-drunk-friend-and-his-wife-amamiya-kotone/,https://cdn.javmiku.com/wp-content/uploads/2026/07/18momj123pl-550x374.jpg
https://jav.guru/1018818/mbdd-2185-sasaki-kiss-sasaki-saki/,https://cdn.javmiku.com/wp-content/uploads/2026/07/n_707mbdd2185pl-550x374.jpg
https://jav.guru/1018819/madv-639-dont-say-a-word-while-my-wife-was-out-my-sister-in-law-came-over-and-i-couldnt-resist-her-l-cup-massive-breasts-and-plump-body-so-i-creampied-her-over-and-over/,https://cdn.javmiku.com/wp-content/uploads/2026/07/madv639pl-550x374.jpg
https://jav.guru/1018820/madm-220-the-plain-glasses-wearing-wife-next-door-with-huge-breasts-loves-watching-mens-orgasm-faces/,https://cdn.javmiku.com/wp-content/uploads/2026/07/madm220pl-550x374.jpg
https://jav.guru/1018821/madb-004-shocking-av-debut-of-a-breathtakingly-beautiful-legendary-number-one-cabaret-hostess-from-nagoya-measuring-157cm-and-43kg/,https://cdn.javmiku.com/wp-content/uploads/2026/07/madb004pl-550x374.jpg
https://jav.guru/1018822/lucy-029-sacrificial-stepmother-in-the-father-son-tradition-of-netorase-elite-education/,https://cdn.javmiku.com/wp-content/uploads/2026/07/lucy029pl-550x374.jpg
https://jav.guru/1018823/lpgx-021-flashing-my-hard-cock-to-a-married-woman-alone-in-the-mixed-bath-gets-her-so-horny-for-a-steamy-onsen-night-visit-kuribayashi-riri-amamiya-kotone/,https://cdn.javmiku.com/wp-content/uploads/2026/07/36lpgx021pl-550x374.jpg
https://jav.guru/1018824/lpgx-005-after-pushing-the-amateur-girl-from-the-in-store-health-service-she-turned-out-to-be-an-unbelievably-sensitive-escort-what-happens-when-you-stoke-her-desire-and-pin-her-down-amamiya-k/,https://cdn.javmiku.com/wp-content/uploads/2026/07/36lpgx005pl-550x374.jpg
https://jav.guru/1018825/lpgx-002-frustrated-housewives-flock-to-the-squirting-affair-massage-parlor-because-your-cock-alone-isnt-enough-for-them-yabuki-an-amamiya-kotone/,https://cdn.javmiku.com/wp-content/uploads/2026/07/36lpgx002pl-550x374.jpg
https://jav.guru/1018826/kkk-017-elegant-innocent-beauties-turn-super-sadistic-with-lewd-scent-torment-and-group-semen-sucking-lynch-anzu-yuu-amamiya-kotone-takigawa-ayaka-mikami-karina-mitsui-ayane/,https://cdn.javmiku.com/wp-content/uploads/2026/07/h_103kkk017pl-550x374.jpg
https://jav.guru/1018827/kam-033-leakd-hidden-camera-footage-from-an-ob-gyn-sexless-wifes-unbearable-gynecological-exam-12-inamori-koto-kojima-junna-oikawa-haruna-sena-ayumu-amamiya-kotone-kai-miharu-mio-mikuru/,https://cdn.javmiku.com/wp-content/uploads/2026/07/kam033pl-550x374.jpg
https://jav.guru/1018828/isd-174-doki-lesbian-61-kotaki-miina-amamiya-kotone-asano-harumi-aiuchi-rika/,https://cdn.javmiku.com/wp-content/uploads/2026/07/21isd174pl-550x374.jpg
https://jav.guru/1018830/iesp-565-lesbian-training-sister-in-law-and-little-sister-edition-amamiya-kotone-hirose-nanami/,https://cdn.javmiku.com/wp-content/uploads/2026/07/1iesp565pl-550x374.jpg
https://jav.guru/1018832/iene-291-a-brothel-that-only-admits-virgins-and-gently-retracts-your-foreskin-amamiya-kotone-morikawa-nanase-yoshimi-saaya/,https://cdn.javmiku.com/wp-content/uploads/2026/07/1iene291pl-550x374.jpg
https://jav.guru/1018833/iene-234-sensual-oil-massage-for-married-women-2-amamiya-kotone-kominato-nana-satsuki-takaya/,https://cdn.javmiku.com/wp-content/uploads/2026/07/1iene234pl-550x374.jpg
https://jav.guru/1018834/iene-053-women-who-come-to-handle-complaints-never-refuse-so-you-can-definitely-fuck-them-part-6-amamiya-kotone-suzuka-neiro-ootsuki-hibiki/,https://cdn.javmiku.com/wp-content/uploads/2026/07/1iene053pl-550x374.jpg
https://jav.guru/1018835/iene-049-outcall-estheticians-lymph-massage-got-me-so-hard-it-popped-out-of-my-pants-so-we-fucked-vol-3-amamiya-kotone-suzuka-neiro-ootsuki-hibiki/,https://cdn.javmiku.com/wp-content/uploads/2026/07/1iene049pl-550x374.jpg
https://jav.guru/1018836/hunt-543-i-took-my-pants-with-dried-semen-stains-to-the-dry-cleaner-and-when-the-female-clerk-asked-what-the-spot-was-i-explained-it-boldly-making-her-avert-her-eyes-in-embarrassment-and-overreact/,https://cdn.javmiku.com/wp-content/uploads/2026/07/1hunt543pl-550x374.jpg
https://jav.guru/1018837/hunt-537-huh-why-am-i-getting-this-wet-amateur-girls-on-their-first-foot-massage-get-their-arousal-points-stimulated-by-a-horny-lesbian-esthetician-and-end-up-hooked-on-lesbian-play-despite-their/,https://cdn.javmiku.com/wp-content/uploads/2026/07/1hunt537pl-550x374.jpg
https://jav.guru/1018838/hunt-536-infiltrating-a-hot-spring-inn-as-a-masseuse-thinking-a-sudden-erotic-massage-would-raise-suspicion-she-starts-with-a-normal-one-instead-but-the-beautiful-masseuse-shows-no-reaction-to/,https://cdn.javmiku.com/wp-content/uploads/2026/07/1hunt536pl-550x374.jpg
https://jav.guru/1018839/homa-167-my-big-sister-treats-me-like-her-toy/,https://cdn.javmiku.com/wp-content/uploads/2026/07/homa167pl-550x374.jpg
https://jav.guru/1018840/hoks-231-the-alluring-once-divorced-ex-wife-next-door/,https://cdn.javmiku.com/wp-content/uploads/2026/07/hoks231pl-550x374.jpg
https://jav.guru/1018841/hitma-254-all-star-sailor-warrior-heroines-humiliated-in-hd-for-four-hours-on-blu-ray-disc-tomoda-ayaka-kuribayashi-riri-mizuna-rei-amamiya-kotone-aoi-miyu-natsuki-ran-tachibana-kurumi-tachi/,https://cdn.javmiku.com/wp-content/uploads/2026/07/55hitma254pl-550x374.jpg
https://jav.guru/1018842/hez-902-high-end-tokyo-esthetic-salon-aphrodisiac-oil-lust-release-special-20-frustrated-wives-who-keep-begging-for-sex-even-after-cumming-again-and-again-aisaka-sumire-sumeragi-yuzu/,https://cdn.javmiku.com/wp-content/uploads/2026/07/59hez902pl-550x374.jpg
https://jav.guru/1018844/gptm-20-cyber-special-investigation-inspector-legacy-nakayama-erisu-amamiya-kotone-natsumi-aoi/,https://cdn.javmiku.com/wp-content/uploads/2026/07/GPTM-20-Cyber-Special-Agent-Inspector-LEGACY-550x374.jpg
https://jav.guru/1018845/gomk-24-sailor-heroine-in-a-demonic-outfit-lesbian-play-amamiya-kotone-matsushita-hikari/,https://cdn.javmiku.com/wp-content/uploads/2026/07/GOMK-24-550x374.jpg
https://jav.guru/1018846/gexp-12-pride-of-the-futanari-sailor-heroine-amamiya-kotone/,https://cdn.javmiku.com/wp-content/uploads/2026/07/GEXP-12-550x374.jpg
https://jav.guru/1018847/gdsc-13-cunnilingus-vibrator-torment-and-humiliation-editions-amamiya-kotone/,https://cdn.javmiku.com/wp-content/uploads/2026/07/h_173gdsc13pl-550x374.jpg
https://jav.guru/1018848/fre-003-naive-amateur-girls-watch-guys-jerk-off-vol-2-amamiya-kotone-aozora-konatsu-tsukioka-miyabi-amakawa-hitomi-ayase-runa/,https://cdn.javmiku.com/wp-content/uploads/2026/07/h_275fre003pl-550x374.jpg
https://jav.guru/1018849/fem-036-oil-drenched-succubus-makes-your-fantasies-come-true/,https://cdn.javmiku.com/wp-content/uploads/2026/07/fem036pl-550x374.jpg
https://jav.guru/1018850/fajs-009-other-mens-wives-are-the-sluttiest-the-private-lives-of-shameless-housewives-nonaka-anri-shirai-hitomi-amamiya-kotone/,https://cdn.javmiku.com/wp-content/uploads/2026/07/h_066fajs009sopl-550x374.jpg
https://jav.guru/1018854/enfd-5228-baribari-sayaka-sayaka-tashiro/,https://cdn.javmiku.com/wp-content/uploads/2026/07/1572531596_enfd-5228-550x374.jpg
https://jav.guru/1018859/enfd-5176-ai-shinozaki-promise-hokkaido-long-distance-love/,https://cdn.javmiku.com/wp-content/uploads/2026/07/ENFD-5176-550x374.jpg
https://jav.guru/1018861/enfd-5168-temptation-dream-yurina-sato/,https://cdn.javmiku.com/wp-content/uploads/2026/07/1558984337_enfd-5168-550x374.jpg
https://jav.guru/1018862/enfd-5150-azusa-yamamoto-park/,https://cdn.javmiku.com/wp-content/uploads/2026/07/1569263205_enfd-5150-550x374.jpg
https://jav.guru/1018863/enfd-5144-nonami-takizawa-because-i-like%c2%b7%c2%b7%c2%b7/,https://cdn.javmiku.com/wp-content/uploads/2026/07/ENFD-5144-550x374.jpg
https://jav.guru/1018864/enfd-5143-nonami-takizawa-soft-skin/,https://cdn.javmiku.com/wp-content/uploads/2026/07/ENFD-5143-550x374.jpg
https://jav.guru/1018865/enfd-5136-yukie-kawamura-a-lover-sense/,https://cdn.javmiku.com/wp-content/uploads/2026/07/ENFD-5136-550x374.jpg
https://jav.guru/1018868/enfd-5132-iyo-hanaki-fly-high/,https://cdn.javmiku.com/wp-content/uploads/2026/07/ENFD-5132-550x374.jpg
https://jav.guru/1018869/enfd-5131-twenty-years-old-mira-takiguchi/,https://cdn.javmiku.com/wp-content/uploads/2026/07/enfd-5131-550x374.jpg
https://jav.guru/1018872/enfd-5125-akiko-seo-seo-shuffle/,https://cdn.javmiku.com/wp-content/uploads/2026/07/ENFD-5125-550x374.jpg
https://jav.guru/1018874/enfd-5120-maiko-inoue-carnival/,https://cdn.javmiku.com/wp-content/uploads/2026/07/ENFD-5120-550x374.jpg
https://jav.guru/1018875/enfd-5116-haruka-nagase-koi-honey/,https://cdn.javmiku.com/wp-content/uploads/2026/07/ENFD-5116-550x374.jpg
https://jav.guru/1018876/enfd-5114-china-fukunaga-delusion-platonic/,https://cdn.javmiku.com/wp-content/uploads/2026/07/ENFD-5114-550x374.jpg
https://jav.guru/1018878/emaz-176-beautiful-women-only-a-masturbation-dvd-where-they-talk-only-to-you-so-you-can-cum-hard-2-yokoyama-mirei-marika-iori-ryouko-aihara-sae-kawakami-yuu-sawamura-reiko-asakura-ayane-ama/,https://cdn.javmiku.com/wp-content/uploads/2026/07/emaz176pl-550x374.jpg
https://jav.guru/1018879/dskm-029-new-amateur-girls-who-got-turned-on-watching-guys-jerk-off-vol-6-azumi-ren-amamiya-kotone-tachibana-hinata/,https://cdn.javmiku.com/wp-content/uploads/2026/07/h_139dskm029pl-550x374.jpg
https://jav.guru/1018881/doks-683-schoolgirls-giving-gentle-sticky-slow-blowjobs-while-savoring-every-sensation-in-their-mouths-without-using-their-hands-2-kawae-yua-miyanisi-hikaru-hoshino-natsuki-minami-hinano-tachib/,https://cdn.javmiku.com/wp-content/uploads/2026/07/h_139doks683pl-550x374.jpg
https://jav.guru/1018882/doks-193-schoolgirl-masturbates-with-erect-nipples-3-azumi-ren-hinata-kurusu-sena-ayumu-amamiya-kotone-higasio-mako-kiuchi-rina/,https://cdn.javmiku.com/wp-content/uploads/2026/07/h_139doks193pl-550x374.jpg
https://jav.guru/1018883/doks-179-hands-free-blowjobs-8-kirioka-satuki-asakura-kotomi-kotomi-tsukino-sena-ayumu-suzuki-alice-amamiya-kotone-satsuki-takaya/,https://cdn.javmiku.com/wp-content/uploads/2026/07/h_139doks179pl-550x374.jpg
https://jav.guru/1018884/dmow-003-foot-torment-heaven-beautiful-legs-group-bullying-ichinose-ameri-mizuho-yuki-suzuki-natsu-kohaku-uta-kojima-junna-amamiya-kotone-ootsuki-hibiki-kanoh-ayako-tejima-yuna/,https://cdn.javmiku.com/wp-content/uploads/2026/07/h_139dmow003pl-550x374.jpg
https://jav.guru/1018885/dmow-001-piss-paradise-kozakura-saki-kojima-junna-amamiya-kotone-aozora-konatsu-aiuchi-rika-konishi-yuri-mizushima-ai/,https://cdn.javmiku.com/wp-content/uploads/2026/07/h_139dmow001pl-550x374.jpg
https://jav.guru/1018886/dmbk-019-mischievous-240-minute-perfect-special-compilation-amamiya-kotone/,https://cdn.javmiku.com/wp-content/uploads/2026/07/30dmbk019pl-550x374.jpg
https://jav.guru/1018887/dmbk-007-queens-who-raise-pet-masochistic-men-180-minute-special-kozakura-saki-izumi-mana-kisaki-ema-hoshi-yuno-amamiya-kotone-ootsuki-hibiki-hiramatsu-erika-sawajiri-momoka/,https://cdn.javmiku.com/wp-content/uploads/2026/07/30dmbk007pl-550x374.jpg
https://jav.guru/1018888/dmbj-025-bondage-captive-m-man-training-queen-amamiya-kotone/,https://cdn.javmiku.com/wp-content/uploads/2026/07/30dmbj025pl-550x374.jpg
https://jav.guru/1018889/dmbc-003-capricious-bondage-queens-masochistic-man-training-3-amamiya-kotone/,https://cdn.javmiku.com/wp-content/uploads/2026/07/30dmbc003pl-550x374.jpg
https://jav.guru/1018890/dmba-124-m-man-squirts-from-a-handjob-while-dirty-talk-is-whispered-in-his-ear-4-kisaki-ema-hitomi-yamabuki-kirihara-azusa-amamiya-kotone/,https://cdn.javmiku.com/wp-content/uploads/2026/07/30dmba124pl-550x374.jpg
https://jav.guru/1018891/dkyh-029-tall-erotic-body-dance-special-shaking-her-slim-waist-while-drenched-in-sweat-and-dancing-super-vulgarly-in-an-anything-goes-3-hour-10-minute-show-amamiya-kotone/,https://cdn.javmiku.com/wp-content/uploads/2026/07/30dkyh029pl-550x374.jpg
https://jav.guru/1018892/dkyf-21-ultimate-pro-dancer-with-her-anus-fully-exposed-and-pussy-wedged-tight-amamiya-kotone/,https://cdn.javmiku.com/wp-content/uploads/2026/07/30dkyf21pl-550x374.jpg
https://jav.guru/1018893/djsr-041-naughty-girls-use-strap-ons-to-secretly-molest-straight-mature-women-who-let-their-guard-down-because-of-their-youth-and-end-up-orgasming-harder-than-they-expected-chisato-igawa-tomoda-ay/,https://cdn.javmiku.com/wp-content/uploads/2026/07/29djsr041pl-550x374.jpg
https://jav.guru/1018894/djsr-039-even-though-im-an-older-woman-a-young-girl-gave-me-an-unexpected-lesbian-groping-overwhelmed-by-embarrassment-and-confusion-i-was-shocked-when-she-licked-my-anus-too-and-we-both-came/,https://cdn.javmiku.com/wp-content/uploads/2026/07/29djsr039pl-550x374.jpg
https://jav.guru/1018895/djsr-036-a-sudden-lesbian-tongue-kiss-makes-a-straight-mature-woman-drool-uncontrollably-turning-me-on-so-much-i-wonder-if-im-a-true-lesbian-tomoda-ayaka-kohaku-uta-matsumoto-marina-kawakami/,https://cdn.javmiku.com/wp-content/uploads/2026/07/29djsr036pl-550x374.jpg
https://jav.guru/1018896/djsr-035-even-knowing-its-wrong-she-still-wants-to-lick-pussy-and-this-straight-girl-gets-so-unbelievably-wet-from-having-her-clit-tongued-that-she-cant-believe-it-becoming-addicted-to-lesbian/,https://cdn.javmiku.com/wp-content/uploads/2026/07/29djsr035pl-550x374.jpg
https://jav.guru/1018897/dal-011-fantasy-uniformed-beauty-ai-model-av-debut-as-working-office-lady-vol-02/,https://cdn.javmiku.com/wp-content/uploads/2026/07/h_1711dal00011pl-550x374.jpg
https://jav.guru/1018898/cmc-341-female-teacher-turned-into-an-anal-sow-and-enema-human-toilet-at-the-academy/,https://cdn.javmiku.com/wp-content/uploads/2026/07/cmc341pl-550x374.jpg
https://jav.guru/1018899/chib-005/,https://cdn.javmiku.com/wp-content/uploads/2026/07/chib005pl-550x374.jpg
https://jav.guru/1018901/bony-196-brutal-rape-gang-breaks-into-a-beautiful-womans-home-for-nonstop-creampie-gangbangs-sakura-mahiru-miyanisi-hikaru-kojima-miko/,https://cdn.javmiku.com/wp-content/uploads/2026/07/bony196pl-550x374.jpg
https://jav.guru/1018903/aoz-320-video-of-a-brutal-gang-stalking-and-home-invading-a-busty-schoolgirl-on-her-way-home-aizuki-himari-morishita-kotono-shinomiya-nene/,https://cdn.javmiku.com/wp-content/uploads/2026/07/h_308aoz320zpl-550x374.jpg
https://jav.guru/1018904/anb-260-i-became-my-moms-toy-the-lewd-urges-of-a-beautiful-fifty-year-old-mother/,https://cdn.javmiku.com/wp-content/uploads/2026/07/anb260pl-550x374.jpg
https://jav.guru/1018905/aldn-601-my-brothers-wife-or-rather-my-exclusive-daytime-toy/,https://cdn.javmiku.com/wp-content/uploads/2026/07/aldn601pl-550x374.jpg
https://jav.guru/1018906/aldn-600-even-the-stepmom-wants-to-get-pregnant/,https://cdn.javmiku.com/wp-content/uploads/2026/07/aldn600pl-550x374.jpg
https://jav.guru/1019047/suji-307-after-dad-split-with-mom-and-couldnt-have-sex-anymore-he-started-craving-my-similar-body-and-fucks-me-bareback-while-i-sleep-shaved-daughter-rape-misaki-oto-itoi-ruka/,https://cdn.javmiku.com/wp-content/uploads/2026/07/suji307pl-550x374.jpg
https://jav.guru/1019048/scpx-551-what-was-supposed-to-be-just-a-practice-kiss-left-my-sister-in-laws-body-burning-with-unmistakable-arousal-yuki-nao-shirosaki-kyoka-ogata-mizuki/,https://cdn.javmiku.com/wp-content/uploads/2026/07/scpx551pl-550x374.jpg
https://jav.guru/1019049/pts-549-no-even-though-i-had-forgotten-about-it-for-so-long-sex-right-after-release-from-enforced-abstinence-tachibana-iori-kawai-haruna-shiraki-kanna-nishio-marina/,https://cdn.javmiku.com/wp-content/uploads/2026/07/h_021pts549pl-550x374.jpg
https://jav.guru/1019050/moor-059-loves-being-filmed-during-sex-uruki-sarara/,https://cdn.javmiku.com/wp-content/uploads/2026/07/moor059pl-550x374.jpg
https://jav.guru/1019051/mist-500-wife-wants-to-get-pregnant-with-her-exs-chld-before-her-husband-hujzkawa-nokaze/,https://cdn.javmiku.com/wp-content/uploads/2026/07/1mist500pl-550x374.jpg
https://jav.guru/1019053/ksbj-425-three-years-after-my-mother-in-law-became-a-widow-i-couldnt-resist-embracing-her-lonely-figure-in-mourning-clothes/,https://cdn.javmiku.com/wp-content/uploads/2026/07/ksbj425pl-550x374.jpg
https://jav.guru/1019054/ienf-442-coworkers-try-a-slippery-thigh-job-with-intimate-oil-massage-during-their-work-break-miyanisi-hikaru-onami-aya-kosaka-himari/,https://cdn.javmiku.com/wp-content/uploads/2026/07/1ienf442pl-550x374.jpg
https://jav.guru/1019055/ienf-426-having-the-prim-and-proper-wife-i-picked-up-in-shinjuku-give-my-18cm-cock-a-thigh-job-turned-into-something-incredibly-lewd-eikawa-noa-asakaze-yui-akane-urara/,https://cdn.javmiku.com/wp-content/uploads/2026/07/1ienf426pl-550x374.jpg
https://jav.guru/1019056/fab-009-new-rural-incest-the-moment-her-father-in-law-takes-her-by-force/,https://cdn.javmiku.com/wp-content/uploads/2026/07/fab009pl-1-550x374.jpg
https://jav.guru/1019057/cemd-827-mature-mixer-gone-wild-horny-older-women-lose-control-over-booze-and-cock-in-a-nonstop-orgy-mihara-sumire-sugiokaemiko-yoshizaki-kiyoka-mikoshiba-mika/,https://cdn.javmiku.com/wp-content/uploads/2026/07/cemd827pl-550x374.jpg
https://jav.guru/1019058/blor-303-a-cheerful-busty-mature-woman-laughs-heartily-before-getting-fucked-senseless-and-turned-into-a-submissive-slut-her-plump-jiggling-body-pounded-by-a-massive-cock-as-she-howls-like/,https://cdn.javmiku.com/wp-content/uploads/2026/07/blor303pl-1-550x374.jpg
https://jav.guru/1019059/basj-041-demonic-nympho-wife-twists-a-boys-fetishes-and-turns-his-life-into-hard-mode-mihara-sumire/,https://cdn.javmiku.com/wp-content/uploads/2026/07/basj041pl-550x374.jpg
https://jav.guru/1019060/bagr-079-gals-otakus-and-me-get-super-horny-during-summer-makeup-classes-sena-rumina-kishinaga-mirina/,https://cdn.javmiku.com/wp-content/uploads/2026/07/bagr079pl-550x374.jpg
https://jav.guru/1019061/bacj-175-addicted-to-sex-services-for-women-a-thirty-something-hooked-on-female-fuzoku-furuse-yui/,https://cdn.javmiku.com/wp-content/uploads/2026/07/bacj175pl-550x374.jpg
https://jav.guru/1019194/yako-097-lewd-old-hag-cosplayer-keeping-it-secret-from-her-husband-mikoshiba-mika/,https://cdn.javmiku.com/wp-content/uploads/2026/07/h_1133yako097pl-550x374.jpg
https://jav.guru/1019195/ubug-015-skinny-nympho-whose-throat-pussy-gets-excited-from-rough-facefucking-shinomiya-kanon/,https://cdn.javmiku.com/wp-content/uploads/2026/07/h_1133ubug015pl-550x374.jpg
https://jav.guru/1019196/tnik-029-secret-desires-of-a-sexually-frustrated-wife-met-online-forbidden-games-she-hides-from-her-husband-toyota-reika/,https://cdn.javmiku.com/wp-content/uploads/2026/07/h_1133tnik029pl-550x374.jpg
https://jav.guru/1019204/sdmt-540-sod-female-employees-face-an-intensely-embarrassing-company-wide-sensitivity-survey-kazuki-aika-koharu-uemura-azusa-saotome-rabu-haneda-momoko-kojima-junna-hayasaka-kana/,https://cdn.javmiku.com/wp-content/uploads/2026/07/1sdmt540pl-550x374.jpg
https://jav.guru/1019205/nmsl-044-i-ravaged-my-ai-wife-akari-until-she-broke-but-the-real-wife-i-loved-is-gone-niimura-akari/,https://cdn.javmiku.com/wp-content/uploads/2026/07/h_1814nmsl00044pl-550x374.jpg
https://jav.guru/1019207/neo-855-i-want-to-lick-a-beautiful-mature-womans-soles-until-theyre-all-wrinkly-katou-tsubaki/,https://cdn.javmiku.com/wp-content/uploads/2026/07/433neo855pl-550x374.jpg
https://jav.guru/1019210/mdb-243-gorgeous-office-ladies-in-a-4-hour-premiere-3-yoshida-hana-kuraki-mio-sena-ayumu-amamiya-kotone-otowa-reon/,https://cdn.javmiku.com/wp-content/uploads/2026/07/61mdb243pl-550x374.jpg
https://jav.guru/1019211/lock-014-the-plain-glasses-wearing-office-ladys-secret-her-suppressed-desires-explode-in-big-cock-creampie-orgasms-tsukino-kotone/,https://cdn.javmiku.com/wp-content/uploads/2026/07/h_491lock014pl-550x374.jpg
https://jav.guru/1019212/kbsc-01-exclusive-trture-club-for-tall-ultra-beautiful-extreme-sadistic-women-amamiya-kotone/,https://cdn.javmiku.com/wp-content/uploads/2026/07/h_557kbsc01pl-550x374.jpg
https://jav.guru/1019223/jrze-311-documentary-of-a-fifty-something-wifes-first-shoot-sunohara-saki/,https://cdn.javmiku.com/wp-content/uploads/2026/07/h_086jrze311pl-550x374.jpg
https://jav.guru/1019224/iesp-618-extreme-masochist-gets-instantly-fucked-and-creampied-20-times-straight-moriuchi-kanami/,https://cdn.javmiku.com/wp-content/uploads/2026/07/1iesp618pl-550x374.jpg
https://jav.guru/1019225/iesp-582-busty-housekeeper-frced-to-go-braless-honma-yuri/,https://cdn.javmiku.com/wp-content/uploads/2026/07/1iesp582pl-550x374.jpg
https://jav.guru/1019226/iesp-580-female-investigator-turned-into-a-druggd-sex-slave-shiina-yuna/,https://cdn.javmiku.com/wp-content/uploads/2026/07/1iesp580pl-550x374.jpg
https://jav.guru/1019227/iesp-553-narcotics-investigator-druggd-into-uncontrollable-vaginal-spasms-asakura-mami/,https://cdn.javmiku.com/wp-content/uploads/2026/07/1iesp553pl-550x374.jpg
https://jav.guru/1019228/iesp-549-incestuous-mother-son-swap-kayama-mirei-sakura-michiru/,https://cdn.javmiku.com/wp-content/uploads/2026/07/1iesp549pl-550x374.jpg
https://jav.guru/1019229/iesp-541-incestuous-mother-son-partner-swap-shoda-chisato-igarashi-shinobu/,https://cdn.javmiku.com/wp-content/uploads/2026/07/1iesp541pl-550x374.jpg
https://jav.guru/1019230/iesp-540-teacher-gets-twenty-creampies-in-a-row-hojo-maki/,https://cdn.javmiku.com/wp-content/uploads/2026/07/1iesp540pl-550x374.jpg
https://jav.guru/1019231/iesp-535-narcotics-investigator-gets-druggd-until-her-pussy-spasms-uncontrollably-ono-sarina/,https://cdn.javmiku.com/wp-content/uploads/2026/07/1iesp535pl-550x374.jpg
https://jav.guru/1019232/iesp-528-extreme-exposure-hayama-junko/,https://cdn.javmiku.com/wp-content/uploads/2026/07/1iesp528pl-550x374.jpg
https://jav.guru/1019233/iesp-525-narcotics-investigator-left-twitching-from-drug-induced-pussy-spasms-moroboshi-seira/,https://cdn.javmiku.com/wp-content/uploads/2026/07/1iesp525pl-550x374.jpg
https://jav.guru/1019234/iesp-519-narcotics-investigator-left-twitching-from-a-drug-overdose-matsuki-aya/,https://cdn.javmiku.com/wp-content/uploads/2026/07/1iesp519pl-550x374.jpg
https://jav.guru/1019235/iesp-505-narcotics-investigator-gets-pumped-full-of-drugs-and-left-writhing-in-vaginal-spasms-ozawa-maria/,https://cdn.javmiku.com/wp-content/uploads/2026/07/1iesp505pl-550x374.jpg
https://jav.guru/1019236/iesp-493-incestuous-mother-son-swap-morishita-sakura-kitahara-natsumi/,https://cdn.javmiku.com/wp-content/uploads/2026/07/1iesp493pl-550x374.jpg
https://jav.guru/1019237/iesp-491-narcotics-investigator-pumped-full-of-drugs-and-left-convulsing-vaginally-mizuki-nao/,https://cdn.javmiku.com/wp-content/uploads/2026/07/1iesp491pl-550x374.jpg
https://jav.guru/1019238/iesp-487-incestuous-mother-son-swap-nakamori-reiko-tomoda-maki/,https://cdn.javmiku.com/wp-content/uploads/2026/07/1iesp487pl-550x374.jpg
https://jav.guru/1019239/iesp-481-incest-mother-son-swap-myoujou-chikage-endo-shiori/,https://cdn.javmiku.com/wp-content/uploads/2026/07/1iesp481pl-550x374.jpg
https://jav.guru/1019240/iesp-479-female-teacher-takes-twenty-consecutive-creampies-otsuka-saki/,https://cdn.javmiku.com/wp-content/uploads/2026/07/1iesp479pl-550x374.jpg
https://jav.guru/1019241/iesp-449-narcotics-officer-drenched-in-drugs-and-convulsing-from-vaginal-spasms-sumikawa-roa/,https://cdn.javmiku.com/wp-content/uploads/2026/07/1iesp449pl-550x374.jpg
https://jav.guru/1019242/iesp-443-narcotics-investigator-soaked-in-drugs-and-wracked-by-vaginal-spasms-takamiya-ryo/,https://cdn.javmiku.com/wp-content/uploads/2026/07/1iesp443pl-550x374.jpg
https://jav.guru/1019243/iesp-414-new-teacher-takes-twenty-creampies-in-a-row-tsuji-saki/,https://cdn.javmiku.com/wp-content/uploads/2026/07/1iesp414pl-550x374.jpg
https://jav.guru/1019244/iesp-401-new-teacher-gets-20-creampies-in-a-row-ayukawa-nao/,https://cdn.javmiku.com/wp-content/uploads/2026/07/1iesp401pl-550x374.jpg
https://jav.guru/1019245/iesp-351-narcotics-investigator-druggd-until-her-vagina-spasms-uncontrollably-anju/,https://cdn.javmiku.com/wp-content/uploads/2026/07/1iesp351pl-550x374.jpg
https://jav.guru/1019246/iesp-333-female-teacher-takes-twenty-creampies-in-a-row-katou-tsubaki/,https://cdn.javmiku.com/wp-content/uploads/2026/07/1iesp333pl-550x374.jpg
https://jav.guru/1019247/iesp-331-narcotics-investigator-left-twitching-from-drug-induced-vaginal-spasms-ayase-haruna/,https://cdn.javmiku.com/wp-content/uploads/2026/07/1iesp331pl-550x374.jpg
https://jav.guru/1019248/iesp-290-narcotics-agent-gets-pumped-full-of-drugs-until-her-pussy-spasms-uncontrollably-amai-mitsu/,https://cdn.javmiku.com/wp-content/uploads/2026/07/1iesp290pl-550x374.jpg
https://jav.guru/1019249/iesp-250-conquering-100-married-women-tachibana-hitomi-saotome-arisa-nomiya-riniko-kazama-yumi-tomoda-maki/,https://cdn.javmiku.com/wp-content/uploads/2026/07/1iesp250pl-550x374.jpg
https://jav.guru/1019250/iesp-247-narcotics-investigator-writhing-in-drug-induced-vaginal-spasms-kanno-arisa/,https://cdn.javmiku.com/wp-content/uploads/2026/07/1iesp247pl-550x374.jpg
https://jav.guru/1019251/iesp-217-special-complete-permanent-preservation-edition-satomi-yuria/,https://cdn.javmiku.com/wp-content/uploads/2026/07/1iesp217pl-550x374.jpg
https://jav.guru/1019252/iesp-211-lolita-and-the-black-missile-01-shiina-riku/,https://cdn.javmiku.com/wp-content/uploads/2026/07/1iesp211pl-550x374.jpg
https://jav.guru/1019253/iesp-201-bus-molester-delivers-twenty-consecutive-creampies-fujimoto-marina/,https://cdn.javmiku.com/wp-content/uploads/2026/07/1iesp201pl-550x374.jpg
https://jav.guru/1019254/iesp-196-fucking-the-prim-and-proper-teacher-until-she-climaxes-satomi-yuria/,https://cdn.javmiku.com/wp-content/uploads/2026/07/1iesp196pl-550x374.jpg
https://jav.guru/1019255/iesp-179-no-1-beauty-squad-schoolgirls-take-50-consecutive-creampies-in-this-5-5th-anniversary-release-hasegawa-tihiro-otsuka-hina/,https://cdn.javmiku.com/wp-content/uploads/2026/07/1iesp179pl-550x374.jpg
https://jav.guru/1019256/iesp-163-female-teacher-creampied-twenty-times-in-a-row-kitagawa-emi/,https://cdn.javmiku.com/wp-content/uploads/2026/07/1iesp163pl-550x374.jpg
https://jav.guru/1019257/iene-201-big-problem-for-this-exam-student-living-under-one-roof-with-his-always-naked-sister-maika-amamiya-kotone-ootsuki-hibiki/,https://cdn.javmiku.com/wp-content/uploads/2026/07/1iene201pl-550x374.jpg
https://jav.guru/1019258/iene-120-the-lewd-dentist-satozaki-akane-amamiya-kotone-ootsuki-hibiki-aozora-konatsu-sawada-mana/,https://cdn.javmiku.com/wp-content/uploads/2026/07/1iene120pl-550x374.jpg
https://jav.guru/1019259/hxap-002-virtual-pantyhose-play-with-a-beautiful-womans-dirty-talk-2-gorgeous-legs-and-ass-crossed-with-panties-and-pantyhose-amamiya-kotone/,https://cdn.javmiku.com/wp-content/uploads/2026/07/29hxap002pl-550x374.jpg
https://jav.guru/1019260/hunt-999/,https://cdn.javmiku.com/wp-content/uploads/2026/07/1hunt999pl-550x374.jpg
https://jav.guru/1019261/hunt-994-super-lucky-as-big-tits-and-ass-press-tight-against-my-body-while-stalker-victims-like-my-childhood-friend-sisters-friend-sister-big-sister-and-friends-big-sister-learn-self-defense/,https://cdn.javmiku.com/wp-content/uploads/2026/07/1hunt994pl-550x374.jpg
https://jav.guru/1019262/hunt-993-you-bullied-me-back-in-school-yet-now-youre-begging-for-my-help-because-youre-behind-on-quota-this-is-my-chance-to-settle-the-score-with-some-perverted-revenge-on-the-girl-who-turned/,https://cdn.javmiku.com/wp-content/uploads/2026/07/1hunt993pl-550x374.jpg
https://jav.guru/1019263/hunt-990-creampie-night-visit-on-my-sisters-final-family-trip-before-the-wedding-nagase-aoi-satosaki-shiori-yukimoto-kana-hinagata-kokoro-tachibana-sakura/,https://cdn.javmiku.com/wp-content/uploads/2026/07/1hunt990pl-550x374.jpg
https://jav.guru/1019264/hunt-982-still-a-virgin-at-thirty-the-secret-i-cant-tell-anyone-everyone-assumes-ive-had-plenty-of-lovers-and-sex-but-im-actually-untouched-tsujimoto-ryo-mizuki-nao-tsubaki-kanari-fukusaki/,https://cdn.javmiku.com/wp-content/uploads/2026/07/1hunt982pl-550x374.jpg
https://jav.guru/1019265/hunt-975-how-to-seduce-a-lonely-office-lady-lend-an-ear-to-the-sad-girl-in-the-park-after-lunch-and-shell-tear-up-hug-a-stranger-and-go-all-the-way-asakura-kotomi-ninomiya-nana-mizuki-an-ita/,https://cdn.javmiku.com/wp-content/uploads/2026/07/1hunt975pl-550x374.jpg
https://jav.guru/1019266/hunt-974-my-sisters-plump-ass-is-just-half-a-centimeter-from-my-face-as-her-friend-crashes-in-our-cramped-four-and-a-half-tatami-room-and-rolls-over-in-her-sleep-getting-way-too-close-hamazaki-ma/,https://cdn.javmiku.com/wp-content/uploads/2026/07/1hunt974pl-550x374.jpg
https://jav.guru/1019267/hunt-973-even-now-in-high-school-the-scrawny-guy-nicknamed-doctor-since-elementary-school-has-neighborhood-moms-dropping-by-his-place-to-watch-adult-videos-only-to-fidget-and-blush-at-the-hot-scene/,https://cdn.javmiku.com/wp-content/uploads/2026/07/1hunt973pl-550x374.jpg
https://jav.guru/1019268/hunt-972-stuck-in-a-cramped-bathtub-with-my-drunk-overly-busty-older-sister-who-suddenly-turns-cute-and-feminine-harumi-sana-nishimura-niina-nonomiya-misato-tsuruta-kana/,https://cdn.javmiku.com/wp-content/uploads/2026/07/1hunt972pl-550x374.jpg
https://jav.guru/1019269/hunt-971-my-childhood-friend-gets-jealous-after-learning-how-unusually-close-my-sister-and-i-still-are-bathing-and-sleeping-together-even-as-siblings-kawai-yukino-kawana-misuzu-suzumura-iroha-m/,https://cdn.javmiku.com/wp-content/uploads/2026/07/1hunt971pl-550x374.jpg
https://jav.guru/1019270/hunt-970-why-wont-it-get-hard-for-me-hospitalized-with-no-girlfriend-or-friends-means-no-visitors-at-all-but-the-kind-nurse-is-the-only-one-who-checks-in-when-she-wipes-my-body-during-an-exam/,https://cdn.javmiku.com/wp-content/uploads/2026/07/1hunt970pl-550x374.jpg
https://jav.guru/1019271/hunt-963-caught-in-a-sudden-downpour-the-tutors-drenched-clothes-turn-see-through-and-reveal-her-massive-breasts-that-id-never-noticed-before-the-sight-is-so-erotic-we-skip-the-lesson-and-i-le/,https://cdn.javmiku.com/wp-content/uploads/2026/07/1hunt963pl-550x374.jpg
https://jav.guru/1019272/hunt-957-caught-peeking-in-the-girls-bath-on-our-school-trip-we-finally-spied-on-our-classmates-naked-at-the-outdoor-hot-spring-bodies-wed-only-ever-seen-in-uniform-and-got-massively-turned-o/,https://cdn.javmiku.com/wp-content/uploads/2026/07/1hunt957pl-550x374.jpg
https://jav.guru/1019273/hunt-715-no-way-my-big-sister-is-a-total-masochist-we-always-bicker-over-dumb-stuff-like-you-ate-my-pudding/,https://cdn.javmiku.com/wp-content/uploads/2026/07/1hunt715pl-550x374.jpg
https://jav.guru/1019274/hunt-617-postpartum-women-become-full-body-erogenous-zones-a-young-wife-worried-about-her-changed-figure-after-childbirth-visits-for-pelvic-adjustment-but-the-sexless-stretch-before-and-after-birt/,https://cdn.javmiku.com/wp-content/uploads/2026/07/1hunt617pl-550x374.jpg
https://jav.guru/1019275/honb-494-the-breast-angel-who-took-human-form-03-itoi-ruka/,https://cdn.javmiku.com/wp-content/uploads/2026/07/h_1133honb494pl-550x374.jpg
https://jav.guru/1019276/hoip-001-sin-01-creampie-frenzy-bad-things-taste-like-honey-pranking-an-innocent-girl-who-seems-impossible-to-score-with-at-the-drinking-party-miike-koharu-goshiki-fuwar-i-kitaoka-karin-shirai/,https://cdn.javmiku.com/wp-content/uploads/2026/07/hoip001pl-550x374.jpg
https://jav.guru/1019279/hitma-275-platinum-selection-hd-blu-ray-disc/,https://cdn.javmiku.com/wp-content/uploads/2026/07/55hitma275pl-550x374.jpg
https://jav.guru/1019280/hez-906-gorgeous-mature-beauty-takes-massive-loads-in-her-mouth-during-30-straight/,https://cdn.javmiku.com/wp-content/uploads/2026/07/59hez906pl-550x374.jpg
https://jav.guru/1019281/ftkd-037-plain-huge-breasted-librarian-fukuhara-mina-trained-by-teasing-molester-and-nipple-development/,https://cdn.javmiku.com/wp-content/uploads/2026/07/FTKD-037-550x374.jpg
https://jav.guru/1019282/fthtd-220-the-twisted-revenge-drama-of-an-honor-student-young-wife-whose-pride-was-hurt-by-the-apartment-manager-yamashita-sawa/,https://cdn.javmiku.com/wp-content/uploads/2026/07/FTHTD-220-550x374.jpg
https://jav.guru/1019283/fthtd-217-if-a-fishing-expert-fishes-with-his-own-rod-can-he-catch-women-will-the-housekeeping-service-women-be-reeled-in-by-the-creeping-temptation/,https://cdn.javmiku.com/wp-content/uploads/2026/07/FTHTD-217-550x374.jpg
https://jav.guru/1019284/fthtd-207-walls-are-close-and-so-are-the-breasts-sandwich-creampie-3p-sex-life-erupts-right-away-with-busty-cousin-sisters-who-stormed-my-tiny-one-room-apartment-kui-sunao-koume-ena/,https://cdn.javmiku.com/wp-content/uploads/2026/07/FTHTD-207-550x374.jpg
https://jav.guru/1019285/fns-238-i-begged-my-childhood-friend-wont-you-lick-my-nipples-secretly-applied-aphrodisiac-to-her-nipples-and-kept-making-her-cum-from-nipple-play-rara/,https://cdn.javmiku.com/wp-content/uploads/2026/07/FNS-238-550x374.jpg
https://jav.guru/1019286/fnew-023-busty-little-sister-offers-devoted-sexual-support-to-stop-her-brother-from-visiting-sex-workers-including-creampie-threesomes-in-her-cash-strapped-sex-life-bratty-girl-37-otowata-amu/,https://cdn.javmiku.com/wp-content/uploads/2026/07/h_491fnew023pl-550x374.jpg
https://jav.guru/1019287/elo-366-ugly-loser-gets-horny-for-a-busty-schoolgirl-on-the-bus-boldly-rubs-his-cock-on-her-and-gropes-her-successfully-then-forms-a-gang-to-target-and-molest-more-busty-students-on-public-buses/,https://cdn.javmiku.com/wp-content/uploads/2026/07/76elo366pl-550x374.jpg
https://jav.guru/1019288/dvdes-614-busty-no-bra-gym-niiyama-kaede-amamiya-kotone-aoyama-haruki-kashima-ryo/,https://cdn.javmiku.com/wp-content/uploads/2026/07/1dvdes614pl-550x374.jpg
https://jav.guru/1019289/dvdes-430-lesbian-slave-vol-4-lustful-vertigo-the-fashion-models-light-and-darkness-her-naked-desires-manipulated-by-hair-and-makeup-and-her-manager-under-the-blinding-lights-tsujimoto-ryo-amami/,https://cdn.javmiku.com/wp-content/uploads/2026/07/99-03-19994-550x374.jpg
https://jav.guru/1019292/dskm-044-she-felt-so-good-during-her-oil-massage-that-she-ended-up-wetting-herself-kirihara-azusa-amamiya-kotone-ootsuki-hibiki-mukai-kazuha-kirihara-azusa/,https://cdn.javmiku.com/wp-content/uploads/2026/07/h_139dskm044pl-550x374.jpg
https://jav.guru/1019293/dmbi-001-number-one-anal-bondage-queen-dominates-her-strap-on-addicted-subs-amamiya-kotone-ootsuki-hibiki-hiramatsu-erika-sawajiri-momoka/,https://cdn.javmiku.com/wp-content/uploads/2026/07/30dmbi001pl-550x374.jpg
https://jav.guru/1019294/dmba-126-insatiable-masochist-desires-a-lifetime-of-premature-ejaculation-kirioka-satuki-amamiya-kotone-hoshizaki-anri-kato-marie/,https://cdn.javmiku.com/wp-content/uploads/2026/07/30dmba126pl-550x374.jpg
https://jav.guru/1019295/dldss-525-the-mascot-and-the-female-news-anchor-todays-forecast-turns-stormy-when-her-shock-marriage-drives-even-the-mascot-wild-with-jealousy-yoda-rin/,https://cdn.javmiku.com/wp-content/uploads/2026/07/1dldss525pl-550x374.jpg
https://jav.guru/1019296/dkdn-003-monthly-pantyhose-mania-vol-3-kohaku-uta-amamiya-kotone-konishi-yuri-shihino-chisa/,https://cdn.javmiku.com/wp-content/uploads/2026/07/h_139dkdn003pl-550x374.jpg
https://jav.guru/1019297/cjob-210-ultimate-handjob-massage-compilation-where-a-super-perverted-slut-uses-every-trick-to-force-multiple-ejaculations-maki-kyoko-aika-kurata-mao-fukada-eimi-matsumoto-ichika-kitano-mina/,https://cdn.javmiku.com/wp-content/uploads/2026/07/cjob210pl-550x374.jpg
https://jav.guru/1019298/chuc-185-slutty-nurse-with-stunning-legs-minato-haru/,https://cdn.javmiku.com/wp-content/uploads/2026/07/h_491chuc185pl-550x374.jpg
https://jav.guru/1019299/chuc-184-natural-g-cup-nail-tech-who-cant-say-no-when-pushed-aikawa-yume/,https://cdn.javmiku.com/wp-content/uploads/2026/07/h_491chuc184pl-550x374.jpg
https://jav.guru/1019300/chuc-183-this-super-petite-140cm-nursery-teacher-has-tiny-privates-too-tanida-karina/,https://cdn.javmiku.com/wp-content/uploads/2026/07/h_491chuc183pl-550x374.jpg
https://jav.guru/1019301/chuc-182-massive-h-cup-breasts-on-a-heavyweight-cabaret-hostess-miyanoki-shunka/,https://cdn.javmiku.com/wp-content/uploads/2026/07/h_491chuc182pl-550x374.jpg
https://jav.guru/1019302/chuc-181-sexually-frustrated-voluptuous-wife-with-massive-h-cup-breasts-ohara-rio/,https://cdn.javmiku.com/wp-content/uploads/2026/07/h_491chuc181pl-550x374.jpg
https://jav.guru/1019303/c-2978-after-the-married-womans-trouble-consultation-secret-unreleased-video-collection-minami-sion-tomosaka-anri-kawamura-manami-higa-maria-shiomi-yui-kouduki-ai/,https://cdn.javmiku.com/wp-content/uploads/2026/07/140c2978pl-550x374.jpg
https://jav.guru/1019304/bony-189-savage-gang-storms-a-lone-beautys-apartment-for-brutal-home-invasion-creampies-in-extreme-captivity-nozomi-arimura-honda-hitomi-miokawa-haruka-nagasaki-yukine/,https://cdn.javmiku.com/wp-content/uploads/2026/07/bony189pl-550x374.jpg
https://jav.guru/1019305/akdld-362-if-you-wont-have-sex-with-me-teacher-let-me-just-tease-your-glans-a-student-who-clings-to-her-favorite-teacher-even-when-he-gives-her-the-cold-shoulder-rie-miyagi/,https://cdn.javmiku.com/wp-content/uploads/2026/07/cover-550x374.jpg
https://jav.guru/1019306/aarm-358-older-sister-delights-in-pressing-her-snug-lightly-steamed-panties-right-into-the-crack-while-watching-me-get-excited-mioka-satomi-kuwahara-seira-misaki-oto-kurosaki-hana/,https://cdn.javmiku.com/wp-content/uploads/2026/07/aarm358pl-550x374.jpg
https://jav.guru/1021304/start-616-intense-genuine-kisses-as-they-desperately-entwine-their-tongues-until-every-last-drop-of-desire-is-spent-sakura-mana/,https://cdn.javmiku.com/wp-content/uploads/2026/07/1start616pl-550x374.jpg
https://jav.guru/1021305/start-615-sudden-quickie-during-work-high-speed-thrusting-creampies-in-spare-moments-to-avoid-getting-caught-nagisa-koiki/,https://cdn.javmiku.com/wp-content/uploads/2026/07/1start615pl-550x374.jpg
https://jav.guru/1021306/start-612-first-raw-creampie-ever-unleashes-nonstop-convulsions-from-overwhelming-pleasure/,https://cdn.javmiku.com/wp-content/uploads/2026/07/1start612vpl-550x374.jpg
https://jav.guru/1021307/start-603-a-perverted-swapping-couple-implants-an-ntr-fetish-in-the-pure-innocent-wife-dragging-her-into-a-swamp-of-immoral-pleasure-after-shes-loaned-out-to-a-rich-pair-honjo-suzu/,https://cdn.javmiku.com/wp-content/uploads/2026/07/1start603pl-550x374.jpg
https://jav.guru/1021308/start-598-groping-the-eye-catching-o-cup-bombshell-on-the-train-makes-her-silently-orgasm-without-resistance-due-to-her-hypersensitive-body/,https://cdn.javmiku.com/wp-content/uploads/2026/07/1start598pl-550x374.jpg
https://jav.guru/1021309/sdnm-558-cheerful-mom-spends-the-day-at-a-younger-studs-place-handling-housework-cooking-and-his-endless-sexual-needs-while-getting-pumped-full-by-multiple-guys-arizawa-mayuka/,https://cdn.javmiku.com/wp-content/uploads/2026/07/1sdnm558pl-550x374.jpg
https://jav.guru/1021310/sdnm-557-gentle-smile-and-mother-of-four-final-chapter-a-single-moms-accelerating-desires-wont-stop-during-a-full-day-of-nonstop-orgasms-at-home-shimizu-natsuki/,https://cdn.javmiku.com/wp-content/uploads/2026/07/1sdnm557pl-550x374.jpg
https://jav.guru/1021311/sdnm-556-married-taxi-driver-with-90000-social-media-followers-makes-her-av-debut-admitting-she-loves-rough-affair-sex-despite-her-polite-service-haruki-ranko/,https://cdn.javmiku.com/wp-content/uploads/2026/07/1sdnm556pl-550x374.jpg
https://jav.guru/1021312/sdmua-097-nympho-development-school-supervised-by-a-famous-m-sensual-shop-until-a-genuine-masochistic-actress-pegs-with-a-strap-on-nogi-ayame-kohinata-meru/,https://cdn.javmiku.com/wp-content/uploads/2026/07/1sdmua097pl-550x374.jpg
https://jav.guru/1021313/sdmua-095-retirement-after-nine-years-delivering-every-unfulfilled-desire-and-hidden-truth-with-full-force-in-this-final-chapter-the-last-inning-yuuri-maina/,https://cdn.javmiku.com/wp-content/uploads/2026/07/1sdmua095pl-550x374.jpg
https://jav.guru/1021314/sdmm-236-magic-mirror-van-a-guy-and-girl-alone-in-a-mobile-sauna-leads-to-an-unexpected-erection-and-maximum-sweat-from-awkward-excitement-we-monitor-five-trendy-couples-and-capture/,https://cdn.javmiku.com/wp-content/uploads/2026/07/1sdmm236pl-550x374.jpg
https://jav.guru/1021315/sdjs-373-testing-out-a-bikini-massage-service-to-help-employees-recover-from-daily-fatigue-moriya-yoshino/,https://cdn.javmiku.com/wp-content/uploads/2026/07/1sdjs373pl-550x374.jpg
https://jav.guru/1021316/sdab-353-18-year-old-blowjob-training-turns-her-into-a-fan-eleven-facials-in-total-homura-aine/,https://cdn.javmiku.com/wp-content/uploads/2026/07/1sdab353pl-550x374.jpg
https://jav.guru/1021317/mist-510-guro-masturbation-the-grosser-the-better-kayagiri-azusa-morita-akane-aizawa-shiori-kirishima-asuka/,https://cdn.javmiku.com/wp-content/uploads/2026/07/1mist510pl-550x374.jpg
https://jav.guru/1021330/isd-157-forbidden-trap-2-oshima-minami-nonaka-anri-saotome-rui-suzuki-alice/,https://cdn.javmiku.com/wp-content/uploads/2026/07/21isd157pl-550x374.jpg
https://jav.guru/1021331/iesp-554-narcotics-investigator-left-with-vaginal-spasms-after-being-druggd-osawa-mika/,https://cdn.javmiku.com/wp-content/uploads/2026/07/1iesp554pl-550x374.jpg
https://jav.guru/1021332/iesp-272-groped-on-the-train-and-creampied-twenty-times-aisaki-reira/,https://cdn.javmiku.com/wp-content/uploads/2026/07/1iesp272pl-550x374.jpg
https://jav.guru/1021333/iesp-254-no-1-beauty-squad-female-teacher-special-with-20-creampies-in-a-row-asoh-misaki-saotome-arisa-shoda-chisato-komukai-anna-kazama-yumi/,https://cdn.javmiku.com/wp-content/uploads/2026/07/1iesp254pl-550x374.jpg
https://jav.guru/1021334/iesp-199-schoolgirl-takes-twenty-consecutive-creampies-amai-mitsu/,https://cdn.javmiku.com/wp-content/uploads/2026/07/1iesp199pl-550x374.jpg
https://jav.guru/1021335/iesp-160-creampie-duty-as-the-presidents-secretary-takizawa-yuna/,https://cdn.javmiku.com/wp-content/uploads/2026/07/1iesp160pl-550x374.jpg
https://jav.guru/1021336/iesp-146-groped-bus-guide-takes-twenty-consecutive-creampies-satomi-yuria/,https://cdn.javmiku.com/wp-content/uploads/2026/07/1iesp146pl-550x374.jpg
https://jav.guru/1021337/iesp-124-top-beauty-squad-stages-a-bank-heist-and-takes-20-creampies-in-a-row-for-the-fifth-anniversary-hagiwara-megu-natsuki-yayoi-akane-hotaru-uehara-ruka-ayano-miyuki/,https://cdn.javmiku.com/wp-content/uploads/2026/07/1iesp124pl-550x374.jpg
https://jav.guru/1021338/iesp-099-new-employee-gets-20-creampies-in-a-row-saito-mao/,https://cdn.javmiku.com/wp-content/uploads/2026/07/1iesp099pl-550x374.jpg
https://jav.guru/1021339/iesp-083-busty-100cm-i-cup-teacher-takes-20-consecutive-creampies-hoshi-alice/,https://cdn.javmiku.com/wp-content/uploads/2026/07/1iesp083pl-550x374.jpg
https://jav.guru/1021340/hunt-644-after-her-breakup-is-her-rebound-hookup-me-my-super-reliable-college-roommate-has-her-heartbroken-friend-over-to-vent-and-drink-in-our-shared-bunk-bed-room-saki-sudo-misuzu-ririka-yosh/,https://cdn.javmiku.com/wp-content/uploads/2026/07/1hunt644pl-550x374.jpg
https://jav.guru/1021341/hunt-642-the-super-serious-and-timid-girl-who-sits-right-in-front-of-me-suddenly-shows-up-wearing-flashy-lingerie-that-peeks-through-her-white-blouse-i-cant-stop-staring-and-end-up-rock-hard-in-t/,https://cdn.javmiku.com/wp-content/uploads/2026/07/1hunt642pl-550x374.jpg
https://jav.guru/1021342/hunt-640-my-older-cousin-who-lets-her-guard-down-around-me-shows-up-late-at-night-after-missing-the-last-train-barges-into-my-room-and-passes-out-with-her-panties-exposed-mizuki-an-orihara-yuuna/,https://cdn.javmiku.com/wp-content/uploads/2026/07/1hunt640pl-550x374.jpg
https://jav.guru/1021343/hunt-638-why-am-i-getting-so-wet-the-timid-office-worker-whos-always-stuck-doing-her-coworkers-jobs-falls-asleep-during-overtime-and-wakes-up-to-the-company-janitor-groping-her-body-too-sc/,https://cdn.javmiku.com/wp-content/uploads/2026/07/1hunt638pl-550x374.jpg
https://jav.guru/1021344/hunt-635-i-boldly-got-an-erection-in-the-mixed-hot-spring-and-the-female-guests-stared-hungrily-before-rushing-over-3-iwasa-ayumi-mizumi-saki-saki-sudo-yura-mao-matsushita-miyuki-takahashi-yu/,https://cdn.javmiku.com/wp-content/uploads/2026/07/1hunt635pl-550x374.jpg
https://jav.guru/1021345/hunt-634-the-worst-father-who-unknowingly-had-sex-with-his-daughter-after-an-unfortunate-twist-of-fate-2-aoi-shino-arisawa-risa-kotaki-miina-ootsuki-hibiki-kamiki-risa/,https://cdn.javmiku.com/wp-content/uploads/2026/07/1hunt634pl-550x374.jpg
https://jav.guru/1021346/hunt-633-her-bare-breasts-just-a-centimeter-from-my-face-my-sisters-friend-crashes-at-our-cramped-four-and-a-half-tatami-room-that-i-still-share-with-my-college-sister-and-when-we-pack-into-futo/,https://cdn.javmiku.com/wp-content/uploads/2026/07/1hunt633pl-550x374.jpg
https://jav.guru/1021347/hunt-632-i-cannot-refuse-students/,https://cdn.javmiku.com/wp-content/uploads/2026/07/1hunt632pl-550x374.jpg
https://jav.guru/1021348/hunt-631-being-frail-in-body-and-spirit-i-often-end-up-resting-in-the-school-nurses-office-during-class-where-girls-skipping-lessons-sometimes-lie-down-on-the-neighboring-bed-yumemi-akubi-mi/,https://cdn.javmiku.com/wp-content/uploads/2026/07/1hunt631pl-550x374.jpg
https://jav.guru/1021349/hunt-628-she-books-a-home-masseur-while-wearing-only-a-yukata-with-nothing-underneath-asks-him-to-focus-on-her-lower-body-then-lets-her-erect-cock-pop-out-leaving-him-blushing-hard-yet-sweating-w/,https://cdn.javmiku.com/wp-content/uploads/2026/07/1hunt628pl-550x374.jpg
https://jav.guru/1021350/hunt-626-trying-to-act-grown-up-with-my-first-drink-on-a-school-trip-i-got-carried-away-at-the-destination-got-way-drunker-than-expected-and-ended-up-in-a-wild-erotic-frenzy-fucking-a-guy-i-don/,https://cdn.javmiku.com/wp-content/uploads/2026/07/1hunt626pl-550x374.jpg
https://jav.guru/1021351/hunt-625-this-is-the-worst-my-mom-cleaned-my-room-without-asking-and-found-the-adult-videos-i-had-hidden-whats-more-she-and-her-neighborhood-mom-friends-watched-them-without-permission-the-usu/,https://cdn.javmiku.com/wp-content/uploads/2026/07/1hunt625pl-550x374.jpg
https://jav.guru/1021352/hunt-622-flashing-my-hard-cock-to-fishing-girls-at-their-favorite-spots-had-them-craving-a-thicker-rod-than-their-fishing-poles-inaba-yui-kanasaki-yume-nishiyama-mari-hyuuga-hinata/,https://cdn.javmiku.com/wp-content/uploads/2026/07/1hunt622pl-550x374.jpg
https://jav.guru/1021353/hunt-621-will-this-feel-good-if-i-put-it-in-curious-schoolgirls-are-super-greedy-when-it-comes-to-sex-after-secretly-peeking-at-their-after-school-classroom-girls-only-meeting-it-turns-out-to-be/,https://cdn.javmiku.com/wp-content/uploads/2026/07/1hunt621pl-550x374.jpg
https://jav.guru/1021354/hunt-618-the-bookish-chemistry-club-girls-are-secretly-insatiable-perverts-frail-and-bad-at-sports-but-obsessed-with-experiments-i-joined-the-club-in-high-school-dreaming-of-fun-lab-work-only-for/,https://cdn.javmiku.com/wp-content/uploads/2026/07/1hunt618pl-550x374.jpg
https://jav.guru/1021355/hunt-614-i-pretend-to-pass-out-drunk-in-the-hallway-of-a-hot-spring-inn-and-boldly-show-my-hard-cock-to-the-beautiful-attendant-who-comes-to-help-but-instead-of-ignoring-it-she-gets-turned-on-take/,https://cdn.javmiku.com/wp-content/uploads/2026/07/1hunt614pl-550x374.jpg
https://jav.guru/1021356/hunt-612-my-vocational-school-classmates-casually-crash-at-my-solo-apartment-near-campus-with-zero-hesitation-since-commuting-is-easy-the-next-day-and-they-trust-i-wont-try-anything-2-hayase-alic/,https://cdn.javmiku.com/wp-content/uploads/2026/07/1hunt612pl-550x374.jpg
https://jav.guru/1021357/hunt-606-its-because-of-my-breasts-right-the-stunning-outcall-masseuse-works-up-a-sweat-as-her-huge-breasts-sway-with-every-move-and-when-the-client-gets-hard-on-the-spot-she-starts/,https://cdn.javmiku.com/wp-content/uploads/2026/07/1hunt606pl-550x374.jpg
https://jav.guru/1021358/hunt-604-this-shut-in-finally-loses-his-virginity-thanks-to-his-brother-and-turns-into-a-player-having-never-had-a-proper-conversation-with-a-woman-he-jerks-off-in-the-next-room-listening-to-the/,https://cdn.javmiku.com/wp-content/uploads/2026/07/1hunt604pl-550x374.jpg
https://jav.guru/1021359/hunt-601-my-grown-daughter-is-exactly-my-type-so-when-im-hospitalized-i-seize-the-chance-by-asking-her-to-hold-the-urine-bottle-and-flashing-my-erection-which-leaves-her-flustered-but-curiously/,https://cdn.javmiku.com/wp-content/uploads/2026/07/1hunt601pl-550x374.jpg
https://jav.guru/1021360/hunt-597-i-called-an-outcall-aroma-therapist-who-strictly-bans-any-sexual-contact-to-my-place-but-shes-so-focused-on-the-massage-that-shes-completely-oblivious-to-her-panty-flashes-and-when-an/,https://cdn.javmiku.com/wp-content/uploads/2026/07/HUNT-597-550x374.jpg
https://jav.guru/1021361/hunt-590-unpopular-high-schooler-and-laid-off-salaryman-take-beach-house-jobs-hoping-to-reinvent-themselves-but-the-place-is-packed-with-bikini-beauties-and-the-inexperienced-guy-cant-help-gettin/,https://cdn.javmiku.com/wp-content/uploads/2026/07/1hunt590pl-550x374.jpg
https://jav.guru/1021362/hunt-582-incest-only-when-shes-drunk-my-sister-is-serious-meticulous-and-beautiful-at-work-but-a-rare-drink-turns-her-into-a-completely-different-person-ichinose-ameri-aoi-shino-koshi-an/,https://cdn.javmiku.com/wp-content/uploads/2026/07/1hunt582pl-550x374.jpg
https://jav.guru/1021363/hunt-581-the-only-woman-in-her-thirties-i-can-talk-to-without-getting-nervous-is-my-high-school-niece-with-whom-i-share-a-family-like-bond-eager-to-seem-more-grown-up-than-her-classmates-she-lies/,https://cdn.javmiku.com/wp-content/uploads/2026/07/1hunt581pl-550x374.jpg
https://jav.guru/1021364/hunt-579-after-spiking-the-tea-with-a-massive-dose-of-aphrodisiac-at-the-neighborhood-meeting-those-young-wives-who-always-look-down-on-me-spread-their-legs-and-begged-me-to-fuck-them-otowa-reon/,https://cdn.javmiku.com/wp-content/uploads/2026/07/1hunt579pl-550x374.jpg
https://jav.guru/1021365/hunt-577-even-though-i-was-just-their-sex-practice-dummy-i-finally-lost-my-virginity-as-id-always-hoped-my-office-lady-sister-and-her-friends-are-so-gorgeous-that-men-avoid-them-leaving-the-wom/,https://cdn.javmiku.com/wp-content/uploads/2026/07/HUNT577_2-550x374.jpg
https://jav.guru/1021366/hunt-575-my-daughters-totally-my-type-so-i-want-to-fuck-her-without-my-wife-finding-out-and-keep-it-natural-plus-i-want-her-to-initiate-so-im-less-to-blame-if-were-caught-which-is-why-i-starte/,https://cdn.javmiku.com/wp-content/uploads/2026/07/1hunt575pl-550x374.jpg
https://jav.guru/1021367/hunt-565-my-one-year-older-slightly-precocious-childhood-friend-from-the-same-apartment-complex-and-her-friend-force-me-to-let-them-practice-putting-on-a-condom-they-learned-about-in-health-class-u/,https://cdn.javmiku.com/wp-content/uploads/2026/07/1hunt565pl-550x374.jpg
https://jav.guru/1021368/hunt-562-i-accidentally-wet-myself-during-a-body-washing-esthetic-the-free-trial-sessions-skilled-esthetician-teased-and-stimulated-my-sensitive-spots-with-expert-technique-until-the-overwhelmi/,https://cdn.javmiku.com/wp-content/uploads/2026/07/1hunt562pl-550x374.jpg
https://jav.guru/1021369/hunt-561-108000-yen-an-hour-supermarket-employee-secretly-tries-an-ultra-high-paying-exhibitionist-side-gig-without-the-manager-knowing-yoshida-hana-wakana-ai-mamiya-jun-nishiyama-mari/,https://cdn.javmiku.com/wp-content/uploads/2026/07/1hunt561pl-550x374.jpg
https://jav.guru/1021370/hunt-560-my-only-oasis-from-the-stress-of-home-and-school-is-the-secret-base-i-built-in-the-ruins-mizushima-azumi-nishino-karin-minami-sugano-miyano-yukana-kamiki-risa-haneda-nozomi/,https://cdn.javmiku.com/wp-content/uploads/2026/07/1hunt560pl-550x374.jpg
https://jav.guru/1021371/hunt-559-living-in-a-dingy-studio-apartment-i-hired-a-cleaning-specialist-and-showed-her-my-sex-toys-which-led-to-some-steamy-fun-with-the-girl-i-tested-if-the-trick-works-overseas-too-with-a-fe/,https://cdn.javmiku.com/wp-content/uploads/2026/07/1hunt559pl-550x374.jpg
https://jav.guru/1021372/hunt-558-my-first-time-was-with-dads-hand-and-now-that-ive-gotten-hooked-on-using-his-rough-fingers-ive-started-taking-advantage-of-him-sleeping-soundly-to-do-it-again-today-ayami-hikaru-ma/,https://cdn.javmiku.com/wp-content/uploads/2026/07/1hunt558pl-550x374.jpg
https://jav.guru/1021373/hunt-556-i-went-from-being-an-only-chld-to-suddenly-having-six-gorgeous-sisters-after-my-mom-remarried-into-their-family-tachibana-nao-morikawa-mau-kisaki-aya-maki-azusa-kobayashi-yuki/,https://cdn.javmiku.com/wp-content/uploads/2026/07/1hunt556pl-550x374.jpg
https://jav.guru/1021374/hunt-554-beautiful-mobile-masseuse-grinds-her-hips-and-rubs-her-pussy-against-your-cock-during-a-private-outcall-session-at-home-or-your-hotel-room-yume-sorano/,https://cdn.javmiku.com/wp-content/uploads/2026/07/1hunt554pl-550x374.jpg
https://jav.guru/1021376/hunt-546-the-ultra-straitlaced-serious-nurse-who-handles-erect-cocks-without-flinching-during-routine-duties-gets-fed-an-aphrodisiac-and-turns-into-a-hypersensitive-nympho-but-it-works-way-too-wel/,https://cdn.javmiku.com/wp-content/uploads/2026/07/1hunt546pl-550x374.jpg
https://jav.guru/1021377/hunt-545-after-reuniting-after-years-apart-my-older-relative-has-blossomed-into-a-stunningly-beautiful-and-kind-adult-woman-she-still-treats-me-like-a-chld-even-though-im-deep-in-puberty-flash/,https://cdn.javmiku.com/wp-content/uploads/2026/07/1hunt545pl-550x374.jpg
https://jav.guru/1021378/hunt-544-young-wife-stuck-in-a-sexless-marriage-with-her-much-older-husband-sneaks-out-at-night-to-masturbate-in-a-stores-adult-section-then-secretly-propositions-a-nearby-man-for-a-wild-orgasm-a/,https://cdn.javmiku.com/wp-content/uploads/2026/07/1hunt544pl-550x374.jpg
https://jav.guru/1021379/hunt-541-my-daughters-friends-come-over-for-a-study-sleepover-but-ignore-the-books-to-ask-how-to-kiss-and-when-i-reluctantly-show-them-my-hidden-porn-they-read-it-with-fascination-hasegawa-shizu/,https://cdn.javmiku.com/wp-content/uploads/2026/07/1hunt541pl-550x374.jpg
https://jav.guru/1021380/hunt-534-this-is-the-worst-mom-cleaned-my-room-without-permission-and-found-my-hidden-porn-stash-then-watched-it-with-the-neighborhood-moms-now-the-usually-sweet-young-wife-next-door-has-that-hun/,https://cdn.javmiku.com/wp-content/uploads/2026/07/1hunt534pl-550x374.jpg
https://jav.guru/1021381/hunt-531-exhausted-from-adult-life-i-called-a-babysitter-hoping-shed-let-me-regress-to-childhood-and-gently-heal-me-momomiya-momo-satsuki-yuna-asano-harumi-minami-sugano/,https://cdn.javmiku.com/wp-content/uploads/2026/07/1hunt531pl-550x374.jpg
https://jav.guru/1021382/hunt-469-lonely-first-year-office-worker-seeks-physical-comfort-after-enduring-workplace-bullying-and-isolation-in-tokyo-kana-ohori-kurusu-asami-kai-miharu/,https://cdn.javmiku.com/wp-content/uploads/2026/07/1hunt469pl-550x374.jpg
https://jav.guru/1021383/hunt-467-since-accidentally-discovering-pleasure-on-the-horizontal-bar-during-gym-class-this-girl-has-become-obsessed-with-straddling-the-park-bars-after-school-and-grinding-against-them-unable-to/,https://cdn.javmiku.com/wp-content/uploads/2026/07/1hunt467pl-550x374.jpg
https://jav.guru/1021384/hunt-454-after-getting-demoted-to-an-all-female-lingerie-company-my-predatory-female-bosses-subject-me-to-daily-sexual-and-power-harassment-including-footjobs-and-handjobs-under-the-desk-during-me/,https://cdn.javmiku.com/wp-content/uploads/2026/07/1hunt454pl-550x374.jpg
https://jav.guru/1021385/hunt-441-flashing-your-hard-cock-to-a-beautiful-mom-and-her-cute-daughter-on-a-late-night-bus-ride-home-from-the-amusement-park-what-will-they-do-kotaki-sayumi-ikuta-saori-namigata-mone-tachib/,https://cdn.javmiku.com/wp-content/uploads/2026/07/1hunt441pl-550x374.jpg
https://jav.guru/1021386/hunt-298-you-absolutely-must-not-cum-acme-hotel-two-day-stay/,https://cdn.javmiku.com/wp-content/uploads/2026/07/1hunt298pl-550x374.jpg
https://jav.guru/1021387/hoks-218-the-bloodline-of-lust-mother-and-daughter-whose-thighs-devour-men-mihara-sumire-iori-hinano/,https://cdn.javmiku.com/wp-content/uploads/2026/07/hoks218pl-550x374.jpg
https://jav.guru/1021388/hitma-142-cute-maid-dispatched-straight-to-your-home-tsubomi/,https://cdn.javmiku.com/wp-content/uploads/2026/07/55hitma142pl-550x374.jpg
https://jav.guru/1021389/gebb-041-masked-beauty-mens-esthetic-girl-uses-extreme-close-contact-treatment-to-tease-a-clients-cock-erect-then-grinds-it-through-her-string-panties-to-lure-him-into-raw-sex-4-minoshima-megur/,https://cdn.javmiku.com/wp-content/uploads/2026/07/gebb041pl-550x374.jpg
https://jav.guru/1021390/gebb-038-pyramid-scheme-pickup-instant-creampie-for-those-overly-greedy-mlm-girls-special-nozomi-arimura-kashiwagi-konatsu-kitaoka-karin/,https://cdn.javmiku.com/wp-content/uploads/2026/07/gebb038pl-550x374.jpg
https://jav.guru/1021391/gaso-0081-shes-my-girlfriend-mitsui-yuno/,https://cdn.javmiku.com/wp-content/uploads/2026/07/h_906gaso0081pl-550x374.jpg
https://jav.guru/1021392/gaso-0077-my-girlfriend-saotome-mimi/,https://cdn.javmiku.com/wp-content/uploads/2026/07/h_906gaso0077pl-550x374.jpg
https://jav.guru/1021393/gaso-0071-shes-my-girlfriend-2-julia/,https://cdn.javmiku.com/wp-content/uploads/2026/07/h_906gaso0071pl-550x374.jpg
https://jav.guru/1021394/gaso-0030-my-pet-seko-koko/,https://cdn.javmiku.com/wp-content/uploads/2026/07/h_906gaso0030pl-550x374.jpg
https://jav.guru/1021395/fns-239-ed-husband-daily-horny-wife-and-two-fully-erect-adult-men-fujii-ranran/,https://cdn.javmiku.com/wp-content/uploads/2026/07/FNS-239-550x374.jpg
https://jav.guru/1021396/enfd-5705-rin-matsuoka-finest/,https://cdn.javmiku.com/wp-content/uploads/2026/07/ENFD-5705-550x374.jpg
https://jav.guru/1021397/enfd-5701-kaori-hisamatsu-kaorin-to-issho/,https://cdn.javmiku.com/wp-content/uploads/2026/07/ENFD-5701-550x374.jpg
https://jav.guru/1021398/enfd-5698-kazuko-iwamoto-yamato-nadeshiko/,https://cdn.javmiku.com/wp-content/uploads/2026/07/ENFD-5698-550x374.jpg
https://jav.guru/1021399/enfd-5697-azusa-minami-as-is-arinomama/,https://cdn.javmiku.com/wp-content/uploads/2026/07/ENFD-5697-550x374.jpg
https://jav.guru/1021400/enfd-5694-reimi-osawa-reimi-in-love/,https://cdn.javmiku.com/wp-content/uploads/2026/07/ENFD-5694-550x374.jpg
https://jav.guru/1021401/enfd-5690-mari-takamiya-mari-walk/,https://cdn.javmiku.com/wp-content/uploads/2026/07/ENFD-5690-550x374.jpg
https://jav.guru/1021402/enfd-5687-rin-minami-me-and-suzu-sensei/,https://cdn.javmiku.com/wp-content/uploads/2026/07/ENFD-5687-550x374.jpg
https://jav.guru/1021403/enfd-5681-yuuka-matsumura-i-like-you-the-most/,https://cdn.javmiku.com/wp-content/uploads/2026/07/ENFD-5681-550x374.jpg
https://jav.guru/1021404/enfd-5679-ruri-shinato-i-want-you-to-always-look-at-me/,https://cdn.javmiku.com/wp-content/uploads/2026/07/ENFD-5679-550x374.jpg
https://jav.guru/1021405/enfd-5486-hitomi-yasueda-sunrise/,https://cdn.javmiku.com/wp-content/uploads/2026/07/ENFD-5486-550x374.jpg
https://jav.guru/1021406/enfd-5485-kana-asahi-momentary-girl/,https://cdn.javmiku.com/wp-content/uploads/2026/07/ENFD-5485-550x374.jpg
https://jav.guru/1021407/enfd-5482-hoharu-oyama-hoharu/,https://cdn.javmiku.com/wp-content/uploads/2026/07/ENFD-5482-550x374.jpg
https://jav.guru/1021408/enfd-5477-yuko-shimizu-cattleya/,https://cdn.javmiku.com/wp-content/uploads/2026/07/1569142053_enfd-5477-550x374.jpg
https://jav.guru/1021409/enfd-5475-mai-hakase-by-your-side/,https://cdn.javmiku.com/wp-content/uploads/2026/07/ENFD-5475-550x374.jpg
https://jav.guru/1021410/enfd-5474-aiko-eguchi-onna-x-woman-x/,https://cdn.javmiku.com/wp-content/uploads/2026/07/ENFD-5474-550x374.jpg
https://jav.guru/1021411/enfd-5472-rui-sakioka-blooming-love/,https://cdn.javmiku.com/wp-content/uploads/2026/07/ENFD-5472-550x374.jpg
https://jav.guru/1021412/enfd-5470-hatsuho-tani-first-memory/,https://cdn.javmiku.com/wp-content/uploads/2026/07/ENFD-5470-550x374.jpg
https://jav.guru/1021413/enfd-5469-hinata-egashira-hinata-kurashi/,https://cdn.javmiku.com/wp-content/uploads/2026/07/ENFD-5469-550x374.jpg
https://jav.guru/1021414/enfd-5468-sao-yoshimi-return/,https://cdn.javmiku.com/wp-content/uploads/2026/07/473-550x374.jpg
https://jav.guru/1021415/enfd-5467-iyo-yoshimi-come-back/,https://cdn.javmiku.com/wp-content/uploads/2026/07/ENFD-5467-550x374.jpg
https://jav.guru/1021416/enfd-5466-mizuki-hoshina-how-to-start-love/,https://cdn.javmiku.com/wp-content/uploads/2026/07/ENFD-5466-550x374.jpg
https://jav.guru/1021417/enfd-5464-eruna-shiina-my-first-time/,https://cdn.javmiku.com/wp-content/uploads/2026/07/ENFD-5464-550x374.jpg
https://jav.guru/1021418/enfd-5463-chisato-minami-heaven/,https://cdn.javmiku.com/wp-content/uploads/2026/07/ENFD-5463-550x374.jpg
https://jav.guru/1021419/enfd-5458/,https://cdn.javmiku.com/wp-content/uploads/2026/07/1575682190_enfd-5458-550x374.jpg
https://jav.guru/1021420/enfd-5454-asuka-kishi-love-time/,https://cdn.javmiku.com/wp-content/uploads/2026/07/ENFD-5454-550x374.jpg
https://jav.guru/1021421/enfd-5451-emi-kurita-signpost/,https://cdn.javmiku.com/wp-content/uploads/2026/07/ENFD-5451-550x374.jpg
https://jav.guru/1021422/enfd-5449-rina-nagai-miss-flash-2013-flash2013/,https://cdn.javmiku.com/wp-content/uploads/2026/07/ENFD-5449-550x374.jpg
https://jav.guru/1021423/enfd-5447-yuko-ikeda-miss-flash2013/,https://cdn.javmiku.com/wp-content/uploads/2026/07/ENFD-5447-550x374.jpg
https://jav.guru/1021424/enfd-5438-mai-yasuda-true-love-memories/,https://cdn.javmiku.com/wp-content/uploads/2026/07/ENFD-5438-550x374.jpg
https://jav.guru/1021425/enfd-5434-anri-sugihara/,https://cdn.javmiku.com/wp-content/uploads/2026/07/660-550x374.jpg
https://jav.guru/1021426/enfd-5432-untitled-okamoto-kaori/,https://cdn.javmiku.com/wp-content/uploads/2026/07/n_641enfd5432pl-550x374.jpg
https://jav.guru/1021427/enfd-5428-manami-hashimoto-to-you%c2%b7%c2%b7%c2%b7/,https://cdn.javmiku.com/wp-content/uploads/2026/07/ENFD-5428-550x374.jpg
https://jav.guru/1021428/enfd-5427-fumina-suzuki-fuminapple-2-2/,https://cdn.javmiku.com/wp-content/uploads/2026/07/ENFD-5427-550x374.jpg
https://jav.guru/1021429/enfd-5419-yui-kaori-miss-young-champion-2012/,https://cdn.javmiku.com/wp-content/uploads/2026/07/ENFD-5419-550x374.jpg
https://jav.guru/1021430/enfd-5413-untitled-minami-marika/,https://cdn.javmiku.com/wp-content/uploads/2026/07/n_641enfd5413pl-550x374.jpg
https://jav.guru/1021431/club-905-hidden-camera-of-outcall-stretch-trainer-negotiating-for-full-sex-after-risky-sensitive-spots-trigger-explosive-sensitivity-despite-no-sexual-services-allowed-futaba-ayuka-aragaki-marin/,https://cdn.javmiku.com/wp-content/uploads/2026/07/club905pl-550x374.jpg
https://jav.guru/1021432/club-899-unassuming-shoplifting-wife-tracked-and-secretly-filmed-for-deepthroat-punishment-and-creampie-minato-haru/,https://cdn.javmiku.com/wp-content/uploads/2026/07/club899pl-550x374.jpg
https://jav.guru/1021433/chc-030-private-pov-shoot-toying-with-a-gorgeous-girl-in-total-submission-to-an-older-man-shimokawa-tsumugi/,https://cdn.javmiku.com/wp-content/uploads/2026/07/h_1751chc030pl-550x374.jpg
https://jav.guru/1021434/c-2965-married-matching-app-11/,https://cdn.javmiku.com/wp-content/uploads/2026/07/140c2965pl-550x374.jpg
https://jav.guru/1021435/c-2963-please-steal-my-wife/,https://cdn.javmiku.com/wp-content/uploads/2026/07/140c2963pl-550x374.jpg
https://jav.guru/1022301/xvsr-364-fallen-angel-in-white-little-devil-nurse-vs-greedy-masochist-nurse-nagase-mami/,https://cdn.javmiku.com/wp-content/uploads/2026/07/xvsr364sopl-550x374.jpg
https://jav.guru/1022302/xvsr-359-strange-creampie-sex-life-with-the-perverted-older-sister-next-door-hanyuu-arisa/,https://cdn.javmiku.com/wp-content/uploads/2026/07/xvsr359sopl-550x374.jpg
https://jav.guru/1022303/xvsr-356-the-truly-mind-blowing-sex-from-making-her-hold-back-until-the-ultimate-climax-onoue-wakaba/,https://cdn.javmiku.com/wp-content/uploads/2026/07/xvsr356sopl-550x374.jpg
https://jav.guru/1022304/svdvd-091-intense-no-holds-barred-lesbian-pro-wrestling-with-nonstop-squirting-akira-elly/,https://cdn.javmiku.com/wp-content/uploads/2026/07/1svdvd091pl-550x374.jpg
https://jav.guru/1022306/shic-283-4-hour-summer-vacation-with-13-girls-aoi-rena-yamakawa-yuna-sano-ai-shinkawa-yuri-momoha-kanon-momoi-anna-shiina-aimi-hirate-mana/,https://cdn.javmiku.com/wp-content/uploads/2026/07/h_839shic283pl-550x374.jpg
https://jav.guru/1022307/sgki-100-magic-mirror-bus-meets-the-orgasm-bike-mama-chari-wives-only-getting-relentlessly-dildo-pounded-into-massive-squirting-orgasms-in-full-public-view-futaba-sara-yorimoto-shiori-suehiro-j/,https://cdn.javmiku.com/wp-content/uploads/2026/07/1sgki00100pl-550x374.jpg
https://jav.guru/1022308/scop-660-fuji-hawk-sex-everyday-life-is-an-erotic-goldmine-happy-new-year-lucky-schedule-best-2-unexpected-erotic-mishaps-in-daily-life-imai-kanna/,https://cdn.javmiku.com/wp-content/uploads/2026/07/84scop660pl-550x374.jpg
https://jav.guru/1022309/sbvd-0313-yui-ito-who-is-your-favorite-person/,https://cdn.javmiku.com/wp-content/uploads/2026/07/SBVD-0313-550x374.jpg
https://jav.guru/1022310/rebd-1050-a-romantic-fantasy-in-tokyo-yoshitaka-nene/,https://cdn.javmiku.com/wp-content/uploads/2026/07/h_346rebd1050pl-550x374.jpg
https://jav.guru/1022311/psis-002-sexy-idol-star-kasaki-ichika-nagano-huuka/,https://cdn.javmiku.com/wp-content/uploads/2026/07/h_1391psis02pl-550x374.jpg
https://jav.guru/1022312/psis-001-sexy-idol-star-hashino-airu-amane-yayoi/,https://cdn.javmiku.com/wp-content/uploads/2026/07/h_1391psis01pl-550x374.jpg
https://jav.guru/1022313/pink-001-pink-fight-asakura-moe-amane-yayoi/,https://cdn.javmiku.com/wp-content/uploads/2026/07/h_1391pink01pl-550x374.jpg
https://jav.guru/1022323/ntt-01-the-things-i-made-my-wife-do-amamiya-kotone/,https://cdn.javmiku.com/wp-content/uploads/2026/07/540ntt01pl-550x374.jpg
https://jav.guru/1022330/mgold-054-i-didnt-like-sex-until-i-was-taken-home-by-a-guy-and-spent-the-whole-weekend-lazily-doing-kimeseku-which-made-me-love-it-miona-asumi/,https://cdn.javmiku.com/wp-content/uploads/2026/07/MGOLD-054-550x374.jpg
https://jav.guru/1022331/love-061-utter-scum-rural-thugs-beastly-abduction-gang-rpe-records/,https://cdn.javmiku.com/wp-content/uploads/2026/07/h_491love61pl-550x374.jpg
https://jav.guru/1022332/love-060-tochigi-prefecture-shimo-town-japanese-style/,https://cdn.javmiku.com/wp-content/uploads/2026/07/h_491love60pl-550x374.jpg
https://jav.guru/1022333/love-059-visiting-the-only-virgin-from-a-single-mother-danchi-household-whos-behind-on-her-school-lunch-fees-aoi-ichigo/,https://cdn.javmiku.com/wp-content/uploads/2026/07/h_491love59pl-550x374.jpg
https://jav.guru/1022334/love-058-roricon-student-orgy-triple-rorita-once-in-a-lifetime/,https://cdn.javmiku.com/wp-content/uploads/2026/07/h_491love58pl-550x374.jpg
https://jav.guru/1022335/love-057/,https://cdn.javmiku.com/wp-content/uploads/2026/07/h_491love57pl-550x374.jpg
https://jav.guru/1022336/lcdv-40988-haruka-ando-eternal-love/,https://cdn.javmiku.com/wp-content/uploads/2026/07/LCDV-40988-550x374.jpg
https://jav.guru/1022337/lcdv-40987-yumi-mizusaki-private-lesson/,https://cdn.javmiku.com/wp-content/uploads/2026/07/LCDV-40987-550x374.jpg
https://jav.guru/1022338/lcdv-40986-norika-souzetsu-unbiased-syndrome/,https://cdn.javmiku.com/wp-content/uploads/2026/07/LCDV-40986-550x374.jpg
https://jav.guru/1022339/lcdv-40985-yuumi/,https://cdn.javmiku.com/wp-content/uploads/2026/07/LCDV-40985-550x374.jpg
https://jav.guru/1022340/lcdv-40984-rin-takahashi/,https://cdn.javmiku.com/wp-content/uploads/2026/07/LCDV-40984-550x374.jpg
https://jav.guru/1022341/lcdv-40977-nanoka-last-message/,https://cdn.javmiku.com/wp-content/uploads/2026/07/LCDV-40977-550x374.jpg
https://jav.guru/1022342/lcdv-40975-misuzu-sakuragi-angel/,https://cdn.javmiku.com/wp-content/uploads/2026/07/LCDV-40975-550x374.jpg
https://jav.guru/1022343/lcdv-40974-aoyama-chinatsu-afternoon-honey-love/,https://cdn.javmiku.com/wp-content/uploads/2026/07/LCDV-40974-550x374.jpg
https://jav.guru/1022344/lcdv-40972-hoshino-wife-is-%e2%98%86hoshino/,https://cdn.javmiku.com/wp-content/uploads/2026/07/LCDV-40972-550x374.jpg
https://jav.guru/1022345/lcdv-40969-yuu-yamamoto-you/,https://cdn.javmiku.com/wp-content/uploads/2026/07/LCDV-40969-550x374.jpg
https://jav.guru/1022346/lcdv-40908-kohsaka-kotomi-iridescent-diary/,https://cdn.javmiku.com/wp-content/uploads/2026/07/LCDV-40908-550x374.jpg
https://jav.guru/1022347/lcdv-40868-airi-igawa/,https://cdn.javmiku.com/wp-content/uploads/2026/07/LCDV-40868-550x374.jpg
https://jav.guru/1022348/lcdv-40802-chika-kanayama-im-back/,https://cdn.javmiku.com/wp-content/uploads/2026/07/LCDV-40802-550x374.jpg
https://jav.guru/1022349/lcdv-40799-such-dreams-such-love-anna-konno/,https://cdn.javmiku.com/wp-content/uploads/2026/07/1793-550x374.jpg
https://jav.guru/1022350/lcdv-40795-akane-sagara-pururu/,https://cdn.javmiku.com/wp-content/uploads/2026/07/LCDV-40795-550x374.jpg
https://jav.guru/1022351/lcdv-40767-catch-me-amy-matsushima-eimi/,https://cdn.javmiku.com/wp-content/uploads/2026/07/LCDV-40767-550x374.jpg
https://jav.guru/1022352/lcdv-40750-first-miyu-miyu-kojima/,https://cdn.javmiku.com/wp-content/uploads/2026/07/1551981081_lcdv-40750-550x374.jpg
https://jav.guru/1022353/lcdv-40749-yuka-kyomoto/,https://cdn.javmiku.com/wp-content/uploads/2026/07/LCDV-40749-550x374.jpg
https://jav.guru/1022354/lcdv-40748-rina-hashimoto-lily-next-door/,https://cdn.javmiku.com/wp-content/uploads/2026/07/LCDV-40748-550x374.jpg
https://jav.guru/1022355/lcdv-40747-nanoka/,https://cdn.javmiku.com/wp-content/uploads/2026/07/LCDV-40747-550x374.jpg
https://jav.guru/1022356/lcdv-40740-mika-nonomiya-gran-puru-n/,https://cdn.javmiku.com/wp-content/uploads/2026/07/LCDV-40740-550x374.jpg
https://jav.guru/1022357/lcdv-40736-ayu-takahashi-18/,https://cdn.javmiku.com/wp-content/uploads/2026/07/LCDV-40736-550x374.jpg
https://jav.guru/1022358/lcdv-40733-ayaka-morikawa-ayamonogatari/,https://cdn.javmiku.com/wp-content/uploads/2026/07/LCDV-40733-550x374.jpg
https://jav.guru/1022359/lcdv-40606-nozomi-fujimori-baby-white/,https://cdn.javmiku.com/wp-content/uploads/2026/07/LCDV-40606-550x374.jpg
https://jav.guru/1022360/lcdv-40605-mikie-hara-wrapped-in-kindness/,https://cdn.javmiku.com/wp-content/uploads/2026/07/LCBD-00605-550x374.jpg
https://jav.guru/1022361/lcdv-40604-yukie-kawamura-sweet-emotion/,https://cdn.javmiku.com/wp-content/uploads/2026/07/LCBD-00604-550x374.jpg
https://jav.guru/1022362/lcdv-40600-risa-yoshiki-karenka/,https://cdn.javmiku.com/wp-content/uploads/2026/07/LCBD-00600-1-550x374.jpg
https://jav.guru/1022363/lcdv-40599-dreaming-flower-yoshiki-risa/,https://cdn.javmiku.com/wp-content/uploads/2026/07/lcdv-40599-550x374.jpg
https://jav.guru/1022364/lcdv-40591-tokky-tokki-melty/,https://cdn.javmiku.com/wp-content/uploads/2026/07/LCDV-40591-550x374.jpg
https://jav.guru/1022365/lcdv-40590-chiaki-ota-kowaku/,https://cdn.javmiku.com/wp-content/uploads/2026/07/LCDV-40590-550x374.jpg
https://jav.guru/1022366/ksbj-150-creampies-for-twelve-plump-beautiful-mature-women-hazuki-naho-aoki-rin-mizuki-nao-terashima-shiho-yagi-azusa-matsuzaka-miki-nakamura-tomoe-maezono-nozomi-mishima-natsuko-ono-sachi/,https://cdn.javmiku.com/wp-content/uploads/2026/07/ksbj150pl-550x374.jpg
https://jav.guru/1022367/ksbj-148-adultery-within-the-family-tsukada-shiori/,https://cdn.javmiku.com/wp-content/uploads/2026/07/ksbj148pl-550x374.jpg
https://jav.guru/1022368/iesp-742-schoolgirl-takes-twenty-creampies-in-a-row-sena-nanami/,https://cdn.javmiku.com/wp-content/uploads/2026/07/1iesp742pl-550x374.jpg
https://jav.guru/1022369/iesp-661-cousins-bloom-into-lesbians-as-the-ban-is-lifted-amemura-rinka-suzaki-madoka/,https://cdn.javmiku.com/wp-content/uploads/2026/07/1iesp661pl-550x374.jpg
https://jav.guru/1022370/iesp-660-science-girl-takes-twenty-creampies-in-a-row-kanade-kanon/,https://cdn.javmiku.com/wp-content/uploads/2026/07/1iesp660pl-550x374.jpg
https://jav.guru/1022371/iesp-655-stepmother-lesbian-training-in-her-first-girl-girl-release-kawagoe-yui-shinozaki-kanna/,https://cdn.javmiku.com/wp-content/uploads/2026/07/1iesp655pl-550x374.jpg
https://jav.guru/1022372/iesp-651-exclusive-actress-takes-20-consecutive-creampies-eikawa-noa/,https://cdn.javmiku.com/wp-content/uploads/2026/07/1iesp651pl-550x374.jpg
https://jav.guru/1022373/iesp-650-stepsister-lesbian-training-saotome-rabu-mochida-shiori/,https://cdn.javmiku.com/wp-content/uploads/2026/07/1iesp650pl-550x374.jpg
https://jav.guru/1022374/iesp-649-married-woman-narcotics-investigator-drenched-in-aphrodisiac-until-her-pussy-convulses-eikawa-noa/,https://cdn.javmiku.com/wp-content/uploads/2026/07/1iesp649pl-550x374.jpg
https://jav.guru/1022375/iesp-646-narcotics-investigator-drenched-in-aphrodisiac-suffers-uncontrollable-vaginal-spasms-for-the-18th-anniversary-special-kururugi-aoi-takasugi-mari/,https://cdn.javmiku.com/wp-content/uploads/2026/07/1iesp646pl-550x374.jpg
https://jav.guru/1022376/iesp-643-female-teacher-takes-twenty-consecutive-creampies-negoto-rui/,https://cdn.javmiku.com/wp-content/uploads/2026/07/1iesp643pl-550x374.jpg
https://jav.guru/1022377/iesp-642-female-teacher-creampied-twenty-times-in-a-row-kiritani-nao/,https://cdn.javmiku.com/wp-content/uploads/2026/07/1iesp642pl-550x374.jpg
https://jav.guru/1022378/iesp-641-extreme-masochist-girl-takes-twenty-creampies-in-a-row-mihi-nanami/,https://cdn.javmiku.com/wp-content/uploads/2026/07/1iesp641pl-550x374.jpg
https://jav.guru/1022379/iesp-639-female-teacher-gets-twenty-creampies-in-a-row-kimijima-mio/,https://cdn.javmiku.com/wp-content/uploads/2026/07/1iesp639pl-550x374.jpg
https://jav.guru/1022380/iesp-638-lolita-gets-twenty-creampies-in-a-row-nanase-mai/,https://cdn.javmiku.com/wp-content/uploads/2026/07/1iesp638pl-550x374.jpg
https://jav.guru/1022381/iesp-636-big-breasted-lolita-takes-twenty-consecutive-creampies-isshiki-sayuri/,https://cdn.javmiku.com/wp-content/uploads/2026/07/1iesp636pl-550x374.jpg
https://jav.guru/1022382/iesp-633-narcotics-investigator-druggd-into-uncontrollable-vaginal-spasms-himekawa-yuuna/,https://cdn.javmiku.com/wp-content/uploads/2026/07/1iesp633pl-550x374.jpg
https://jav.guru/1022383/iesp-632-cuckolded-housewife-takes-twenty-creampies-in-a-row-mihara-honoka/,https://cdn.javmiku.com/wp-content/uploads/2026/07/1iesp632pl-550x374.jpg
https://jav.guru/1022384/iesp-626-maid-gets-twenty-creampies-in-a-row-fukada-yuri/,https://cdn.javmiku.com/wp-content/uploads/2026/07/1iesp626pl-550x374.jpg
https://jav.guru/1022385/iesp-623-a-schoolgirl-takes-twenty-consecutive-creampies-mari-rika/,https://cdn.javmiku.com/wp-content/uploads/2026/07/1iesp623pl-550x374.jpg
https://jav.guru/1022386/iesp-622-narcotics-investigator-gets-pumped-full-of-drugs-until-her-pussy-spasms-uncontrollably-shibuya-kaho/,https://cdn.javmiku.com/wp-content/uploads/2026/07/1iesp622pl-550x374.jpg
https://jav.guru/1022387/iesp-598-maid-takes-twenty-consecutive-creampies-motozawa-tomomi/,https://cdn.javmiku.com/wp-content/uploads/2026/07/1iesp598pl-550x374.jpg
https://jav.guru/1022388/hunt-898-siblings-insecure-about-her-flat-chest-and-his-phimosis-hold-a-secret-sex-talk-that-turns-into-mutual-mockery-and-a-fight-minami-riona-kawamura-maya-ichinose-suzu-kagami-shuna/,https://cdn.javmiku.com/wp-content/uploads/2026/07/1hunt898pl-550x374.jpg
https://jav.guru/1022389/hunt-897-at-least-until-i-see-their-nipples-alone-with-a-group-of-busty-college-girls-in-the-mixed-outdoor-bath-but-their-guard-is-too-tight-to-see-anything-ayase-minami-saejima/,https://cdn.javmiku.com/wp-content/uploads/2026/07/1hunt897pl-550x374.jpg
https://jav.guru/1022390/hunt-896-my-boring-life-shuttling-between-school-and-home-had-zero-excitement-until-my-sisters-friend-stayed-over-and-her-showering-body-showed-clearly-through-the-glass-so-i-boldly-peeked-with-a/,https://cdn.javmiku.com/wp-content/uploads/2026/07/1hunt896pl-550x374.jpg
https://jav.guru/1022391/hunt-894-this-is-bad-teacher-were-in-class-right-now-the-usually-reserved-guy-is-doing-unbelievably-bold-things-during-lessons-that-no-one-could-imagine-or-rather-having-them-done-to-him-this/,https://cdn.javmiku.com/wp-content/uploads/2026/07/1hunt894pl-550x374.jpg
https://jav.guru/1022392/hunt-893-unexpectedly-hammered-after-eating-whiskey-bonbons-freshly-laid-off-and-unemployed-i-lounge-around-the-house-all-day-but-my-daughter-keeps-bringing-her-friends-over-anyway-thinking-i/,https://cdn.javmiku.com/wp-content/uploads/2026/07/1hunt893pl-550x374.jpg
https://jav.guru/1022393/hunt-891-i-dont-care-whose-they-are-i-just-want-to-grope-some-boobs-otowa-reon-saejima-kaori-yokoyama-natsuki/,https://cdn.javmiku.com/wp-content/uploads/2026/07/1hunt891pl-550x374.jpg
https://jav.guru/1022394/hunt-886-toilet-cleaner-swallows-piss-i-burst-into-the-bathroom-shes-cleaning-and-whip-out-my-cock-only-for-the-gorgeous-janitor-to-stare-in-shock-so-pent-up-that-even-my-limp-average-dick-mira/,https://cdn.javmiku.com/wp-content/uploads/2026/07/1hunt886pl-550x374.jpg
https://jav.guru/1022395/hunt-885-lucky-break-at-the-hot-spring-inn-an-unexpected-erotic-drinking-party-with-drunk-college-girls-maki-kyoko-konno-hikaru-ayashiro-yurina-nishikawa-rion-hinata-airi/,https://cdn.javmiku.com/wp-content/uploads/2026/07/1hunt885pl-550x374.jpg
https://jav.guru/1022396/hunt-883-please-notice-me-im-waiting-the-girl-hoping-to-be-groped-on-a-crowded-train-gets-soaking-wet-just-from-brushing-against-the-men-around-her-and-once-they-touch-her-shell-eagerly-accept/,https://cdn.javmiku.com/wp-content/uploads/2026/07/1hunt883pl-550x374.jpg
https://jav.guru/1022397/hunt-879-an-erection-from-squatting-sideboob-because-her-breasts-are-just-too-big-on-a-sweltering-night-at-your-friends-house-you-spot-his-older-sister-squatting-nearly-naked-through-the-door-he/,https://cdn.javmiku.com/wp-content/uploads/2026/07/1hunt879pl-550x374.jpg
https://jav.guru/1022398/hunt-875-tonight-im-sleeping-in-the-same-futon-with-my-uncle-a-high-school-niece-returns-home-after-a-long-absence-and-clings-to-her-uncle-insisting-they-share-a-bed-like-when-she-was-little-sa/,https://cdn.javmiku.com/wp-content/uploads/2026/07/1hunt875pl-550x374.jpg
https://jav.guru/1022399/hunt-872-slipping-into-my-beloved-sisters-futon-the-night-before-her-wedding-for-forbidden-creampie-incest-the-sister-who-was-always-kind-only-to-me-becomes-another-mans-woman-tomorrow-on-our/,https://cdn.javmiku.com/wp-content/uploads/2026/07/HUNT-872-550x374.jpg
https://jav.guru/1022400/hunt-870-unexpected-mixed-bathing-in-this-tiny-indoor-tub-solo-onsen-trip-goes-wrong-when-the-outdoor-bath-closes-and-the-indoor-one-turns-co-ed-2-arisawa-risa-kururugi-mikan-mizumi-saki-hamaz/,https://cdn.javmiku.com/wp-content/uploads/2026/07/1hunt870pl-550x374.jpg
https://jav.guru/1022401/hunt-869-miraculous-turnaround-as-he-flashes-an-erection-with-a-urine-bottle-but-it-fizzles-or-so-it-seemed-until-his-first-hospital-checkup-after-thirty-confirms-hes-perfectly-healthy-with-everyt/,https://cdn.javmiku.com/wp-content/uploads/2026/07/1hunt869pl-550x374.jpg
https://jav.guru/1022402/hunt-867-massive-aphrodisiac-dump-at-the-reunion-after-years-of-nonstop-bullying-from-elementary-through-high-school-this-neet-gets-dragged-into-an-uninvited-class-reunion-when-he-runs-into-his-ol/,https://cdn.javmiku.com/wp-content/uploads/2026/07/1hunt867pl-550x374.jpg
https://jav.guru/1022403/hunt-864-full-underboob-exposure-i-never-expected-her-to-be-changing-when-i-opened-the-door-at-my-friends-house-and-caught-his-busty-sister-mid-dress-with-everything-on-display-mesmerized/,https://cdn.javmiku.com/wp-content/uploads/2026/07/1hunt864pl-550x374.jpg
https://jav.guru/1022404/hunt-862-accidentally-catching-my-female-coworkers-careless-panty-flash-during-a-surprise-disaster-drill-leaves-me-unable-to-keep-my-hands-to-myself-at-our-office-these-irregular-drills-have-us-d/,https://cdn.javmiku.com/wp-content/uploads/2026/07/1hunt862pl-550x374.jpg
https://jav.guru/1022405/hunt-861-my-adorable-daughters-chastity-is-threatened-after-i-hired-a-stunning-tutor-from-a-top-womens-university-who-started-seducing-her-asuka-mitsuki-suzuki-alice-aoi-koharu/,https://cdn.javmiku.com/wp-content/uploads/2026/07/1hunt861pl-550x374.jpg
https://jav.guru/1022407/hodv-21769-ditching-work-for-a-midday-affair-with-a-married-woman-picked-up-in-shibuyas-backstreets-filmed-as-a-side-hustle-to-sell-for-extra-cash-aohitsugi-rika-nakajo-rino-kurokawa-harumi-h/,https://cdn.javmiku.com/wp-content/uploads/2026/07/41hodv21769pl-550x374.jpg
https://jav.guru/1022408/hodv-21766-four-rounds-of-sloppy-sex-that-make-a-busty-beauty-lose-her-mind-shiina-eru/,https://cdn.javmiku.com/wp-content/uploads/2026/07/41hodv21766pl-550x374.jpg
https://jav.guru/1022409/fskt-038-schoolgirl-beauty-found-in-the-coin-laundry-four-hour-compilation-of-other-uniformed-girls-mihi-nanami/,https://cdn.javmiku.com/wp-content/uploads/2026/07/h_491fskt038pl-550x374.jpg
https://jav.guru/1022410/fskt-037-i-approached-this-i-cup-girl-whose-lewd-cleavage-had-every-guy-on-the-street-staring-ayukawa-miku/,https://cdn.javmiku.com/wp-content/uploads/2026/07/h_491fskt037pl-550x374.jpg
https://jav.guru/1022411/euud-089-what-if-a-mature-woman-tried-cosplay-a-paradise-of-escapism-awaits-kimika-shiori/,https://cdn.javmiku.com/wp-content/uploads/2026/07/h_086euud89pl-1-550x374.jpg
https://jav.guru/1022412/ebod-563-after-a-year-of-persuasion-by-e-body-the-no-1-busty-soapland-girl-from-the-famous-susukino-entertainment-district-makes-her-exclusive-av-debut-sakai-nozomi/,https://cdn.javmiku.com/wp-content/uploads/2026/07/ebod563pl-550x374.jpg
https://jav.guru/1022413/ebod-562-e-body-exclusive-debut-for-this-nordic-born-bombshell-with-a-96cm-bust-and-51cm-waist-elena-minagawa/,https://cdn.javmiku.com/wp-content/uploads/2026/07/ebod562pl-550x374.jpg
https://jav.guru/1022414/ebod-561-teasing-the-sex-obsessed-i-cup-celebrity-with-a-month-of-denial-before-hitting-her-with-a-potent-aphrodisiac-for-explosive-sex-yagami-saori/,https://cdn.javmiku.com/wp-content/uploads/2026/07/ebod561pl-550x374.jpg
https://jav.guru/1022415/dori-048-raw-footage-no-48-compensated-dating-schoolgirl-locks-eyes-and-begs-wanna-cum-lets-cum-together-for-three-rounds-of-sex-and-two-creampies-sari-sato/,https://cdn.javmiku.com/wp-content/uploads/2026/07/h_491dori048pl-550x374.jpg
https://jav.guru/1022416/dori-047-raw-sex-shoot-no-47-petite-schoolgirl-sucked-my-cock-to-check-if-i-wanted-it-raw-then-said-okay-and-let-me-creampie-her-twice-koyama-risa/,https://cdn.javmiku.com/wp-content/uploads/2026/07/h_491dori047pl-550x374.jpg
https://jav.guru/1022417/dori-046-korean-wife-sends-her-son-to-kindergarten-before-cheating-with-another-man-in-this-toe-and-vase-adultery-special-yayoi-mizuki/,https://cdn.javmiku.com/wp-content/uploads/2026/07/dori-046-550x374.jpg
https://jav.guru/1022418/cesd-066-paranoid-masturbation-pleasure-8-kobayakawa-reiko/,https://cdn.javmiku.com/wp-content/uploads/2026/07/cesd066pl-550x374.jpg
https://jav.guru/1022419/cesd-060-paranoid-masturbation-pleasure-5-okouchi-nami/,https://cdn.javmiku.com/wp-content/uploads/2026/07/cesd060pl-550x374.jpg
https://jav.guru/1022420/cesd-058-paranoid-sluts-masturbatory-ecstasy-polite-speech-version-kazama-yumi/,https://cdn.javmiku.com/wp-content/uploads/2026/07/cesd058pl-550x374.jpg
https://jav.guru/1022421/c-2474-married-womens-affair-trip-meets-hot-spring-romance-getaway-collaboration-17-side-b-yoshizawa-yuna-amemiya-mai/,https://cdn.javmiku.com/wp-content/uploads/2026/07/140c2474pl-550x374.jpg
https://jav.guru/1022422/c-2473-married-woman-cheating-trip-meets-hot-spring-romance-trip-collaboration-17-side-a-yoshizawa-yuna-amemiya-mai/,https://cdn.javmiku.com/wp-content/uploads/2026/07/140c2473pl-550x374.jpg
https://jav.guru/1022423/c-2472-the-gateway-to-directing-practical-promotion-exam-for-av-company-employees-03-hanamiya-rei-nagase-karen/,https://cdn.javmiku.com/wp-content/uploads/2026/07/140c2472pl-550x374.jpg
https://jav.guru/1022424/c-2471-married-womans-selfie-ntr-cuckold-report-video-04/,https://cdn.javmiku.com/wp-content/uploads/2026/07/140c2471pl-550x374.jpg
https://jav.guru/1022425/bobb-303-h-cup-hourglass-bombshell-unleashes-a-nursing-handjob-cumshot-shakes-her-tits-during-sex-for-a-breast-ejaculation-then-delivers-bound-paizuri-for-even-more-before-finishing-with-greedy-ti/,https://cdn.javmiku.com/wp-content/uploads/2026/07/bobb303pl-550x374.jpg
https://jav.guru/1022426/bobb-299-my-l-cup-mega-breasted-girlfriend-in-boyfriend-pov-sayaka-kujo/,https://cdn.javmiku.com/wp-content/uploads/2026/07/bobb299pl-550x374.jpg
https://jav.guru/1022427/bobb-298-19-year-old-i-cup-busty-debut-box-aizato-yuna/,https://cdn.javmiku.com/wp-content/uploads/2026/07/bobb298pl-550x374.jpg
https://jav.guru/1022428/bobb-294-situations-that-make-you-want-to-fondle-an-18-year-olds-k-cups-nagata-megumi/,https://cdn.javmiku.com/wp-content/uploads/2026/07/bobb294pl-550x374.jpg
https://jav.guru/1022429/bkd-204-mother-and-son-mating-takeuchi-rie/,https://cdn.javmiku.com/wp-content/uploads/2026/07/bkd204sopl-550x374.jpg
https://jav.guru/1022430/bkd-202-mother-and-son-mating-yu-asagiri/,https://cdn.javmiku.com/wp-content/uploads/2026/07/bkd202sopl-550x374.jpg
https://jav.guru/1022623/ymdd-492-real-tele-sex-ten-submissive-attention-seekers-getting-horny-from-phone-masturbation-kashiwagi-konatsu-nisimoto-meisa-minase-akari-hamabe-kaho-ashina-honoka-harunai-noa-takeda-reika/,https://cdn.javmiku.com/wp-content/uploads/2026/07/ymdd492pl-550x374.jpg
https://jav.guru/1022624/vnds-5233-180-minutes-of-raw-extramarital-creampie-sex-with-a-sexually-frustrated-amateur-wife-kawamura-manami-inaba-kaori-mizuse-ayaka/,https://cdn.javmiku.com/wp-content/uploads/2026/07/h_1664vnds5233pl-550x374.jpg
https://jav.guru/1022625/twt-044-getting-right-up-to-the-defenseless-pussies-of-girls-in-uniform-intimate-panty-crotch-close-ups-30-girl-best-selection/,https://cdn.javmiku.com/wp-content/uploads/2026/07/h_897twt044pl-550x374.jpg
https://jav.guru/1022626/spz-1173-dispatched-masseurs-sticky-relentless-touch-awakens-a-beautiful-mature-womans-sensitivity-driving-her-sopping-pussy-into-portio-pleasure-2-minahata-fuka-nakano-kozue-shiramine-ikumi/,https://cdn.javmiku.com/wp-content/uploads/2026/07/h_1664spz1173pl-550x374.jpg
https://jav.guru/1022627/sjhd-018-raw-leakd-footage-of-a-perverted-old-man-bringing-amateur-mature-wives-to-his-sex-pad-for-hidden-camera-sex-volume-12-featuring-two-women-the-slutty-wife-from-a-reunion-and-the-smiling-bi/,https://cdn.javmiku.com/wp-content/uploads/2026/07/sjhd018pl-550x374.jpg
https://jav.guru/1022628/san-480-you-might-be-thrilled-to-have-sex-but-beware-of-scary-women-wakana-hono-nakajo-aoi/,https://cdn.javmiku.com/wp-content/uploads/2026/07/h_796san480zpl-550x374.jpg
https://jav.guru/1022629/san-479-recorded-sex-with-the-convenient-girl-every-man-loves-futaba-ema-nishino-otone/,https://cdn.javmiku.com/wp-content/uploads/2026/07/h_796san479zpl-550x374.jpg
https://jav.guru/1022630/san-478-teaching-the-airheaded-girl-who-hates-older-men-about-the-adult-world-iisen-sagiri/,https://cdn.javmiku.com/wp-content/uploads/2026/07/h_796san478zpl-550x374.jpg
https://jav.guru/1022631/san-477-various-occupations-series-collab-video-of-a-busty-office-lady-and-lli-style-job-seeking-girl-yuki-nao-hiroi-umi/,https://cdn.javmiku.com/wp-content/uploads/2026/07/h_796san477pl-550x374.jpg
https://jav.guru/1022632/san-476-nudist-household-the-mother-shoda-chisato/,https://cdn.javmiku.com/wp-content/uploads/2026/07/h_796san476pl-550x374.jpg
https://jav.guru/1022633/san-475-a-miraculous-experience-the-story-of-a-man-who-underwent-gender-swap-and-feminization-nozomi-arimura/,https://cdn.javmiku.com/wp-content/uploads/2026/07/h_796san475pl-550x374.jpg
https://jav.guru/1022634/rctd-746-rocket-18th-anniversary-user-request-festival-soul-infusing-possession-gun-reacademy-school-domination-arc-hatano-yui-morisawa-kana-miyagi-rie/,https://cdn.javmiku.com/wp-content/uploads/2026/07/1rctd746pl-550x374.jpg
https://jav.guru/1022635/olm-345-j-cup-office-lady-with-beautiful-legs-and-100cm-bust-goes-wild-in-seductive-pantyhose-play-futaba-sara/,https://cdn.javmiku.com/wp-content/uploads/2026/07/h_1757olm345epl-550x374.jpg
https://jav.guru/1022636/olm-344-a-cute-little-sex-monster-with-a-tiny-body-shows-up-craving-a-rock-hard-cock-and-gets-ravaged-in-steamy-perverted-old-man-sex-hinata-yuna/,https://cdn.javmiku.com/wp-content/uploads/2026/07/h_1757olm344epl-550x374.jpg
https://jav.guru/1022637/nxgs-021-mom-gets-turned-on-by-her-sons-morning-wood-and-sucks-it-nitta-aki-kikukawa-mari-yagi-azusa-asagiri-ichika-ikenaga-kyoko-asagiri-akari-fujishita-rika-kndo-iku-oishi-shinobu-kndo/,https://cdn.javmiku.com/wp-content/uploads/2026/07/h_1664nxgs021pl-550x374.jpg
https://jav.guru/1022638/meko-388-matching-app-pickup-leads-to-creampie-affair-sex-tsubaki-rika-imai-emi-fujieda-mamiko/,https://cdn.javmiku.com/wp-content/uploads/2026/07/h_1160meko388pl-550x374.jpg
https://jav.guru/1022639/marr-012-yuraras-dream-sakai-mio/,https://cdn.javmiku.com/wp-content/uploads/2026/07/n_1064marr012pl-550x374.jpg
https://jav.guru/1022640/marn-004-anew-mino-suzume/,https://cdn.javmiku.com/wp-content/uploads/2026/07/n_1064marn004pl-550x374.jpg
https://jav.guru/1022642/goji-108-just-break-already-two-innocent-18-year-old-black-haired-beauties-descend-into-perverted-cock-obsessed-onahole-pets-through-merciless-breeding-sex-mashiro-koko-momota-kurumi/,https://cdn.javmiku.com/wp-content/uploads/2026/07/h_1729goji108pl-550x374.jpg
https://jav.guru/1022643/goji-107-targeting-sexually-frustrated-housewives-and-taking-them-home-for-full-hidden-camera-footage-until-they-fuck-special-compilation-of-four-gullible-amateur-wives/,https://cdn.javmiku.com/wp-content/uploads/2026/07/h_1729goji107pl-550x374.jpg
https://jav.guru/1022644/goji-106-please-keep-me-as-your-pet-the-complete-manual-for-turning-your-childhood-friend-into-an-absolutely-submissive-masochistic-pet-through-obsessive-love-haruki-ashina-haruno-oto/,https://cdn.javmiku.com/wp-content/uploads/2026/07/h_1729goji106pl-550x374.jpg
https://jav.guru/1022645/embz-344-super-masochistic-wife-begs-to-be-ravaged-by-men-other-than-her-husband-craving-body-torment-devoted-service-and-raw-creampies-yuki-suzu/,https://cdn.javmiku.com/wp-content/uploads/2026/07/embz344pl-550x374.jpg
https://jav.guru/1023763/zuko-019-the-ultimate-healing-with-a-lactating-orgy-shimada-sae-kimura-marie-mogami-akira/,https://cdn.javmiku.com/wp-content/uploads/2026/07/zuko019pl-550x374.jpg
https://jav.guru/1023764/zuko-017-anal-orgy-of-women-obsessed-with-private-anal-sex-misaki-yui-azumi-ren-kisaki-ema/,https://cdn.javmiku.com/wp-content/uploads/2026/07/zuko017pl-550x374.jpg
https://jav.guru/1023765/zuko-016-massive-av-monster-orgy-with-maeda-hina-hino-hikari-hitomi-yamabuki-rinka-maeda-hina-%e5%89%8d%e7%94%b0%e9%99%bd%e8%8f%9c/,https://cdn.javmiku.com/wp-content/uploads/2026/07/zuko016pl-550x374.jpg
https://jav.guru/1023766/zuko-015-we-ended-up-having-an-orgy-after-international-school-ayaka-ririsu-maisaka-eriru/,https://cdn.javmiku.com/wp-content/uploads/2026/07/zuko00015pl-550x374.jpg
https://jav.guru/1023767/zuko-013-we-got-creampied-during-a-secret-orgy-behind-our-husbands-backs-kisaki-aya-hasegawa-mai-sasaki-remi/,https://cdn.javmiku.com/wp-content/uploads/2026/07/zuko013pl-550x374.jpg
https://jav.guru/1023768/zuko-011-we-ended-up-having-an-orgy-with-our-friends/,https://cdn.javmiku.com/wp-content/uploads/2026/07/zuko011pl-550x374.jpg
https://jav.guru/1023769/xvsr-362-adult-lessons-for-a-super-sensitive-schoolgirl-with-nipple-teasing-and-squirting-sex-arihoshi-aori/,https://cdn.javmiku.com/wp-content/uploads/2026/07/xvsr362sopl-550x374.jpg
https://jav.guru/1023770/xvsr-355-escort-who-guarantees-real-raw-creampie-kawakami-yuu/,https://cdn.javmiku.com/wp-content/uploads/2026/07/xvsr355sopl-550x374.jpg
https://jav.guru/1023771/xvsr-353-daytime-face-the-language-of-flowers-means-bonds-and-then-an-affair-ootsuki-hibiki/,https://cdn.javmiku.com/wp-content/uploads/2026/07/xvsr353sopl-550x374.jpg
https://jav.guru/1023772/wtex-019-cosplay-support-turns-a-g-cup-cosplayer-who-masturbates-six-times-a-week-into-an-obedient-onahole-by-kneading-her-plump-erotic-nipples-during-an-old-man-creampie-bukkake-orgy-with-a-thousan/,https://cdn.javmiku.com/wp-content/uploads/2026/07/wtex019pl-550x374.jpg
https://jav.guru/1023778/sgki-100-magic-mirror-van-meets-the-orgasm-bicycle-married-women-on-city-bikes-only-cumming-nonstop-from-dildo-pistons-with-massive-public-squirting-climaxes/,https://cdn.javmiku.com/wp-content/uploads/2026/07/1sgki00100pl-1-550x374.jpg
https://jav.guru/1023779/rebdb-334-my-pet-idol-kaneko-chika/,https://cdn.javmiku.com/wp-content/uploads/2026/07/n_1412rebdb334pl-550x374.jpg
https://jav.guru/1023780/rebdb-333-deep-impact-fukada-yuri/,https://cdn.javmiku.com/wp-content/uploads/2026/07/n_1412rebdb333pl-550x374.jpg
https://jav.guru/1023781/rebdb-330-a-cheerful-spring-harusaki-ryo/,https://cdn.javmiku.com/wp-content/uploads/2026/07/n_1412rebdb330pl-550x374.jpg
https://jav.guru/1023782/rebdb-309-the-radiance-is-eternal-satsuki-towa/,https://cdn.javmiku.com/wp-content/uploads/2026/07/n_1412rebdb309pl-550x374.jpg
https://jav.guru/1023783/rebdb-306-reminds-you-of-you-amaki-yu/,https://cdn.javmiku.com/wp-content/uploads/2026/07/n_1412rebdb306pl-550x374.jpg
https://jav.guru/1023784/rebdb-039-break-now-aida-mina/,https://cdn.javmiku.com/wp-content/uploads/2026/07/n_1010rebdb039pl-550x374.jpg
https://jav.guru/1023785/rebdb-033-seductive-temptation-tsubaki-kanari/,https://cdn.javmiku.com/wp-content/uploads/2026/07/n_1010rebdb033pl-550x374.jpg
https://jav.guru/1023786/rebdb-032-venus-reborn-koda-risa/,https://cdn.javmiku.com/wp-content/uploads/2026/07/n_1010rebdb032pl-550x374.jpg
https://jav.guru/1023787/real-709-the-essence-of-real-30-extreme-orgasms-in-4-hours-abe-mikako-atomi-shuri-sasaki-aki-mari-rika-himekawa-yuuna-sumire-mika-kururugi-aoi-hoshina-ai-nanase-mai-negoto-rui/,https://cdn.javmiku.com/wp-content/uploads/2026/07/84real709pl-550x374.jpg
https://jav.guru/1023789/mopg-058-hunting-clothed-masochists-with-tight-jeans-harassment-hoshijima-ruri/,https://cdn.javmiku.com/wp-content/uploads/2026/07/mopg058sopl-550x374.jpg
https://jav.guru/1023790/mopg-057-frced-m-pleasure-training-for-a-quick-shot-masochist-chinamin/,https://cdn.javmiku.com/wp-content/uploads/2026/07/mopg057sopl-550x374.jpg
https://jav.guru/1023791/mopg-050-tight-jeans-harassment-while-hunting-clothed-masochistic-men-maeda-iroha/,https://cdn.javmiku.com/wp-content/uploads/2026/07/mopg050sopl-550x374.jpg
https://jav.guru/1023792/mmr-az010-natural-beauty-aoki-rei/,https://cdn.javmiku.com/wp-content/uploads/2026/07/MMR-AZ010-550x374.jpg
https://jav.guru/1023794/mmr-ab011-worlds-intense-anal-fuck-011-super-perverted-anal-and-pussy-craving-thick-stimulation-in-four-cities-runami-matsunaga/,https://cdn.javmiku.com/wp-content/uploads/2026/07/MMR-AB011-550x374.jpg
https://jav.guru/1023795/mmr-aa096-milky-purun-2-koharu-yui/,https://cdn.javmiku.com/wp-content/uploads/2026/07/n_709mmraa096pl-550x374.jpg
https://jav.guru/1023796/mmr-aa006-the-bakery-clerk-with-breasts-too-big-shiroto-saki/,https://cdn.javmiku.com/wp-content/uploads/2026/07/MMR-AA006-550x374.jpg
https://jav.guru/1023797/love-064-please-keep-this-flat-chested-flexible-girl-as-your-livestock-3-jun-ururu/,https://cdn.javmiku.com/wp-content/uploads/2026/07/h_491love64pl-550x374.jpg
https://jav.guru/1023798/love-056-flexible-small-breasted-heiress-takes-a-bukkake-gangbang-in-full-180-degree-splits-mutou-tsugumi/,https://cdn.javmiku.com/wp-content/uploads/2026/07/h_491love56pl-550x374.jpg
https://jav.guru/1023799/love-055-lolita-angel-met-for-compensated-dating-tsuchiya-asami/,https://cdn.javmiku.com/wp-content/uploads/2026/07/h_491love55pl-550x374.jpg
https://jav.guru/1023800/lcdv-40555-mikie-hara-kimi-ga-suki/,https://cdn.javmiku.com/wp-content/uploads/2026/07/LCDV-40555-550x374.jpg
https://jav.guru/1023801/lcdv-40527-mikie-hara-my-angel/,https://cdn.javmiku.com/wp-content/uploads/2026/07/LCDV-40527-550x374.jpg
https://jav.guru/1023802/lcbd-00809-satomi-nishihori-sukurudeizu/,https://cdn.javmiku.com/wp-content/uploads/2026/07/LCBD-00809-550x374.jpg
https://jav.guru/1023803/ksbj-155-sneaking-an-affair-at-home-behind-her-husbands-back-hanamiya-amu/,https://cdn.javmiku.com/wp-content/uploads/2026/07/ksbj155pl-550x374.jpg
https://jav.guru/1023804/ksbj-154-sixty-busty-beauties-who-keep-their-tits-bouncing-in-cowgirl-position-mashiro-an-haruna-hana-maki-kyoko-shinoda-yu-honjo-hitomi-kururugi-mikan-shiratori-sumire-morishita-sakura-kao/,https://cdn.javmiku.com/wp-content/uploads/2026/07/ksbj154pl-550x374.jpg
https://jav.guru/1023805/ksbj-145-mature-women-really-are-the-hottest-22-ladies-honjo-hitomi-shoda-chisato-katou-tsubaki-kawakami-yuu-endo-shiori-hojo-maki-enjo-hitomi-anno-yumi-inoue-ayako-sasaki-aki/,https://cdn.javmiku.com/wp-content/uploads/2026/07/ksbj145pl-550x374.jpg
https://jav.guru/1023806/kidm-819-annas-diary/,https://cdn.javmiku.com/wp-content/uploads/2026/07/KIDM-819B-550x374.jpg
https://jav.guru/1023807/kidm-818-ultra-zone-hoshino-miyu-hoshino-miyu-%e6%98%9f%e9%87%8e%e7%be%8e%e6%86%82/,https://cdn.javmiku.com/wp-content/uploads/2026/07/KIDM-818B-550x374.jpg
https://jav.guru/1023808/kidm-763-cherry-bomb-matsunaga-sana/,https://cdn.javmiku.com/wp-content/uploads/2026/07/KIDM-763B-550x374.jpg
https://jav.guru/1023809/kidm-723-el-dorado/,https://cdn.javmiku.com/wp-content/uploads/2026/07/KIDM-723B-550x374.jpg
https://jav.guru/1023810/kidm-683-perfect-woman-mina-riyon/,https://cdn.javmiku.com/wp-content/uploads/2026/07/KIDM-683B-550x374.jpg
https://jav.guru/1023811/kidm-666-untitled-oda-asuka/,https://cdn.javmiku.com/wp-content/uploads/2026/07/n_945kidm666pl-550x374.jpg
https://jav.guru/1023812/kidm-604-untitled-kubota-asami/,https://cdn.javmiku.com/wp-content/uploads/2026/07/n_945kidm604pl-550x374.jpg
https://jav.guru/1023813/kidm-598-uncensored-akimoto-tsubasa/,https://cdn.javmiku.com/wp-content/uploads/2026/07/n_945kidm598pl-550x374.jpg
https://jav.guru/1023814/kidm-592-title-to-be-determined-hoshino-miyu-hoshino-miyu-%e6%98%9f%e9%87%8e%e7%be%8e%e6%86%82/,https://cdn.javmiku.com/wp-content/uploads/2026/07/n_945kidm592pl-550x374.jpg
https://jav.guru/1023815/kidm-588-untitled-natsuki/,https://cdn.javmiku.com/wp-content/uploads/2026/07/n_945kidm588pl-550x374.jpg
https://jav.guru/1023816/kidm-575-untitled-natsuki/,https://cdn.javmiku.com/wp-content/uploads/2026/07/n_945kidm575pl-550x374.jpg
https://jav.guru/1023817/kidm-567-sentimental-journey-hoshino-miyu-hoshino-miyu-%e6%98%9f%e9%87%8e%e7%be%8e%e6%86%82/,https://cdn.javmiku.com/wp-content/uploads/2026/07/n_945kidm567pl-550x374.jpg
https://jav.guru/1023818/kidm-552-untitled-mieko-arai/,https://cdn.javmiku.com/wp-content/uploads/2026/07/n_945kidm552pl-550x374.jpg
https://jav.guru/1023819/kidm-548-in-dubai-akimoto-tsubasa/,https://cdn.javmiku.com/wp-content/uploads/2026/07/n_945kidm548pl-550x374.jpg
https://jav.guru/1023820/kidm-487-title-undecided-imai-mero/,https://cdn.javmiku.com/wp-content/uploads/2026/07/n_945kidm487pl-550x374.jpg
https://jav.guru/1023821/kidm-476-title-undecided-ootsuka-mayumi/,https://cdn.javmiku.com/wp-content/uploads/2026/07/n_945kidm476pl-550x374.jpg
https://jav.guru/1023822/kidm-471-untitled-misaki-reira/,https://cdn.javmiku.com/wp-content/uploads/2026/07/n_945kidm471pl-550x374.jpg
https://jav.guru/1023823/kidm-051-erika-fujimiya-de-%e2%98%86-girl-%e2%98%86/,https://cdn.javmiku.com/wp-content/uploads/2026/07/KIDM-051-550x374.jpg
https://jav.guru/1023824/jf-303-39-blowjobs-in-a-row-vol-3/,https://cdn.javmiku.com/wp-content/uploads/2026/07/47jf00303pl-550x374.jpg
https://jav.guru/1023828/hodv-21771-women-in-their-thirties-forties-and-even-sixties-go-into-full-on-heat-from-young-cock-sweating-and-writhing-through-mind-blowing-sex-chisato-igawa-nagase-yuumi-temma-mitsue-michiko/,https://cdn.javmiku.com/wp-content/uploads/2026/07/41hodv21771pl-550x374.jpg
https://jav.guru/1023829/hodv-21761-five-stars-premium-celeb-wives-picked-up-for-nonstop-raw-creampies-in-this-250-minute-special-takase-rina-%e9%ab%98%e7%80%ac%e3%82%8a%e3%81%aa-aino-hinata-mion-yume-minami-tsubasa/,https://cdn.javmiku.com/wp-content/uploads/2026/07/41hodv21761pl-550x374.jpg
https://jav.guru/1023830/fskt-035-starting-today-im-the-official-class-masturbation-pet-the-shamefully-exposed-busty-class-president-rin-komachi/,https://cdn.javmiku.com/wp-content/uploads/2026/07/h_491fskt035pl-550x374.jpg
https://jav.guru/1023831/fskt-034-shedding-their-uniforms-to-become-adults-four-hours-of-bittersweet-sex-with-ten-18-year-old-beauties-shinozaki-mio-shinosaki-kotomi-aise-miki-hinata-inori/,https://cdn.javmiku.com/wp-content/uploads/2026/07/h_491fskt034pl-550x374.jpg
https://jav.guru/1023833/enfd-5668-tomona-morioka-tomonas-love/,https://cdn.javmiku.com/wp-content/uploads/2026/07/ENFD-5668-550x374.jpg
https://jav.guru/1023834/enfd-5633-maori-hoshino-miss-flash2015/,https://cdn.javmiku.com/wp-content/uploads/2026/07/ENFD-5633-550x374.jpg
https://jav.guru/1023835/enfd-5632-anna-tamechika-miss-flash-2015/,https://cdn.javmiku.com/wp-content/uploads/2026/07/ENFD-5632-550x374.jpg
https://jav.guru/1023836/enfd-5616-eimi-matsushima-heart-mark/,https://cdn.javmiku.com/wp-content/uploads/2026/07/ENFD-5616-550x374.jpg
https://jav.guru/1023837/enfd-5500-saki-takeda-sakimo/,https://cdn.javmiku.com/wp-content/uploads/2026/07/ENFD-5500-550x374.jpg
https://jav.guru/1023838/ebod-558-muscular-sea-rescue-team-member-with-tanned-skin-and-a-voluptuous-g-cup-body-makes-her-adult-debut-as-an-active-lifeguard-horikoshi-nagisa/,https://cdn.javmiku.com/wp-content/uploads/2026/07/ebod558pl-550x374.jpg
https://jav.guru/1023839/dori-044-raw-sex-tape-no-44-pinching-her-plump-swollen-clit-while-thrusting-made-her-orgasm-internally-over-and-over-until-she-begged-why-wont-you-cum-inside-so-i-creampied-her-hard-ohsawa-mizuki/,https://cdn.javmiku.com/wp-content/uploads/2026/07/h_491dori044pl-550x374.jpg
https://jav.guru/1023841/dldss-524-the-thirteenth-day-of-abstinence-psycho-bosss-thirteen-creampies-in-an-overtime-horror-show-mitsuha-chiharu/,https://cdn.javmiku.com/wp-content/uploads/2026/07/1dldss524pl-550x374.jpg
https://jav.guru/1023842/cesd-080-amateur-wives-creampie-documentary-t-prefecture-edition-mikami-riho/,https://cdn.javmiku.com/wp-content/uploads/2026/07/cesd080pl-550x374.jpg
https://jav.guru/1023843/cesd-069-paranoid-masturbation-pleasure-10-takanashi-ayumi/,https://cdn.javmiku.com/wp-content/uploads/2026/07/cesd069pl-550x374.jpg
https://jav.guru/1023844/cesd-053-paranoid-masturbation-pleasure-3-kamihata-ichika/,https://cdn.javmiku.com/wp-content/uploads/2026/07/cesd053pl-550x374.jpg
https://jav.guru/1023845/c-2469-taking-an-acquaintances-wife-on-a-hot-spring-getaway-015/,https://cdn.javmiku.com/wp-content/uploads/2026/07/140c2469pl-550x374.jpg
https://jav.guru/1023846/c-2468-mature-womans-erotic-one-day-hot-spring-getaway-008-otsuka-reina/,https://cdn.javmiku.com/wp-content/uploads/2026/07/140c2468pl-550x374.jpg
https://jav.guru/1023847/bobb-305-the-massive-i-cup-areolas-with-huge-areolae-that-boin-has-been-craving-sensitive-nipples-get-breastfeeding-handjobs-and-sex-powerful-titjob-for-explosive-release-begging-for-more-while-d/,https://cdn.javmiku.com/wp-content/uploads/2026/07/bobb305pl-550x374.jpg
https://jav.guru/1023848/bobb-304-almost-exploding-from-this-cute-girls-intense-blowjob-super-busty-babe-who-doesnt-look-it-gets-taken-however-i-want-wakatuki-miina/,https://cdn.javmiku.com/wp-content/uploads/2026/07/bobb304pl-550x374.jpg
https://jav.guru/1023849/bobb-290-breast-employee-delusional-breast-humiliation-misuzu-kunimi/,https://cdn.javmiku.com/wp-content/uploads/2026/07/bobb290pl-550x374.jpg
https://jav.guru/1023850/bkd-206-mother-and-son-mating-enjo-hitomi/,https://cdn.javmiku.com/wp-content/uploads/2026/07/bkd206sopl-550x374.jpg
https://jav.guru/1023851/bkd-205-mother-and-son-mating-kataoka-nagisa/,https://cdn.javmiku.com/wp-content/uploads/2026/07/bkd205sopl-550x374.jpg
https://jav.guru/1023852/bkd-199-mother-son-mating-shiratori-sumire/,https://cdn.javmiku.com/wp-content/uploads/2026/07/bkd199sopl-550x374.jpg
https://jav.guru/1024047/umd-994-secret-two-day-trip-to-a-hidden-gem-hot-spring-where-the-innkeeper-stole-me-from-my-wife-morisawa-kana-miyanisi-hikaru/,https://cdn.javmiku.com/wp-content/uploads/2026/07/125umd994pl-550x374.jpg
https://jav.guru/1024048/umd-993-did-you-know-the-more-you-hold-back-from-cumming-the-more-over-the-top-the-service-gets-at-this-mens-massage-parlor-suzuki-mayu-onosaka-yuka/,https://cdn.javmiku.com/wp-content/uploads/2026/07/125umd993pl-550x374.jpg
https://jav.guru/1024049/tsds-43101-title-undecided-abe-miho/,https://cdn.javmiku.com/wp-content/uploads/2026/07/n_701tsds43101pl-550x374.jpg
https://jav.guru/1024050/tcd-341-forbidden-cock-lesbians-traps-swapping-mutual-anal-creampies-kondo-mumu-hibiki-aoi/,https://cdn.javmiku.com/wp-content/uploads/2026/07/tcd341pl-550x374.jpg
https://jav.guru/1024051/sw-1037-couple-swapping-and-swinging-a-wife-with-ntr-desires-begs-to-be-taken-by-other-men-on-a-hot-spring-trip-kawagoe-yui-akari-nonoka-shiramine-ikumi/,https://cdn.javmiku.com/wp-content/uploads/2026/07/1sw1037pl-550x374.jpg
https://jav.guru/1024052/sw-1034-big-brother-lets-get-all-fluffy-and-play-together-my-cousin-in-fluffy-loungewear-with-a-t-back-thong-has-been-doing-tons-of-naughty-things-arisu-mai-minato-haru-wakatuki-moa/,https://cdn.javmiku.com/wp-content/uploads/2026/07/1sw1034pl-550x374.jpg
https://jav.guru/1024053/smom-002-new-abnormal-intercourse-mother-in-her-forties-and-son-part-2-the-mature-mother-tormented-daily-by-her-rising-sex-drive-crosses-the-forbidden-line-shirakawa-kasumi/,https://cdn.javmiku.com/wp-content/uploads/2026/07/smom002pl-550x374.jpg
https://jav.guru/1024054/scd-249-daughter-takes-care-of-her-father-6-izumi-ryouko-shizuki-yukari/,https://cdn.javmiku.com/wp-content/uploads/2026/07/scd249pl-550x374.jpg
https://jav.guru/1024055/saba-970-amateur-personal-videos-of-8-beautiful-girls-giving-blowjobs-anywhere-and-11-after-school-schoolgirls-tsubaki-rika-momose-kurumi-kashiwagi-konatsu-igarashi-kiyoka-itsuha-nanzyou-sayak/,https://cdn.javmiku.com/wp-content/uploads/2026/07/saba970pl-550x374.jpg
https://jav.guru/1024056/rmer-056-human-urinal-girl-sakamoto-rio/,https://cdn.javmiku.com/wp-content/uploads/2026/07/rmer056pl-550x374.jpg
https://jav.guru/1024057/onex-124-secret-day-trip-affair-where-i-obey-every-command-5-amane-koa-touka-yuuuri-kawana-ai/,https://cdn.javmiku.com/wp-content/uploads/2026/07/h_1674onex124pl-550x374.jpg
https://jav.guru/1024058/oks-187-wet-and-glossy-skin-tight-school-swimsuits-savoring-cute-girls-figures-with-changing-room-shots-fetish-close-ups-from-flat-chests-to-big-breasts-and-fully-clothed-lotion-play-plus-bukka/,https://cdn.javmiku.com/wp-content/uploads/2026/07/1oks187pl-550x374.jpg
https://jav.guru/1024059/okb-185-plump-perfect-asses-in-divine-bloomers-with-slim-and-curvy-girls-squeezed-into-skin-tight-shorts-and-gym-clothes-for-extreme-close-ups-of-every-sweaty-detail-plus-assjobs-clothed-peeing/,https://cdn.javmiku.com/wp-content/uploads/2026/07/1okb185pl-550x374.jpg
https://jav.guru/1024060/odvhj-072-full-service-ok-married-woman-rejuvenating-massage-salon-vi-nakajo-rino-miike-koharu-wakana-reika-miyashita-madoka/,https://cdn.javmiku.com/wp-content/uploads/2026/07/48odvhj072pl-550x374.jpg
https://jav.guru/1024061/nxgs-024-watching-porn-with-a-horny-mature-woman-enjo-hitomi-kai-miharu-kanoh-ayako-hayama-yumiko-ohara-takako-saionji-mio/,https://cdn.javmiku.com/wp-content/uploads/2026/07/h_1664nxgs024pl-550x374.jpg
https://jav.guru/1024062/nsfs-499-ai-remastered-the-big-breasted-cheating-wifes-secret-she-cant-let-her-husband-discover-asuka-mitsuki-hujiki-orie-takahashi-yura-sinoda-ayumi-saijo-sara/,https://cdn.javmiku.com/wp-content/uploads/2026/07/nsfs499pl-550x374.jpg
https://jav.guru/1024063/nsfs-446-cumming-nonstop-right-beside-her-husband-in-this-cuckold-fuck-tachibana-mary-hanasaki-ian-imai-yua-aoi-yurika-mamiya-aya-wakatuki-miina-minami-mayu-%e5%8d%97%e7%9c%9f%e6%82%a0/,https://cdn.javmiku.com/wp-content/uploads/2026/07/nsfs446pl-550x374.jpg
https://jav.guru/1024064/npjs-252-its-okay-if-you-react-so-please-make-my-dick-bigger-infiltrating-a-penis-surgery-clinics-ad-hospital-getting-my-cock-played-with-until-erect-and-shown-off-will-they-let-me-have-sex-to-c/,https://cdn.javmiku.com/wp-content/uploads/2026/07/npjs252pl-550x374.jpg
https://jav.guru/1024065/lulu-423-i-spiked-a-busty-cosplayer-who-does-off-paco-pillow-business-with-an-aphrodisiac-making-her-eyes-roll-back-in-ahegao-as-she-convulses-moans-oho-and-squirts-while-i-relentlessly-piston-cr/,https://cdn.javmiku.com/wp-content/uploads/2026/07/lulu423pl-550x374.jpg
https://jav.guru/1024066/kibd-344-vulgar-nipple-licking-handjob-bitch-milks-every-last-drop-while-teasing-your-nipples-natsuyo-eru-fujimori-riho-tanaka-nene-yuki-rino-yumesaki-miyu-nanjo-ichika/,https://cdn.javmiku.com/wp-content/uploads/2026/07/kibd344pl-550x374.jpg
https://jav.guru/1024067/ipok-006-lick-suck-stroke-splurt-one-look-from-a-girl-this-stunning-and-youll-cum-in-seconds-premium-nipple-licking-handjob-overload-230-minutes-of-94-scenes-all-ending-in-ejaculation-aka/,https://cdn.javmiku.com/wp-content/uploads/2026/07/ipok006pl-550x374.jpg
https://jav.guru/1024068/husr-305-the-national-treasure-blonde-with-the-ultimate-smile-i-found-overseas-turned-out-to-be-a-total-pervert-liz-ocean-tahlia-lane-kawaii-anba-fosu-gureita/,https://cdn.javmiku.com/wp-content/uploads/2026/07/57husr305pl-550x374.jpg
https://jav.guru/1024069/hez-870-holiday-work-becomes-a-married-nymphos-lewd-trap-four-stories-of-creampie-affair-sex-in-an-empty-office-sakihara-iona-kishimoto-aika-adachi-mio-aizawa-mio/,https://cdn.javmiku.com/wp-content/uploads/2026/07/59hez870pl-550x374.jpg
https://jav.guru/1024070/hez-865-leakd-outcall-married-woman-massages-no-man-could-resist-these-young-wives-12-creampied-housewives-natsume-airi/,https://cdn.javmiku.com/wp-content/uploads/2026/07/59hez865pl-550x374.jpg
https://jav.guru/1024071/hez-864-wives-soaked-in-adulterous-ecstasy-druggd-creampie-sessions-strip-away-every-inhibition-as-they-gush-and-turn-into-living-fuck-toys-12-women-5-hours-3-maki-kyoko-kawagoe-yui-oikawa-umi/,https://cdn.javmiku.com/wp-content/uploads/2026/07/59hez864pl-550x374.jpg
https://jav.guru/1024072/hez-862-a-sexually-frustrated-married-woman-visits-a-high-end-esthetic-salon-in-the-city-where-aphrodisiac-oil-awakens-her-desires-and-leaves-her-body-craving-more-no-matter-how-many-times-she-come/,https://cdn.javmiku.com/wp-content/uploads/2026/07/59hez862pl-550x374.jpg
https://jav.guru/1024073/hez-861-first-class-pickup-of-exquisite-married-women-25-yuki-nao-hanamiya-kyoko-fujisaki-yukari/,https://cdn.javmiku.com/wp-content/uploads/2026/07/59hez861pl-550x374.jpg
https://jav.guru/1024074/hazu-032-a-mans-ass-exists-to-be-fucked-the-smiling-super-sadist-is-a-spine-chillingly-beautiful-male-newhalf-honekudaki-no-ts/,https://cdn.javmiku.com/wp-content/uploads/2026/07/hazu032pl-550x374.jpg
https://jav.guru/1024075/emlb-092-beyond-the-true-anal-addict-she-rips-her-hole-devouring-fists-the-second-she-sees-them-and-cums-until-her-mind-blanks-out-in-this-ultimate-anal-fisting-fuck-collection-aikawa-mika-nagase/,https://cdn.javmiku.com/wp-content/uploads/2026/07/emlb092pl-550x374.jpg
https://jav.guru/1024076/cmc-338-training-the-depraved-widow-as-a-beautiful-mature-flesh-slave-special-2-ootsuki-hibiki-aizawa-haruka-%e9%80%a2%e6%b2%a2%e3%81%af%e3%82%8b%e3%81%8b-saionji-mio-nonomiya-ran-mibu-kohaku/,https://cdn.javmiku.com/wp-content/uploads/2026/07/cmc338pl-550x374.jpg
https://jav.guru/1024077/cjob-203-best-of-guys-frced-to-cum-with-shaking-legs-while-having-their-cock-and-ass-licked-simultaneously-hasumi-kurea-hatsukawa-minami-kurokawa-sumire-nagisa-mitsuki-tsukino-runa-aimi-rika/,https://cdn.javmiku.com/wp-content/uploads/2026/07/cjob203pl-550x374.jpg
https://jav.guru/1024078/cjob-198-best-of-getting-milked-for-62-loads-by-older-women-pressing-their-bodies-against-me-from-behind-during-handjobs-julia-shinoda-yu-aika-hasumi-kurea-tachibana-mary-mukai-ai-mitani-akan/,https://cdn.javmiku.com/wp-content/uploads/2026/07/cjob198pl-550x374.jpg
https://jav.guru/1024079/bony-181-brutal-rape-gang-invades-a-woman-living-alone-for-frced-creampie-sex-kanasaki-miyu/,https://cdn.javmiku.com/wp-content/uploads/2026/07/bony181pl-550x374.jpg
https://jav.guru/1024080/bony-174-vicious-home-invading-gang-targets-a-beautiful-woman-living-alone-for-relentless-creampie-rape-in-the-ultimate-nightmare-edition-tsubaki-rika/,https://cdn.javmiku.com/wp-content/uploads/2026/07/bony174pl-550x374.jpg
https://jav.guru/1024081/basj-038-tongue-obsessed-sluts-premium-sloppy-kisses-and-cock-licks-shiramine-ikumi/,https://cdn.javmiku.com/wp-content/uploads/2026/07/basj038pl-550x374.jpg
https://jav.guru/1024082/ankb-044-big-breasted-beauty-whose-sensitive-nipples-get-instantly-wet-when-her-tits-are-teased-momoki-yua/,https://cdn.javmiku.com/wp-content/uploads/2026/07/ankb044pl-550x374.jpg
https://jav.guru/1024083/anb-256-tormenting-my-beautiful-lewd-aunts-soft-breasts-and-pussy-until-shes-my-captive/,https://cdn.javmiku.com/wp-content/uploads/2026/07/anb256pl-550x374.jpg
https://jav.guru/1024084/aed-261-incest-creampie-for-a-mother-in-her-sixties-aikawa-yumi/,https://cdn.javmiku.com/wp-content/uploads/2026/07/aed261pl-550x374.jpg
https://jav.guru/1024085/aed-253-incest-creampie-for-my-50-year-old-mom-mamiya-yui/,https://cdn.javmiku.com/wp-content/uploads/2026/07/aed253pl-550x374.jpg
https://jav.guru/1024086/abf-374-unrivaled-alice-shaku-alice/,https://cdn.javmiku.com/wp-content/uploads/2026/07/118abf374pl-550x374.jpg
https://jav.guru/1024087/abf-373-ultimate-slippery-orgasm-suzumura-airi/,https://cdn.javmiku.com/wp-content/uploads/2026/07/118abf373pl-550x374.jpg
https://jav.guru/1024088/aarm-334-isnt-it-enough-to-just-be-cute-and-love-blowjobs-miura-maina-suzune-kyoka-tachibana-kyoka-marui-moeka-misumi-rei-momosaki-miiro-aoi-ran/,https://cdn.javmiku.com/wp-content/uploads/2026/07/aarm334pl-550x374.jpg
https://jav.guru/1025169/yuj-070-i-couldnt-forget-about-the-older-man-a-summer-of-being-helplessly-loved-licked-all-over-and-tormented-by-a-beautiful-woman-obsessed-with-me-until-drenched-in-sweat/,https://cdn.javmiku.com/wp-content/uploads/2026/07/yuj070pl-550x374.jpg
https://jav.guru/1025170/yuj-069-ill-make-your-body-unable-to-live-without-my-sex-50-days-to-win-back-my-boyfriends-attention-after-he-became-my-fuck-buddy/,https://cdn.javmiku.com/wp-content/uploads/2026/07/yuj069pl-550x374.jpg
https://jav.guru/1025171/yuj-067-want-me-to-be-your-girlfriend-a-record-of-nonstop-making-out-with-my-first-older-girlfriend-whos-perfect-at-both-work-and-sex-until-my-balls-are-empty/,https://cdn.javmiku.com/wp-content/uploads/2026/07/yuj067pl-550x374.jpg
https://jav.guru/1025172/waaa-679-creampied-over-and-over-even-though-shes-already-cumming-yuki-rino/,https://cdn.javmiku.com/wp-content/uploads/2026/07/waaa679pl-550x374.jpg
https://jav.guru/1025173/waaa-678-orgasmic-golden-shower-slut-drenches-you-in-a-dripping-bukkake-of-pee-saliva-sweat-and-pussy-juice-at-the-sensual-salon-aizawa-miyu/,https://cdn.javmiku.com/wp-content/uploads/2026/07/waaa678pl-550x374.jpg
https://jav.guru/1025174/waaa-676-weekend-heart-fluttering-teen-romance-sex-dressing-my-older-wife-in-a-uniform-to-reboot-her-raging-libido-with-19-creampies-ootsuki-hibiki/,https://cdn.javmiku.com/wp-content/uploads/2026/07/waaa676pl-550x374.jpg
https://jav.guru/1025175/waaa-675-licking-turns-this-no-panties-schoolgirl-on-so-much-her-asshole-twitches-as-she-spreads-wide-to-flash-it-during-a-blowjob-arai-rima/,https://cdn.javmiku.com/wp-content/uploads/2026/07/waaa675pl-550x374.jpg
https://jav.guru/1025176/waaa-674-pushy-perverted-doctor-treats-your-erection-with-her-tits-using-cuckold-dirty-talk-and-face-paizuri-diagnosis-at-the-improvement-clinic-20-loads-julia/,https://cdn.javmiku.com/wp-content/uploads/2026/07/waaa674pl-550x374.jpg
https://jav.guru/1025177/waaa-673-driven-mad-by-my-sister-in-laws-sly-big-ass-seduction-she-begs-for-a-creampie-and-we-end-up-in-a-messy-family-affair-neo-akari/,https://cdn.javmiku.com/wp-content/uploads/2026/07/waaa673pl-550x374.jpg
https://jav.guru/1025178/waaa-672-my-stepsister-model-fills-in-for-a-memorial-nude-shoot-and-keeps-seducing-my-rock-hard-cock-with-her-dripping-juices-every-five-minute-break-suzunoya-rin/,https://cdn.javmiku.com/wp-content/uploads/2026/07/waaa672pl-550x374.jpg
https://jav.guru/1025179/waaa-671-after-school-only-premium-private-quickie-reflexology-with-a-beautiful-girl-featuring-slow-teasing-handjobs-mind-blowing-deep-kisses-secret-raw-sex-and-brain-melting-full-body-slut-servi/,https://cdn.javmiku.com/wp-content/uploads/2026/07/waaa671pl-550x374.jpg
https://jav.guru/1025180/waaa-670-slutty-gals-ultra-close-whispering-seduction-in-a-risky-ntr-scenario-where-getting-caught-means-its-over-but-she-cant-resist-haruhi-moka/,https://cdn.javmiku.com/wp-content/uploads/2026/07/waaa670pl-550x374.jpg
https://jav.guru/1025181/waaa-669-even-with-my-wife-nearby-my-sister-in-law-cheats-with-me-at-home-whispering-filthy-words-only-i-can-hear-while-riding-me-in-tight-cowgirl-hasumi-kurea/,https://cdn.javmiku.com/wp-content/uploads/2026/07/waaa669pl-550x374.jpg
https://jav.guru/1025182/waaa-657-if-you-can-handle-her-incredible-technique-raw-creampie-sex-toono-miho/,https://cdn.javmiku.com/wp-content/uploads/2026/07/waaa657pl-550x374.jpg
https://jav.guru/1025183/vod-061-devoured-an-amateur-guy-in-a-romantic-mood-creampie-sex-documentary-jogasaki-momose/,https://cdn.javmiku.com/wp-content/uploads/2026/07/vod061pl-550x374.jpg
https://jav.guru/1025184/venx-379-my-parents-seemed-close-but-were-actually-sexless-so-mom-sneaks-into-my-bed-with-no-one-to-confide-in-and-unleashes-her-pent-up-lust-in-a-creampie-frenzy-kiuchise-aoi/,https://cdn.javmiku.com/wp-content/uploads/2026/07/venx379pl-550x374.jpg
https://jav.guru/1025185/vec-782-please-fuck-my-mom-just-once-a-son-who-catches-his-mother-masturbating-recruits-his-womanizing-friend-to-satisfy-her-frustration-yoshizawa-aguri/,https://cdn.javmiku.com/wp-content/uploads/2026/07/vec782pl-550x374.jpg
https://jav.guru/1025186/vdd-207-female-doctor-blackmailed-in-the-suite-room-nishino-emi/,https://cdn.javmiku.com/wp-content/uploads/2026/07/24vdd207pl-550x374.jpg
https://jav.guru/1025192/same-246-i-cant-forget-the-way-that-man-i-hate-fucked-me/,https://cdn.javmiku.com/wp-content/uploads/2026/07/same246pl-550x374.jpg
https://jav.guru/1025193/same-238-humiliate-me-once-for-every-atonement/,https://cdn.javmiku.com/wp-content/uploads/2026/07/same238pl-550x374.jpg
https://jav.guru/1025194/rbk-128-please-tie-up-my-sister/,https://cdn.javmiku.com/wp-content/uploads/2026/07/rbk128pl-550x374.jpg
https://jav.guru/1025198/onex-123-i-love-you-teacher-please-marry-me-impregnation-ok-onahole-girl-baby-making-sex-aoharu-edition-07-nia-yuina-mitsuki-horikita-mayu/,https://cdn.javmiku.com/wp-content/uploads/2026/07/h_1674onex123pl-550x374.jpg
https://jav.guru/1025209/npjs-271-concept-cafe-girl-opens-the-door-to-spill-her-secret-a-private-backroom-orgy-event-loaded-with-extra-body-fluids-watarai-fuu-hanamori-kaho/,https://cdn.javmiku.com/wp-content/uploads/2026/07/npjs271pl-550x374.jpg
https://jav.guru/1025210/nima-084-live-action-version-tonight-my-wife-sleeps-with-another-man-uruki-sarara/,https://cdn.javmiku.com/wp-content/uploads/2026/07/nima084pl-550x374.jpg
https://jav.guru/1025211/mngs-057-cheap-rent-share-house-for-horny-girls-with-onahole-privileges-allowing-anytime-bukkake-on-face-tits-pussy-or-ass/,https://cdn.javmiku.com/wp-content/uploads/2026/07/mngs057pl-550x374.jpg
https://jav.guru/1025212/mimk-285-this-gals-pure-heart-cant-contain-her-throbbing-nipples-anymore-stuck-in-mutual-unrequited-love-she-cant-stop-the-throat-and-nipple-frenzy-in-this-pure-love-meets-nipples-rom/,https://cdn.javmiku.com/wp-content/uploads/2026/07/mimk285pl-550x374.jpg
https://jav.guru/1025213/mikr-112-dont-tell-my/,https://cdn.javmiku.com/wp-content/uploads/2026/07/mikr112pl-550x374.jpg
https://jav.guru/1025214/mifd-734-i-broke-in-this-new-blonde-gyaru-tomboy-and-made-her-av-debut/,https://cdn.javmiku.com/wp-content/uploads/2026/07/mifd734pl-550x374.jpg
https://jav.guru/1025215/mifd-733-innocent-148cm-girl-loves-the-perverted-old-man-who-licks-her-all-over-until-she-cums-her-slender-body-convulses-wildly-with-ahegao-ecstasy-in-her-av-debut/,https://cdn.javmiku.com/wp-content/uploads/2026/07/mifd733pl-550x374.jpg
https://jav.guru/1025216/mida-762-explosive-orgasms-from-massive-cock-thrusting-expand-the-limits-of-her-first-time-pussy-pleasure-ishikawa-mio/,https://cdn.javmiku.com/wp-content/uploads/2026/07/mida762pl-550x374.jpg
https://jav.guru/1025217/mida-740-three-creampie-scenes-that-feel-incredible-after-abstinence/,https://cdn.javmiku.com/wp-content/uploads/2026/07/mida740pl-550x374.jpg
https://jav.guru/1025218/mida-739-non-stop-massive-cumshots-and-a-cum-drenched-bukkake-creampie-gangbang-sasakura-hiyori/,https://cdn.javmiku.com/wp-content/uploads/2026/07/mida739pl-550x374.jpg
https://jav.guru/1025219/mida-736-defenseless-slender-teacher-with-gorgeous-legs-becomes-our-personal-cumdump-for-a-22-load-bukkake-creampie-gangbang/,https://cdn.javmiku.com/wp-content/uploads/2026/07/mida736pl-550x374.jpg
https://jav.guru/1025220/mida-735-my-wifes-best-friend-gave-me-ten-straight-cleanup-blowjobs-kneading-my-sensitive-cock-right-after-i-came-and-letting-me-finish-on-her-face-like-my-wife-never-would/,https://cdn.javmiku.com/wp-content/uploads/2026/07/mida735pl-550x374.jpg
https://jav.guru/1025221/mida-734-driven-mad-by-jealousy-two-women-snap-into-slut-mode-and-battle-over-creampies-in-a-nympho-harem-aoi-ibuki/,https://cdn.javmiku.com/wp-content/uploads/2026/07/mida734pl-550x374.jpg
https://jav.guru/1025222/mida-733-hyper-sloppy-oily-juice-sounds-and-bone-deep-licking-from-a-voluptuous-nympho-whose-filthy-dirty-talk-guides-your-cock-to-climax-with-the-most-vulgar-joi/,https://cdn.javmiku.com/wp-content/uploads/2026/07/mida733pl-550x374.jpg
https://jav.guru/1025223/mida-732-plain-caregiver-in-glasses-with-beautiful-breasts-is-frced-into-obscene-lingerie-by-a-deranged-resident-and-succumbs-to-orgasm-during-captivity-training/,https://cdn.javmiku.com/wp-content/uploads/2026/07/mida732pl-550x374.jpg
https://jav.guru/1025224/mida-730-school-idol-who-keeps-sucking-after-you-cum-to-give-you-another-facial/,https://cdn.javmiku.com/wp-content/uploads/2026/07/mida730pl-550x374.jpg
https://jav.guru/1025225/mida-729-face-focused-ultimate-full-course-from-an-irresistibly-cute-maid-who-whispers-filthy-dirty-talk-from-10cm-away-while-sensually-licking-every-inch-of-your-body/,https://cdn.javmiku.com/wp-content/uploads/2026/07/mida729pl-550x374.jpg
https://jav.guru/1025226/mida-728-i-gave-in-to-my-students-seduction-and-had-sex-with-her-over-and-over-at-a-love-hotel-after-school/,https://cdn.javmiku.com/wp-content/uploads/2026/07/mida728pl-550x374.jpg
https://jav.guru/1025227/mida-727-ill-make-your-beautiful-tits-all-sticky-with-cum-and-spit-the-busty-office-lady-trapped-in-the-neighbors-garbage-room-gets-defiled-and-brought-to-orgasm-by-the-perverted-old/,https://cdn.javmiku.com/wp-content/uploads/2026/07/mida727pl-550x374.jpg
https://jav.guru/1025228/mida-725-its-so-embarrassing-to-have-my-pee-watched-the-secretly-perverted-schoolgirl-makes-you-drink-her-urine-saliva-pussy-juice-and-sweat-sparking-fidgety-excitement-in-a-body-fluid-soaked/,https://cdn.javmiku.com/wp-content/uploads/2026/07/mida725pl-550x374.jpg
https://jav.guru/1025229/mida-724-after-a-week-of-dosing-my-wifes-undeveloped-slender-stepdaughter-with-aphrodisiacs-while-she-was-away-the-girl-who-never-warmed-up-to-me-finally-arches-her-back-trembling-and-begs/,https://cdn.javmiku.com/wp-content/uploads/2026/07/mida724pl-550x374.jpg
https://jav.guru/1025230/mida-723-my-uncontrollable-erections-and-the-new-nurses-healing-smile-lead-to-endless-ball-draining-ejaculation-assistance-that-never-stops-during-my-hospital-stay/,https://cdn.javmiku.com/wp-content/uploads/2026/07/mida723pl-550x374.jpg
https://jav.guru/1025231/mida-716-new-h-cup-college-girl-with-tan-lines-makes-her-exclusive-av-debut/,https://cdn.javmiku.com/wp-content/uploads/2026/07/mida716pl-550x374.jpg
https://jav.guru/1025232/lulu-448-couldnt-resist-my-big-ass-college-nieces-unaware-steamy-body-odor-seduction-while-she-focused-on-club-activities-so-i-quickly-fucked-her-and-licked-every-inch-of-her-athlete-pheromones/,https://cdn.javmiku.com/wp-content/uploads/2026/07/lulu448pl-550x374.jpg
https://jav.guru/1025233/lulu-447-if-you-love-me-youll-swallow-every-drop-right-an-unhinged-big-booty-underground-idol-tests-her-secretly-married-veteran-fans-loyalty-by-drowning-him-in-fluids-during-draining-orgasm-s/,https://cdn.javmiku.com/wp-content/uploads/2026/07/lulu447pl-550x374.jpg
https://jav.guru/1025234/lulu-446-a-big-ass-part-timer-with-a-dazzling-youthful-smile-came-to-stay-for-just-one-night-and-her-defenseless-ass-proved-impossible-to-resist-so-i-fucked-her-on-the-spot-but-with-my-much-older/,https://cdn.javmiku.com/wp-content/uploads/2026/07/lulu446pl-550x374.jpg
https://jav.guru/1025235/lulu-445-seduced-by-the-neighborhoods-beautiful-legged-bitchy-flight-attendant-into-a-creampie-after-she-teases-with-her-sweaty-black-pantyhose-and-milks-with-sweet-sadistic-leg-technique-tenma-y/,https://cdn.javmiku.com/wp-content/uploads/2026/07/lulu445pl-550x374.jpg
https://jav.guru/1025236/jufe-628-young-wife-with-a-fair-skinned-busty-body-falls-prey-to-a-shady-chiropractor-shitara-yuuhi/,https://cdn.javmiku.com/wp-content/uploads/2026/07/jufe628pl-550x374.jpg
https://jav.guru/1025237/jufe-627-old-mans-pov-documentary-greedily-devouring-her-with-thick-dripping-fluids-in-sweaty-sex-otoda-eri/,https://cdn.javmiku.com/wp-content/uploads/2026/07/jufe627pl-550x374.jpg
https://jav.guru/1025238/jjda-077-married-nurses-forbidden-hospital-affair-relieving-the-pent-up-sexual-needs-of-hospitalized-patients-hatano-yui/,https://cdn.javmiku.com/wp-content/uploads/2026/07/jjda077pl-550x374.jpg
https://jav.guru/1025240/ecb-169-the-slutty-woman-the-violated-man-and-us-watching-from-the-sidelines-niimura-akari-hibiki-tukasa/,https://cdn.javmiku.com/wp-content/uploads/2026/07/2ecb169pl-550x374.jpg
https://jav.guru/1025241/dvrt-077-destroying-my-best-friends-girlfriend-tomoe-hikari/,https://cdn.javmiku.com/wp-content/uploads/2026/07/dvrt077pl-550x374.jpg
https://jav.guru/1025242/dvmm-430-take-me-somewhere-naughty-taxi-driver-an-av-actress-fulfills-her-wildest-desires-in-this-anything-goes-sex-documentary-usami-sui-kurosaki-hana-nijimura-yumi/,https://cdn.javmiku.com/wp-content/uploads/2026/07/dvmm430pl-550x374.jpg
https://jav.guru/1025243/dvmm-429-a-cum-swallowing-gal-obsessed-with-swallowing-she-skips-her-boyfriends-loads-but-always-milks-her-crushs-cheating-cock-with-nonstop-oral-creampies-sucking-like-crazy-until-shes-full/,https://cdn.javmiku.com/wp-content/uploads/2026/07/dvmm429pl-550x374.jpg
https://jav.guru/1025244/dvmm-428-three-big-ass-office-lady-coworkers-get-their-anuses-pumped-full-of-milk-to-the-limit-and-try-playing-milk-enema-daruma-san-ga-koronda-where-squirting-means-instant-huge-cock-insertion-but/,https://cdn.javmiku.com/wp-content/uploads/2026/07/dvmm428pl-550x374.jpg
https://jav.guru/1025245/dvmm-427-i-immediately-fucked-the-fair-skinned-big-assed-part-time-housekeeper-and-the-next-day-the-married-woman-hooked-on-my-huge-cock-showed-up-unannounced-so-i-creampied-her-over-and-over-until/,https://cdn.javmiku.com/wp-content/uploads/2026/07/dvmm427pl-550x374.jpg
https://jav.guru/1025246/dvmm-425-in-this-ordinary-couple-monitoring-av-the-admired-big-ass-track-team-senior-tries-to-deflower-her-huge-dicked-virgin-junior-with-nonstop-nipple-teasing-and-spider-cowgirl-while-her-boyfrien/,https://cdn.javmiku.com/wp-content/uploads/2026/07/dvmm425pl-550x374.jpg
https://jav.guru/1025247/dveh-092-lli-bitch-otaku-girl-uses-her-hairless-puffy-pussy-to-extort-character-lottery-prizes-from-random-old-men-who-buy-in-bulk-at-the-convenience-store-minase-akari-hinata-yuna/,https://cdn.javmiku.com/wp-content/uploads/2026/07/dveh092pl-550x374.jpg
https://jav.guru/1025248/djdk-021-barely-erotic-underboob-dancer-schoolgirl-edition-2-cant-resist-the-underboob-spilling-out-of-that-slutty-uniform-plus-wedgied-panties-creating-extra-camel-toe-on-a-hyped-up-gal-schoolgi/,https://cdn.javmiku.com/wp-content/uploads/2026/07/29djdk021pl-550x374.jpg
https://jav.guru/1025249/digi-164-hyper-highleg-queen-012/,https://cdn.javmiku.com/wp-content/uploads/2026/07/434digi164sopl-550x374.jpg
https://jav.guru/1025250/dfgr-003-tongue-kissing-maniax-my-saliva-tastes-so-sweet-and-delicious-right-vol-2-mizushima-azumi-kawakami-yuu-sawamura-reiko-amamiya-kotone-hojo-maki-ootsuki-hibiki-takigawa-kanon/,https://cdn.javmiku.com/wp-content/uploads/2026/07/30dfgr003pl-550x374.jpg
https://jav.guru/1025251/club-934-luxury-hotel-womans-elegant-pussy-gets-relentlessly-pounded-in-a-creampie-rape-orgy-video-yorimoto-shiori/,https://cdn.javmiku.com/wp-content/uploads/2026/07/club934pl-550x374.jpg
https://jav.guru/1025252/club-929-busty-gal-stalked-secretly-filmed-and-raped-while-unconscious-shirahama-kaho/,https://cdn.javmiku.com/wp-content/uploads/2026/07/club929pl-550x374.jpg
https://jav.guru/1025253/club-928-clingy-stalker-films-hidden-camera-rape-of-unconscious-former-idol-wife-honzyou-hana/,https://cdn.javmiku.com/wp-content/uploads/2026/07/club928pl-550x374.jpg
https://jav.guru/1025254/club-925-stalking-and-secretly-filming-a-beautiful-marunouchi-office-lady-before-dosing-her-with-aphrodisiacs-for-rough-sex-kuninaka-arina/,https://cdn.javmiku.com/wp-content/uploads/2026/07/club925pl-550x374.jpg
https://jav.guru/1025255/cawd-999-the-classs-most-untouchable-beauty-loses-her-memory-and-all-reason-now-crawling-on-all-fours-with-her-anus-fully-exposed-in-public-and-at-school-while-shamelessly-peeing-in-a-total-moral/,https://cdn.javmiku.com/wp-content/uploads/2026/07/cawd999pl-550x374.jpg
https://jav.guru/1025256/cawd-989-the-female-teacher-obeys-in-her-school-swimsuit-unable-to-defy-the-male-students-as-shes-humiliated-and-turned-into-the-swimming-clubs-dedicated-fucktoy-until-graduation-ito-mayuki/,https://cdn.javmiku.com/wp-content/uploads/2026/07/cawd989pl-550x374.jpg
https://jav.guru/1025257/cawb-025-new-part-timers-come-with-guaranteed-pussy-my-pure-girlfriend-gets-eagerly-passed-around-all-night-by-the-entire-sleazy-staff-at-her-first-jobs-welcome-party-asami-nami/,https://cdn.javmiku.com/wp-content/uploads/2026/07/cawb025pl-550x374.jpg
https://jav.guru/1025258/cawb-023-this-innocent-short-haired-girl-who-throws-herself-into-volunteer-work-secretly-craves-having-her-heart-and-pussy-ravaged-in-masochistic-ecstasy-sera-shizuku/,https://cdn.javmiku.com/wp-content/uploads/2026/07/cawb023pl-550x374.jpg
https://jav.guru/1025259/cawb-022-petite-but-able-to-lift-anything-this-super-popular-influencer-whos-always-on-tiktok-and-live-streams-has-such-a-raging-sex-drive-that-her-pussy-gets-soaking-wet-every-day-leading-to-he/,https://cdn.javmiku.com/wp-content/uploads/2026/07/cawb022pl-550x374.jpg
https://jav.guru/1025260/cawb-021-chubby-cute-female-comedian-gets-used-as-the-industrys-shared-meat-onahole-shishido-riho/,https://cdn.javmiku.com/wp-content/uploads/2026/07/cawb021pl-550x374.jpg
https://jav.guru/1025261/cawb-020-old-men-are-dangerous-a-naive-girl-gets-casually-covered-in-cum-by-older-guys-matsuoka-miou/,https://cdn.javmiku.com/wp-content/uploads/2026/07/cawb020pl-550x374.jpg
https://jav.guru/1025262/cawb-018-the-hottest-woman-in-the-history-of-the-girls-world-with-the-ultimate-premium-body-makes-her-av-debut-hanasaki-yura/,https://cdn.javmiku.com/wp-content/uploads/2026/07/cawb018pl-550x374.jpg
https://jav.guru/1025263/cawb-016-we-may-be-a-teacher-and-student-council-president-but-were-masochistic-sisters-who-want-to-be-trained-as-cum-dumpsters-yuki-rino-chiba-yuuka/,https://cdn.javmiku.com/wp-content/uploads/2026/07/cawb016pl-550x374.jpg
https://jav.guru/1025264/cawb-015-bad-girls-get-punished-right-the-teacher-teaches-the-dumb-bratty-sisters-a-lesson-by-breeding-them-with-creampies-hinata-yuna-saito-kasane/,https://cdn.javmiku.com/wp-content/uploads/2026/07/cawb015pl-550x374.jpg
https://jav.guru/1025265/cawb-012-52cm-waist-ballerina-with-perfect-curves-finally-allows-creampies-in-over-50-erotic-scenes-seino-saki/,https://cdn.javmiku.com/wp-content/uploads/2026/07/cawb012pl-550x374.jpg
https://jav.guru/1025266/atid-695-female-boss-kept-cumming-from-her-incompetent-subordinates-clit-sucker-until-her-lower-body-shook-uncontrollably/,https://cdn.javmiku.com/wp-content/uploads/2026/07/atid695pl-550x374.jpg
https://jav.guru/1025267/atid-686-exhausted-from-caregiving-the-toxic-daughter-in-law-who-abusd-her-father-in-law-gets-strangled-and-creampied-in-a-revenge-rape-that-breaks-her/,https://cdn.javmiku.com/wp-content/uploads/2026/07/atid686pl-550x374.jpg
https://jav.guru/1025268/atid-680-you-were-a-girl-id-always-thought-you-were-a-boy-but-learning-the-truth-left-me-so-horny-i-couldnt-stop/,https://cdn.javmiku.com/wp-content/uploads/2026/07/atid680pl-550x374.jpg
https://jav.guru/1025269/atid-668-innocent-soap-princesss-first-anal-pleasure-training/,https://cdn.javmiku.com/wp-content/uploads/2026/07/atid668pl-550x374.jpg
https://jav.guru/1025270/atid-656-the-three-succubus-sisters-nozomi-arimura-hirose-riona/,https://cdn.javmiku.com/wp-content/uploads/2026/07/atid656pl-550x374.jpg
https://jav.guru/1025271/adn-801-lets-fuck-until-the-store-runs-out-of-condoms-the-story-of-a-prim-and-proper-but-secretly-slutty-college-girl-working-part-time-at-a-convenience-store-who-drains-me-dry-every-day/,https://cdn.javmiku.com/wp-content/uploads/2026/07/adn801pl-550x374.jpg
https://jav.guru/1025272/adn-798-how-does-my-father-in-law-really-feel-about-me/,https://cdn.javmiku.com/wp-content/uploads/2026/07/adn798pl-550x374.jpg
https://jav.guru/1025273/adn-797-licking-violation-father-in-laws-desire-9/,https://cdn.javmiku.com/wp-content/uploads/2026/07/adn797pl-550x374.jpg
https://jav.guru/1025274/adn-795-i-started-seeing-my-tomboy-friend-with-her-hidden-huge-breasts-as-a-woman/,https://cdn.javmiku.com/wp-content/uploads/2026/07/adn795pl-550x374.jpg
https://jav.guru/1025275/adn-792-oversexed-nurse-who-needs-sex-three-times-a-day-sucks-the-cum-packed-cocks-of-hospitalized-patients-in-the-reverse-night-visit-ward/,https://cdn.javmiku.com/wp-content/uploads/2026/07/adn792pl-550x374.jpg
https://jav.guru/1025276/adn-791-please-fuck-me-with-the-intention-of-getting-me-pregnant-this-older-man-loving-beauty-drains-her-bosss-seed-with-impregnation-dirty-talk-in-deep-addictive-sex/,https://cdn.javmiku.com/wp-content/uploads/2026/07/adn791pl-550x374.jpg
https://jav.guru/1025277/adn-788-i-cant-tell-my-late-husband-that-i-got-pregnant-after-sleeping-with-my-father-in-law-every-day-to-fill-the-loneliness-natsume-iroha/,https://cdn.javmiku.com/wp-content/uploads/2026/07/adn788pl-550x374.jpg
https://jav.guru/1025278/adn-763-forgive-me-i-couldnt-hold-back-my-loneliness/,https://cdn.javmiku.com/wp-content/uploads/2026/07/adn763pl-550x374.jpg
https://jav.guru/1025846/ymdd-503-anaconda-mens-esthetic-delivers-sticky-snake-tongue-testicle-detox-that-unleashes-desires-and-bursts-the-semen-tank-honoka-tsujii/,https://cdn.javmiku.com/wp-content/uploads/2026/07/ymdd503pl-550x374.jpg
https://jav.guru/1025847/ymdd-502-amateur-observation-monitoring-raw-creampie-time-attack-slut-teases-and-strokes-to-milk-every-drop-of-amateur-cum-dvd-store-edition-and-the-ten-shot-challenge-onosaka-yuka/,https://cdn.javmiku.com/wp-content/uploads/2026/07/ymdd502pl-550x374.jpg
https://jav.guru/1025848/xvsr-892-introverted-secretly-perverted-glasses-girl-awakens-into-a-seductive-vixen-who-drains-every-drop-with-her-overwhelming-hip-technique-in-an-irresistible-premium-cowgirl-creampie-session-kur/,https://cdn.javmiku.com/wp-content/uploads/2026/07/xvsr892pl-550x374.jpg
https://jav.guru/1025849/vema-263-elusive-married-cleaning-ladys-cock-cleanup-nagimiya-yukino/,https://cdn.javmiku.com/wp-content/uploads/2026/07/vema263pl-550x374.jpg
https://jav.guru/1025850/sora-644-my-bullies-take-over-my-house-and-squat-there-raping-me-for-a-week-the-sister-who-came-to-help-gets-brutally-gangbanged-in-my-place-with-vicious-deepthroating-and-skewering-in-a-four-way-o/,https://cdn.javmiku.com/wp-content/uploads/2026/07/sora644pl-550x374.jpg
https://jav.guru/1025851/soan-130-anal-seminar-apartment-owner-turns-sassy-schoolgirl-into-a-three-hole-anal-addict-pet-yamori-wakana/,https://cdn.javmiku.com/wp-content/uploads/2026/07/soan130pl-550x374.jpg
https://jav.guru/1025852/smok-043-tight-skirted-married-boss-with-a-huge-ass-flashes-her-pussy-under-her-miniskirt-while-alone-with-her-young-subordinate-after-hours-and-drains-his-cock-multiple-times-with-her-butt-onosaka/,https://cdn.javmiku.com/wp-content/uploads/2026/07/smok043pl-550x374.jpg
https://jav.guru/1025853/ppp-3105-nude-drawing-class-where-predatory-mature-beauties-gather-to-ride-young-erect-cocks-ibuki-chika/,https://cdn.javmiku.com/wp-content/uploads/2026/07/pb_e_083ppp-3105-550x374.jpg
https://jav.guru/1025854/parathd-4447-lesbian-ntr-i-feel-better-right-the-bitchy-girl-who-slept-with-her-female-friends-girlfriend-2/,https://cdn.javmiku.com/wp-content/uploads/2026/07/parathd04447pl-550x374.jpg
https://jav.guru/1025855/parathd-4446-please-put-it-in-a-young-wife-masochistically-trained-by-her-stepson-the-elegant-and-beautiful-mother-begged-for-insertion-while-drooling-profusely-adachi-mio/,https://cdn.javmiku.com/wp-content/uploads/2026/07/parathd04446pl-550x374.jpg
https://jav.guru/1025856/mopp-125-nipple-brain-dopamine-a-perverted-slut-twists-your-nipples-until-youre-driven-mad-and-drowning-in-explosive-feminine-pleasure-from-this-ultimate-humiliating-experience-mioka-satomi/,https://cdn.javmiku.com/wp-content/uploads/2026/07/mopp125pl-550x374.jpg
https://jav.guru/1025863/mida-720-shattered-reason-endless-convulsions-a-24-hour-orgasm-boot-camp-that-wrecks-the-junior-gymnastics-elite-athlete/,https://cdn.javmiku.com/wp-content/uploads/2026/07/mida720pl-550x374.jpg
https://jav.guru/1025864/kimr-006-recording-my-wifes-daily-life-aona-miu/,https://cdn.javmiku.com/wp-content/uploads/2026/07/kimr006pl-550x374.jpg
https://jav.guru/1025865/jimmy-005-wanna-come-to-my-room-after-this-ive-got-more-guys-whove-been-inside-me-than-i-can-count-but-ill-explain-the-reasons-in-full-detail-aoshima-nazuki/,https://cdn.javmiku.com/wp-content/uploads/2026/07/1jimmy00005pl-550x374.jpg
https://jav.guru/1025866/hunt-954-big-luck-at-the-hot-spring-inn-an-unexpected-erotic-drinking-party-with-drunk-college-girls-2-ayase-minami-hamasaki-mao-horiuchi-akemi/,https://cdn.javmiku.com/wp-content/uploads/2026/07/1hunt954pl-550x374.jpg
https://jav.guru/1025867/hunt-951-wait-youre-getting-turned-on-by-me-my-sons-friend-suddenly-gets-aroused-ever-since-getting-married-ive-stopped-caring-how-men-look-at-me-im-always-so-careless-and-unguarded-nii/,https://cdn.javmiku.com/wp-content/uploads/2026/07/1hunt951pl-550x374.jpg
https://jav.guru/1025868/hunt-950-the-new-assistant-director-at-hunter-was-so-irresistibly-cute-with-massive-beautiful-breasts-that-the-directors-and-senior-staff-all-joined-in-on-the-sexual-harassment-insisting-its-stan/,https://cdn.javmiku.com/wp-content/uploads/2026/07/1hunt950pl-550x374.jpg
https://jav.guru/1025869/hunt-948-my-boring-life-of-just-commuting-between-school-and-home-got-a-jolt-when-i-spotted-my-sisters-friend-clearly-visible-through-the-glass-while-showering-so-i-boldly-peeked-with-a-hard-on-a/,https://cdn.javmiku.com/wp-content/uploads/2026/07/1hunt948pl-550x374.jpg
https://jav.guru/1025870/hunt-946-sorry-big-sis-my-first-time-got-me-so-worked-up-i-came-inside-her-again-and-again-more-than-four-times-before-i-knew-it-on-the-eve-of-his-beloved-big-sisters-wedding-he-sees-his-last-c/,https://cdn.javmiku.com/wp-content/uploads/2026/07/1hunt946pl-550x374.jpg
https://jav.guru/1025871/hunt-944-i-boldly-got-hard-in-a-mixed-bathing-hot-spring-and-the-female-guests-who-happened-to-be-there-didnt-just-sneak-a-peek-they-lost-control-and-stared-intensely-while-rushing-closer/,https://cdn.javmiku.com/wp-content/uploads/2026/07/1hunt944pl-550x374.jpg
https://jav.guru/1025872/hunt-943-my-sister-comes-home-wasted-from-a-friends-wedding-in-a-super-sexy-dress-and-seduces-me-with-her-nipples-and-panties-fully-exposed-mizuki-an-honda-riko-fukusaki-ren-mizuki-an/,https://cdn.javmiku.com/wp-content/uploads/2026/07/1hunt943pl-550x374.jpg
https://jav.guru/1025873/hunt-941/,https://cdn.javmiku.com/wp-content/uploads/2026/07/1hunt941pl-550x374.jpg
https://jav.guru/1025874/hunt-938-pressed-against-a-gorgeous-office-lady-with-her-cleavage-fully-exposed-on-a-super-crowded-train-mizuna-rei-konno-hikaru-nagase-ryoko-kasuga-mona-narimiya-azusa-ishihara-ai/,https://cdn.javmiku.com/wp-content/uploads/2026/07/1hunt938pl-550x374.jpg
https://jav.guru/1025875/hunt-936-i-live-in-a-filthy-studio-apartment-but-when-i-hired-a-cleaning-specialist-all-that-showed-up-were-the-horniest-housewives-in-their-mid-thirties-yamamoto-miwako-mizuki-nao-hojo-maki-ka/,https://cdn.javmiku.com/wp-content/uploads/2026/07/1hunt936pl-550x374.jpg
https://jav.guru/1025876/hunt-928-drenched-from-the-downpour-never-thought-id-see-my-mom-as-a-woman-because-of-her-see-through-nipples-yokoyama-mirei-natsuki-anna-niiyama-kaede-honda-riko-nonomiya-misato/,https://cdn.javmiku.com/wp-content/uploads/2026/07/1hunt928pl-550x374.jpg
https://jav.guru/1025877/hunt-926-the-shower-runs-wild-and-drenches-his-stepsister-while-shes-cleaning-the-bath-soaking-her-clothes-and-making-her-nipples-fully-visible-for-a-forbidden-full-erection-hearing-her-screams/,https://cdn.javmiku.com/wp-content/uploads/2026/07/1hunt926pl-550x374.jpg
https://jav.guru/1025878/hunt-923-my-friends-older-sister-was-flashing-her-plump-butt-cheeks-from-under-her-short-shorts-when-i-visited-their-house-the-sight-made-me-hard-instantly-and-she-came-over-to-me-nonomiya-misat/,https://cdn.javmiku.com/wp-content/uploads/2026/07/1hunt923pl-550x374.jpg
https://jav.guru/1025879/gvh-867-busty-volleyball-club-girl-has-her-masochistic-side-awakened-by-her-advisors-twisted-passionate-coaching-and-now-obeys-every-command-ukawa-ruru/,https://cdn.javmiku.com/wp-content/uploads/2026/07/gvh867pl-550x374.jpg
https://jav.guru/1025881/fwtr-031-just-watching-is-fine-right-the-voluptuous-mature-woman-lures-the-delivery-man-to-her-door-and-greedily-devours-his-sweaty-cock-oshikawa-yuuri/,https://cdn.javmiku.com/wp-content/uploads/2026/07/fwtr031pl-550x374.jpg
https://jav.guru/1025882/fns-240-a-pure-natural-beauty-born-on-a-remote-island-makes-her-av-debut-sakuraba-jun/,https://cdn.javmiku.com/wp-content/uploads/2026/07/FNS-240-550x374.jpg
https://jav.guru/1025883/fjin-159-reunited-with-the-sassy-girl-who-used-to-bully-me-and-her-slutty-ass-so-when-she-got-my-dick-riled-up-again-i-paid-her-back-with-a-nonstop-creampie-until-she-was-ahegao-squirting-in-submis/,https://cdn.javmiku.com/wp-content/uploads/2026/07/fjin159pl-550x374.jpg
https://jav.guru/1025884/fjin-158-my-friends-older-sister-is-a-big-ass-gyaru-whos-a-cocky-slut-but-actually-a-total-pushover-ranka/,https://cdn.javmiku.com/wp-content/uploads/2026/07/fjin158pl-550x374.jpg
https://jav.guru/1025885/fjin-157-an-oblivious-j-cup-busty-clerks-accidental-cleavage-flashes-shatter-my-self-control-harunai-noa/,https://cdn.javmiku.com/wp-content/uploads/2026/07/fjin157pl-550x374.jpg
https://jav.guru/1025886/fjin-156-licking-sessions-with-an-erotic-tongue-focus-as-a-sugar-baby-office-lady-slathers-every-inch-using-her-serpentine-tongue-nogi-ayame/,https://cdn.javmiku.com/wp-content/uploads/2026/07/fjin156pl-550x374.jpg
https://jav.guru/1025887/fjin-155-squirting-titjob-continued-paizuri-after-cumming-makes-him-squirt-yoshine-yuria/,https://cdn.javmiku.com/wp-content/uploads/2026/07/fjin155pl-550x374.jpg
https://jav.guru/1025888/fjin-154-mind-fucker-as-the-lowest-in-the-family-caste-system-i-use-mysterious-glasses-to-brainwash-my-relatives-into-harmony-shishido-riho/,https://cdn.javmiku.com/wp-content/uploads/2026/07/fjin154pl-550x374.jpg
https://jav.guru/1025889/dvmm-426-if-it-gets-found-out-will-you-take-responsibility-her-exquisite-barely-there-technique-teases-the-groin-without-touching-the-cock-driving-men-wild-until-this-innocent-looking-busty-be/,https://cdn.javmiku.com/wp-content/uploads/2026/07/dvmm426pl-550x374.jpg
https://jav.guru/1025890/dvmm-415-class-reunion-ntr-camp-getting-the-former-class-beauty-drunk-in-broad-daylight-and-pounding-her-repeatedly-until-the-gorgeous-wife-drowns-in-creampie-gangbang-ecstasy-yorimoto-shiori/,https://cdn.javmiku.com/wp-content/uploads/2026/07/dvmm415pl-550x374.jpg
https://jav.guru/1025891/dsam-008-give-me-lots-of-allowance-and-cum-a-swallowing-obsessed-sugar-baby-yura-kana/,https://cdn.javmiku.com/wp-content/uploads/2026/07/dsam008pl-550x374.jpg
https://jav.guru/1025892/dsam-006-creampie-orgy-with-two-super-cute-college-besties-impregnation-cum-party-monami-suzu-kanon-urara/,https://cdn.javmiku.com/wp-content/uploads/2026/07/dsam006pl-550x374.jpg
https://jav.guru/1025893/dsam-005-pretty-soldier-sailor-heroine-matsui-hinako/,https://cdn.javmiku.com/wp-content/uploads/2026/07/cosq012pl-1-550x374.jpg
https://jav.guru/1025894/cosq-012-beautiful-girl-warrior-sailor-heroine-amamiya-kotone/,https://cdn.javmiku.com/wp-content/uploads/2026/07/cosq012pl-550x374.jpg
https://jav.guru/1025895/cawb-026-the-quiet-girl-finally-awakens-through-super-intense-sex-the-extremely-shy-148cm-a-cup-20-year-old-breaks-from-hardcore-pounding-and-a-massive-facial-cumshot-aragaki-meru/,https://cdn.javmiku.com/wp-content/uploads/2026/07/cawb026pl-550x374.jpg
https://jav.guru/1025896/cawb-017-the-unpopular-middle-aged-teacher-might-miraculously-score-with-the-popular-girls-when-his-runaway-popular-student-shows-up-begging-to-stay-and-offers-her-pussy-in-return-honma-asami/,https://cdn.javmiku.com/wp-content/uploads/2026/07/cawb017pl-550x374.jpg
https://jav.guru/1025897/car-002-bukkake-happy-girl-drench-my-face-in-a-massive-load-of-cum-2-kojima-miko-konami-aya-onosaka-yuka/,https://cdn.javmiku.com/wp-content/uploads/2026/07/1car00002pl-550x374.jpg
https://jav.guru/1025898/byd-120-piss-hell-anzu-yuu-amamiya-kotone-takigawa-ayaka-mikami-karina-mitsui-ayane/,https://cdn.javmiku.com/wp-content/uploads/2026/07/h_103byd120pl-550x374.jpg
https://jav.guru/1025899/bijn-287-the-document-raw-instinct-climax-sex-with-a-plump-horny-i-cup-beauty-who-cant-hold-back-while-her-husband-is-away-on-a-long-business-trip-usami-sui/,https://cdn.javmiku.com/wp-content/uploads/2026/07/bijn287pl-550x374.jpg
https://jav.guru/1025900/atid-691-decoy-investigator-succumbs-to-aphrodisiac-groping/,https://cdn.javmiku.com/wp-content/uploads/2026/07/atid691pl-550x374.jpg
https://jav.guru/1025901/atfb-064-the-ultimate-in-passivity-a-soothing-restrained-handjob-that-triggers-explosive-release-kirioka-satuki-kotaki-miina-hitomi-yamabuki-amamiya-kotone/,https://cdn.javmiku.com/wp-content/uploads/2026/07/atfb064pl-550x374.jpg
https://jav.guru/1025902/atfb-061-the-ultimate-handjob-while-drenched-in-saliva-from-deep-tongue-kisses-and-nipple-licking-3-kohaku-uta-kotaki-miina-kirihara-azusa-amamiya-kotone/,https://cdn.javmiku.com/wp-content/uploads/2026/07/atfb061pl-550x374.jpg
https://jav.guru/1025903/atfb-055-gentle-slut-makes-a-surprise-visit-to-her-fans-home-amamiya-kotone/,https://cdn.javmiku.com/wp-content/uploads/2026/07/atfb055pl-550x374.jpg
https://jav.guru/1026432/xvsr-891-creampie-paradise-with-a-tall-slender-g-cup-beauty-sasakura-aya/,https://cdn.javmiku.com/wp-content/uploads/2026/08/xvsr891pl-550x374.jpg
https://jav.guru/1026433/xvsr-890-raw-creampie-sex-where-they-relentlessly-seek-each-other-out-following-pure-instinct-onosaka-yuka/,https://cdn.javmiku.com/wp-content/uploads/2026/08/xvsr890pl-550x374.jpg
https://jav.guru/1026434/xvsr-889-more-intense-than-the-hottest-toy-human-clitoris-suction-cunnilingus-onami-aya/,https://cdn.javmiku.com/wp-content/uploads/2026/08/xvsr889pl-550x374.jpg
https://jav.guru/1026435/xvsr-888-two-av-actresses-battle-for-your-dream-cock-in-a-private-reverse-threesome-pov-harem-creampie-session-nisimoto-meisa-kitaoka-karin/,https://cdn.javmiku.com/wp-content/uploads/2026/08/xvsr888pl-550x374.jpg
https://jav.guru/1026436/tsbs-81042-moemi-katayama-watashi-meguri/,https://cdn.javmiku.com/wp-content/uploads/2026/08/TSBS-81042-550x374.jpg
https://jav.guru/1026437/trst-0169-glossy-buttocks-rino/,https://cdn.javmiku.com/wp-content/uploads/2026/08/2744-550x374.jpg
https://jav.guru/1026438/sqte-707-hot-spring-trip-with-my-girlfriend-so-intense-we-never-wanted-to-leave-hanamori-kaho/,https://cdn.javmiku.com/wp-content/uploads/2026/08/sqte707pl-550x374.jpg
https://jav.guru/1026439/sqte-706-sweat-scent-and-sex-marumo-rea/,https://cdn.javmiku.com/wp-content/uploads/2026/08/sqte706pl-550x374.jpg
https://jav.guru/1026440/sora-643-frced-drugging-abducting-a-sassy-ex-cabaret-girl-and-blasting-her-masochistic-sensitivity-with-aphrodisiacs-until-shes-a-rolled-eyed-squirting-doll-minoshima-meguri/,https://cdn.javmiku.com/wp-content/uploads/2026/08/sora643pl-550x374.jpg
https://jav.guru/1026441/sora-642-personality-manipulation-brainwashing-hypnosis-im-a-genius-president-who-masters-even-the-incompetent-arrogant-second-generation-female-ceo-shipped-as-a-smiling-meat-slave-by-her-g/,https://cdn.javmiku.com/wp-content/uploads/2026/08/sora642pl-550x374.jpg
https://jav.guru/1026442/smok-042-weak-willed-new-office-lady-with-a-huge-ass-gets-frced-to-swallow-her-horny-bosss-middle-aged-cum-every-day-while-alone-together-after-hours-hanamori-kaho/,https://cdn.javmiku.com/wp-content/uploads/2026/08/smok042pl-550x374.jpg
https://jav.guru/1026443/rebdb-337-tanned-skin-is-so-sensitive-maya-mitsuki/,https://cdn.javmiku.com/wp-content/uploads/2026/08/n_1412rebdb337pl-550x374.jpg
https://jav.guru/1026444/rebdb-335-happy-vacation-mitani-akane/,https://cdn.javmiku.com/wp-content/uploads/2026/08/n_1412rebdb335pl-550x374.jpg
https://jav.guru/1026445/rebdb-045-mama-idol-has-g-cups-shiraishi-marina/,https://cdn.javmiku.com/wp-content/uploads/2026/08/n_1010rebdb045pl-550x374.jpg
https://jav.guru/1026446/rebdb-022-teasing-tsundere-girl-hamasaki-mao/,https://cdn.javmiku.com/wp-content/uploads/2026/08/n_1010rebdb022pl-550x374.jpg
https://jav.guru/1026447/rebd-380-lapis-lazuli-glamorous-amane-rion/,https://cdn.javmiku.com/wp-content/uploads/2026/08/n_1412rebd380pl-550x374.jpg
https://jav.guru/1026448/rebd-378-little-devil-kiss-kururugi-aoi/,https://cdn.javmiku.com/wp-content/uploads/2026/08/n_1412rebd378pl-550x374.jpg
https://jav.guru/1026449/rebd-377-mako-going-my-way-iga-mako/,https://cdn.javmiku.com/wp-content/uploads/2026/08/n_1412rebd377pl-550x374.jpg
https://jav.guru/1026450/rebd-376-second-flight-honjo-suzu/,https://cdn.javmiku.com/wp-content/uploads/2026/08/n_1412rebd376pl-550x374.jpg
https://jav.guru/1026451/rebd-373-the-story-of-a-flower-blooming-in-the-wild-nonohara-nazuna/,https://cdn.javmiku.com/wp-content/uploads/2026/08/n_1412rebd373pl-550x374.jpg
https://jav.guru/1026452/rebd-359-heartful-lover-ichikawa-masami/,https://cdn.javmiku.com/wp-content/uploads/2026/08/n_1412rebd359pl-550x374.jpg
https://jav.guru/1026454/rebd-353-cherry-blossoms-in-full-bloom-kirishima-sakura/,https://cdn.javmiku.com/wp-content/uploads/2026/08/n_1412rebd353pl-550x374.jpg
https://jav.guru/1026455/rebd-351-tanned-skin-is-so-sensitive-maya-mitsuki/,https://cdn.javmiku.com/wp-content/uploads/2026/08/n_1412rebd351pl-550x374.jpg
https://jav.guru/1026456/rebd-228-mion-2-natural-and-beautiful-sonoda-mion/,https://cdn.javmiku.com/wp-content/uploads/2026/08/n_1412rebd228pl-550x374.jpg
https://jav.guru/1026457/rebd-162-mysterious-princess-on-a-tropical-island-tsujimoto-an/,https://cdn.javmiku.com/wp-content/uploads/2026/08/n_1010rebd162pl-550x374.jpg
https://jav.guru/1026458/ped-049-after-just-seven-hours-alone-together-we-ended-up-having-sex-eight-times-shishido-riho/,https://cdn.javmiku.com/wp-content/uploads/2026/08/24ped049pl-550x374.jpg
https://jav.guru/1026468/mor-9011-voltage-clash-misa/,https://cdn.javmiku.com/wp-content/uploads/2026/08/n_1064mor9011pl-550x374.jpg
https://jav.guru/1026469/mooc-025-a-trap-babysitter-soothes-exhausted-parents-with-sweet-baby-talk-while-letting-them-suck-her-fully-erect-cock-and-healing-them-with-her-spurting-cum-kondo-mumu/,https://cdn.javmiku.com/wp-content/uploads/2026/08/mooc025pl-550x374.jpg
https://jav.guru/1026470/mmr-az080-a-day-of-pleasure-saya-kimura/,https://cdn.javmiku.com/wp-content/uploads/2026/08/mmr-az080-550x374.jpg
https://jav.guru/1026471/mmr-az039-negi-kujo-negitan/,https://cdn.javmiku.com/wp-content/uploads/2026/08/MMR-AZ039-550x374.jpg
https://jav.guru/1026472/mmr-az032-nanoka-ito-nanoka%e2%98%86nanoka-%e2%98%86/,https://cdn.javmiku.com/wp-content/uploads/2026/08/MMR-AZ032-550x374.jpg
https://jav.guru/1026473/mmr-az029-awakening-hashimura-erina/,https://cdn.javmiku.com/wp-content/uploads/2026/08/MMR-AZ029-550x374.jpg
https://jav.guru/1026474/mmr-aq073-kana-arai-rumbling/,https://cdn.javmiku.com/wp-content/uploads/2026/08/MMR-AQ073-550x374.jpg
https://jav.guru/1026475/mmr-aq053-saemi-shinohara-summer-time/,https://cdn.javmiku.com/wp-content/uploads/2026/08/MMR-AQ053-550x374.jpg
https://jav.guru/1026476/mmr-aq022-konaka-kanako-full-revolution-please-with-me/,https://cdn.javmiku.com/wp-content/uploads/2026/08/MMR-AQ022-550x374.jpg
https://jav.guru/1026477/mmr-ak059-miyuu-kae-last-charm/,https://cdn.javmiku.com/wp-content/uploads/2026/08/MMR-AK059-550x374.jpg
https://jav.guru/1026480/mmr-ak038-saki-morimura-smile-bomb/,https://cdn.javmiku.com/wp-content/uploads/2026/08/MMR-AK038-550x374.jpg
https://jav.guru/1026481/mmr-ab038-pure-and-innocent-first-timer-maeda-ako/,https://cdn.javmiku.com/wp-content/uploads/2026/08/n_709mmrab038pl-550x374.jpg
https://jav.guru/1026482/mmr-ab008-worlds-most-intense-anal-fucking-008-a-super-kinky-slut-craving-massive-stimulation-for-her-ass-and-pussy-exhibition-edition-fujii-akari/,https://cdn.javmiku.com/wp-content/uploads/2026/08/MMR-AB008-550x374.jpg
https://jav.guru/1026483/mmr-aa044-ayaka-fushimi-g-cup-a-beautiful-busty-manga-artist/,https://cdn.javmiku.com/wp-content/uploads/2026/08/MMR-AA044-550x374.jpg
https://jav.guru/1026484/mmr-432-naughty-j-cup-goto-rika/,https://cdn.javmiku.com/wp-content/uploads/2026/08/MMR-432-550x374.jpg
https://jav.guru/1026485/mmr-166-aki-sakura-big-love/,https://cdn.javmiku.com/wp-content/uploads/2026/08/MMR-166-550x374.jpg
https://jav.guru/1026486/lpfd-196-shizuka-nakamura-shizuka-gaze/,https://cdn.javmiku.com/wp-content/uploads/2026/08/LPFD-196-550x374.jpg
https://jav.guru/1026487/lcbd-00722-erina-kamiya-eri-ni-yanpuru/,https://cdn.javmiku.com/wp-content/uploads/2026/08/LCBD-00722-550x374.jpg
https://jav.guru/1026488/lcbd-00704-the-sound-of-bells-yuki-suzuki/,https://cdn.javmiku.com/wp-content/uploads/2026/08/1551638220_lcbd-00704-550x374.jpg
https://jav.guru/1026489/lcbd-00678-the-breath-of-beauty-emi-kobayashi/,https://cdn.javmiku.com/wp-content/uploads/2026/08/1554937000_lcbd-00678-550x374.jpg
https://jav.guru/1026490/lcbd-00676-lcdv-40676-arie-ikeda-tororin-aerin/,https://cdn.javmiku.com/wp-content/uploads/2026/08/LCDV-40676-550x374.jpg
https://jav.guru/1026491/lcbd-00675-fumina-suzuki-fumina-teacher-only-for-me/,https://cdn.javmiku.com/wp-content/uploads/2026/08/LCBD-00675-550x374.jpg
https://jav.guru/1026492/ktb-120-two-tall-wives-you-can-touch-anytime-anywhere-in-the-store-groping-friendly-women-miike-koharu-hanamiya-kyoko/,https://cdn.javmiku.com/wp-content/uploads/2026/08/ktb120pl-550x374.jpg
https://jav.guru/1026493/ksbj-440-lewd-mom-uses-seduction-to-keep-her-son-from-leaving-home-fuyuki-mai/,https://cdn.javmiku.com/wp-content/uploads/2026/08/ksbj440pl-550x374.jpg
https://jav.guru/1026494/ksbj-147-never-expected-the-cute-young-single-mom-next-door-to-beg-this-middle-aged-guy-to-fuck-her-vol-02-naomitake-suzu-arisaka-miyuki-momoi-anna-fujimori-riho/,https://cdn.javmiku.com/wp-content/uploads/2026/08/ksbj147pl-550x374.jpg
https://jav.guru/1026495/kidm-837-miracle-girl-hoshino-miyu-hoshino-miyu-%e6%98%9f%e9%87%8e%e7%be%8e%e6%86%82/,https://cdn.javmiku.com/wp-content/uploads/2026/08/90041912_1479668l-550x374.jpg
https://jav.guru/1026496/kidm-817-french-kiss-haruka-eri/,https://cdn.javmiku.com/wp-content/uploads/2026/08/80750127_1464894l-550x374.jpg
https://jav.guru/1026497/kidm-803-remix-bali-island-part-1-mahigashi-ai/,https://cdn.javmiku.com/wp-content/uploads/2026/08/73403182_1455402l-550x374.jpg
https://jav.guru/1026498/kidm-683-perfect-woman-mina-riyon-2/,https://cdn.javmiku.com/wp-content/uploads/2026/08/42308442_i323062-550x374.jpg
https://jav.guru/1026499/kidm-636-uncensored-mouka-megumi/,https://cdn.javmiku.com/wp-content/uploads/2026/08/n_945kidm636pl-550x374.jpg
https://jav.guru/1026500/kidm-602-untitled-ootsuka-mayumi/,https://cdn.javmiku.com/wp-content/uploads/2026/08/n_945kidm602pl-550x374.jpg
https://jav.guru/1026501/kidm-546-title-undecided-oda-asuka/,https://cdn.javmiku.com/wp-content/uploads/2026/08/n_945kidm546pl-550x374.jpg
https://jav.guru/1026502/kidm-468-title-to-be-determined-ikeda-hiroko/,https://cdn.javmiku.com/wp-content/uploads/2026/08/n_945kidm468pl-550x374.jpg
https://jav.guru/1026503/kidm-452-title-undecided-natsuki/,https://cdn.javmiku.com/wp-content/uploads/2026/08/n_945kidm452pl-550x374.jpg
https://jav.guru/1026504/kidm-447-untitled-nonomiya-rika/,https://cdn.javmiku.com/wp-content/uploads/2026/08/n_945kidm447pl-550x374.jpg
https://jav.guru/1026505/kidm-445-title-to-be-determined-mouka-megumi/,https://cdn.javmiku.com/wp-content/uploads/2026/08/n_945kidm445pl-550x374.jpg
https://jav.guru/1026506/kidm-437-untitled-mamiya-yuki/,https://cdn.javmiku.com/wp-content/uploads/2026/08/n_945kidm437pl-550x374.jpg
https://jav.guru/1026507/kidm-436-title-undecided-akari-nishino/,https://cdn.javmiku.com/wp-content/uploads/2026/08/n_945kidm436pl-550x374.jpg
https://jav.guru/1026508/kidm-387-untitled-nakagawa-tomomi/,https://cdn.javmiku.com/wp-content/uploads/2026/08/n_945kidm387pl-550x374.jpg
https://jav.guru/1026509/kidm-361-untitled-togashi-azusa/,https://cdn.javmiku.com/wp-content/uploads/2026/08/n_945kidm361pl-550x374.jpg
https://jav.guru/1026510/kidm-349-title-undecided-ikeda-hiroko/,https://cdn.javmiku.com/wp-content/uploads/2026/08/n_945kidm349pl-550x374.jpg
https://jav.guru/1026511/kidm-227-nozomi-takada-because-its-the-limit/,https://cdn.javmiku.com/wp-content/uploads/2026/08/KIDM-227-550x374.jpg
https://jav.guru/1026512/kidm-220-busty-x-busty-kamijyo-yuria/,https://cdn.javmiku.com/wp-content/uploads/2026/08/n_945kidm220pl-550x374.jpg
https://jav.guru/1026514/kidm-217-a-beauty-that-could-topple-a-nation-shimada-kazuna/,https://cdn.javmiku.com/wp-content/uploads/2026/08/n_945kidm217pl-550x374.jpg
https://jav.guru/1026515/kidm-208-erotic-venus-kamijyo-yuria/,https://cdn.javmiku.com/wp-content/uploads/2026/08/n_945kidm208pl-550x374.jpg
https://jav.guru/1026516/kidm-204-miku-miku-cum-hasegawa-miku/,https://cdn.javmiku.com/wp-content/uploads/2026/08/n_945kidm204pl-550x374.jpg
https://jav.guru/1026517/kidm-121-asami-kubota-16-youth-16/,https://cdn.javmiku.com/wp-content/uploads/2026/08/KIDM-121-550x374.jpg
https://jav.guru/1026518/kidm-079-ayaka-fujiki/,https://cdn.javmiku.com/wp-content/uploads/2026/08/KIDM-079-550x374.jpg
https://jav.guru/1026519/kidm-033-mao-fujisawa-puppet/,https://cdn.javmiku.com/wp-content/uploads/2026/08/KIDM-033-550x374.jpg
https://jav.guru/1026520/jmdv-175-hamada-yuri-love-girl-h-h/,https://cdn.javmiku.com/wp-content/uploads/2026/08/JMDV-175-550x374.jpg
https://jav.guru/1026521/id-060-my-beloved-escort-60-the-fair-skinned-sensitive-j-cup-110cm-whale-princess-edition-with-massive-natural-breasts-everyone-wants-to-suck-cumming-nonstop-as-her-nipples-and-tits-are-pleasured/,https://cdn.javmiku.com/wp-content/uploads/2026/08/h_113id060pl-550x374.jpg
https://jav.guru/1026522/hz-012-nurse-nurse-those-massive-breasts-and-plump-juicy-ass-in-uniform-are-a-crime-in-the-hospital-this-g-cup-body-gets-a-raw-examination-takikawa-sumire/,https://cdn.javmiku.com/wp-content/uploads/2026/08/h_113hz012pl-550x374.jpg
https://jav.guru/1026523/hodv-21763-i-cant-help-but-adore-this-younger-guys-self-excited-erection-during-wildly-filthy-sex-with-a-beautiful-older-woman-and-her-thick-black-bush-miyama-ranko/,https://cdn.javmiku.com/wp-content/uploads/2026/08/41hodv21763pl-550x374.jpg
https://jav.guru/1026524/hodv-21714-the-ultimate-hairy-nude-guide-to-gorgeous-women-from-casual-outfits-to-lingerie-to-full-nudity-honoka-tsujii-hanamiya-amu-kuru-maebi-nanase-alice-hoshi-yuuka-momonaga-sarina-mifune/,https://cdn.javmiku.com/wp-content/uploads/2026/08/41hodv21714pl-550x374.jpg
https://jav.guru/1026525/gvh-866-mother-and-son-rpe-shiramine-ikumi/,https://cdn.javmiku.com/wp-content/uploads/2026/08/gvh866pl-550x374.jpg
https://jav.guru/1026526/gvh-865-my-female-boss-frced-me-into-repeated-creampies-with-undulating-cowgirl-during-a-remote-meeting-so-headquarters-wouldnt-find-out-honoka-tsujii/,https://cdn.javmiku.com/wp-content/uploads/2026/08/gvh865pl-550x374.jpg
https://jav.guru/1026527/guild-178-mika-nonomiya-bungou-secretary/,https://cdn.javmiku.com/wp-content/uploads/2026/08/GUILD-178-550x374.jpg
https://jav.guru/1026528/guild-163-shiori-konno-yurufuwa-kanojo/,https://cdn.javmiku.com/wp-content/uploads/2026/08/GUILD-163-550x374.jpg
https://jav.guru/1026529/guild-136-erika-chiba-impulse-of-supplication/,https://cdn.javmiku.com/wp-content/uploads/2026/08/GUILD-136-550x374.jpg
https://jav.guru/1026530/guild-099-asuka-kishi-natural/,https://cdn.javmiku.com/wp-content/uploads/2026/08/GUILD-099-550x374.jpg
https://jav.guru/1026531/guild-048-iyo-yoshimi-red-ripe-fruit/,https://cdn.javmiku.com/wp-content/uploads/2026/08/GUILD-048-550x374.jpg
https://jav.guru/1026532/guild-047-misaki-momose-peach-story/,https://cdn.javmiku.com/wp-content/uploads/2026/08/GUILD-047-550x374.jpg
https://jav.guru/1026533/gravb-0004-yanas-love-milky-trip-yanase-saki/,https://cdn.javmiku.com/wp-content/uploads/2026/08/gravb-0004-550x374.jpg
https://jav.guru/1026534/gravb-0003-yanas-love-private-lesson-yanase-saki/,https://cdn.javmiku.com/wp-content/uploads/2026/08/936-550x374.jpg
https://jav.guru/1026535/gebb-054-the-full-story-of-dosing-a-married-try-on-model-with-aphrodisiac-cream-until-her-body-twitches-uncontrollably-and-she-shows-ahegao-while-getting-deep-raw-creampies-kurokawa-sumire-onodera/,https://cdn.javmiku.com/wp-content/uploads/2026/08/gebb054pl-550x374.jpg
https://jav.guru/1026536/fskt-036-busty-high-school-dropout-gyaru-makes-surprise-av-debut-arisu/,https://cdn.javmiku.com/wp-content/uploads/2026/08/h_491fskt036pl-550x374.jpg
https://jav.guru/1026537/fns-241-sensual-development-of-a-fair-skinned-slender-body-raised-in-a-snowy-country-leads-to-first-orgasms-in-three-scenes-kashiwagi-shizuku/,https://cdn.javmiku.com/wp-content/uploads/2026/08/FNS-241-550x374.jpg
https://jav.guru/1026538/enfd-5788-towa-kizaki-forever/,https://cdn.javmiku.com/wp-content/uploads/2026/08/ENFD-5788-550x374.jpg
https://jav.guru/1026539/enfd-5786-last-summer-yuko-sugamoto/,https://cdn.javmiku.com/wp-content/uploads/2026/08/enfd-5786-550x374.jpg
https://jav.guru/1026541/enfd-5709-jun-serizawa-jun-is-already-18-18/,https://cdn.javmiku.com/wp-content/uploads/2026/08/ENFD-5709-550x374.jpg
https://jav.guru/1026542/enfd-5676-mitsumi-kojima-the-taste-of-honey/,https://cdn.javmiku.com/wp-content/uploads/2026/08/ENFD-5676-550x374.jpg
https://jav.guru/1026543/enfd-5654-alesha-its-all-right-here/,https://cdn.javmiku.com/wp-content/uploads/2026/08/ENFD-5654-550x374.jpg
https://jav.guru/1026544/enfd-5609-shiori-kaneko-happy-smile/,https://cdn.javmiku.com/wp-content/uploads/2026/08/ENFD-5609-550x374.jpg
https://jav.guru/1026545/enfd-5569-yuu-kawana-pure-play/,https://cdn.javmiku.com/wp-content/uploads/2026/08/ENFD-5569-550x374.jpg
https://jav.guru/1026546/ecb-170-gushing-saliva-kisses-and-cum-swallowing-blowjobs-aise-mina-nijimura-yumi-kudo-yuri-nagimiya-yukino-shibamata-shiho-tsukamoto-saya-imada-hikari-chiba-yuuka/,https://cdn.javmiku.com/wp-content/uploads/2026/08/2ecb170pl-550x374.jpg
https://jav.guru/1026547/dveh-093-matching-a-glistening-bikini-babe-with-a-huge-cocked-virgin-at-miura-beach-for-a-slippery-oil-intercrural-massage-that-awakens-her-inner-slut-and-ends-in-raw-creampie-deflowering-for-the-ul/,https://cdn.javmiku.com/wp-content/uploads/2026/08/dveh093pl-550x374.jpg
https://jav.guru/1026548/drpt-118-exposing-the-dark-side-of-modern-society-unlimited-sexual-harassment-allowed-at-this-overworked-elderly-care-facility-where-instant-sex-is-always-okay-yuri-ryo/,https://cdn.javmiku.com/wp-content/uploads/2026/08/1drpt118pl-550x374.jpg
https://jav.guru/1026549/drpt-114-busty-beauty-has-her-nipples-developed-while-sandwiched-and-arm-locked-on-a-packed-train-3-kui-sunao/,https://cdn.javmiku.com/wp-content/uploads/2026/08/1drpt114pl-550x374.jpg
https://jav.guru/1026551/dfdm-076-older-man-sugar-dating-with-a-jk-the-secret-record-of-a-demure-looking-but-secretly-perverted-schoolgirl-devouring-ojisans-chiba-yuuka/,https://cdn.javmiku.com/wp-content/uploads/2026/08/2dfdm076pl-550x374.jpg
https://jav.guru/1026552/bobb-293-thoroughly-savoring-those-gorgeous-k-cup-breasts-niizuki-sanae/,https://cdn.javmiku.com/wp-content/uploads/2026/08/bobb293pl-550x374.jpg
https://jav.guru/1026553/bkd-200-mother-and-son-mating-ninomiya-keiko/,https://cdn.javmiku.com/wp-content/uploads/2026/08/bkd200sopl-550x374.jpg
https://jav.guru/1026554/bab-195-ghostly-throbbing-schoolgirl-season-10-kisaki-nana/,https://cdn.javmiku.com/wp-content/uploads/2026/08/bab195pl-550x374.jpg
https://jav.guru/1026555/akdl-362-if-you-wont-fuck-me-then-at-least-let-me-tease-just-the-tip-the-student-who-keeps-sweet-talking-her-favorite-teacher-even-when-he-gives-her-the-cold-shoulder-miyagi-rie/,https://cdn.javmiku.com/wp-content/uploads/2026/08/1akdl00362pl-550x374.jpg
https://jav.guru/1026704/sy-225-a-25-year-old-housewifes-intimate-experience-in-a-small-room-part-of-an-amateur-series-featuring-live-encounters-watarai-fuu/,https://cdn.javmiku.com/wp-content/uploads/2026/08/h_113sy225pl-550x374.jpg
https://jav.guru/1026705/ps-131-new-amateur-debut-sorry-dad-a-shy-girl-overwhelmed-by-dirty-talk-showing-signs-of-naughtiness-despite-her-inexperience-yukimi-maika/,https://cdn.javmiku.com/wp-content/uploads/2026/08/h_113ps131pl-550x374.jpg
https://jav.guru/1026706/murikuri-014-a-naive-girl-learns-to-enjoy-the-taste-of-semen-through-intense-oral-training-and-ends-up-happily-consuming-it-in-large-quantities-misaki-oto/,https://cdn.javmiku.com/wp-content/uploads/2026/08/1murikuri014pl-550x374.jpg
https://jav.guru/1026707/murikuri-013-double-penetration-and-raw-action-with-a-ballet-girl-featuring-anal-play-and-a-series-of-double-internal-releases-in-a-wild-orgy/,https://cdn.javmiku.com/wp-content/uploads/2026/08/1murikuri013pl-550x374.jpg
https://jav.guru/1026709/jkw-028-a-troubled-wife-with-large-breasts-and-debt-issues-fujisaki-riko/,https://cdn.javmiku.com/wp-content/uploads/2026/08/h_848jkw028pl-550x374.jpg
https://jav.guru/1026710/jera-046-invited-on-a-drive-by-a-junior-coworker-she-enters-a-love-hotel-and-wanting-to-avoid-being-seen-as-strange-by-her-new-boyfriend-tries-oral-for-the-first-time-minoshima-meguri/,https://cdn.javmiku.com/wp-content/uploads/2026/08/1jera046pl-550x374.jpg
https://jav.guru/1026711/jera-044-a-hidden-busty-office-worker-suggests-a-drive-date-for-work-advice-leading-to-a-curious-visit-to-a-love-hotel-and-a-day-of-intense-infidelity-koume-ena/,https://cdn.javmiku.com/wp-content/uploads/2026/08/1jera044pl-550x374.jpg
https://jav.guru/1026712/hawa-383-clumsy-and-inept-at-cooking-and-laundry-this-married-woman-is-actually-an-incredibly-skilled-high-spec-companion-nijimura-yumi/,https://cdn.javmiku.com/wp-content/uploads/2026/08/1hawa383pl-550x374.jpg
https://jav.guru/1026713/dandya-044-its-your-fault-for-getting-wet-when-i-touch-you-a-lustful-woman-seduces-her-cute-girlfriend-from-behind-yorimoto-shiori-niimura-akari-minazuki-hikaru-minami-kozue/,https://cdn.javmiku.com/wp-content/uploads/2026/08/1dandya044pl-550x374.jpg
https://jav.guru/1026714/dandya-042-an-older-nurse-captivates-a-young-patient-with-a-deliberate-intimate-washing-technique-that-leads-to-an-unexpected-climax-adachi-yuri-suzuki-mayu/,https://cdn.javmiku.com/wp-content/uploads/2026/08/1dandya042pl-550x374.jpg
https://jav.guru/1027103/lady-102-boy-love-stories-inaba-yui-amamiya-kotone/,https://cdn.javmiku.com/wp-content/uploads/2026/08/1lady102pl-550x374.jpg
https://jav.guru/1032381/rebdb-403-maos-steamy-and-provocative-moments-on-blu-ray-miura-rui/,https://cdn.javmiku.com/wp-content/uploads/2026/08/n_1412rebdb403pl-550x374.jpg
https://jav.guru/1032382/rebdb-401-refreshing-resort-experience-suzumori-remu/,https://cdn.javmiku.com/wp-content/uploads/2026/08/n_1412rebdb401pl-550x374.jpg
https://jav.guru/1032383/rebdb-400-seventh-eden-ichikawa-masami/,https://cdn.javmiku.com/wp-content/uploads/2026/08/n_1412rebdb400pl-550x374.jpg
https://jav.guru/1032384/rebdb-389-pastel-fantasy-world-kiritani-matsuri/,https://cdn.javmiku.com/wp-content/uploads/2026/08/n_1412rebdb389pl-550x374.jpg
https://jav.guru/1032385/rebdb-388-nostalgic-journey-kobayakawa-reiko/,https://cdn.javmiku.com/wp-content/uploads/2026/08/n_1412rebdb388pl-550x374.jpg
https://jav.guru/1032386/rebdb-383-a-spring-day-filled-with-blooming-flowers-sakuno-koharu/,https://cdn.javmiku.com/wp-content/uploads/2026/08/n_1412rebdb383pl-550x374.jpg
https://jav.guru/1032387/rebdb-379-sweet-silence-of-desire-shina-rio/,https://cdn.javmiku.com/wp-content/uploads/2026/08/n_1412rebdb379pl-550x374.jpg
https://jav.guru/1032388/rebdb-378-wrapped-up-with-big-eyes-wakatuki-miina/,https://cdn.javmiku.com/wp-content/uploads/2026/08/n_1412rebdb378pl-550x374.jpg
https://jav.guru/1032389/rebdb-377-love-me-my-only-one-nonomiya-misato/,https://cdn.javmiku.com/wp-content/uploads/2026/08/n_1412rebdb377pl-550x374.jpg
https://jav.guru/1032390/rebdb-328-suzus-debut-performance-on-blu-ray-honjo-suzu/,https://cdn.javmiku.com/wp-content/uploads/2026/08/n_1412rebdb328pl-550x374.jpg
https://jav.guru/1032391/rebdb-326-festival-fun-in-a-colorful-paradise-blu-ray-kiritani-matsuri/,https://cdn.javmiku.com/wp-content/uploads/2026/08/n_1412rebdb326pl-550x374.jpg
https://jav.guru/1032392/rebdb-316-wanting-to-feel-more-nagasawa-rika/,https://cdn.javmiku.com/wp-content/uploads/2026/08/n_1412rebdb316pl-550x374.jpg
https://jav.guru/1032393/rebdb-312-a-fleeting-yet-noble-white-bell-in-high-definition-suzumura-airi/,https://cdn.javmiku.com/wp-content/uploads/2026/08/n_1412rebdb312pl-550x374.jpg
https://jav.guru/1032394/rebdb-311-relaxing-with-the-breeze-ootsuki-hibiki/,https://cdn.javmiku.com/wp-content/uploads/2026/08/n_1412rebdb311pl-550x374.jpg
https://jav.guru/1032395/rebdb-299-dancing-snow-white-ito-mayuki/,https://cdn.javmiku.com/wp-content/uploads/2026/08/n_1412rebdb299pl-550x374.jpg
https://jav.guru/1032396/rebdb-293-kiss-the-future-manase-kurara/,https://cdn.javmiku.com/wp-content/uploads/2026/08/n_1412rebdb293pl-550x374.jpg
https://jav.guru/1032397/rebdb-275-busty-girl-giving-it-her-all-aoi-rena/,https://cdn.javmiku.com/wp-content/uploads/2026/08/n_1412rebdb275pl-550x374.jpg
https://jav.guru/1032398/rebdb-273-passionate-cat-girl-in-a-blue-ray-disc-aine-maria/,https://cdn.javmiku.com/wp-content/uploads/2026/08/n_1412rebdb273pl-550x374.jpg
https://jav.guru/1032399/rebdb-271-rainbow-diary-nanasawa-mia/,https://cdn.javmiku.com/wp-content/uploads/2026/08/n_1412rebdb271pl-550x374.jpg
https://jav.guru/1032400/rebdb-269-lucky-smile-journey-2-kiritani-matsuri/,https://cdn.javmiku.com/wp-content/uploads/2026/08/n_1412rebdb269pl-550x374.jpg
https://jav.guru/1032401/rebdb-267-spring-feelings-of-love-suzuki-koharu/,https://cdn.javmiku.com/wp-content/uploads/2026/08/n_1412rebdb267pl-550x374.jpg
https://jav.guru/1032402/rebdb-262-breaking-limits-with-ao-blu-ray-akagi-ao/,https://cdn.javmiku.com/wp-content/uploads/2026/08/n_1412rebdb262pl-550x374.jpg
https://jav.guru/1032403/rebdb-044-scarlet-angel-on-blu-ray-itoh-beni/,https://cdn.javmiku.com/wp-content/uploads/2026/08/n_1010rebdb044pl-550x374.jpg
https://jav.guru/1032404/rebd-446-a-romantic-holiday-with-my-partner-matsumoto-nanami/,https://cdn.javmiku.com/wp-content/uploads/2026/08/n_1412rebd446pl-550x374.jpg
https://jav.guru/1032405/rebd-445-forbidden-mischief-takanashi-momoe/,https://cdn.javmiku.com/wp-content/uploads/2026/08/n_1412rebd445pl-550x374.jpg
https://jav.guru/1032406/rebd-444-southern-superstar-minami-riona/,https://cdn.javmiku.com/wp-content/uploads/2026/08/n_1412rebd444pl-550x374.jpg
https://jav.guru/1032407/rebd-441-emergency-with-ema-yuri-izumi/,https://cdn.javmiku.com/wp-content/uploads/2026/08/n_1412rebd441pl-550x374.jpg
https://jav.guru/1032408/rebd-440-after-school-seduction-fantasy-yumemite-uta/,https://cdn.javmiku.com/wp-content/uploads/2026/08/n_1412rebd440pl-550x374.jpg
https://jav.guru/1032409/rebd-438-the-season-of-elegance-kotoi-shihori/,https://cdn.javmiku.com/wp-content/uploads/2026/08/n_1412rebd438pl-550x374.jpg
https://jav.guru/1032410/rebd-436-lovely-travel-lovers-kiritani-matsuri/,https://cdn.javmiku.com/wp-content/uploads/2026/08/n_1412rebd436pl-550x374.jpg
https://jav.guru/1032411/rebd-431-feeling-the-sideboob-in-the-reiwa-era-reiwa-rei/,https://cdn.javmiku.com/wp-content/uploads/2026/08/n_1412rebd431pl-550x374.jpg
https://jav.guru/1032412/rebd-430-colorful-wings-amami-tubasa/,https://cdn.javmiku.com/wp-content/uploads/2026/08/n_1412rebd430pl-550x374.jpg
https://jav.guru/1032413/rebd-428-a-feeling-of-anticipation-begins-touka-yuria/,https://cdn.javmiku.com/wp-content/uploads/2026/08/n_1412rebd428pl-550x374.jpg
https://jav.guru/1032414/rebd-424-the-innocent-girls-seven-transformations-kano-yura/,https://cdn.javmiku.com/wp-content/uploads/2026/08/n_1412rebd424pl-550x374.jpg
https://jav.guru/1032415/rebd-423-twinkle-storm-2-akari-tsumugi/,https://cdn.javmiku.com/wp-content/uploads/2026/08/n_1412rebd423pl-550x374.jpg
https://jav.guru/1032416/rebd-419-momo-idolizes-the-cherry-sky-sakura-momo/,https://cdn.javmiku.com/wp-content/uploads/2026/08/n_1412rebd419pl-550x374.jpg
https://jav.guru/1032417/rebd-417-naughty-and-playful-cup-action-miura-rui/,https://cdn.javmiku.com/wp-content/uploads/2026/08/n_1412rebd417pl-550x374.jpg
https://jav.guru/1032418/rebd-416-yukas-sweet-first-experience-yuyu-monami/,https://cdn.javmiku.com/wp-content/uploads/2026/08/n_1412rebd416pl-550x374.jpg
https://jav.guru/1032419/rebd-414-seventh-eden-ichikawa-masami/,https://cdn.javmiku.com/wp-content/uploads/2026/08/n_1412rebd414pl-550x374.jpg
https://jav.guru/1032420/rebd-408-twin-tailed-love-affair-nonoura-non/,https://cdn.javmiku.com/wp-content/uploads/2026/08/n_1155rebd408pl-550x374.jpg
https://jav.guru/1032421/rebd-381-dreamland-rabbit-usa-miharu/,https://cdn.javmiku.com/wp-content/uploads/2026/08/n_1412rebd381pl-550x374.jpg
https://jav.guru/1032422/rebd-372-the-only-flower-hoshimiya-ichika/,https://cdn.javmiku.com/wp-content/uploads/2026/08/n_1412rebd372pl-550x374.jpg
https://jav.guru/1032423/rebd-370-emerald-island-adventure-ichikawa-masami/,https://cdn.javmiku.com/wp-content/uploads/2026/08/n_1412rebd370pl-550x374.jpg
https://jav.guru/1032424/rebd-369-until-my-cool-girlfriend-shows-her-softer-side-kurosaki-mika/,https://cdn.javmiku.com/wp-content/uploads/2026/08/n_1412rebd369pl-550x374.jpg
https://jav.guru/1032425/rebd-354-pretty-princess-arata-arina/,https://cdn.javmiku.com/wp-content/uploads/2026/08/n_1412rebd354pl-550x374.jpg
https://jav.guru/1032427/rebd-268-a-bouquet-of-smiles-just-for-you-julia/,https://cdn.javmiku.com/wp-content/uploads/2026/08/n_1412rebd268pl-550x374.jpg
https://jav.guru/1032428/rebd-253-elegant-and-extravagant-beauty-kitagawa-erika/,https://cdn.javmiku.com/wp-content/uploads/2026/08/n_1412rebd253pl-550x374.jpg
https://jav.guru/1032429/rebd-227-ioris-australian-adventure-kogawa-iori/,https://cdn.javmiku.com/wp-content/uploads/2026/08/n_1412rebd227pl-550x374.jpg
https://jav.guru/1032430/rebd-223-the-charming-young-lady-is-overflowing-with-allure-moe-ona/,https://cdn.javmiku.com/wp-content/uploads/2026/08/n_1412rebd223pl-550x374.jpg
https://jav.guru/1032431/rebd-157-reunion-with-a-beautiful-girl-in-white-sakura-yura/,https://cdn.javmiku.com/wp-content/uploads/2026/08/n_1010rebd157pl-550x374.jpg
https://jav.guru/1032432/iesp-614-20-unexpected-raw-insertions-in-a-row-minami-nana/,https://cdn.javmiku.com/wp-content/uploads/2026/08/1iesp614pl-550x374.jpg
https://jav.guru/1032433/iesp-427-female-inmate-patient-2-katou-tsubaki/,https://cdn.javmiku.com/wp-content/uploads/2026/08/1iesp427pl-550x374.jpg
https://jav.guru/1032434/iesp-419-new-female-teachers-20-internal-releases-yukimi-saya/,https://cdn.javmiku.com/wp-content/uploads/2026/08/1iesp419pl-550x374.jpg
https://jav.guru/1032435/iesp-410-vaginal-spasms-and-the-torment-of-a-nurses-care-kitada-yuho/,https://cdn.javmiku.com/wp-content/uploads/2026/08/1iesp410pl-550x374.jpg
https://jav.guru/1032436/iesp-407-vaginal-spasms-and-the-torment-of-a-high-school-girl-sonohara-mika/,https://cdn.javmiku.com/wp-content/uploads/2026/08/1iesp407pl-550x374.jpg
https://jav.guru/1032437/iesp-406-narcotics-officer-addicted-to-drugs-and-experiencing-vaginal-spasms-arisawa-risa/,https://cdn.javmiku.com/wp-content/uploads/2026/08/1iesp406pl-550x374.jpg
https://jav.guru/1032438/iesp-396-public-continuous-climax-experiment-show-act-two-katou-tsubaki/,https://cdn.javmiku.com/wp-content/uploads/2026/08/1iesp396pl-550x374.jpg
https://jav.guru/1032439/iesp-362-vaginal-spasms-and-the-torment-of-a-high-school-girl-oguri-anna/,https://cdn.javmiku.com/wp-content/uploads/2026/08/1iesp362pl-550x374.jpg
https://jav.guru/1032440/iesp-361-narcotics-officer-addicted-to-drugs-and-experiencing-vaginal-spasms-katou-tsubaki/,https://cdn.javmiku.com/wp-content/uploads/2026/08/1iesp361pl-550x374.jpg
https://jav.guru/1032441/iesp-360-glossy-bukkake-and-internal-release-3-mizumori-aoi/,https://cdn.javmiku.com/wp-content/uploads/2026/08/1iesp360pl-550x374.jpg
https://jav.guru/1032442/iesp-358-the-retirement-of-a-star-performer-amai-mitsu/,https://cdn.javmiku.com/wp-content/uploads/2026/08/1iesp358pl-550x374.jpg
https://jav.guru/1032443/iesp-354-anal-boss-komine-yui/,https://cdn.javmiku.com/wp-content/uploads/2026/08/1iesp354pl-550x374.jpg
https://jav.guru/1032444/iesp-350-the-secretarys-explosive-performance-at-work-akane-hotaru/,https://cdn.javmiku.com/wp-content/uploads/2026/08/1iesp350pl-550x374.jpg
https://jav.guru/1032445/iesp-342-a-female-lawyer-in-action-amai-mitsu/,https://cdn.javmiku.com/wp-content/uploads/2026/08/1iesp342pl-550x374.jpg
https://jav.guru/1032446/iesp-337-black-mans-internal-release-20-consecutive-sessions-amamiya-manami/,https://cdn.javmiku.com/wp-content/uploads/2026/08/1iesp337pl-550x374.jpg
https://jav.guru/1032447/iesp-330-insurance-agents-unexpected-encounter-akane-hotaru/,https://cdn.javmiku.com/wp-content/uploads/2026/08/1iesp330pl-550x374.jpg
https://jav.guru/1032448/iesp-327-naked-secretary-working-for-the-president-miura-asahi/,https://cdn.javmiku.com/wp-content/uploads/2026/08/1iesp327pl-550x374.jpg
https://jav.guru/1032449/iesp-323-heidi-3-a-girls-love-while-home-alone-aizato-hina/,https://cdn.javmiku.com/wp-content/uploads/2026/08/1iesp323pl-550x374.jpg
https://jav.guru/1032450/iesp-321-narcotics-officer-addicted-to-drugs-and-experiencing-vaginal-spasms-hoshino-akari/,https://cdn.javmiku.com/wp-content/uploads/2026/08/1iesp321pl-550x374.jpg
https://jav.guru/1032451/iesp-308-narcotics-officer-addicted-to-drugs-and-experiencing-vaginal-spasms-hino-hikari/,https://cdn.javmiku.com/wp-content/uploads/2026/08/1iesp308pl-550x374.jpg
https://jav.guru/1032452/iesp-306-yukata-outdoor-encounters-with-multiple-climaxes-amai-mitsu/,https://cdn.javmiku.com/wp-content/uploads/2026/08/1iesp306pl-550x374.jpg
https://jav.guru/1032453/iesp-300-20-consecutive-internal-releases-with-a-female-announcer-ayase-haruna/,https://cdn.javmiku.com/wp-content/uploads/2026/08/1iesp300pl-550x374.jpg
https://jav.guru/1032454/hunt-876-my-awkward-life-as-a-guy-nicknamed-doctor-with-middle-and-high-school-girls-visiting-my-home-getting-embarrassed-while-watching-adult-videos-honda-riko-tokita-shihori-sato-ayu/,https://cdn.javmiku.com/wp-content/uploads/2026/08/1hunt876pl-550x374.jpg
https://jav.guru/1032455/hunt-868-a-female-doctor-goes-undercover-for-a-company-health-check-mizusawa-mao-natsume-yuuki-ootsuki-hibiki-mizuki-an-%e6%b0%b4%e5%b8%8c%e6%9d%8f-horiuchi-akemi-sasaki-remi-kasuga-mona/,https://cdn.javmiku.com/wp-content/uploads/2026/08/1hunt868pl-550x374.jpg
https://jav.guru/1032456/hunt-863-i-dont-want-to-make-my-uncle-a-criminal-so-when-my-high-school-niece-visits-she-accidentally-enters-my-forbidden-room-filled-with-my-favorite-adult-materials-shinomiya-yuri/,https://cdn.javmiku.com/wp-content/uploads/2026/08/1hunt863pl-550x374.jpg
https://jav.guru/1032457/hunt-860-sister-pleads-with-me-to-help-her-after-getting-something-stuck-inside-while-trying-to-pleasure-herself-minami-riona-itano-yuki-aoi-koharu-ashida-tomoko-suzumiya-kotone/,https://cdn.javmiku.com/wp-content/uploads/2026/08/1hunt860pl-550x374.jpg
https://jav.guru/1032458/hunt-859-an-afternoon-neighborhood-gathering-turns-adventurous-as-young-wives-decide-to-play-a-daring-asuka-mitsuki-maika-horiuchi-akemi-miyano-yukana-fukusaki-ren-hinata-umi-saeki-haruna/,https://cdn.javmiku.com/wp-content/uploads/2026/08/1hunt859pl-550x374.jpg
https://jav.guru/1032459/hunt-853-sister-gets-soaked-in-the-bathroom-while-accidentally-showering-herself-during-cleaning-araki-mai-aoi-koharu-katsuragi-maya-saori-kurashina-iori-sana-suzumiya-kotone-aoba-yui/,https://cdn.javmiku.com/wp-content/uploads/2026/08/1hunt853pl-550x374.jpg
https://jav.guru/1032460/hunt-849-a-college-student-still-sharing-a-room-with-his-sister-unexpectedly-finds-himself-in-a-69-yoshida-hana-aoi-koharu-katsuragi-maya-ishihara-ai-aihara-yua-hinata-umi/,https://cdn.javmiku.com/wp-content/uploads/2026/08/1hunt849pl-550x374.jpg
https://jav.guru/1032461/hunt-846-a-young-wife-cant-resist-rubbing-against-her-sons-morning-erection-yoshida-hana-yamamoto-miwako-aizawa-ren-horiuchi-akemi-natsume-miura-fukusaki-ren/,https://cdn.javmiku.com/wp-content/uploads/2026/08/1hunt846pl-1-550x374.jpg
https://jav.guru/1032462/hunt-842-a-week-of-living-with-six-adorable-nieces-turns-my-mundane-life-upside-down-as-my-divorced-sister-returns-home-minami-riona-kasugano-yui-sakuragi-iku-amane-haruka-kaede-yuuka/,https://cdn.javmiku.com/wp-content/uploads/2026/08/1hunt842pl-550x374.jpg
https://jav.guru/1032463/hunt-838-all-the-neighbors-have-big-breasts-and-no-bras-in-this-exciting-new-chapter-of-life-asuka-mitsuki-matsushita-miyuki-mitsuikura-nayu-fukusaki-ren/,https://cdn.javmiku.com/wp-content/uploads/2026/08/1hunt838pl-550x374.jpg
https://jav.guru/1032464/hunt-836-ignored-by-girls-i-secretly-add-an-aphrodisiac-to-drinks-at-my-sisters-popular-birthday-hayase-alice-saionji-reo-kawagoe-yui-konishi-marie-toono-miho-ishihara-ami-takanashi-haru/,https://cdn.javmiku.com/wp-content/uploads/2026/08/1hunt836pl-550x374.jpg
https://jav.guru/1032465/hunt-834-my-mom-cleaned-my-room-without-permission-yoshida-hana-asuka-mitsuki-honda-riko-nishikawa-rion-sasaki-remi-ishihara-ai-ashida-tomoko-sasaki-kaho-fukusaki-ren/,https://cdn.javmiku.com/wp-content/uploads/2026/08/1hunt834pl-550x374.jpg
https://jav.guru/1032466/dldss-528-the-peak-of-a-high-class-flower-a-48-year-old-former-secretary-debuts-with-unchanged-beauty-and-evolving-desires-miyakami-yuihana/,https://cdn.javmiku.com/wp-content/uploads/2026/08/1dldss00528pl-550x374.jpg
https://jav.guru/1032588/zsmx-001-extreme-pleasure-training-a-tough-love-lesson-in-enhancing-sensations-takayama-tao/,https://cdn.javmiku.com/wp-content/uploads/2026/08/n_650zsmx0010pl-550x374.jpg
https://jav.guru/1032589/ymdd-501-a-wild-adventure-with-unexpected-surprises-as-a-group-of-friends-navigates-a-chaotic-night-of-street-pickup-and-passionate-encounters-nozomi-arimura/,https://cdn.javmiku.com/wp-content/uploads/2026/08/ymdd501pl-550x374.jpg
https://jav.guru/1032590/usag-096-amateur-girls-only-a-challenge-to-keep-panties-dry-while-watching-a-man-for-ten-minutes-natsukawa-ayumi-hoshino-natsuki-tsukino-kotone-minami-haru/,https://cdn.javmiku.com/wp-content/uploads/2026/08/usag096pl-550x374.jpg
https://jav.guru/1032591/totk-024-fairy-with-long-ears-experiences-anal-submission-mari-ruri/,https://cdn.javmiku.com/wp-content/uploads/2026/08/h_1133totk024pl-550x374.jpg
https://jav.guru/1032592/stsk-224-four-aspiring-idols-indulge-in-a-full-on-addictive-experience-of-pleasure-and-excess-miyagi-rie-yorimoto-shiori-usui-natsume-sakura-yuzuki/,https://cdn.javmiku.com/wp-content/uploads/2026/08/h_1605stsk224pl-550x374.jpg
https://jav.guru/1032593/sqte-704-a-drunken-night-with-a-friend-aizawa-miyu/,https://cdn.javmiku.com/wp-content/uploads/2026/08/sqte704pl-550x374.jpg
https://jav.guru/1032594/spe-008-shoplifting-housewives-curvy-and-full-figured-with-excuses-troublesome-shaved-wives-with-allure-futaba-sara-usui-serina-sakuragi-minato/,https://cdn.javmiku.com/wp-content/uploads/2026/08/h_113spe008pl-550x374.jpg
https://jav.guru/1032595/sigl-022-amateur-girls-vol-22-three-inexperienced-young-women-all-experiencing-unprotected-intercourse-yumekawa-honoka-ashina-honoka-ousaka-kiho/,https://cdn.javmiku.com/wp-content/uploads/2026/08/sigl022pl-550x374.jpg
https://jav.guru/1032596/sgki-096-a-halloween-challenge-in-aoyama-a-busty-girlfriend-must-endure-without-reacting-to-win-a-million-yen-matsui-hinako-hanamori-kaho-aizawa-miyu/,https://cdn.javmiku.com/wp-content/uploads/2026/08/1sgki00096pl-550x374.jpg
https://jav.guru/1032597/sdgy-004-a-beautiful-girl-with-short-hair-meets-a-boy-and-they-quickly-engage-in-mutual-oral-pleasure-and-intense-intimacy-shizuku-kokoro/,https://cdn.javmiku.com/wp-content/uploads/2026/08/sdgy004pl-550x374.jpg
https://jav.guru/1032598/pkpl-068-a-top-student-accepts-internal-release-for-the-sake-of-advancing-her-education-while-in-a-relationship-otoda-eri/,https://cdn.javmiku.com/wp-content/uploads/2026/08/pkpl068pl-550x374.jpg
https://jav.guru/1032599/pkpd-428-documentary-of-a-cheating-wife-misaki-hikari/,https://cdn.javmiku.com/wp-content/uploads/2026/08/pkpd428pl-550x374.jpg
https://jav.guru/1032600/pets-067-debut-of-a-crossdresser-experiencing-intense-pleasure-during-anal-intercourse-with-live-insertion-hikami-eri/,https://cdn.javmiku.com/wp-content/uploads/2026/08/pets067pl-550x374.jpg
https://jav.guru/1032601/onin-113-enjoying-the-softness-of-natural-breasts-taking-my-time-to-fondle-them-through-clothing-lingerie-and-bare-skin-sakurano-momo/,https://cdn.javmiku.com/wp-content/uploads/2026/08/onin113pl-550x374.jpg
https://jav.guru/1032602/npjb-122-girls-from-minato-ward-exploited-by-older-men-seeking-revenge-through-hidden-filming-best-moments-volume-2-mizuki-mei-miyagi-rie-seto-hinako-saitoh-honoka/,https://cdn.javmiku.com/wp-content/uploads/2026/08/npjb122pl-550x374.jpg
https://jav.guru/1032603/moil-007-forbidden-encounters-with-my-mother-in-law-after-all-shes-better-than-my-wife-yosii-miki-yokoyama-natsuki/,https://cdn.javmiku.com/wp-content/uploads/2026/08/moil007pl-550x374.jpg
https://jav.guru/1032604/mogk-008-a-beautiful-young-wife-in-debt-is-subjected-to-degrading-manipulation-seto-hinako/,https://cdn.javmiku.com/wp-content/uploads/2026/08/mogk008pl-550x374.jpg
https://jav.guru/1032605/huntc-535-is-she-looking-at-me-is-she-interested-my-teenage-stepdaughter-seems-to-dislike-me-amau-ririka-kawakami-shizuku-kashiwagi-konatsu-minazuki-hikaru/,https://cdn.javmiku.com/wp-content/uploads/2026/08/huntc535pl-550x374.jpg
https://jav.guru/1032606/huntc-439-my-reason-went-out-the-window-when-i-found-myself-grabbing-my-stepsisters-breasts-andoh-haru-izumi-rion-watarai-fuu-ayami-nana/,https://cdn.javmiku.com/wp-content/uploads/2026/08/huntc439pl-550x374.jpg
https://jav.guru/1032607/hsm-088-stunning-new-star-natural-beauty-makes-her-adult-film-debut-as-a-transgender-performer-mutsuki-maya/,https://cdn.javmiku.com/wp-content/uploads/2026/08/h_458hsm088pl-550x374.jpg
https://jav.guru/1032608/gun-695-debut-of-a-cross-dressing-boy-in-his-first-adult-video/,https://cdn.javmiku.com/wp-content/uploads/2026/08/433gun695pl-550x374.jpg
https://jav.guru/1032609/fgan-186-provocative-display-of-arousal-with-a-tight-anal-tease-during-solo-play-itsuha-misaki-oto-shinomiya-momo-sano-rika-tsukino-aya/,https://cdn.javmiku.com/wp-content/uploads/2026/08/h_1440fgan186pl-550x374.jpg
https://jav.guru/1032610/avsa-444-mind-bending-oral-pleasure-with-a-tanned-athlete-in-a-dress-featuring-intense-sperm-swallowing-and-anal-play-suzune-niko/,https://cdn.javmiku.com/wp-content/uploads/2026/08/avsa444pl-550x374.jpg
https://jav.guru/1032611/agmx-269-intense-glass-licking-and-lewd-oral-pleasure-showcase-kuraki-shiori-minami-kozue-ichikawa-riku-nashiki-serina-yuri-ryo-toriki-hana-narumi-yua/,https://cdn.javmiku.com/wp-content/uploads/2026/08/agmx269pl-550x374.jpg
https://jav.guru/1032612/ageom-035-a-festival-of-full-body-splashes-with-washing-ninomiya-waka-toa-kotone-nagase-yui-matsumoto-ichika-monami-suzu-kinoshita-himari-horikita-wan-ichiki-mahiro-hironaka-minami/,https://cdn.javmiku.com/wp-content/uploads/2026/08/ageom035pl-550x374.jpg
https://jav.guru/1033075/start-613-whispers-of-temptation-four-scenarios-of-secret-intimacy-with-a-mischievous-voice-that-arouses-desire-akari-matsunaga/,https://cdn.javmiku.com/wp-content/uploads/2026/08/1start613pl-550x374.jpg
https://jav.guru/1033076/start-611-in-a-village-of-swapping-newlyweds-engage-in-ntr-as-a-form-of-entertainment-in-a-community-of-perversion-shibazaki-haru-tachibana-hinata/,https://cdn.javmiku.com/wp-content/uploads/2026/08/1start611pl-550x374.jpg
https://jav.guru/1033077/start-609-first-time-non-stop-climax-orgy-with-a-total-of-19-releases-in-a-special-edition-nanase-tazune/,https://cdn.javmiku.com/wp-content/uploads/2026/08/1start609pl-550x374.jpg
https://jav.guru/1033078/start-587-after-losing-my-parents-at-a-young-age-i-became-jealous-of-my-sisters-fiance-and-engaged-in-repeated-intimate-encounters-to-be-with-her-forever-ichinomiya-rui/,https://cdn.javmiku.com/wp-content/uploads/2026/08/1start587pl-550x374.jpg
https://jav.guru/1033083/sdam-178-our-life-of-mutual-insertion/,https://cdn.javmiku.com/wp-content/uploads/2026/08/1sdam178pl-550x374.jpg
https://jav.guru/1033091/mrec-008-a-legendary-53-year-old-actress-reveals-her-past-struggles-motherhood-and-sensual-experiences-in-an-intimate-exploration-of-desire-and-vulnerability-tomoda-maki/,https://cdn.javmiku.com/wp-content/uploads/2026/08/mrec00008pl-550x374.jpg
https://jav.guru/1033098/guild-100-love-sin-aiko-eguchi/,https://cdn.javmiku.com/wp-content/uploads/2026/08/1593-550x374.jpg
https://jav.guru/1033100/guild-087-reluctant-kiss-nanoka-ito/,https://cdn.javmiku.com/wp-content/uploads/2026/08/552-550x374.jpg
https://jav.guru/1033107/guild-037-first-love-v-miki-ichikawa/,https://cdn.javmiku.com/wp-content/uploads/2026/08/1091-550x374.jpg
https://jav.guru/1033109/fays-015-my-exclusive-cosplay-photo-shoot/,https://cdn.javmiku.com/wp-content/uploads/2026/08/55fays015pl-550x374.jpg
https://jav.guru/1033111/enfd-5802-thoughts-of-nanoka/,https://cdn.javmiku.com/wp-content/uploads/2026/08/1728-550x374.jpg
https://jav.guru/1033112/enfd-5797-your-color-flavor-shiori-konno/,https://cdn.javmiku.com/wp-content/uploads/2026/08/1955-550x374.jpg
https://jav.guru/1033113/enfd-5795-falling-in-love-with-hitomi-hitomi-ichinose/,https://cdn.javmiku.com/wp-content/uploads/2026/08/1283-550x374.jpg
https://jav.guru/1033114/enfd-5784-nice-to-meet-you-i-came-from-guyana-sayumi-makino/,https://cdn.javmiku.com/wp-content/uploads/2026/08/1568575875_enfd-5784-550x374.jpg
https://jav.guru/1033117/dldss-530-a-mother-questions-her-sons-upbringing-as-their-family-is-dominated-by-his-delinquent-girlfriend-tanihara-nozomi-nagasaki-yukine/,https://cdn.javmiku.com/wp-content/uploads/2026/08/1dldss00530pl-550x374.jpg
