page_url,image_url
https://jav.guru/1035988/svvrt-084-amateur-variety-whats-inside-the-wall-mounted-style-a-housewife-takes-on-a-foreign-object-insertion-challenge-with-multiple-outcomes-zenba-mami-konami-aya-hanai-tsubaki/,https://cdn.javmiku.com/wp-content/uploads/2026/08/1svvrt084pl-550x374.jpg
https://jav.guru/1035989/start-626-a-week-of-passionate-affair-with-a-beautiful-teacher-from-the-daycare-while-the-family-is-away-visiting-relatives-kamiki-rei/,https://cdn.javmiku.com/wp-content/uploads/2026/08/1start626pl-550x374.jpg
https://jav.guru/1035990/start-620-a-24-hour-daycare-in-a-sleepless-city-a-beautiful-caregiver-and-a-restaurant-manager-while-dad-is-nearby-with-his-sleeping-daughter-aozora-hikari/,https://cdn.javmiku.com/wp-content/uploads/2026/08/1start620pl-550x374.jpg
https://jav.guru/1035991/start-618-a-homesick-new-graduate-struggles-with-living-alone-and-is-betrayed-by-the-owner-of-a-diner-that-reminds-her-of-her-mothers-cooking-amagami-ui/,https://cdn.javmiku.com/wp-content/uploads/2026/08/1start618pl-550x374.jpg
https://jav.guru/1035992/start-593-first-experience-of-unprotected-intercourse-leads-to-overwhelming-pleasure-and-uncontrollable-climax-during-intense-sex-ogasawara-nano/,https://cdn.javmiku.com/wp-content/uploads/2026/08/1start593vpl-550x374.jpg
https://jav.guru/1035993/sdnm-559-a-45-year-old-married-taxi-driver-seeks-a-second-partner-in-place-of-her-husband-during-a-cheating-getaway-with-her-90000-social-media-followers-haruki-ranko/,https://cdn.javmiku.com/wp-content/uploads/2026/08/1sdnm559pl-550x374.jpg
https://jav.guru/1035994/sdmm-237-helping-a-shy-virgin-with-his-first-experience-in-a-magic-mirror-bus-featuring-kind-hearted-fukuhara-mina-sakurano-momo-komiya-suzuka/,https://cdn.javmiku.com/wp-content/uploads/2026/08/1sdmm237pl-550x374.jpg
https://jav.guru/1035995/sdab-355-18-year-olds-naughty-language-lesson-with-a-bright-cheerful-smile-she-was-made-to-say-embarrassing-things-while-maintaining-eye-contact-with-the-camera-minami-airi/,https://cdn.javmiku.com/wp-content/uploads/2026/08/1sdab355pl-550x374.jpg
https://jav.guru/1035996/p-2982-the-frenzy-over-a-beautiful-wife-in-a-seaside-vacation-home-directed-by-an-adult-film-director-sumikawa-mihana/,https://cdn.javmiku.com/wp-content/uploads/2026/08/140p02982pl-550x374.jpg
https://jav.guru/1035997/odvhj-080-wives-intense-visible-dildo-masturbation-19-yoshizawa-yuki-ayana-rina-tamaki-kurumi-hirose-narumi-mizuki-mei-shiramine-ikumi-ogura-mikine-nishino-miku/,https://cdn.javmiku.com/wp-content/uploads/2026/08/48odvhj080pl-550x374.jpg
https://jav.guru/1036000/mmraa-392-teenage-love-in-the-air-sumikawa-sora/,https://cdn.javmiku.com/wp-content/uploads/2026/08/n_709mmraa392pl-550x374.jpg
https://jav.guru/1036001/mbraa-356-the-innocent-and-submissive-girl-is-too-tempting-minase-chihaya/,https://cdn.javmiku.com/wp-content/uploads/2026/08/n_709mbraa356pl-550x374.jpg
https://jav.guru/1036002/mbraa-355-sheer-love-aikawa-miku/,https://cdn.javmiku.com/wp-content/uploads/2026/08/n_709mbraa355pl-550x374.jpg
https://jav.guru/1036003/mbma-280-screaming-convulsing-and-an-unstoppable-climax-storm-a-highly-sensitive-wife-showcases-her-intense-pleasure-in-a-hanano-kokoro-hashimoto-maiko-sawamoto-yukie-kuromiya-eimi/,https://cdn.javmiku.com/wp-content/uploads/2026/08/h_460mbma280pl-550x374.jpg
https://jav.guru/1036004/maraa-232-ill-show-you-only-this-nagisa-hatsuka/,https://cdn.javmiku.com/wp-content/uploads/2026/08/n_709maraa232pl-550x374.jpg
https://jav.guru/1036005/maraa-231-infinite-anal-focus-uchida-hinano/,https://cdn.javmiku.com/wp-content/uploads/2026/08/n_709maraa231pl-550x374.jpg
https://jav.guru/1036006/kv-325-non-stop-filming-for-107-minutes-with-uncut-editing-featuring-23-internal-releases-and-12-facial-finishes-with-follow-up-cleaning-kawakita-ema/,https://cdn.javmiku.com/wp-content/uploads/2026/08/h_955kv325pl-550x374.jpg
https://jav.guru/1036007/jmty-083-a-33-year-old-womans-experiences-with-a-convenient-friend-featuring-oral-and-unprotected-encounters-oshikawa-yuuri/,https://cdn.javmiku.com/wp-content/uploads/2026/08/jmty00083pl-550x374.jpg
https://jav.guru/1036008/jksr-744-release-all-the-sperm-from-men-other-than-your-husband-oral-ejaculation-with-50-wives-in-4-hours-aoi-chie-niimura-akari-hayama-rin-natsumi-saya-sakuragi-mion/,https://cdn.javmiku.com/wp-content/uploads/2026/08/57jksr744pl-550x374.jpg
https://jav.guru/1036012/hbla-012-best-of-deep-throat-training-with-large-size-featuring-48-intense-scenes-over-4-hours-kagami-sara/,https://cdn.javmiku.com/wp-content/uploads/2026/08/hbla012pl-550x374.jpg
https://jav.guru/1036013/gebb-053-a-soothing-esthetician-tempts-with-persistent-rubbing-against-an-erect-member-through-fabric-teasing-with-a-two-centimeter-insertion-hatano-yui-honma-yuri-oshikawa-yuuri-kui-sunao/,https://cdn.javmiku.com/wp-content/uploads/2026/08/gebb053pl-550x374.jpg
https://jav.guru/1036014/fns-244-the-shy-office-workers-junior-has-such-a-big-butt-that-she-cant-resist-a-passionate-encounter-kamiki-mia/,https://cdn.javmiku.com/wp-content/uploads/2026/08/1fns00244pl-550x374.jpg
https://jav.guru/1036022/c-2983-ntr-couple-surprises-during-an-adult-film-shoot-amane-tao/,https://cdn.javmiku.com/wp-content/uploads/2026/08/140c02983pl-550x374.jpg
https://jav.guru/1036023/bkd-369-mother-and-son-encounter-on-the-road-to-higashi-shirakawa-kouda-riri/,https://cdn.javmiku.com/wp-content/uploads/2026/08/bkd369pl-550x374.jpg
https://jav.guru/1036024/aukg-656-the-door-to-lesbianism-a-seductress-targets-her-friends-body-in-a-room-hotel-and-hot-spring-tadokoro-yuri-hayama-sayuri-minase-sana-uruki-sarara-usami-sui-nagasaki-yukine/,https://cdn.javmiku.com/wp-content/uploads/2026/08/aukg656pl-550x374.jpg
https://jav.guru/1036025/ang-016-sisterly-photo-shoot-featuring-competitive-swimwear-capturing-cute-girls-in-revealing-outfits-intimate-moments-and-playful-lesbian-encounters-mizuhata-asami-minami-hinano/,https://cdn.javmiku.com/wp-content/uploads/2026/08/1ang016pl-550x374.jpg
https://jav.guru/1036026/anb-261-my-beautiful-and-seductive-aunt-drives-me-wild-with-her-lewd-whispers-and-sensitive-body-hazuki-eri/,https://cdn.javmiku.com/wp-content/uploads/2026/08/anb261pl-550x374.jpg
https://jav.guru/1036118/yako-098-the-first-experience-of-handsome-straight-men-in-cross-dressing-and-losing-their-anal-virginity/,https://cdn.javmiku.com/wp-content/uploads/2026/08/h_1133yako098pl-550x374.jpg
https://jav.guru/1036126/tnik-030-j-cup-android-submissive-service-delivery-sex-ogura-hikari/,https://cdn.javmiku.com/wp-content/uploads/2026/08/h_1133tnik030pl-550x374.jpg
https://jav.guru/1036127/tenn-050-debut-of-a-genuine-virgin-losing-my-completely-pure-hymen-and-offering-my-first-time-tani-miruku/,https://cdn.javmiku.com/wp-content/uploads/2026/08/h_491tenn050pl-550x374.jpg
https://jav.guru/1036128/sxma-023-a-submissive-idols-true-nature-is-revealed-in-a-tale-of-depravity-and-desire-kataoka-yuu/,https://cdn.javmiku.com/wp-content/uploads/2026/08/h_1133sxma023pl-550x374.jpg
https://jav.guru/1036136/sdjs-380-sex-becomes-part-of-the-training-constant-intimacy-during-the-hr-workshop-yoda-hikage/,https://cdn.javmiku.com/wp-content/uploads/2026/08/1sdjs00380pl-550x374.jpg
https://jav.guru/1036138/pako-107-first-affair-after-two-years-of-marriage-a-busty-wife-in-uniform-is-restrained-and-seduced-by-a-younger-man-fukuhara-mina/,https://cdn.javmiku.com/wp-content/uploads/2026/08/h_1133pako107pl-550x374.jpg
https://jav.guru/1036139/otin-027-an-affair-with-a-former-classmate-leads-to-passionate-encounters-featuring-cosplay-and-multiple-intimate-experiences-nijimura-yumi/,https://cdn.javmiku.com/wp-content/uploads/2026/08/h_1133otin027pl-550x374.jpg
https://jav.guru/1036140/oftr-014-bound-piston-vibrator-voice-restraint-game-mizuki-mei-hirose-narumi-negoto-rui/,https://cdn.javmiku.com/wp-content/uploads/2026/08/1oftr014pl-550x374.jpg
https://jav.guru/1036141/oftr-013-nipple-teasing-and-body-measurements-galore-miyanisi-hikaru-igarashi-kiyoka-ayase-kokoro-isshiki-sara-mion-yume-mikumo-sora/,https://cdn.javmiku.com/wp-content/uploads/2026/08/1oftr013pl-550x374.jpg
https://jav.guru/1036142/mist-528-auntie-sex-for-auntie-lovers-featuring-an-experienced-woman-toyota-reika/,https://cdn.javmiku.com/wp-content/uploads/2026/08/1mist528pl-550x374.jpg
https://jav.guru/1036143/lock-015-filming-adult-videos-to-pay-off-debt-featuring-deep-throat-and-near-unconscious-chking-play-with-intense-climax-kawai-haruna/,https://cdn.javmiku.com/wp-content/uploads/2026/08/h_491lock015pl-550x374.jpg
https://jav.guru/1036144/honb-496-demand-exceeds-supply-6-shiratori-rei/,https://cdn.javmiku.com/wp-content/uploads/2026/08/h_1133honb496pl-550x374.jpg
https://jav.guru/1036145/honb-495-a-young-woman-participates-in-a-drug-trial-for-aphrodisiacs-ayanami-ren/,https://cdn.javmiku.com/wp-content/uploads/2026/08/h_1133honb495pl-550x374.jpg
https://jav.guru/1036146/dldss-527-isnt-she-just-adorably-cunning-discover-the-irresistible-charm-of-this-stunning-adult-beauty-with-limitless-potential-imai-miyu/,https://cdn.javmiku.com/wp-content/uploads/2026/08/1dldss527pl-550x374.jpg
https://jav.guru/1036147/bobb-040-big-breasts-box-set-kitami-yumi/,https://cdn.javmiku.com/wp-content/uploads/2026/08/bobb040pl-550x374.jpg
https://jav.guru/1036148/awaw-028-knowing-its-wrong-unable-to-control-overwhelming-desire-a-young-man-has-his-first-experience-of-unprotected-sex-with-his-beloved-sister-while-their-parents-are-away-mamiya-shiori/,https://cdn.javmiku.com/wp-content/uploads/2026/08/h_1819awaw028pl-550x374.jpg
https://jav.guru/1036149/awaw-027-a-neighborhood-kds-part-time-job-for-pocket-money-while-home-alone-featuring-leakd-footage-yura-kana-mikumo-sora/,https://cdn.javmiku.com/wp-content/uploads/2026/08/h_1819awaw027pl-550x374.jpg
https://jav.guru/1036150/alog-031-lets-do-something-embarrassing-a-diary-of-a-pure-girl-turned-into-a-pet-tsukino-kotone/,https://cdn.javmiku.com/wp-content/uploads/2026/08/h_491alog031pl-550x374.jpg
https://jav.guru/1036253/vgq-010-come-join-us-for-a-mixed-bathing-experience-at-a-hot-spring-with-an-adult-actress-shiratori-sumire/,https://cdn.javmiku.com/wp-content/uploads/2026/08/13vgq010pl-550x374.jpg
https://jav.guru/1036266/rebd-1056-a-pink-prologue-to-desire-momosaki-kikka/,https://cdn.javmiku.com/wp-content/uploads/2026/08/h_346rebd1056pl-550x374.jpg
https://jav.guru/1036267/rebd-1055-new-me-the-cinematics-amakawa-sora/,https://cdn.javmiku.com/wp-content/uploads/2026/08/h_346rebd1055pl-550x374.jpg
https://jav.guru/1036268/rebd-1054-breathless-moments-in-a-confined-space-shiina-yuna/,https://cdn.javmiku.com/wp-content/uploads/2026/08/h_346rebd1054pl-550x374.jpg
https://jav.guru/1036270/mbdd-2190-viva-amore-giving-you-my-love-satsuki-nao/,https://cdn.javmiku.com/wp-content/uploads/2026/08/n_707mbdd2190pl-550x374.jpg
https://jav.guru/1036271/mbdd-2189-the-miracle-of-ice-blue-tojo-natsu/,https://cdn.javmiku.com/wp-content/uploads/2026/08/n_707mbdd2189pl-550x374.jpg
https://jav.guru/1036272/mbdd-2188-untitled-winter-love-story-toa-kotone/,https://cdn.javmiku.com/wp-content/uploads/2026/08/n_707mbdd2188pl-550x374.jpg
https://jav.guru/1036273/iesp-586-female-detective-turned-into-a-druggd-sex-slave-usami-mayo/,https://cdn.javmiku.com/wp-content/uploads/2026/08/1iesp586pl-550x374.jpg
https://jav.guru/1036274/iesp-584-the-female-teacher-who-cant-hold-it-kitagawa-mio/,https://cdn.javmiku.com/wp-content/uploads/2026/08/1iesp584pl-550x374.jpg
https://jav.guru/1036275/iesp-431-narcotics-officer-addicted-to-drugs-and-experiencing-vaginal-spasms-murakami-risa/,https://cdn.javmiku.com/wp-content/uploads/2026/08/1iesp431pl-550x374.jpg
https://jav.guru/1036276/iesp-252-100-back-to-back-encounters-nishino-sho-satomi-yuria-akane-hotaru/,https://cdn.javmiku.com/wp-content/uploads/2026/08/1iesp252pl-550x374.jpg
https://jav.guru/1036277/iesp-249-a-hundred-schoolgirls-conquered-nishino-sho-kanno-arisa-akane-hotaru/,https://cdn.javmiku.com/wp-content/uploads/2026/08/1iesp249pl-550x374.jpg
https://jav.guru/1036278/hunt-976-i-keep-having-unprotected-sex-with-my-friends-girlfriend-after-he-leaves-mitsuki-yume-shinomiya-yuri-mano-yuria-haruyama-ayaka-yuuki-seri/,https://cdn.javmiku.com/wp-content/uploads/2026/08/1hunt976pl-550x374.jpg
https://jav.guru/1036279/hunt-969-my-roommate-is-in-the-shower/,https://cdn.javmiku.com/wp-content/uploads/2026/08/1hunt969pl-550x374.jpg
https://jav.guru/1036280/hunt-965-a-friends-visit-leads-to-a-discovery-about-a-magazine-article-claiming-that-certain-activities-can-enhance-breast-natsume-yuuki-hayase-alice-motozawa-tomomi-koharu-mizuki-ozawa-yuuki/,https://cdn.javmiku.com/wp-content/uploads/2026/08/1hunt965pl-550x374.jpg
https://jav.guru/1036281/hunt-828-a-surprise-mixed-bath-in-a-tiny-indoor-hot-spring-after-the-outdoor-bath-unexpectedly-closed-during-my-solo-trip-niiyama-kaede-mitsuikura-nayu-fukusaki-ren-tsukada-shiori/,https://cdn.javmiku.com/wp-content/uploads/2026/08/1hunt828pl-550x374.jpg
https://jav.guru/1036282/hunt-826-inhaling-the-seductive-incense-turns-her-into-a-lustful-mess-posing-as-a-massage-therapist-he-lights-the-aphrodisiac-incense-and-ignites-her-desire-yoshida-hana-saejima-kaori/,https://cdn.javmiku.com/wp-content/uploads/2026/08/1hunt826pl-550x374.jpg
https://jav.guru/1036283/hunt-825-a-girl-whose-pride-has-been-hurt-competes-for-my-unwanted-attention-in-minami-riona-saionji-reo-serizawa-tsumugi-shinomiya-yuri-aoi-koharu-adachi-yuzuna-arimoto-sayo-koizumi-mitsuka/,https://cdn.javmiku.com/wp-content/uploads/2026/08/1hunt825pl-550x374.jpg
https://jav.guru/1036284/hunt-820-a-strict-librarians-skirt-becomes-sheer-revealing-her-panties-leading-to-an-unexpected-sakurazaki-hina-aizawa-ren-hamasaki-mao/,https://cdn.javmiku.com/wp-content/uploads/2026/08/HUNT-820-550x374.jpg
https://jav.guru/1036285/hunt-819-the-ultimate-scenario-as-the-only-male-student-at-a-beauty-school-tomoda-ayaka-ono-maria-takigawa-kanon-%e6%bb%9d%e5%b7%9d%e3%81%8b%e3%81%ae%e3%82%93-hazuki-karen/,https://cdn.javmiku.com/wp-content/uploads/2026/08/1hunt819pl-550x374.jpg
https://jav.guru/1036286/hunt-818-caught-off-guard-by-a-classmates-wardrobe-malfunction-during-gym-class-araki-rina-takigawa-kanon-%e6%bb%9d%e5%b7%9d%e3%81%8b%e3%81%ae%e3%82%93-takahashi-yura-yui-mizuki-tsukada-shi/,https://cdn.javmiku.com/wp-content/uploads/2026/08/1hunt818pl-550x374.jpg
https://jav.guru/1036287/hunt-815-women-with-large-breasts-aroused-by-the-sight-of-an-erection-aozora-konatsu/,https://cdn.javmiku.com/wp-content/uploads/2026/08/1hunt815pl-550x374.jpg
https://jav.guru/1036288/hunt-529-while-on-a-family-trip-at-a-hot-spring-inn-i-secretly-watched-adult-content-sakano-yuri-kojima-junna-haruka-rei-iwasa-ayumi-yoshimi-nao/,https://cdn.javmiku.com/wp-content/uploads/2026/08/1hunt529pl-550x374.jpg
https://jav.guru/1036289/dldss-541-tonight-i-will-be-with-the-ugliest-man-mino-suzume/,https://cdn.javmiku.com/wp-content/uploads/2026/08/1dldss541pl-550x374.jpg
https://jav.guru/1036290/bhsp-021-addicted-to-pleasure-the-instructors-descent-into-pregnancy-kinjo-rika/,https://cdn.javmiku.com/wp-content/uploads/2026/08/bhsp021pl-550x374.jpg
https://jav.guru/1036556/abf-377-ultimate-ecstasy-a-new-realm-of-pleasure-that-courses-through-every-nerve-nonoura-dan/,https://cdn.javmiku.com/wp-content/uploads/2026/08/118abf377pl-550x374.jpg
https://jav.guru/1036557/abf-376-new-female-announcer-does-her-best-regarding-sex-suzumori-remu/,https://cdn.javmiku.com/wp-content/uploads/2026/08/118abf376pl-550x374.jpg
https://jav.guru/1036647/vec-784-my-frustrated-wife-secretly-called-a-sex-service-recommended-by-her-mom-friends-ichise-airi/,https://cdn.javmiku.com/wp-content/uploads/2026/08/vec784pl-550x374.jpg
https://jav.guru/1036648/vec-783-a-friends-mother-pretends-to-sleep-and-seduces-with-an-exposed-body-leading-to-a-spontaneous-encounter-and-unprotected-sex-takashima-nodoka/,https://cdn.javmiku.com/wp-content/uploads/2026/08/vec783pl-550x374.jpg
https://jav.guru/1036649/timd-040-stunning-beauty-engages-in-multiple-anal-encounters-with-continuous-internal-release-sayuki-kana/,https://cdn.javmiku.com/wp-content/uploads/2026/08/h_019timd040pl-550x374.jpg
https://jav.guru/1036650/skmj-779-a-kind-instructor-at-a-support-center-for-shut-ins-helps-a-young-man-lose-his-virginity-with-nurturing-oral-service-himemori-amu-mitsuki-rinne-watarai-fuu-kosaka-mia/,https://cdn.javmiku.com/wp-content/uploads/2026/08/h_1324skmj779pl-550x374.jpg
https://jav.guru/1036651/skmj-778-a-summer-twist-game-leads-to-a-challenge-where-a-beach-beauty-competes-for-cash-mikoto-towa-tsubaki-rika-minoshima-meguri-tanimura-nagisaki/,https://cdn.javmiku.com/wp-content/uploads/2026/08/h_1324skmj778pl-550x374.jpg
https://jav.guru/1036652/skmj-777-college-girls-in-thigh-highs-take-on-a-daring-dildo-challenge-pushing-their-limits-with-intense-sensations-himemori-amu-hinata-yuna-minoshima-meguri-takahoshi-nagisa/,https://cdn.javmiku.com/wp-content/uploads/2026/08/h_1324skmj777pl-550x374.jpg
https://jav.guru/1036653/skmj-776-a-busty-bikini-girl-at-the-beach-gives-a-hands-free-oral-performance-blushing-and-aroused-sakura-mahiru-marumo-rea-tomoe-hikari-aina-ai/,https://cdn.javmiku.com/wp-content/uploads/2026/08/h_1324skmj776pl-550x374.jpg
https://jav.guru/1036654/prwf-013-a-secret-wife-seeks-freedom-and-fulfillment-leading-her-to-expose-herself-in-an-adult-film-despite-her-comfortable-life-nikaidou-miu/,https://cdn.javmiku.com/wp-content/uploads/2026/08/prwf013pl-550x374.jpg
https://jav.guru/1036655/pred-892-at-home-young-wife-spa-unable-to-resist-the-expert-techniques-of-a-seasoned-client-i-was-repeatedly-filled-during-our-intimate-sessions-waka-natsuki/,https://cdn.javmiku.com/wp-content/uploads/2026/08/pred892pl-550x374.jpg
https://jav.guru/1036656/pred-887-unable-to-control-my-erection-i-received-care-from-a-kind-teacher-leading-to-multiple-encounters-throughout-the-night-with-her-irresistible-curves-aizawa-miyu/,https://cdn.javmiku.com/wp-content/uploads/2026/08/pred887pl-550x374.jpg
https://jav.guru/1036657/pred-884-teasing-a-guy-on-a-no-fap-challenge-with-no-bra-and-no-panties-leads-to-overwhelming-pleasure-for-a-lustful-sister-hatano-yui/,https://cdn.javmiku.com/wp-content/uploads/2026/08/pred884pl-550x374.jpg
https://jav.guru/1036658/pred-882-a-convenient-plain-looking-office-worker-with-big-breasts-is-ready-for-anything-as-she-enjoys-passionate-encounters-and-intimate-moments-yuzuriha-karen/,https://cdn.javmiku.com/wp-content/uploads/2026/08/pred882pl-550x374.jpg
https://jav.guru/1036659/pppe-444-a-busty-girl-offers-an-unexpected-titty-job-rinoa/,https://cdn.javmiku.com/wp-content/uploads/2026/08/pppe444pl-550x374.jpg
https://jav.guru/1036660/pppe-438-my-loathed-father-in-laws-member-is-just-too-irresistible-begging-for-more-during-a-quick-session-of-intense-extended-intimacy-andu-an/,https://cdn.javmiku.com/wp-content/uploads/2026/08/pppe438pl-550x374.jpg
https://jav.guru/1036661/pppe-437-a-shy-girl-unable-to-say-no-is-embarrassed-as-she-is-repeatedly-pleasured-by-a-sensual-massage-therapist-nakayama-fumika/,https://cdn.javmiku.com/wp-content/uploads/2026/08/pppe437pl-550x374.jpg
https://jav.guru/1036662/pppe-436-naked-maid-with-large-breasts-sannoki-kanna/,https://cdn.javmiku.com/wp-content/uploads/2026/08/pppe436pl-550x374.jpg
https://jav.guru/1036663/pppe-435-after-missing-the-last-train-from-a-company-party-a-busty-junior-playfully-suggests-i-stay-over-leading-to-multiple-intimate-encounters-in-her-revealing-loungewear-satsuki-nao/,https://cdn.javmiku.com/wp-content/uploads/2026/08/pppe435pl-550x374.jpg
https://jav.guru/1036664/pppe-434-returning-home-i-find-my-childhood-crush-has-become-my-fathers-woman-and-watching-her-indulge-in-yoga-while-being-filled-brings-me-mixed-feelings-yakuno-marina/,https://cdn.javmiku.com/wp-content/uploads/2026/08/pppe434pl-550x374.jpg
https://jav.guru/1036665/pppe-433-12-hour-non-stop-sensual-development-monitoring-with-convulsions-squirting-and-intense-pleasure-experiences-yuzuriha-karen/,https://cdn.javmiku.com/wp-content/uploads/2026/08/pppe433pl-550x374.jpg
https://jav.guru/1036666/mngs-076-instant-access-to-a-rental-girlfriend-who-wont-leave-even-after-the-time-is-up-fulfilling-all-your-desires-for-24-hours-misono-waka/,https://cdn.javmiku.com/wp-content/uploads/2026/08/mngs076pl-550x374.jpg
https://jav.guru/1036667/mngs-075-after-rejecting-my-bosss-confession-i-was-subjected-to-endless-harassment-and-frced-into-a-degrading-role-as-a-high-cut-pink-model-arai-rima/,https://cdn.javmiku.com/wp-content/uploads/2026/08/mngs075pl-550x374.jpg
https://jav.guru/1036668/mimk-293-secretly-getting-girls-on-the-street-to-give-handjobs-without-their-awareness-in-a-box-guessing-game-featuring-eight-participants-wakatuki-moa-momose-himari-tomoe-hikari/,https://cdn.javmiku.com/wp-content/uploads/2026/08/mimk293pl-550x374.jpg
https://jav.guru/1036669/mikr-119-a-beautiful-and-accommodating-woman-who-comes-whenever-called-offering-intimate-services-including-oral-and-deep-penetration-for-a-fulfilling-experience-shira-tomo/,https://cdn.javmiku.com/wp-content/uploads/2026/08/mikr119pl-550x374.jpg
https://jav.guru/1036670/mikr-117-falling-in-love-with-this-smile-a-stunning-beauty-with-charm-style-and-exceptional-skills-makes-her-adult-film-debut-shirakawa-mirei/,https://cdn.javmiku.com/wp-content/uploads/2026/08/mikr117pl-550x374.jpg
https://jav.guru/1036671/mikr-116-if-you-love-morihina-drink-it-all-saliva-juices-and-everything-else-in-a-blissful-messy-experience-mori-hinako/,https://cdn.javmiku.com/wp-content/uploads/2026/08/mikr116pl-550x374.jpg
https://jav.guru/1036672/mifd-732-new-graduate-hired-on-the-spot-a-new-female-employee-turns-to-adult-films-due-to-her-overly-seductive-nature-oono-mizuki/,https://cdn.javmiku.com/wp-content/uploads/2026/08/mifd732pl-550x374.jpg
https://jav.guru/1036673/mida-792-exposed-beauty-and-intimate-encounters-lead-to-unexpected-pleasure-despite-the-embarrassment-kitano-iori/,https://cdn.javmiku.com/wp-content/uploads/2026/08/mida792pl-550x374.jpg
https://jav.guru/1036674/mida-755-wifes-masked-streaming-ntr-while-browsing-online-i-found-a-familiar-body-no-way-is-that-really-you-i-had-no-idea-you-were-so-sexy-a-stunning-body-caught-in-a-wild-sc/,https://cdn.javmiku.com/wp-content/uploads/2026/08/mida755pl-550x374.jpg
https://jav.guru/1036675/mida-752-waking-up-in-a-virgins-room-to-find-a-busty-senior-in-her-underwear-who-once-looked-down-on-me-now-getting-really-into-it-unpai/,https://cdn.javmiku.com/wp-content/uploads/2026/08/mida752pl-550x374.jpg
https://jav.guru/1036676/mida-750-a-tutor-uses-an-aphrodisiac-on-a-reclusive-student-to-train-her-in-pleasure-leading-to-intense-experiences-and-a-transformation-koikawa-momomo/,https://cdn.javmiku.com/wp-content/uploads/2026/08/mida750pl-550x374.jpg
https://jav.guru/1036677/mida-749-on-ovulation-day-a-fake-business-trip-leads-to-a-steamy-encounter-with-a-seductive-boss-who-whispers-naughty-words-and-craves-pleasure-kuno-hinano/,https://cdn.javmiku.com/wp-content/uploads/2026/08/mida749pl-550x374.jpg
https://jav.guru/1036678/mida-748-a-maid-indulges-in-a-sensitive-cleanup-with-a-fresh-release-eagerly-providing-another-round-of-pleasure-through-her-oral-skills-izumi-momoka/,https://cdn.javmiku.com/wp-content/uploads/2026/08/mida748pl-550x374.jpg
https://jav.guru/1036679/mida-747-24-hours-of-non-stop-laughter-free-thrusting-and-climaxing-ishihara-nozomi/,https://cdn.javmiku.com/wp-content/uploads/2026/08/mida747pl-550x374.jpg
https://jav.guru/1036680/mida-746-my-first-experience-documentary-even-though-the-virgin-is-climaxing-i-keep-going-miyashita-rena/,https://cdn.javmiku.com/wp-content/uploads/2026/08/mida746pl-550x374.jpg
https://jav.guru/1036681/mida-743-a-bride-to-bes-heightened-sensitivity-leads-to-unexpected-infidelity-okui-chiharu/,https://cdn.javmiku.com/wp-content/uploads/2026/08/mida743pl-550x374.jpg
https://jav.guru/1036682/mida-742-everyday-encounters-spark-wild-fantasies-in-five-scenarios-featuring-a-well-endowed-woman-in-clothing-himari/,https://cdn.javmiku.com/wp-content/uploads/2026/08/mida742pl-550x374.jpg
https://jav.guru/1036683/mida-741-a-j-cup-teacher-guides-a-confused-student-through-a-career-consultation-with-intimate-advice-and-personal-attention-hayama-miria/,https://cdn.javmiku.com/wp-content/uploads/2026/08/mida741pl-550x374.jpg
https://jav.guru/1036684/mida-703-being-called-a-brat-by-my-relatives-i-ended-up-being-dominated-by-a-much-younger-boy-and-it-was-absolutely-the-worst-experience-ever-nanasawa-mia/,https://cdn.javmiku.com/wp-content/uploads/2026/08/mida703pl-550x374.jpg
https://jav.guru/1036685/mida-681-a-hospitalized-patient-receives-daily-assistance-from-a-curvy-nurse-leading-to-multiple-intimate-encounters-during-recovery-misaki-mayu/,https://cdn.javmiku.com/wp-content/uploads/2026/08/mida681pl-550x374.jpg
https://jav.guru/1036686/mfyd-180-a-chaotic-encounter-between-a-straight-con-artist-and-a-genuine-lesbian-con-artist-in-the-biggest-romance-scam-of-the-reiwa-era-hatano-yui-sasakura-aya/,https://cdn.javmiku.com/wp-content/uploads/2026/08/mfyd180pl-550x374.jpg
https://jav.guru/1036687/mfyd-177-a-married-woman-experiences-overwhelming-pleasure-after-a-period-of-abstinence-in-three-intense-scenes-miyuki-shiori/,https://cdn.javmiku.com/wp-content/uploads/2026/08/mfyd177pl-550x374.jpg
https://jav.guru/1036688/mfyd-176-loving-older-men-and-kisses-a-steamy-shared-house-experience-between-a-senior-man-and-a-married-woman-with-a-complicated-past-koitsuki-noa/,https://cdn.javmiku.com/wp-content/uploads/2026/08/mfyd176pl-550x374.jpg
https://jav.guru/1036689/mfyd-175-beautiful-even-with-a-face-covered-in-white-fluid-21-shots-on-a-shy-lovely-wife-saegusa-rei/,https://cdn.javmiku.com/wp-content/uploads/2026/08/mfyd175pl-550x374.jpg
https://jav.guru/1036690/mfyd-174-a-day-of-secret-affairs-with-the-perfect-lover-creating-a-hidden-chld-while-indulging-in-passion-in-a-tent-car-and-outdoor-hot-spring-dan-reina/,https://cdn.javmiku.com/wp-content/uploads/2026/08/mfyd174pl-550x374.jpg
https://jav.guru/1036691/mfyd-173-the-worlds-most-vulgar-yet-beautiful-hyper-intense-sex-with-explosive-high-energy-brain-bugging-experiences-totuki-ruisa/,https://cdn.javmiku.com/wp-content/uploads/2026/08/mfyd173pl-550x374.jpg
https://jav.guru/1036692/mfyd-172-one-week-before-being-evicted-from-the-apartment-ive-shared-with-my-husband-i-was-continuously-assaulted-by-an-intruder-in-the-neighboring-unit-otani-futaba/,https://cdn.javmiku.com/wp-content/uploads/2026/08/mfyd172pl-550x374.jpg
https://jav.guru/1036693/mfyd-171-abandoned-by-my-family-i-can-only-survive-thanks-to-a-kind-housekeeper-who-embraces-me-and-helps-with-my-daily-pleasure-yumemi-kanae/,https://cdn.javmiku.com/wp-content/uploads/2026/08/mfyd171pl-550x374.jpg
https://jav.guru/1036694/hrsm-156-a-single-office-workers-routine-outdoor-intimacy-with-her-boss-on-the-rooftop-during-lunch-break-imada-hikari-shiratori-rei-minoshima-meguri-tanimura-nagisaki/,https://cdn.javmiku.com/wp-content/uploads/2026/08/h_1745hrsm156pl-550x374.jpg
https://jav.guru/1036695/hrsm-155-a-cult-where-mere-touch-from-the-leader-causes-intense-pleasure-and-convulsions-featuring-a-hedonistic-paradise-of-indulgence-tsukise-riria-shibamata-shiho-nijimura-yumi-nomiya-an/,https://cdn.javmiku.com/wp-content/uploads/2026/08/h_1745hrsm155pl-550x374.jpg
https://jav.guru/1036696/hmn-900-sneaking-away-with-a-muscular-coworker-during-a-long-work-shift-to-release-pent-up-desires-in-a-steamy-break-room-takeuchi-yuki/,https://cdn.javmiku.com/wp-content/uploads/2026/08/hmn900pl-550x374.jpg
https://jav.guru/1036697/hmn-899-intense-groin-massage-with-tantalizing-whispers-and-secret-extras-featuring-multiple-releases-at-a-mens-esthetic-salon-suzunoya-rin/,https://cdn.javmiku.com/wp-content/uploads/2026/08/hmn899pl-550x374.jpg
https://jav.guru/1036698/hmn-896-deceived-by-a-high-paying-job-a-woman-endures-72-hours-of-drug-induced-submission-as-a-disposable-plaything-itsukaichi-mei/,https://cdn.javmiku.com/wp-content/uploads/2026/08/hmn896pl-550x374.jpg
https://jav.guru/1036699/hmn-895-new-slender-goddess-with-a-stunning-45cm-waist-makes-her-adult-film-debut-as-a-gourmet-influencer-and-college-student-asahina-sara/,https://cdn.javmiku.com/wp-content/uploads/2026/08/hmn895pl-550x374.jpg
https://jav.guru/1036700/fpre-240-intimate-experience-at-the-nurturing-breast-daycare-with-a-caring-teacher-ebisaki-ao/,https://cdn.javmiku.com/wp-content/uploads/2026/08/fpre240pl-550x374.jpg
https://jav.guru/1036701/fpre-239-sharing-a-room-with-my-female-boss-leads-to-unexpected-desires-and-provocative-poses-that-ignite-my-passion-kikuno-ran/,https://cdn.javmiku.com/wp-content/uploads/2026/08/fpre239pl-550x374.jpg
https://jav.guru/1036702/eyan-228-i-want-to-be-insulted-like-garbage-four-years-into-marriage-29-years-old-job-resignation-assistance-submissive-desires-a-slender-body-that-drives-men-wild-debut-asaha-hono/,https://cdn.javmiku.com/wp-content/uploads/2026/08/eyan228pl-550x374.jpg
https://jav.guru/1036703/ebwh-356-a-married-beautician-with-presumed-i-cup-breasts-books-an-appointment-on-her-ovulation-day-to-get-pregnant-before-her-husband-kashiwagi-fumika/,https://cdn.javmiku.com/wp-content/uploads/2026/08/ebwh356pl-550x374.jpg
https://jav.guru/1036704/ebwh-354-a-naive-girl-unknowingly-has-her-spence-glands-invaded-while-she-sleeps-and-when-she-wakes-up-her-body-is-forever-changed-tomine-hinako/,https://cdn.javmiku.com/wp-content/uploads/2026/08/ebwh354pl-550x374.jpg
https://jav.guru/1036705/ebwh-353-in-an-open-marriage-is-it-safe-a-couple-of-misguided-wives-take-on-men-seeking-to-breed-all-while-their-husband-approves-ohana-non-riri-haruka/,https://cdn.javmiku.com/wp-content/uploads/2026/08/ebwh353pl-550x374.jpg
https://jav.guru/1036706/ebwh-350-debut-of-a-black-belt-judoka-who-conquered-kanto-at-173-cm-tall-daimon-reya/,https://cdn.javmiku.com/wp-content/uploads/2026/08/ebwh350pl-550x374.jpg
https://jav.guru/1036707/ebwh-343-after-100-hours-of-rescue-in-a-desolate-ruin-she-became-a-queen-consuming-the-mens-desires-kiyomiya-toa/,https://cdn.javmiku.com/wp-content/uploads/2026/08/ebwh343pl-550x374.jpg
https://jav.guru/1036708/dvmm-433-j-cup-busty-woman-with-a-big-butt-and-a-seductive-personality-enjoys-a-no-hand-oral-experience-in-a-hot-spring-affair-harunai-noa/,https://cdn.javmiku.com/wp-content/uploads/2026/08/dvmm433pl-550x374.jpg
https://jav.guru/1036709/dsjh-019-new-employees-lewd-training-with-pantyhose-and-fixed-vibrator-leading-to-continuous-orgasms-2-izumi-rion-minoshima-meguri-nitta-konomi-yuri-ryo-yukimura-itsuki/,https://cdn.javmiku.com/wp-content/uploads/2026/08/h_139dsjh19pl-550x374.jpg
https://jav.guru/1036710/dsjh-018-harem-of-schoolgirls-all-of-them-are-my-throat-pets-nijimura-yumi-watarai-fuu-hanabuki-shion/,https://cdn.javmiku.com/wp-content/uploads/2026/08/h_139dsjh18pl-550x374.jpg
https://jav.guru/1036711/doks-685-after-school-club-for-well-behaved-girls-in-black-pantyhose-itoi-ruka/,https://cdn.javmiku.com/wp-content/uploads/2026/08/h_139doks685pl-550x374.jpg
https://jav.guru/1036712/bank-245-a-mischievous-hot-spring-trip-with-an-obedient-slender-girl-monami-suzu-iori-hinano/,https://cdn.javmiku.com/wp-content/uploads/2026/08/h_1495bank245pl-550x374.jpg
https://jav.guru/1036977/vec-785-after-five-years-of-unrequited-love-for-my-childhood-friend-who-became-a-married-woman-i-confessed-too-late-and-was-told-mitsuki-kaori/,https://cdn.javmiku.com/wp-content/uploads/2026/08/vec785pl-550x374.jpg
https://jav.guru/1036981/tanp-055-im-becoming-an-adult-film-actress-debut-of-a-male-to-female-performer-as-a-submissive-plaything-shinonome-yuki/,https://cdn.javmiku.com/wp-content/uploads/2026/08/tanp055pl-550x374.jpg
https://jav.guru/1036983/suji-316-a-healthy-young-body-succumbs-to-a-perverse-obsession-leading-to-complete-degradation-and-dependence-on-extreme-experiences-ashida-noa/,https://cdn.javmiku.com/wp-content/uploads/2026/08/suji316pl-550x374.jpg
https://jav.guru/1036984/suji-315-silent-humiliation-and-fear-during-an-unexpected-encounter-with-a-student-aizawa-miyu/,https://cdn.javmiku.com/wp-content/uploads/2026/08/suji315pl-550x374.jpg
https://jav.guru/1036986/skmj-775-amateur-girl-loses-herself-in-ecstasy-drenched-and-overwhelmed-nakajo-aoi-hoshino-nene-mizohata-ren-itoi-ruka-yukishiro-miho-kousaka-tae/,https://cdn.javmiku.com/wp-content/uploads/2026/08/h_1324skmj775pl-550x374.jpg
https://jav.guru/1036987/pts-553-transgender-wife-in-a-triple-lesbian-threesome-akira-elly-sayuki-kana-sakura-yae-tsubasa-ichinomiya-oura-manami-hoshikoshi-kaname-kasai-rima-tani-azusa-minami-saya-yuki-sakuya-ts/,https://cdn.javmiku.com/wp-content/uploads/2026/08/h_021pts553pl-550x374.jpg
https://jav.guru/1036989/pred-891-while-my-girlfriend-was-away-i-discovered-her-elegant-sisters-hidden-desire-for-raw-intimacy-leading-to-multiple-encounters-fueled-by-temptation-tamura-kana/,https://cdn.javmiku.com/wp-content/uploads/2026/08/pred891pl-550x374.jpg
https://jav.guru/1036991/pred-888-did-the-teachers-big-butt-get-you-hard-a-jealous-teacher-punishes-her-student-with-sweet-sadism-and-squeezes-out-his-pleasure-neo-akari/,https://cdn.javmiku.com/wp-content/uploads/2026/08/pred888pl-550x374.jpg
https://jav.guru/1036994/naac-073-best-nude-scenes-asami-nami/,https://cdn.javmiku.com/wp-content/uploads/2026/08/n_1541naac073pl-550x374.jpg
https://jav.guru/1036995/naac-071-best-nude-scenes-yamada-suzuna/,https://cdn.javmiku.com/wp-content/uploads/2026/08/n_1541naac071pl-550x374.jpg
https://jav.guru/1036996/naac-070-best-naked-white-flower-shirohana-nia/,https://cdn.javmiku.com/wp-content/uploads/2026/08/n_1541naac070pl-550x374.jpg
https://jav.guru/1036997/naac-069-best-nude-scenes-furuno-hono/,https://cdn.javmiku.com/wp-content/uploads/2026/08/n_1541naac069pl-550x374.jpg
https://jav.guru/1037000/mvsd-693-a-sexless-wife-driven-to-madness-by-her-overbearing-bosss-relentless-advances-while-living-next-door-to-her-husband-hasumi-kurea/,https://cdn.javmiku.com/wp-content/uploads/2026/08/mvsd693pl-550x374.jpg
https://jav.guru/1037002/mukd-582-a-group-of-arrogant-girls-learns-a-lesson-from-an-older-man-kitaoka-karin-hanamori-kaho/,https://cdn.javmiku.com/wp-content/uploads/2026/08/mukd582pl-550x374.jpg
https://jav.guru/1037003/mukc-130-a-day-in-the-life-of-a-busty-influencer-sharing-risque-selfies-featuring-cosplay-and-casual-encounters-mizuki-mei/,https://cdn.javmiku.com/wp-content/uploads/2026/08/mukc130pl-550x374.jpg
https://jav.guru/1037025/meko-407-i-wanted-more-amazing-sex-with-a-kind-and-sexy-older-woman-who-discreetly-allowed-me-to-have-intimate-encounters-so-i-decided-to-request-another-session-hoshikawa-riko/,https://cdn.javmiku.com/wp-content/uploads/2026/08/h_1160meko407pl-550x374.jpg
https://jav.guru/1037026/mbmh-095-kissing-with-a-transgender-woman-leads-to-an-unexpected-arousal-resulting-in-an-uncontrollable-moment-of-passion-yamamoto-kaori-akase-shouko-hanamiya-hime/,https://cdn.javmiku.com/wp-content/uploads/2026/08/h_460mbmh095pl-550x374.jpg
https://jav.guru/1037027/mbma-279-are-you-aware-of-the-fact-that-local-housewives-are-easy-targets-the-reality-is-that-plain-housewives-can-be-quite-naughty-featuring-12-women-over-4-hours/,https://cdn.javmiku.com/wp-content/uploads/2026/08/h_460mbma279pl-550x374.jpg
https://jav.guru/1037028/mbdd-2187-first-love-in-sepia-tones-by-the-white-waves-shiraishi-nami/,https://cdn.javmiku.com/wp-content/uploads/2026/08/n_707mbdd2187pl-550x374.jpg
https://jav.guru/1037029/mbdd-2186-platinum-body-surrounded-by-men-watanabe-hono/,https://cdn.javmiku.com/wp-content/uploads/2026/08/n_707mbdd2186pl-550x374.jpg
https://jav.guru/1037033/kagn-026-oral-pleasure-anywhere-with-11-participants-honoka-tsujii-tanaka-nene-tsubaki-rika-honda-momo-miyanisi-hikaru-nisimoto-meisa-nitori-hina-himeno-ran-ashina-honoka-konami-aya/,https://cdn.javmiku.com/wp-content/uploads/2026/08/kagn026pl-550x374.jpg
https://jav.guru/1037038/hodv-22072-the-best-of-frced-encounters-mochizuki-kanon-hirose-umi/,https://cdn.javmiku.com/wp-content/uploads/2026/08/41hodv22072pl-550x374.jpg
https://jav.guru/1037039/hjmo-738-young-wives-experience-a-naughty-punishment-game-after-losing-a-cruel-mirror-challenge-ichinose-hazuki-yukimura-itsuki-hibiki-ren-kuroshima-rei/,https://cdn.javmiku.com/wp-content/uploads/2026/08/hjmo738pl-550x374.jpg
https://jav.guru/1037040/hjmo-737-a-vulnerable-spa-monitor-is-secretly-filmed-as-shes-teased-with-aphrodisiac-oil-miyanisi-hikaru-oguri-misao-nozomi-arimura/,https://cdn.javmiku.com/wp-content/uploads/2026/08/hjmo737pl-550x374.jpg
https://jav.guru/1037044/gtj-175-trture-drug-neo-miike-koharu/,https://cdn.javmiku.com/wp-content/uploads/2026/08/gtj175pl-550x374.jpg
https://jav.guru/1037045/gqn-014-resolving-the-troubles-of-a-well-endowed-man-with-intimate-encounters-and-genuine-experiences-suzuki-mayu/,https://cdn.javmiku.com/wp-content/uploads/2026/08/gqn014pl-550x374.jpg
https://jav.guru/1037046/gbrk-004-warning-indiscriminate-ejaculation-brutal-domination-insults-screams-abduction-restraint-and-candle-play-with-20-victims-over-300-minutes-mizuno-mika/,https://cdn.javmiku.com/wp-content/uploads/2026/08/gbrk004pl-550x374.jpg
https://jav.guru/1037047/fthtd-210-curious-young-women-are-taken-for-a-walk-yokoyama-natsuki-tani-azusa-shizuki-yukari-kuwahara-seira-otoha-misuzu-adachi-yuri-takanashi-hina-haduki-hina-haduki-kanon-kano-amo/,https://cdn.javmiku.com/wp-content/uploads/2026/08/1fthtd210pl-550x374.jpg
https://jav.guru/1037048/fthtd-209-women-participating-as-monitors-for-a-certain-underwear-yokoyama-natsuki-tani-azusa-shizuki-yukari-kuwahara-seira-otoha-misuzu-adachi-yuri-takanashi-hina-haduki-hina-haduki-kanon/,https://cdn.javmiku.com/wp-content/uploads/2026/08/1fthtd209pl-550x374.jpg
https://jav.guru/1037050/fns-206-my-jealous-wife-turned-into-a-seductive-teacher-in-uniform-making-me-climax-repeatedly-yoshitaka-nene/,https://cdn.javmiku.com/wp-content/uploads/2026/08/1fns00206pl-550x374.jpg
https://jav.guru/1037051/dvmm-434-monitoring-a-couples-intimate-moments-behind-a-magic-mirror-a-college-student-explores-a-game-of-insertion-while-being-watched-shirako-miyamoto-satomi-kojima-miko/,https://cdn.javmiku.com/wp-content/uploads/2026/08/dvmm434pl-550x374.jpg
https://jav.guru/1037053/dldss-552-will-you-still-do-it-raw-with-a-woman-like-me-ozawa-naho/,https://cdn.javmiku.com/wp-content/uploads/2026/08/1dldss552pl-550x374.jpg
https://jav.guru/1037056/dbnk-122-amateur-mom-gets-hooked-on-a-sensual-massage-at-a-womens-spa-for-four-hours-saeki-haruna-mukai-momo/,https://cdn.javmiku.com/wp-content/uploads/2026/08/dbnk122pl-550x374.jpg
https://jav.guru/1037058/bdsr-558-24-hard-thrusts-in-300-minutes-insemination-saves-the-world-yosii-miki-fujimori-riho-tamaki-kurumi-fujiki-sae-ranka/,https://cdn.javmiku.com/wp-content/uploads/2026/08/57bdsr558pl-550x374.jpg
https://jav.guru/1037063/agmx-264-while-on-the-phone-my-beloved-was-driven-wild-by-another-man-kasumi-sena-nishio-marina-wakana-reika-morinaga-iroha-kohaku-yaya-mitsumori-shuri-akane-urara/,https://cdn.javmiku.com/wp-content/uploads/2026/08/agmx264pl-550x374.jpg
https://jav.guru/1037065/aczd-253-captured-and-bound-noblewoman-collection-4-kagami-mari-honda-hitomi-akari-nonoka/,https://cdn.javmiku.com/wp-content/uploads/2026/08/h_019aczd253pl-550x374.jpg
https://jav.guru/1037300/yume-049-abandoned-apartment-encounters-03-kurosawa-natsumi/,https://cdn.javmiku.com/wp-content/uploads/2026/08/h_254yume049pl-550x374.jpg
https://jav.guru/1037301/yume-045-one-night-stand-in-an-apartment-with-a-seemingly-innocent-busty-wife-spotted-on-the-street-sasaki-remi/,https://cdn.javmiku.com/wp-content/uploads/2026/08/h_254yume045pl-550x374.jpg
https://jav.guru/1037302/ypaa-22-wifes-infidelity-devoured-by-a-big-member-during-oral-hatano-yui-aoki-rei-ichijyou-kimika-mizuno-asahi-sasaki-aki-imai-mayumi-fukiishi-rena-nikaidou-yuri-akari-tomoka/,https://cdn.javmiku.com/wp-content/uploads/2026/08/h_086ypaa22pl-550x374.jpg
https://jav.guru/1037303/yoz-140-the-secret-room-in-a-cheap-apartment-a-struggling-wife-sacrifices-her-body-for-a-living/,https://cdn.javmiku.com/wp-content/uploads/2026/08/h_254yoz140pl-550x374.jpg
https://jav.guru/1037304/ylw-4073-an-older-woman-falls-for-a-younger-man-who-excites-her-leading-her-to-surrender-her-body-mari-yonezaki-kitatani-shizuka-yamazaki-yuriko-murakami-risa-fukiishi-rena/,https://cdn.javmiku.com/wp-content/uploads/2026/08/h_606ylw4073pl-550x374.jpg
https://jav.guru/1037305/ygl-005-amateur-home-video-with-friends-1-yukino-kurumi-koharu/,https://cdn.javmiku.com/wp-content/uploads/2026/08/ygl005pl-550x374.jpg
https://jav.guru/1037306/wpe-39-a-heated-encounter-with-a-wife-at-the-spa-fukiishi-rena/,https://cdn.javmiku.com/wp-content/uploads/2026/08/540wpe39pl-550x374.jpg
https://jav.guru/1037307/wan-177-secret-sensual-massage-while-boyfriend-is-watching-mizushima-ai/,https://cdn.javmiku.com/wp-content/uploads/2026/08/h_254wan177pl-550x374.jpg
https://jav.guru/1037308/wan-163-if-you-help-me-with-my-masturbation-in-the-fitting-room-ill-pay-you-a-certain-amount-of-money-2/,https://cdn.javmiku.com/wp-content/uploads/2026/08/h_254wan163pl-550x374.jpg
https://jav.guru/1037309/vspds-604-outdoor-encounter-with-a-tanned-student-after-club-activities-tamaki-junko-arisa-nakano/,https://cdn.javmiku.com/wp-content/uploads/2026/08/42vspds604pl-550x374.jpg
https://jav.guru/1037310/vnds-2774-ten-mature-women-in-a-thrilling-encounter/,https://cdn.javmiku.com/wp-content/uploads/2026/08/h_170vnds2774pl-550x374.jpg
https://jav.guru/1037311/venu-833-a-surprise-visit-from-my-sister-in-law-leads-to-a-non-stop-weekend-of-pleasure-fukiishi-rena/,https://cdn.javmiku.com/wp-content/uploads/2026/08/venu833pl-550x374.jpg
https://jav.guru/1037312/venu-581-incest-with-a-beautiful-aunt-fukiishi-rena/,https://cdn.javmiku.com/wp-content/uploads/2026/08/venu581pl-550x374.jpg
https://jav.guru/1037315/umso-211-a-special-treatment-for-a-proud-mature-woman-at-the-salon-featuring-a-unique-aphrodisiac-massage-katou-tsubaki-moka-hojo-maki-kamihata-ichika-fukiishi-rena/,https://cdn.javmiku.com/wp-content/uploads/2026/08/84umso211pl-550x374.jpg
https://jav.guru/1037316/umso-061-secretly-giving-my-sister-and-mother-aphrodisiac-viagra-leads-to-indulging-in-their-bodies-maika-kamihata-ichika-fukiishi-rena-yamase-miki/,https://cdn.javmiku.com/wp-content/uploads/2026/08/84umso061pl-550x374.jpg
https://jav.guru/1037319/umd-593-a-mother-scheming-to-seduce-her-daughters-husband-is-overly-excited-changing-her-underwear-twice-before-the-big-day-mizuhara-rinka-fukiishi-rena-sakurai-mano/,https://cdn.javmiku.com/wp-content/uploads/2026/08/125umd593pl-550x374.jpg
https://jav.guru/1037320/umd-587-three-friendly-couples-enjoy-a-weekend-barbecue-with-the-wives-getting-tipsy-and-playful-mizuno-asahi-fukiishi-rena-hibino-satomi/,https://cdn.javmiku.com/wp-content/uploads/2026/08/125umd587pl-550x374.jpg
https://jav.guru/1037321/ugug-100-while-the-bosss-wife-sleeps-she-has-an-accident-invited-to-stay-over-i-secretly-watch-the-entire-embarrassing-scene-unfold-fukiishi-rena-yamase-miki-asakawa-shizuka/,https://cdn.javmiku.com/wp-content/uploads/2026/08/18ugug100pl-550x374.jpg
https://jav.guru/1037322/ugug-098-my-friends-mom-secretly-works-at-a-mature-cabaret-and-transforms-when-she-sees-my-private-parts-aoki-rei-fukiishi-rena/,https://cdn.javmiku.com/wp-content/uploads/2026/08/18ugug098pl-550x374.jpg
https://jav.guru/1037323/ugss-023-my-mom-seduces-my-friend-in-the-bath-kitagawa-chihiro-natsukawa-miku-fukiishi-rena-kiritani-shiho/,https://cdn.javmiku.com/wp-content/uploads/2026/08/18ugss023pl-550x374.jpg
https://jav.guru/1037324/tspx-022-a-private-school-teachers-secret-a-wealthy-student-caught-shoplifting-during-a-school-trip-and-the-lengths-theyll-go-to-keep-it-hidden-shinohara-misaki/,https://cdn.javmiku.com/wp-content/uploads/2026/08/tspx022pl-550x374.jpg
https://jav.guru/1037325/tppn-167-behind-the-scenes-with-a-top-actress-unexpected-intimate-encounters/,https://cdn.javmiku.com/wp-content/uploads/2026/08/tppn167pl-550x374.jpg
https://jav.guru/1037326/tomn-093-ultimate-collection-of-intense-encounters-featuring-a-stunning-brown-skinned-g-cup-beauty-fukiishi-rena/,https://cdn.javmiku.com/wp-content/uploads/2026/08/tomn093pl-550x374.jpg
https://jav.guru/1037327/tomn-062-best-of-gal-glistening-sweat-on-sun-kissed-skin-aika-moka-matumoto-mei-uehara-karen-saijo-sara-hujimoto-shion-hasegawa-monika-kamiki-yua-fukiishi-rena-arimori-ryo/,https://cdn.javmiku.com/wp-content/uploads/2026/08/tomn062pl-550x374.jpg
https://jav.guru/1037328/tmdi-066-a-35-year-old-mother-of-four-enjoys-a-happy-family-life-with-provocative-tan-lines-from-a-family-trip-to-hawaii-fukiishi-rena/,https://cdn.javmiku.com/wp-content/uploads/2026/08/h_452tmdi066pl-550x374.jpg
https://jav.guru/1037329/tkd-17-the-bathhouse-owners-special-time-has-arrived-kurosaki-reiko/,https://cdn.javmiku.com/wp-content/uploads/2026/08/17tkd17pl-550x374.jpg
https://jav.guru/1037330/tcm-002-massive-member-fantasy-honda-nanami/,https://cdn.javmiku.com/wp-content/uploads/2026/08/5tcm002pl-550x374.jpg
https://jav.guru/1037334/sqte-711-this-girl-is-wild-drunk-and-affectionate-a-cute-girl-who-loves-kissing-and-squirting-during-sex-yukimura-itsuki/,https://cdn.javmiku.com/wp-content/uploads/2026/08/sqte711pl-550x374.jpg
https://jav.guru/1037335/sqte-710-this-girl-is-wild-she-wants-sex-more-than-anything-else-and-thinks-about-it-all-the-time-tukinoe-sui/,https://cdn.javmiku.com/wp-content/uploads/2026/08/sqte710pl-550x374.jpg
https://jav.guru/1037336/sqte-709-a-versatile-pocket-toy-for-any-time-use-nisimoto-meisa/,https://cdn.javmiku.com/wp-content/uploads/2026/08/sqte709pl-550x374.jpg
https://jav.guru/1037337/sqte-708-more-than-friends-with-benefits-less-than-lovers-lets-film-what-only-friends-can-do-yorimoto-shiori/,https://cdn.javmiku.com/wp-content/uploads/2026/08/sqte708pl-550x374.jpg
https://jav.guru/1037338/spz-485-extreme-danger-caught-on-hidden-camera-tsukishima-otoha-yaguchi-reina/,https://cdn.javmiku.com/wp-content/uploads/2026/08/h_254spz485pl-550x374.jpg
https://jav.guru/1037339/spz-483-how-far-can-we-go-a-university-hospital-nurses-adventures-3-morinaga-hiyoko-mishima-sora-mitsuhashi-hiyori/,https://cdn.javmiku.com/wp-content/uploads/2026/08/h_254spz483pl-550x374.jpg
https://jav.guru/1037340/spz-477-a-sensual-massage-that-captivates-straight-clients-with-expert-touch-and-intense-pleasure/,https://cdn.javmiku.com/wp-content/uploads/2026/08/h_254spz477pl-550x374.jpg
https://jav.guru/1037341/spz-474-i-want-to-see-it-just-once-my-sister-giving-her-boyfriend-a-blowjob-uemura-azusa-misaki-konoha-touka-hina/,https://cdn.javmiku.com/wp-content/uploads/2026/08/h_254spz474pl-550x374.jpg
https://jav.guru/1037342/shkd-439-a-young-wife-with-large-breasts-is-violated-by-her-father-in-law-arisa-kuroki/,https://cdn.javmiku.com/wp-content/uploads/2026/08/shkd439pl-550x374.jpg
https://jav.guru/1037343/she-511-top-15-mature-internet-videos-ranked-by-hotentertainment-four-hours-of-deluxe-content/,https://cdn.javmiku.com/wp-content/uploads/2026/08/59she511pl-550x374.jpg
https://jav.guru/1037344/sdk-001-mature-jogger-with-large-breasts-gets-impregnated-fukiishi-rena/,https://cdn.javmiku.com/wp-content/uploads/2026/08/442sdk001pl-550x374.jpg
https://jav.guru/1037345/sddm-003-female-karateka-takes-on-a-rapist-miyama-chiharu-nagai-erika/,https://cdn.javmiku.com/wp-content/uploads/2026/08/1sddm003pl-550x374.jpg
https://jav.guru/1037346/scmf-003-sweet-sadistic-first-person-sex-intense-pleasure-trture-on-the-brink-of-brain-overload-featuring-a-stunning-model-demonstrating-every-aspect-of-sex-hanai-tsubaki/,https://cdn.javmiku.com/wp-content/uploads/2026/08/scmf003pl-550x374.jpg
https://jav.guru/1037347/scd-105-a-mother-is-violated-in-front-of-her-son-overwhelmed-by-pleasure-as-she-experiences-intense-sensations-shimada-kyoko/,https://cdn.javmiku.com/wp-content/uploads/2026/08/17scd105pl-550x374.jpg
https://jav.guru/1037348/rvg-088-best-of-the-series-volume-1-fukiishi-rena/,https://cdn.javmiku.com/wp-content/uploads/2026/08/13rvg088pl-550x374.jpg
https://jav.guru/1037349/rpin-092-chubby-indoor-girl-with-big-breasts-shows-her-cute-side-but-gets-overwhelmed-by-intense-foreplay-and-deep-penetration-resulting-in-genuine-pleasure-miyanoki-shunka/,https://cdn.javmiku.com/wp-content/uploads/2026/08/rpin092pl-550x374.jpg
https://jav.guru/1037350/rebd-356-fairy-tale-concerto-rurucha-2/,https://cdn.javmiku.com/wp-content/uploads/2026/08/n_1412rebd356pl-1-550x374.jpg
https://jav.guru/1037351/pkpd-430-taking-the-virginity-of-a-new-actress-with-internal-ejaculation-amane-runa/,https://cdn.javmiku.com/wp-content/uploads/2026/08/pkpd430pl-550x374.jpg
https://jav.guru/1037352/piyo-234-a-forbidden-love-spirals-into-madness-as-a-teacher-is-pressured-for-internal-ejaculation-and-pregnancy-by-a-student-in-a-serious-relationship-chiba-yuuka/,https://cdn.javmiku.com/wp-content/uploads/2026/08/1piyo234pl-550x374.jpg
https://jav.guru/1037353/ovg-099-a-relentless-older-man-repeatedly-engages-in-intense-oral-and-penetrative-encounters-during-a-night-visit-mizutani-aoi-hanasaki-ian-fukiishi-rena-oura-manami/,https://cdn.javmiku.com/wp-content/uploads/2026/08/13ovg099pl-550x374.jpg
https://jav.guru/1037354/ovg-060-a-married-woman-endures-her-moans-while-being-secretly-taken-next-to-her-husband-kazama-yumi-yu-asagiri-fukiishi-rena-ayana-rina-hiiragi-saki/,https://cdn.javmiku.com/wp-content/uploads/2026/08/13ovg060pl-550x374.jpg
https://jav.guru/1037355/okax-215-four-hour-hyper-selection-of-adult-content-fukiishi-rena/,https://cdn.javmiku.com/wp-content/uploads/2026/08/84okax215pl-550x374.jpg
https://jav.guru/1037356/okad-305-office-lady-experiences-unprotected-intimacy-amamiya-kotone/,https://cdn.javmiku.com/wp-content/uploads/2026/08/84okad305pl-550x374.jpg
https://jav.guru/1037357/nxg-160-the-forbidden-desires-of-a-brothers-wife-in-a-family-consumed-by-lust-takashima-kyoko-yuko-sakurai-nakayama-kasumi-hasegawa-miku-%e9%95%b7%e8%b0%b7%e5%b7%9d%e7%be%8e%e7%b4%85/,https://cdn.javmiku.com/wp-content/uploads/2026/08/h_254nxg160pl-550x374.jpg
https://jav.guru/1037358/nsps-127-drenched-in-saliva-love-juice-and-semen-father-and-daughter-2-natsukawa-miku-oshima-minami-mieda-rina/,https://cdn.javmiku.com/wp-content/uploads/2026/08/h_102nsps127pl-550x374.jpg
https://jav.guru/1037359/nsps-121-a-bondage-massage-salon-for-busy-women-including-single-mothers-female-bosses-and-teachers-michiko-serenade-mizusawa-maki-kaede-nonoka-orihara-misato/,https://cdn.javmiku.com/wp-content/uploads/2026/08/h_102nsps121pl-550x374.jpg
https://jav.guru/1037360/nps-357-drunken-group-fun-with-mom-friends-for-four-hours-katase-hitomi-fukiishi-rena/,https://cdn.javmiku.com/wp-content/uploads/2026/08/h_021nps357pl-550x374.jpg
https://jav.guru/1037361/nitr-409-best-of-big-breasts-and-cum-covered-sex-shibuya-kaho-futaba-yukina-mikoto-narimiya-fukiishi-rena-hanyuu-arisa-hujiki-orie/,https://cdn.javmiku.com/wp-content/uploads/2026/08/49nitr409pl-550x374.jpg
https://jav.guru/1037362/nhdta-098-a-new-first-year-student-secretly-enjoys-themselves-in-a-school-uniform-shop-konoha/,https://cdn.javmiku.com/wp-content/uploads/2026/08/1nhdta098pl-550x374.jpg
https://jav.guru/1037363/neo-628-a-90-minute-scene-of-intense-kissing-and-face-licking-with-a-beautiful-woman-onami-aya/,https://cdn.javmiku.com/wp-content/uploads/2026/08/433neo628pl-550x374.jpg
https://jav.guru/1037364/mxgs-1443-a-beautiful-wife-is-targeted-for-her-irresistible-body-morisawa-kana/,https://cdn.javmiku.com/wp-content/uploads/2026/08/h_068mxgs1443pl-550x374.jpg
https://jav.guru/1037365/mxgs-1442-my-girlfriend-is-kanna-misaki-an-exciting-cohabitation-life-misaki-kanna/,https://cdn.javmiku.com/wp-content/uploads/2026/08/h_068mxgs1442pl-550x374.jpg
https://jav.guru/1037366/mxgs-1441-a-curious-girl-discovers-her-brothers-secret-toy-and-excited-goes-on-a-shopping-spree-with-her-dads-card-leading-to-unexpected-consequences-aise-mina/,https://cdn.javmiku.com/wp-content/uploads/2026/08/h_068mxgs1441pl-550x374.jpg
https://jav.guru/1037367/mxgs-1440-a-seemingly-ordinary-female-employee-secretly-indulges-in-a-wild-lifestyle-extracting-pleasure-from-her-boss-and-colleagues-minoshima-meguri/,https://cdn.javmiku.com/wp-content/uploads/2026/08/h_068mxgs1440pl-550x374.jpg
https://jav.guru/1037368/mkon-147-teaching-the-beauty-of-thick-pubic-hair-to-those-who-want-to-remove-it-through-hands-on-experience-oguri-misao/,https://cdn.javmiku.com/wp-content/uploads/2026/08/mkon147pl-550x374.jpg
https://jav.guru/1037369/mizd-544-the-ultimate-countdown-video-for-synchronized-masturbation/,https://cdn.javmiku.com/wp-content/uploads/2026/08/mizd544pl-550x374.jpg
https://jav.guru/1037371/marr-005-dreamy-moments-of-bliss-kiyomiya-toa/,https://cdn.javmiku.com/wp-content/uploads/2026/08/n_1064marr005pl-550x374.jpg
https://jav.guru/1037372/lcdv-40731-manis-sweet-temptation-ami-kawase/,https://cdn.javmiku.com/wp-content/uploads/2026/08/1567177271_lcdv-40731-550x374.jpg
https://jav.guru/1037375/lcdv-40712-anri-sugihara-tokyo-anri-anri-sugihara-blu-ray/,https://cdn.javmiku.com/wp-content/uploads/2026/08/1569188424_lcdv-40712-550x374.jpg
https://jav.guru/1037377/lcdv-40704-the-sound-of-bells-yuki-suzuki/,https://cdn.javmiku.com/wp-content/uploads/2026/08/1574246808_lcdv-40704-550x374.jpg
https://jav.guru/1037378/lcdv-40698-mashu-marina-marina-ogawa/,https://cdn.javmiku.com/wp-content/uploads/2026/08/1576249117_lcdv-40698-550x374.jpg
https://jav.guru/1037379/lcdv-40680-lemon-drops-karen-kobayashi/,https://cdn.javmiku.com/wp-content/uploads/2026/08/1557675213_lcdv-40680-550x374.jpg
https://jav.guru/1037380/lcdv-40677-healing-izumi-misaki-izumi/,https://cdn.javmiku.com/wp-content/uploads/2026/08/1562686136_lcdv-40677-550x374.jpg
https://jav.guru/1037381/lcdv-40669-spicy-cherry-sakurako/,https://cdn.javmiku.com/wp-content/uploads/2026/08/206-550x374.jpg
https://jav.guru/1037382/lcdv-40662-swing-heart-takaba-mio/,https://cdn.javmiku.com/wp-content/uploads/2026/08/1590145434_lcdv-40662-550x374.jpg
https://jav.guru/1037383/lcdv-40650-anna-chanpur-anna-konno/,https://cdn.javmiku.com/wp-content/uploads/2026/08/1584469838_lcdv-40650-550x374.jpg
https://jav.guru/1037386/lcdv-40631-fragrant-tomorrow-asuka-kishi/,https://cdn.javmiku.com/wp-content/uploads/2026/08/1584469689_lcdv-40631-550x374.jpg
https://jav.guru/1037387/lcdv-40623-foul-play-noriko-kijima/,https://cdn.javmiku.com/wp-content/uploads/2026/08/1564669405_lcdv-40623-550x374.jpg
https://jav.guru/1037388/lcdv-40614-forever-with-chika-chika-ojima/,https://cdn.javmiku.com/wp-content/uploads/2026/08/1558357910_lcdv-40614-550x374.jpg
https://jav.guru/1037390/lcdv-40607-plump-rika-sakurai-rika/,https://cdn.javmiku.com/wp-content/uploads/2026/08/1586696941_lcdv-40607-550x374.jpg
https://jav.guru/1037391/kusr-034-the-beautiful-secretary-everyone-in-the-office-admires-is-bound-and-restrained-usui-saryuu-fukusaki-ren-fukiishi-rena/,https://cdn.javmiku.com/wp-content/uploads/2026/08/57kusr034pl-550x374.jpg
https://jav.guru/1037392/ksbj-442-a-newlywed-wifes-calculated-plan-to-seduce-another-man-in-front-of-her-husband-risking-everything-for-her-career-advancement-sato-meru/,https://cdn.javmiku.com/wp-content/uploads/2026/08/ksbj442pl-550x374.jpg
https://jav.guru/1037393/kri-071-while-the-husband-is-unaware-amateur-wives-fulfill-their-desires-in-an-unauthorized-adult-video-release-fukiishi-rena-hoshisaki-remi-hayama-rin/,https://cdn.javmiku.com/wp-content/uploads/2026/08/h_286kri071pl-550x374.jpg
https://jav.guru/1037394/kkj-045-serious-seduction-married-women-edition-24-pick-up-take-home-hidden-camera-sex-posted-without-permission-kamiya-aki-fukiishi-rena/,https://cdn.javmiku.com/wp-content/uploads/2026/08/118kkj045pl-550x374.jpg
https://jav.guru/1037395/kidm-837-miracle-girl-hoshino-miyu-hoshino-miyu-%e6%98%9f%e9%87%8e%e7%be%8e%e6%86%82-2/,https://cdn.javmiku.com/wp-content/uploads/2026/08/90041912_1479668l-1-550x374.jpg
https://jav.guru/1037396/kidm-817-french-kiss-with-a-seductive-twist-haruka-eri/,https://cdn.javmiku.com/wp-content/uploads/2026/08/80750127_1464894l-1-550x374.jpg
https://jav.guru/1037397/kidm-803-remix-bali-edition-1-mahigashi-ai/,https://cdn.javmiku.com/wp-content/uploads/2026/08/73403182_1455402l-1-550x374.jpg
https://jav.guru/1037398/kidm-683-the-ideal-woman-mina-riyon/,https://cdn.javmiku.com/wp-content/uploads/2026/08/42308442_i323062-1-550x374.jpg
https://jav.guru/1037399/kidm-636-uncensored-reality-mouka-megumi/,https://cdn.javmiku.com/wp-content/uploads/2026/08/n_945kidm636pl-1-550x374.jpg
https://jav.guru/1037400/kidm-602-untitled-scenario-featuring-a-captivating-storyline-ootsuka-mayumi/,https://cdn.javmiku.com/wp-content/uploads/2026/08/n_945kidm602pl-1-550x374.jpg
https://jav.guru/1037401/kidm-546-untitled-oda-asuka/,https://cdn.javmiku.com/wp-content/uploads/2026/08/n_945kidm546pl-1-550x374.jpg
https://jav.guru/1037402/kidm-468-untitled-scene-with-a-seductive-allure-ikeda-hiroko/,https://cdn.javmiku.com/wp-content/uploads/2026/08/n_945kidm468pl-1-550x374.jpg
https://jav.guru/1037403/kidm-452-untitled-summer-glow-natsuki/,https://cdn.javmiku.com/wp-content/uploads/2026/08/n_945kidm452pl-1-550x374.jpg
https://jav.guru/1037404/kidm-447-untitled-work-featuring-a-captivating-performance-nonomiya-rika/,https://cdn.javmiku.com/wp-content/uploads/2026/08/n_945kidm447pl-1-550x374.jpg
https://jav.guru/1037405/kidm-445-untitled-scene-with-a-captivating-encounter-mouka-megumi/,https://cdn.javmiku.com/wp-content/uploads/2026/08/n_945kidm445pl-1-550x374.jpg
https://jav.guru/1037406/kidm-437-untitled-scene-with-a-seductive-encounter-mamiya-yuki/,https://cdn.javmiku.com/wp-content/uploads/2026/08/n_945kidm437pl-1-550x374.jpg
https://jav.guru/1037407/kidm-436-untitled-akari-nishino/,https://cdn.javmiku.com/wp-content/uploads/2026/08/n_945kidm436pl-1-550x374.jpg
https://jav.guru/1037408/kidm-387-untitled-nakagawa-tomomi-2/,https://cdn.javmiku.com/wp-content/uploads/2026/08/n_945kidm387pl-1-550x374.jpg
https://jav.guru/1037409/jera-038-a-shy-friend-enjoys-a-cozy-stay-at-a-love-hotel-indulging-in-intimate-moments-and-passionate-encounters-aise-mina/,https://cdn.javmiku.com/wp-content/uploads/2026/08/1jera038pl-550x374.jpg
https://jav.guru/1037410/isd-003-secretly-filmed-in-a-celebritys-home-a-wet-and-wild-mother-of-two-sakamoto-risa/,https://cdn.javmiku.com/wp-content/uploads/2026/08/h_254isd003pl-550x374.jpg
https://jav.guru/1037411/iesp-628-20-consecutive-internal-releases-with-a-young-girl-azuki/,https://cdn.javmiku.com/wp-content/uploads/2026/08/1iesp628pl-550x374.jpg
https://jav.guru/1037412/hoks-232-confessions-of-a-caregiver-a-secret-diary-of-forbidden-literature-mioka-satomi/,https://cdn.javmiku.com/wp-content/uploads/2026/08/hoks232pl-550x374.jpg
https://jav.guru/1037413/hawa-384-after-19-years-of-marriage-a-housewife-feels-her-passion-fading-and-longs-for-the-thrill-of-youthful-romance-leading-to-a-day-of-infidelity-with-a-temporary-boyfriend-ninomiya-waka/,https://cdn.javmiku.com/wp-content/uploads/2026/08/1hawa384pl-550x374.jpg
https://jav.guru/1037414/fns-246-sweet-whispers-and-sticky-dirty-talk-melting-asmr-paizuri-play-that-makes-you-cum-continuously-between-the-breasts-megami-jun/,https://cdn.javmiku.com/wp-content/uploads/2026/08/FNS-246-550x374.jpg
https://jav.guru/1037415/dvmm-431-college-friends-have-a-surprising-chance-to-lose-their-virginity-together-in-a-love-hotel-leading-to-an-intense-and-intimate-experience-amane-tao-kohinata-meru-shiraki-kanna-nomiya-an/,https://cdn.javmiku.com/wp-content/uploads/2026/08/dvmm431pl-550x374.jpg
https://jav.guru/1037416/dvmm-419-monitoring-a-couples-relationship-a-mother-steps-in-after-her-daughter-loses-her-boyfriend-leading-to-a-series-of-forbidden-encounters-that-get-discovered-yoshine-yuria-shirakumo-sui/,https://cdn.javmiku.com/wp-content/uploads/2026/08/dvmm419pl-550x374.jpg
https://jav.guru/1037417/dvdes-452-a-real-national-university-student-with-an-iq-of-130-in-bloomers-minamoto-shizuka/,https://cdn.javmiku.com/wp-content/uploads/2026/08/46641511_i47618-550x374.jpg
https://jav.guru/1037418/dandya-046-can-you-show-me-the-secret-photos-an-embarrassed-flight-attendant-pretends-to-make-a-mistake-while-being-shown-an-erect-penis-right-in-front-of-katou-tsubaki-honda-momo-mori-kaori/,https://cdn.javmiku.com/wp-content/uploads/2026/08/1dandya046pl-550x374.jpg
https://jav.guru/1037419/atya-045-the-needy-wife-is-developed-by-insatiable-older-men-leading-to-infidelity-and-intense-pleasure-imada-hikari/,https://cdn.javmiku.com/wp-content/uploads/2026/08/atya045pl-550x374.jpg
https://jav.guru/1037420/ap-482-a-video-of-a-shy-cute-girl-from-class-being-relentlessly-teased-and-taken-advantage-of-abe-mikako-miyazaki-aya-yamakawa-yuna-asanaga-yuki/,https://cdn.javmiku.com/wp-content/uploads/2026/08/ap482pl-550x374.jpg
https://jav.guru/1037421/aofr-001-the-era-of-frced-encounters-a-history-of-assaults-on-married-women-in-the-showa-period-akiyama-reiko/,https://cdn.javmiku.com/wp-content/uploads/2026/08/h_066aofr001sopl-550x374.jpg
https://jav.guru/1037422/annd-126-intimate-and-erotic-skin-contact-leads-to-a-wet-and-passionate-love-ecstasy-among-women-fujikita-ayaka-satozaki-akane-hatano-yui-amamiya-kotone-orihara-yuuna/,https://cdn.javmiku.com/wp-content/uploads/2026/08/annd126pl-550x374.jpg
https://jav.guru/1037423/ankb-045-a-tempting-trip-to-a-hot-spring-with-a-curvy-older-sister-and-her-younger-brother-tsukada-shiori/,https://cdn.javmiku.com/wp-content/uploads/2026/08/ankb045pl-550x374.jpg
https://jav.guru/1037424/anb-155-i-became-my-mothers-toy-the-seductive-challenge-of-a-glamorous-stepmother-fukiishi-rena/,https://cdn.javmiku.com/wp-content/uploads/2026/08/anb155sopl-550x374.jpg
https://jav.guru/1037425/ameb-001-what-if-i-were-teased-with-toys-during-a-playful-encounter-fukiishi-rena/,https://cdn.javmiku.com/wp-content/uploads/2026/08/ameb001pl-550x374.jpg
https://jav.guru/1037426/ald-468-captive-abuse-and-frced-intercourse-with-a-focus-on-submission-tsubomi/,https://cdn.javmiku.com/wp-content/uploads/2026/08/15ald468sopl-550x374.jpg
https://jav.guru/1037427/ald-437-amateur-exclusive-16-soft-and-plump-girls-with-squishy-bodies/,https://cdn.javmiku.com/wp-content/uploads/2026/08/15ald437sopl-550x374.jpg
https://jav.guru/1037428/aikb-010-stocking-obsession-amamiya-kotone/,https://cdn.javmiku.com/wp-content/uploads/2026/08/55aikb010pl-550x374.jpg
https://jav.guru/1037429/aikb-005-beautiful-legs-in-natural-stockings-amamiya-kotone/,https://cdn.javmiku.com/wp-content/uploads/2026/08/55aikb005pl-550x374.jpg
https://jav.guru/1037430/agemix-304-intensely-staring-at-each-other-while-pleasuring-a-friends-wife/,https://cdn.javmiku.com/wp-content/uploads/2026/08/h_213agemix304pl-550x374.jpg
https://jav.guru/1037431/agemix-303-a-slippery-encounter-with-a-mix-of-saliva/,https://cdn.javmiku.com/wp-content/uploads/2026/08/h_213agemix303pl-550x374.jpg
https://jav.guru/1037689/ie-003-deluxe-new-teacher-nagase-ai/,https://cdn.javmiku.com/wp-content/uploads/2026/08/ie-003-550x374.jpg
https://jav.guru/1037690/hunt-964-on-valentines-day-i-gave-my-crush-a-special-chocolate-with-an-aphrodisiac-hoping-to-get-intimate-with-her-aoi-shino-mizuki-nao-arimoto-sayo-suzumiya-kotone/,https://cdn.javmiku.com/wp-content/uploads/2026/08/1hunt964pl-550x374.jpg
https://jav.guru/1037694/hunt-829-please-dad-spare-me-i-never-expected-to-have-a-younger-sister-more-than-a-decade-my-yamamoto-miwako-saionji-reo-mio-mikuru-shinomiya-yuri-aoi-koharu-hinata-umi-haneda-nozomi/,https://cdn.javmiku.com/wp-content/uploads/2026/08/1hunt829pl-550x374.jpg
https://jav.guru/1037697/hunt-822-my-sister-gets-excited-after-i-confide-in-her-about-my-concerns-over-being-teased-for-my-condition-arisawa-risa-mizuki-risa-suzuki-alice-mizuno-asahi/,https://cdn.javmiku.com/wp-content/uploads/2026/08/1hunt822pl-550x374.jpg
https://jav.guru/1037699/hunt-572-a-jobless-man-finds-himself-surrounded-by-beautiful-young-wives-at-a-cooking-class-leading-to-an-unexpected-and-steamy-experience-arima-yuu-mio-mikuru-mizumi-saki/,https://cdn.javmiku.com/wp-content/uploads/2026/08/1hunt572pl-550x374.jpg
https://jav.guru/1037700/hunt-550-a-naive-girl-experiences-a-free-oil-massage-where-a-skilled-therapist-tricks-her-into-drinking-aphrodisiac-water-mizushima-azumi-hatsumi-saki-sena-ayumu-minase-yuu-nakano-airi/,https://cdn.javmiku.com/wp-content/uploads/2026/08/1hunt550pl-550x374.jpg
https://jav.guru/1037706/hitma-253-platinum-selection-hd-collection-hamasaki-mao/,https://cdn.javmiku.com/wp-content/uploads/2026/08/55hitma253pl-550x374.jpg
https://jav.guru/1037707/hitma-250-platinum-selection-hd-collection-saijo-ruri/,https://cdn.javmiku.com/wp-content/uploads/2026/08/55hitma250pl-550x374.jpg
https://jav.guru/1037709/hitma-161-sister-hypnosis-training-manual-hd-aoi-shino/,https://cdn.javmiku.com/wp-content/uploads/2026/08/55hitma161pl-550x374.jpg
https://jav.guru/1037710/hitma-133-faith-erotic-hd-blu-ray-tomoda-ayaka-hasegawa-shizuku-kuribayashi-riri-mizuna-rei/,https://cdn.javmiku.com/wp-content/uploads/2026/08/55hitma133pl-550x374.jpg
https://jav.guru/1037711/hitma-118-i-only-want-to-see-girls-in-short-shorts-with-beautiful-legs-4-hours-hd-tomoda-ayaka-maki-azusa-sakano-yuri-satsuki-yuna-mori-nanako-saijo-sara/,https://cdn.javmiku.com/wp-content/uploads/2026/08/55hitma118pl-550x374.jpg
https://jav.guru/1037712/gexp-56-the-beautiful-girl-thiefs-trture-amamiya-kotone-kamiki-risa/,https://cdn.javmiku.com/wp-content/uploads/2026/08/44299079_i196402-550x374.jpg
https://jav.guru/1037713/dmba-155-intense-footjob-with-beautiful-legs-and-a-fresh-squeeze-for-submissive-men-fujiwara-hitomi-azumi-ren-arimura-chika-amamiya-kotone-ayu-sakurai/,https://cdn.javmiku.com/wp-content/uploads/2026/08/30dmba155pl-550x374.jpg
https://jav.guru/1037717/dasd-204-group-abduction-and-buried-alive-humiliation-satozaki-akane-hayase-alice-amamiya-kotone-mukai-kazuha-kamiki-risa/,https://cdn.javmiku.com/wp-content/uploads/2026/08/dasd204pl-550x374.jpg
https://jav.guru/1037722/cetd-008-drunken-seductress-in-a-nonstop-five-way-orgy-with-increasing-lust-and-extreme-climax-during-wild-group-sex-amamiya-kotone-shiratori-mirei/,https://cdn.javmiku.com/wp-content/uploads/2026/08/cetd008pl-550x374.jpg
https://jav.guru/1037725/atom-109-i-found-myself-unexpectedly-aroused-by-the-power-harassment-of-aggressive-women-using-wrestling-moves-ichinose-ruka-amamiya-kotone-kurokawa-sumire/,https://cdn.javmiku.com/wp-content/uploads/2026/08/1atom109pl-550x374.jpg
https://jav.guru/1037726/atom-097-tokyo-scandalous-park-maki-azusa-akanisi-ryou-amamiya-kotone-iida-seiko-katsuragi-maya/,https://cdn.javmiku.com/wp-content/uploads/2026/08/1atom097pl-550x374.jpg
https://jav.guru/1037727/atom-090-bursting-balloons-means-instant-disqualification-exclusive-to-female-students-amamiya-kotone-ootsuki-hibiki-iwasa-ayumi-hirahara-kokoro-akizuki-mei-sakurai-nozomi/,https://cdn.javmiku.com/wp-content/uploads/2026/08/1atom090pl-550x374.jpg
https://jav.guru/1037728/atkd-164-chastity-belt-woman-compilation-4-ohashi-miku-amamiya-kotone-tachiki-yuria/,https://cdn.javmiku.com/wp-content/uploads/2026/08/atkd164pl-550x374.jpg
https://jav.guru/1037734/asfb-007-the-ultimate-group-of-seductresses-invades-my-home-in-a-four-hour-special-kiryu-sakura-miyashita-tsubasa-sena-ayumu-amamiya-kotone-hoshizaki-anri/,https://cdn.javmiku.com/wp-content/uploads/2026/08/asfb007pl-550x374.jpg
https://jav.guru/1038020/start-627-a-seductive-bunny-girl-tempts-married-and-taken-men-into-a-live-encounter-pushing-the-boundaries-of-desire-miyajima-mei/,https://cdn.javmiku.com/wp-content/uploads/2026/08/1start627pl-550x374.jpg
https://jav.guru/1038021/start-622-four-scenarios-of-irresistible-kisses-that-drive-a-man-wild-with-pleasure-and-leave-him-unable-to-stop-tadai-mahiro/,https://cdn.javmiku.com/wp-content/uploads/2026/08/1start622pl-550x374.jpg
https://jav.guru/1038022/sdjs-377-after-work-a-chaotic-farewell-party-at-home-with-the-boss-featuring-a-secretary-who-finishes-quickly-moriya-yoshino/,https://cdn.javmiku.com/wp-content/uploads/2026/08/1sdjs377pl-550x374.jpg
https://jav.guru/1038023/mvsh-001-rich-dad-knows-how-to-do-it-buying-a-cute-beautiful-girl-for-adult-fun-with-a-focus-on-pleasure-hinata-yuna-ashida-noa/,https://cdn.javmiku.com/wp-content/uploads/2026/08/MVSH-001-550x374.jpg
https://jav.guru/1038024/mvsd-705-my-beautiful-cute-and-kind-first-love-the-charming-teacher-turns-into-a-submissive-and-wild-woman-after-school-miike-koharu/,https://cdn.javmiku.com/wp-content/uploads/2026/08/MVSD-705-550x374.jpg
https://jav.guru/1038026/mrec-009-from-nutritionist-to-adult-film-debut-a-struggling-actresss-turnaround-and-her-journey-through-the-world-of-performance-showcasing-a-refined-womans-wild-side-katou-ayano/,https://cdn.javmiku.com/wp-content/uploads/2026/08/mrec00009pl-550x374.jpg
https://jav.guru/1038027/mgmk-004-transformed-into-a-beautiful-girl-i-become-a-submissive-plaything-for-a-dominant-queen-in-a-lesbian-bdsm-encounter-kanatsuki-ramii-misaki-oto/,https://cdn.javmiku.com/wp-content/uploads/2026/08/mgmk00004pl.w800-550x374.jpg
https://jav.guru/1038028/advo-236-the-captive-female-teacher-watanabe-runa-miyawaki-maya-hachihagi-junko/,https://cdn.javmiku.com/wp-content/uploads/2026/08/advo00236pl.w800-550x374.jpg
https://jav.guru/1038284/t38-068-a-guide-for-executives-on-how-to-engage-in-discreet-encounters-fujimori-riho-mogami-ichika-hanai-tsubaki/,https://cdn.javmiku.com/wp-content/uploads/2026/08/55t38068pl-550x374.jpg
https://jav.guru/1038286/sgsr-404-a-woman-engages-in-pleasure-filled-encounters-with-others-in-front-of-her-boyfriend-exploring-her-desire-for-cuckolding-with-17-couples-over-four-hours/,https://cdn.javmiku.com/wp-content/uploads/2026/08/57sgsr404pl-550x374.jpg
https://jav.guru/1038289/saba-991-intense-vacuum-oral-pleasure-with-explosive-climax-misaki-azusa-satsuki-ena-otsu-arisu-kudo-rara-rurucha-amane-mizuki-suehiro-jun-minase-akari-yumesaki-sora-arisu-kanau/,https://cdn.javmiku.com/wp-content/uploads/2026/08/saba991pl-550x374.jpg
https://jav.guru/1038290/saba-990-the-third-amateur-oral-championship-30-princesses-showcase-nozomi-arimura-aizuki-himari-nitori-hina-aono-mizuki-nitta-konomi-hinata-yuna-oka-rin-itoi-ruka-hanamori-kaho/,https://cdn.javmiku.com/wp-content/uploads/2026/08/saba990pl-550x374.jpg
https://jav.guru/1038291/rlmp-009-a-girl-at-your-service-a-restrained-schoolgirls-throat-and-intimate-areas-are-thoroughly-explored-in-this-delivery-service-kitaoka-karin-nijimura-yumi-hinata-yuna/,https://cdn.javmiku.com/wp-content/uploads/2026/08/rlmp009pl-550x374.jpg
https://jav.guru/1038292/rlmp-008-a-high-school-girl-with-slow-physical-development-for-her-age-experiences-intense-pleasure-and-ecstasy-while-under-the-influence-of-a-growth-enhancing-aphrodisiac-minami-hinano/,https://cdn.javmiku.com/wp-content/uploads/2026/08/rlmp008pl-550x374.jpg
https://jav.guru/1038296/snos-362-i-started-yoga-at-my-wifes-suggestion-but-the-cute-busty-instructor-turned-out-to-be-a-real-tease-and-things-got-out-of-hand-during-a-close-stretch-session-natsuki-natsu/,https://cdn.javmiku.com/wp-content/uploads/2026/08/snos362pl-550x374.jpg
https://jav.guru/1038297/snos-340-the-oblivious-girl-from-the-brass-band-who-always-practices-hard-and-doesnt-notice-her-skirt-is-irresistible-araki-noa/,https://cdn.javmiku.com/wp-content/uploads/2026/08/snos340pl-550x374.jpg
https://jav.guru/1038298/snos-333-the-ultimate-eldest-daughter-an-overly-attentive-nurse-provides-full-body-cleansing-and-unexpected-intimate-massages-during-hospitalization-nagisa-airi/,https://cdn.javmiku.com/wp-content/uploads/2026/08/snos333pl-550x374.jpg
https://jav.guru/1038314/royd-351-i-woke-up-to-find-a-coworker-in-her-underwear-in-my-room-despite-her-usual-attitude-she-started-acting-sweet-so-amakawa-sora/,https://cdn.javmiku.com/wp-content/uploads/2026/08/royd351pl-550x374.jpg
https://jav.guru/1038315/royd-341-i-was-unknowingly-seduced-by-my-girlfriends-friend-who-stayed-over-every-day-leaving-me-in-a-frustrating-state-of-indecision-nami-nami/,https://cdn.javmiku.com/wp-content/uploads/2026/08/royd341pl-550x374.jpg
https://jav.guru/1038316/royd-339-i-couldnt-resist-my-stepsisters-firm-breasts-and-ended-up-squeezing-them-itoi-ruka/,https://cdn.javmiku.com/wp-content/uploads/2026/08/royd339pl-550x374.jpg
https://jav.guru/1038318/royd-330-pretending-to-be-my-cute-coworkers-boyfriend-for-a-day-to-calm-her-nagging-parents-about-marriage-sasakura-aya/,https://cdn.javmiku.com/wp-content/uploads/2026/08/royd330pl-550x374.jpg
https://jav.guru/1038319/roe-530-a-married-beauty-consultants-unexpected-release-leads-to-passionate-days-of-kissing-and-conception-with-her-stunning-friends-mother-sugisaki-honoka/,https://cdn.javmiku.com/wp-content/uploads/2026/08/roe530pl-550x374.jpg
https://jav.guru/1038324/pets-071-today-the-cross-dressing-boy-is-feeling-very-excited-natsufuyuka/,https://cdn.javmiku.com/wp-content/uploads/2026/08/pets071pl-550x374.jpg
https://jav.guru/1038325/nvh-085-intense-pleasure-with-a-full-erection-in-a-new-half-reverse-threesome-harem-nanako-manase-mei/,https://cdn.javmiku.com/wp-content/uploads/2026/08/nvh085pl-550x374.jpg
https://jav.guru/1038326/nsfs-505-the-secretarys-secret-a-forbidden-order-from-the-boss-adachi-yuri/,https://cdn.javmiku.com/wp-content/uploads/2026/08/nsfs505pl-550x374.jpg
https://jav.guru/1038327/nsfs-504-a-married-womans-hidden-desires-wanting-to-be-taken-by-force-hoshina-kiho/,https://cdn.javmiku.com/wp-content/uploads/2026/08/nsfs504pl-550x374.jpg
https://jav.guru/1038328/nmsl-046-an-affair-leads-to-risky-encounters-during-fertile-days-minazuki-hikaru/,https://cdn.javmiku.com/wp-content/uploads/2026/08/h_1814nmsl00046pl-550x374.jpg
https://jav.guru/1038329/naac-072-best-naked-03-himesaki-hana/,https://cdn.javmiku.com/wp-content/uploads/2026/08/n_1541naac072pl-550x374.jpg
https://jav.guru/1038331/jur-844-targeted-by-a-despised-boss-at-work-sticky-oral-encounters-with-soft-breasts-narumi-koyuki/,https://cdn.javmiku.com/wp-content/uploads/2026/08/jur844pl-550x374.jpg
https://jav.guru/1038332/jur-099-living-with-my-stepfather-for-four-years-a-story-of-awakening-to-pleasure-and-becoming-pregnant-from-continuous-intimacy-sunohara-miki/,https://cdn.javmiku.com/wp-content/uploads/2026/08/jur099pl-550x374.jpg
https://jav.guru/1038333/jmty-084-a-fun-day-of-filming-sex-with-a-friend-who-loves-to-tease-and-has-a-strong-desire-for-pleasure-tomoe-hikari/,https://cdn.javmiku.com/wp-content/uploads/2026/08/jmty00084pl-550x374.jpg
https://jav.guru/1038335/huntc-518-intense-workout-with-my-curvy-sister-in-law-during-pilates-showcasing-her-tight-curves-and-alluring-figure-kuwahara-seira-igarashi-mitsuki-ichikawa-riku-suehiro-jun/,https://cdn.javmiku.com/wp-content/uploads/2026/08/huntc518pl-550x374.jpg
https://jav.guru/1038339/hmn-897-picking-up-a-runaway-girl-for-a-no-hands-living-arrangement-leads-to-escalating-seduction-during-unprotected-sex-hinata-natsu/,https://cdn.javmiku.com/wp-content/uploads/2026/08/hmn897pl-550x374.jpg
https://jav.guru/1038340/hmn-893-playing-around-with-a-male-friend-leads-to-unexpected-sensations-and-being-caught-by-a-childhood-friend-during-intimate-moments-turns-into-a-wild-experience-kuramoto-sumire/,https://cdn.javmiku.com/wp-content/uploads/2026/08/hmn893pl-550x374.jpg
https://jav.guru/1038341/hmn-884-my-caring-stepsister-helps-me-with-my-condition-allowing-me-to-experience-intimacy-in-a-way-i-never-expected-tojo-natsu/,https://cdn.javmiku.com/wp-content/uploads/2026/08/hmn884pl-550x374.jpg
https://jav.guru/1038343/gvh-873-after-brainwashing-an-arrogant-ring-girl-she-transformed-into-a-relentless-machine-delivering-knockout-oral-pleasure-in-every-round-mizuhata-asami/,https://cdn.javmiku.com/wp-content/uploads/2026/08/gvh873pl-550x374.jpg
https://jav.guru/1038344/fns-250-the-plainest-girl-in-class-shows-her-developed-breasts-only-to-me-her-homeroom-teacher-misaki-sonoka/,https://cdn.javmiku.com/wp-content/uploads/2026/08/1fns00250pl-550x374.jpg
https://jav.guru/1038346/dsod-076-a-shy-big-breasted-glasses-wearing-sister-whispers-are-you-holding-back-thats-so-precious-breaking-down-my-resolve-for-multiple-climaxes-in-this-extreme-pov-kurokawa-sumire/,https://cdn.javmiku.com/wp-content/uploads/2026/08/dsod076pl-550x374.jpg
https://jav.guru/1038347/dsod-071-popular-idols-engage-in-intense-pillow-activities-covered-in-semen-as-a-fallen-idol-offers-unlimited-services-sato-meru/,https://cdn.javmiku.com/wp-content/uploads/2026/08/dsod071pl-550x374.jpg
https://jav.guru/1038348/dsod-061-encouraging-and-lively-this-club-invites-unlimited-pleasure-during-breaks-and-classes-bringing-smiles-and-excitement-to-the-youthful-experience-kuroshima-rei/,https://cdn.javmiku.com/wp-content/uploads/2026/08/dsod061pl-550x374.jpg
https://jav.guru/1038349/dsod-040-a-forbidden-oil-massage-two-months-before-the-wedding-leads-a-pure-bride-to-experience-pleasure-with-a-female-masseuse-abandoning-her-engagement-ring-ootsuki-hibiki-himesaki-hana/,https://cdn.javmiku.com/wp-content/uploads/2026/08/dsod040pl-550x374.jpg
https://jav.guru/1038350/dldss-521-while-my-husband-is-at-work-from-9-to-6-im-focused-on-making-a-baby-with-my-father-in-law-through-unprotected-sex-yoda-rin/,https://cdn.javmiku.com/wp-content/uploads/2026/08/1dldss521pl-550x374.jpg
https://jav.guru/1038351/cjod-591-unlimited-release-soap-with-intimate-whispers-and-teasing-for-submissive-men-yuki-rino/,https://cdn.javmiku.com/wp-content/uploads/2026/08/cjod591pl-550x374.jpg
https://jav.guru/1038352/cjod-529-a-scandalous-getaway-with-a-sultry-mistress-at-a-hot-spring-indulging-in-forbidden-pleasures-and-forgetting-work-and-marital-woes-shishido-riho/,https://cdn.javmiku.com/wp-content/uploads/2026/08/cjod529pl-550x374.jpg
https://jav.guru/1038353/cjod-528-a-girl-moves-in-and-borrows-my-manga-leading-to-unexpected-arousal-and-a-wild-encounter-with-her-as-i-thank-her-with-a-surprise-climax-aizawa-miyu/,https://cdn.javmiku.com/wp-content/uploads/2026/08/cjod528pl-550x374.jpg
https://jav.guru/1038354/cemd-880-a-deep-dive-into-a-day-filled-with-non-stop-oral-pleasure-and-intense-climaxing-sex-niimura-akari/,https://cdn.javmiku.com/wp-content/uploads/2026/08/cemd880pl-550x374.jpg
https://jav.guru/1038357/avsa-452-a-single-mother-with-a-plain-appearance-transforms-into-a-demanding-seductress-craving-intense-anal-pleasure-and-multiple-raw-encounters-yorimoto-shiori/,https://cdn.javmiku.com/wp-content/uploads/2026/08/avsa452pl-550x374.jpg
https://jav.guru/1038358/aldn-609-surrogate-mother-experience-ito-sara/,https://cdn.javmiku.com/wp-content/uploads/2026/08/aldn609pl-550x374.jpg
https://jav.guru/1038359/agav-178-glasses-and-professional-cosplay-a-perfect-style-showcasing-sexy-adult-allure-nonoka-sawa/,https://cdn.javmiku.com/wp-content/uploads/2026/08/agav178pl-550x374.jpg
https://jav.guru/1038360/achj-088-a-lustful-curvy-woman-with-an-angelic-face-preys-on-submissive-men-momozono-rena/,https://cdn.javmiku.com/wp-content/uploads/2026/08/achj088pl-550x374.jpg
https://jav.guru/1038361/rlmp-007-after-losing-my-wife-three-years-ago-ive-been-taking-advantage-of-my-stepdaughters-voluptuous-figures-harunai-noa-onosaka-yuka/,https://cdn.javmiku.com/wp-content/uploads/2026/08/rlmp007pl-550x374.jpg
https://jav.guru/1038371/mvg-171-a-rebellious-girl-gets-thoroughly-punished-by-the-entire-staff-leading-to-her-downfall-into-a-submissive-state-ranka/,https://cdn.javmiku.com/wp-content/uploads/2026/08/mvg171pl-550x374.jpg
https://jav.guru/1038372/moil-008-the-forbidden-affair-with-my-mother-in-law-is-even-better-than-with-my-wife-oda-mako/,https://cdn.javmiku.com/wp-content/uploads/2026/08/moil008pl-550x374.jpg
https://jav.guru/1038373/mmpb-129-curvy-actress-takes-it-all-in-during-a-passionate-encounter-jinguuji-nao-takarada-monami-kurokawa-sumire-kitano-mina-lauren-karen-mizukawa-jun-aizawa-miyu-minase-rina-usami-sui/,https://cdn.javmiku.com/wp-content/uploads/2026/08/mmpb129pl-550x374.jpg
https://jav.guru/1038374/mkmp-749-best-of-office-ladies-experiencing-primal-instincts-in-niimura-akari-yayoi-mizuki-nanase-iori-tanaka-nene-mori-hinako-tsukino-kasumi-amane-mizuki-ohana-non-hoshino-natsuki/,https://cdn.javmiku.com/wp-content/uploads/2026/08/mkmp749pl-550x374.jpg
https://jav.guru/1038376/madv-641-while-his-wife-is-away-a-man-is-unable-to-resist-his-sister-in-laws-vulnerability-and-engages-in-multiple-encounters-with-her-nagasaki-yukine/,https://cdn.javmiku.com/wp-content/uploads/2026/08/madv641pl-550x374.jpg
https://jav.guru/1038377/lucy-030-the-obedient-secretary-who-completely-submits-to-her-boss-tsukino-kotone/,https://cdn.javmiku.com/wp-content/uploads/2026/08/lucy030pl-550x374.jpg
https://jav.guru/1038378/ktra-795-bare-and-unshaven-a-four-hour-session-of-internal-release-toa-kotone-remu-hayami-junshin-karen-hoshimiya-nana-hizumi-maika/,https://cdn.javmiku.com/wp-content/uploads/2026/08/ktra795pl-550x374.jpg
https://jav.guru/1038379/kagp-402-provocative-dance-in-clothes-while-completely-nude-tsukino-kasumi-ruu-kashiwagi-konatsu-miyagi-rie-onodera-mai-arisu-mai-kojima-miko-kui-sunao-aizawa-miyu-onosaka-yuka/,https://cdn.javmiku.com/wp-content/uploads/2026/08/kagp402pl-550x374.jpg
https://jav.guru/1038380/jyma-112-caught-in-the-delivery-trap-a-story-of-a-beautiful-wife-with-a-nice-figure-experiencing-unprotected-intimacy-tsubaki-rika/,https://cdn.javmiku.com/wp-content/uploads/2026/08/jyma112pl-550x374.jpg
https://jav.guru/1038381/jmty-081-a-day-of-filming-sex-with-a-new-half-who-enjoys-pleasing-men-and-is-open-to-anything-when-asked-tsukino-kuroro/,https://cdn.javmiku.com/wp-content/uploads/2026/08/jmty081pl-550x374.jpg
https://jav.guru/1038382/husr-306-a-luxurious-collection-of-eight-taboo-stories-featuring-exquisite-transgender-natsumi-marin-ryokaku-rin-yukino-akari-yuuki-mayu-karen-kamitsuki-shiiba-aki-sakura-yae-kohaku/,https://cdn.javmiku.com/wp-content/uploads/2026/08/57husr306pl-550x374.jpg
https://jav.guru/1038383/homa-168-reuniting-with-a-childhood-friend-after-10-years-we-play-innocently-like-old-times-and-spend-the-night-together-leading-to-an-emotional-experience-misaki-kanna/,https://cdn.javmiku.com/wp-content/uploads/2026/08/homa168pl-550x374.jpg
https://jav.guru/1038384/hez-893-a-high-end-brothel-frequented-by-affluent-women-in-a-luxury-neighborhood-fuyuki-mai-kikukawa-keito-fukuhara-natsuno-nemoto-asami/,https://cdn.javmiku.com/wp-content/uploads/2026/08/59hez893pl-550x374.jpg
https://jav.guru/1038385/emlb-094-a-public-toilet-girl-indulges-in-excessive-drinking-of-urine-leading-to-a-wild-climax-and-intense-experiences-amemura-rinka-futaba-ema-amano-noa-yuki-suzu/,https://cdn.javmiku.com/wp-content/uploads/2026/08/emlb094pl-550x374.jpg
https://jav.guru/1038386/ekdv-824-intense-eye-contact-during-cowgirl-position-a-soothing-cohabitation-with-a-sweet-voiced-girlfriend-and-her-curvy-figure-tanimura-nagisaki/,https://cdn.javmiku.com/wp-content/uploads/2026/08/ekdv824pl-550x374.jpg
https://jav.guru/1038387/drop-139-amateur-girls-who-pleasure-themselves-anywhere-2-mashiro-minori-kuwahara-seira-kitaoka-karin-matsui-hinako-minami-haru-marumo-rea/,https://cdn.javmiku.com/wp-content/uploads/2026/08/h_139drop139pl-550x374.jpg
https://jav.guru/1038388/dmdg-062-double-cast-of-submissive-milk-filled-scenes-marumo-rea-ogura-hikari/,https://cdn.javmiku.com/wp-content/uploads/2026/08/dmdg062pl-550x374.jpg
https://jav.guru/1038389/cmv-211-busty-widow-in-a-competitive-swimsuit-experiences-pleasure-from-a-tight-bondage-harness-usami-sui/,https://cdn.javmiku.com/wp-content/uploads/2026/08/cmv211pl-550x374.jpg
https://jav.guru/1038390/cmju-008-surprised-by-unexpected-intimacy-a-girl-finds-herself-reluctantly-engaging-in-an-intimate-encounter-with-a-doujin-director-kosuzu-mikan/,https://cdn.javmiku.com/wp-content/uploads/2026/08/cmju008pl-550x374.jpg
https://jav.guru/1038391/chc-034-a-beautiful-womans-private-shoot-turns-into-complete-submission-sex-with-an-older-man-asakura-yura/,https://cdn.javmiku.com/wp-content/uploads/2026/08/h_1751chc034pl-550x374.jpg
https://jav.guru/1038392/cemd-881-a-full-day-of-intimate-moments-without-any-acting-or-direction-capturing-shy-affection-kui-sunao/,https://cdn.javmiku.com/wp-content/uploads/2026/08/cemd881pl-550x374.jpg
https://jav.guru/1038393/cead-764-more-teasing-a-voluptuous-mature-womans-insatiable-body-quivers-with-pleasure-in-a-wild-and-intense-encounter-aikawa-saki-%e6%84%9b%e5%b7%9d%e5%92%b2%e6%a8%b9/,https://cdn.javmiku.com/wp-content/uploads/2026/08/cead764pl-550x374.jpg
https://jav.guru/1038394/cead-763-seven-pairs-of-women-seduce-and-tease-you-anno-yumi-aoi-yurika-tsuji-sakura-fujii-reira-kamisaka-mei-shirakawa-kasumi-touka-yuuuri-hayama-sayuri-kiyama-ai-fujita-yuzu/,https://cdn.javmiku.com/wp-content/uploads/2026/08/cead763pl-550x374.jpg
https://jav.guru/1038395/c-2985-i-begged-a-mature-acquaintance-to-let-me-have-my-way-with-her-sakura-saki/,https://cdn.javmiku.com/wp-content/uploads/2026/08/140c2985pl-550x374.jpg
https://jav.guru/1038396/c-2984-the-married-womans-housekeeper-04-miduki-chigusa/,https://cdn.javmiku.com/wp-content/uploads/2026/08/140c2984pl-550x374.jpg
https://jav.guru/1038398/blor-306-a-passionate-tutor-who-loves-alcohol-and-pleasure-is-overwhelmed-by-a-powerful-partner-reaching-ecstasy-in-a-state-of-blissful-surrender-sakurano-momo/,https://cdn.javmiku.com/wp-content/uploads/2026/08/blor306pl-550x374.jpg
https://jav.guru/1038399/avsa-453-a-tanned-older-sisters-face-covered-in-a-creamy-facial-mask-while-her-dark-areas-become-increasingly-white-in-a-relentless-splashing-relay-featuring-a-record-27-loads-kurosaki-hana/,https://cdn.javmiku.com/wp-content/uploads/2026/08/avsa453pl-550x374.jpg
https://jav.guru/1038400/aprg-007-please-spank-me-instant-oral-deep-throat-creampie-a-married-womans-wild-service-a-plain-glasses-wearing-submissive-young-wife-tukinoe-sui/,https://cdn.javmiku.com/wp-content/uploads/2026/08/aprg007pl-550x374.jpg
https://jav.guru/1038401/apkh-198-please-film-me-lets-go-together-happy-experiences-with-a-cheerful-angel-and-innocent-beauty-in-a-wild-service-encounter-kojima-miko/,https://cdn.javmiku.com/wp-content/uploads/2026/08/apkh198pl-550x374.jpg
https://jav.guru/1038402/aldn-608-my-friends-mom-was-my-casual-partner-back-then-miike-koharu/,https://cdn.javmiku.com/wp-content/uploads/2026/08/aldn608pl-550x374.jpg
https://jav.guru/1038403/agav-180-feet-and-legs-a-high-purity-foot-fetish-experience-for-leg-enthusiasts-inamori-miyuu/,https://cdn.javmiku.com/wp-content/uploads/2026/08/agav180pl-550x374.jpg
https://jav.guru/1038404/agav-179-overprotective-and-doting-dads-home-video-of-his-sheltered-daughters-sexual-training-with-incest-themes-kagawa-kanoko/,https://cdn.javmiku.com/wp-content/uploads/2026/08/agav179pl-550x374.jpg
https://jav.guru/1038444/snos-409-please-let-me-experience-the-unknown-pleasures-of-my-new-job-a-special-debut-with-three-intense-scenes-filled-with-first-time-excitement-hoshizora-neru/,https://cdn.javmiku.com/wp-content/uploads/2026/08/snos409pl-550x374.jpg
https://jav.guru/1038445/snos-373-super-newcomer-with-an-incredible-bust-experiences-an-exciting-day-in-the-adult-entertainment-industry-hayasaka-kanone/,https://cdn.javmiku.com/wp-content/uploads/2026/08/snos373pl-550x374.jpg
https://jav.guru/1038446/snos-371-a-documentary-focusing-on-genuine-kindness-and-compassion-during-a-tour-of-kanto-kawakita-saika/,https://cdn.javmiku.com/wp-content/uploads/2026/08/snos371pl-550x374.jpg
https://jav.guru/1038447/snos-369-a-usually-sassy-girl-shows-her-caring-side-as-she-nurses-me-back-to-health-even-helping-with-my-urges-leading-to-an-overwhelming-release-nanatsumori-riri/,https://cdn.javmiku.com/wp-content/uploads/2026/08/snos369pl-550x374.jpg
https://jav.guru/1038448/snos-365-a-clumsy-girl-with-wet-sheer-pink-nipples-always-on-display-gets-naughty-shirakami-emika/,https://cdn.javmiku.com/wp-content/uploads/2026/08/snos365pl-550x374.jpg
https://jav.guru/1038449/snos-360-ultimate-oral-pleasure-and-an-irresistible-facial-cum-shower-asano-kokoro/,https://cdn.javmiku.com/wp-content/uploads/2026/08/snos360pl-550x374.jpg
https://jav.guru/1038450/snos-356-a-serious-female-employee-faces-unexpected-penalties-for-failing-to-meet-her-targets-leading-to-an-embarrassing-no-pants-work-situation-thats-too-hot-to-handle-kodama-nanami/,https://cdn.javmiku.com/wp-content/uploads/2026/08/snos356pl-550x374.jpg
https://jav.guru/1038451/snos-354-a-new-sensation-in-male-masturbation-the-megaton-mcup-titty-fuck-hole-minami-haru/,https://cdn.javmiku.com/wp-content/uploads/2026/08/snos354pl-550x374.jpg
https://jav.guru/1038452/snos-352-a-busty-hairdresser-teases-male-customers-with-her-breasts-asking-if-they-want-her-attention-or-something-more-yumeno-aika/,https://cdn.javmiku.com/wp-content/uploads/2026/08/snos352pl-550x374.jpg
https://jav.guru/1038453/snos-351-reunion-with-a-former-bullied-plain-girl-reveals-her-transformation-into-a-cute-seductress-leading-to-a-revenge-filled-class-reunion-sakakibara-moe/,https://cdn.javmiku.com/wp-content/uploads/2026/08/snos351pl-550x374.jpg
https://jav.guru/1038454/snos-346-after-drinking-for-the-first-time-with-my-pure-childhood-friend-she-turns-into-an-insatiable-seductress-leaving-me-drenched-in-her-kisses-and-saliva-hatsumi-nanoka/,https://cdn.javmiku.com/wp-content/uploads/2026/08/snos346pl-550x374.jpg
https://jav.guru/1038455/snos-345-a-serious-plain-woman-with-big-breasts-seeks-beauty-through-esthetic-treatments-and-ends-up-discovering-her-pleasure-washio-mei/,https://cdn.javmiku.com/wp-content/uploads/2026/08/snos345pl-550x374.jpg
https://jav.guru/1038456/snos-335-unable-to-live-without-your-perversion-a-serious-female-teacher-gets-hooked-on-thrilling-encounters-during-her-first-experience-on-the-train-kimura-ako/,https://cdn.javmiku.com/wp-content/uploads/2026/08/snos335pl-550x374.jpg
https://jav.guru/1038457/snos-317-a-slim-and-curvy-college-student-indulges-in-intense-pleasure-during-immersive-sex-mitsu-konoha/,https://cdn.javmiku.com/wp-content/uploads/2026/08/snos317pl-550x374.jpg
https://jav.guru/1038458/snos-315-a-playful-20-year-old-student-teasingly-undresses-and-seduces-shirohana-nia/,https://cdn.javmiku.com/wp-content/uploads/2026/08/snos315pl-550x374.jpg
https://jav.guru/1038459/snos-311-a-wealthy-college-girl-from-minato-undergoes-perverse-training-with-an-older-man-featuring-oral-submission-and-aphrodisiacs-in-secret-meetings-watanabe-hono/,https://cdn.javmiku.com/wp-content/uploads/2026/08/snos311pl-550x374.jpg
https://jav.guru/1038460/snos-290-former-idol-invites-a-longtime-fan-to-the-adult-film-set-for-a-special-thank-you-experience-shiraishi-towa/,https://cdn.javmiku.com/wp-content/uploads/2026/08/snos290pl-550x374.jpg
https://jav.guru/1038464/snos-145-in-this-village-sex-is-the-only-entertainment-a-rural-girl-who-readily-opens-her-legs-when-asked-kuraki-hana/,https://cdn.javmiku.com/wp-content/uploads/2026/08/snos145pl-550x374.jpg
https://jav.guru/1038465/roe-558-just-her-walking-makes-the-downtown-shopping-district-look-like-a-runway-debut-of-a-47-year-old-reader-model-from-a-certain-housewife-fashion-magazine-akizuki-yuu/,https://cdn.javmiku.com/wp-content/uploads/2026/08/roe558pl-550x374.jpg
https://jav.guru/1038466/roe-543-after-a-date-with-my-girlfriend-who-has-a-5-pm-curfew-i-ended-up-having-sex-with-her-mother-and-sister-aoi-yurika/,https://cdn.javmiku.com/wp-content/uploads/2026/08/roe543pl-550x374.jpg
https://jav.guru/1038467/roe-541-living-with-my-aunt-during-her-business-trip-leads-to-overwhelming-temptation-after-a-long-day-in-her-revealing-outfit-issiki-momoko/,https://cdn.javmiku.com/wp-content/uploads/2026/08/roe541pl-550x374.jpg
https://jav.guru/1038468/roe-540-a-mothers-devotion-surrendering-her-body-for-her-son-in-a-sweet-room-of-training-ooshima-yuuka/,https://cdn.javmiku.com/wp-content/uploads/2026/08/roe540pl-550x374.jpg
https://jav.guru/1038474/mism-461-a-special-episode-featuring-a-teacher-searching-for-a-lost-student-in-a-wild-scenario-of-extreme-submission-and-oral-domination-mano-inori/,https://cdn.javmiku.com/wp-content/uploads/2026/08/mism461pl-550x374.jpg
https://jav.guru/1038475/mism-457-m-girl-labs-10th-anniversary-celebration-extreme-ecstasy-with-12-female-holes-minami-kozue-kitano-mina-negoto-rui-sakamoto-rio/,https://cdn.javmiku.com/wp-content/uploads/2026/08/mism457pl-550x374.jpg
https://jav.guru/1038476/mism-452-lost-in-immaturity-the-ultimate-submissive-oral-experience-otonashi-suzu/,https://cdn.javmiku.com/wp-content/uploads/2026/08/mism452pl-550x374.jpg
https://jav.guru/1038477/mism-451-a-mans-throat-is-overwhelmed-by-a-flood-of-thick-white-fluid-and-filthy-saliva-in-a-blissful-oral-experience-futaba-ema/,https://cdn.javmiku.com/wp-content/uploads/2026/08/mism451pl-550x374.jpg
https://jav.guru/1038490/jur-839-a-former-celebrity-makes-her-debut-in-adult-film-at-34-captivating-audiences-with-her-stunning-looks-and-a-no-face-reveal-policy-haneda-kaira/,https://cdn.javmiku.com/wp-content/uploads/2026/08/jur839pl-550x374.jpg
https://jav.guru/1038491/jur-838-nude-model-ntr-shocking-footage-of-a-wife-drowning-in-shameful-infidelity-with-her-boss-kamiya-shiina/,https://cdn.javmiku.com/wp-content/uploads/2026/08/jur838pl-550x374.jpg
https://jav.guru/1038492/jur-834-a-wife-who-once-said-its-for-you-becomes-captivated-by-a-group-of-men-at-a-happening-bar-hojo-maki-fujisaki-yukari/,https://cdn.javmiku.com/wp-content/uploads/2026/08/jur834pl-550x374.jpg
https://jav.guru/1038493/jur-830-celebrating-two-years-of-exclusive-madonna-work-a-married-woman-succumbs-to-the-allure-of-bondage-katou-ayano/,https://cdn.javmiku.com/wp-content/uploads/2026/08/jur830pl-550x374.jpg
https://jav.guru/1038494/jur-824-after-18-years-with-the-kids-gone-a-couple-indulges-in-an-intense-and-passionate-reunion-kimura-rei/,https://cdn.javmiku.com/wp-content/uploads/2026/08/jur824pl-550x374.jpg
https://jav.guru/1038495/jur-823-just-let-me-insert-it-for-a-moment-i-felt-sorry-for-my-30-year-old-virgin-brother-in-law-and-fulfilled-his-lifelong-wish-takeuchi-yuki/,https://cdn.javmiku.com/wp-content/uploads/2026/08/jur823pl-550x374.jpg
https://jav.guru/1038496/jur-821-while-cleaning-an-unsuspecting-housekeeper-experiences-intense-pleasure-and-loses-herself-in-multiple-encounters-of-raw-intimacy-kitagawa-haruka/,https://cdn.javmiku.com/wp-content/uploads/2026/08/jur821pl-550x374.jpg
https://jav.guru/1038497/jur-820-sweat-pours-and-reason-flies-away-intense-summer-affair-with-wild-uncontrollable-pleasure-satsuki-mei/,https://cdn.javmiku.com/wp-content/uploads/2026/08/jur820pl-550x374.jpg
https://jav.guru/1038498/jur-819-it-might-be-his-last-chance-to-get-an-erection-so-just-let-me-in-for-a-moment-sinohara-iyo/,https://cdn.javmiku.com/wp-content/uploads/2026/08/jur819pl-550x374.jpg
https://jav.guru/1038499/jur-815-on-the-seventh-day-of-being-violated-by-my-husbands-boss-i-lost-all-sense-of-reason-kojima-minami/,https://cdn.javmiku.com/wp-content/uploads/2026/08/jur815pl-550x374.jpg
https://jav.guru/1038500/jur-804-intimate-encounters-an-affair-deepens-with-a-former-boss-at-a-hot-spring-inn-kotou-mariko/,https://cdn.javmiku.com/wp-content/uploads/2026/08/jur804pl-550x374.jpg
https://jav.guru/1038501/jur-799-ive-been-in-a-friends-with-benefits-relationship-with-my-sons-friend-for-five-years-indulging-in-reckless-affairs-with-a-younger-partner-ayumi-ryou/,https://cdn.javmiku.com/wp-content/uploads/2026/08/jur799pl-550x374.jpg
https://jav.guru/1038510/jur-104-the-married-secretarys-passionate-encounters-filled-with-sweat-and-kisses-in-the-ceos-office-matsuoka-suzu/,https://cdn.javmiku.com/wp-content/uploads/2026/08/jur104pl-550x374.jpg
https://jav.guru/1038511/jur-100-i-stole-my-friends-wife-having-sex-with-her-five-days-a-week-four-times-each-day-totaling-twenty-times-after-he-bragged-about-his-three-times-a-week-yuki-kanoha/,https://cdn.javmiku.com/wp-content/uploads/2026/08/jur100pl-550x374.jpg
https://jav.guru/1038512/jur-098-a-beautiful-lingerie-clad-housewife-insurance-agent-covered-in-saliva-and-semen-kuon-mio/,https://cdn.javmiku.com/wp-content/uploads/2026/08/jur098pl-550x374.jpg
https://jav.guru/1038513/huntc-648-losing-your-virginity-with-a-sexy-nurse-during-a-clinical-trial-for-medical-research-on-male-sexual-health-touka-yuuuri-akane-urara/,https://cdn.javmiku.com/wp-content/uploads/2026/08/huntc648pl-550x374.jpg
https://jav.guru/1038514/huntc-647-a-wild-funeral-party-with-dressed-up-guests-turns-into-an-unexpected-reunion-konno-hikaru-hirose-narumi-ando-haruno-kiyomi-reno-narumi-ruka-haduki-mayu/,https://cdn.javmiku.com/wp-content/uploads/2026/08/huntc647pl-550x374.jpg
https://jav.guru/1038515/hublk-077-a-widow-working-in-home-care-is-subjected-to-sexual-training-by-a-creepy-man-and-his-son-shiomi-aya/,https://cdn.javmiku.com/wp-content/uploads/2026/08/hublk077pl-550x374.jpg
https://jav.guru/1038516/hmn-898-too-much-love-from-my-girlfriends-sister-leads-to-secret-baby-making-and-ten-intense-sessions-kasui-jun/,https://cdn.javmiku.com/wp-content/uploads/2026/08/hmn898pl-550x374.jpg
https://jav.guru/1038517/hmn-886-a-lustful-housewife-creates-a-sperm-stealing-harem-in-her-home-based-brothel-harunai-noa-satsuki-nao/,https://cdn.javmiku.com/wp-content/uploads/2026/08/hmn886pl-550x374.jpg
https://jav.guru/1038518/dsod-073-young-lady-let-me-fill-you-up-with-my-beautiful-essence-a-truly-lewd-and-messy-encounter-with-a-lotion-loving-older-man-otonashi-suzu/,https://cdn.javmiku.com/wp-content/uploads/2026/08/dsod073pl-550x374.jpg
https://jav.guru/1038519/dsod-069-caught-in-a-downpour-on-a-business-trip-i-unexpectedly-got-drunk-in-front-of-my-boss-leading-to-a-night-of-intense-passion-and-sweat-soaked-encounters-hibiki-ren/,https://cdn.javmiku.com/wp-content/uploads/2026/08/dsod069pl-550x374.jpg
https://jav.guru/1038520/dsod-055-i-want-quick-sex-while-drunk-i-love-older-men-a-saliva-soaked-intense-encounter-with-a-submissive-girl-shiromine-miu/,https://cdn.javmiku.com/wp-content/uploads/2026/08/dsod055pl-550x374.jpg
https://jav.guru/1038521/dsod-054-i-reformed-the-most-troublesome-girl-at-work-into-a-submissive-partner-to-end-her-reign-of-chaos-miyanisi-hikaru/,https://cdn.javmiku.com/wp-content/uploads/2026/08/dsod054pl-550x374.jpg
https://jav.guru/1038522/dsod-043-my-first-love-who-left-me-behind-became-a-submissive-plaything-after-being-brainwashed-by-an-upperclassman-momozono-rena/,https://cdn.javmiku.com/wp-content/uploads/2026/08/dsod043pl-550x374.jpg
https://jav.guru/1038523/dsod-041-ill-keep-going-until-the-peach-juice-turns-into-meringue-with-a-dreamlike-service-focused-on-riding-and-playful-movements-itsukaichi-mei/,https://cdn.javmiku.com/wp-content/uploads/2026/08/dsod041pl-550x374.jpg
https://jav.guru/1038524/dsod-037-a-week-of-watching-helplessly-as-a-delicate-girl-is-held-captive-by-the-yakuza-and-falls-into-a-world-of-drug-fueled-orgies-sasakura-aya/,https://cdn.javmiku.com/wp-content/uploads/2026/08/dsod037pl-550x374.jpg
https://jav.guru/1038525/dsod-035-an-immersive-experience-of-erotic-language-and-face-focused-sweet-sadism-featuring-a-countdown-tease-with-all-lines-transcribed-to-stimulate-your-mind-kinoshita-himari/,https://cdn.javmiku.com/wp-content/uploads/2026/08/dsod035pl-550x374.jpg
https://jav.guru/1038526/dsod-033-a-delivery-service-encounter-with-a-demanding-senior-after-ordering-a-no-intercourse-escort-natsume-reika/,https://cdn.javmiku.com/wp-content/uploads/2026/08/dsod033pl-550x374.jpg
https://jav.guru/1038527/dsod-030-after-giving-a-haughty-woman-a-futanari-drug-she-becomes-a-busty-girl-consumed-by-pleasure-and-only-thinks-with-her-new-desires-momonaga-sarina/,https://cdn.javmiku.com/wp-content/uploads/2026/08/dsod030pl-550x374.jpg
https://jav.guru/1038528/dsod-006-an-exquisite-airline-experience-with-attentive-cabin-crew-providing-a-comfortable-and-intimate-journey-in-the-sky-ichinose-ramu-ikeda-marina-yuzuki-renka-ts-hiiragi-momiji/,https://cdn.javmiku.com/wp-content/uploads/2026/08/dsod006pl-550x374.jpg
https://jav.guru/1038529/cldg-014-nursing-mother-with-h-cup-breasts-in-a-half-outfit-fukuhara-mina/,https://cdn.javmiku.com/wp-content/uploads/2026/08/cldg014pl-550x374.jpg
https://jav.guru/1038530/cjod-530-reuniting-with-my-childhood-friend-in-the-countryside-after-five-years-i-was-overwhelmed-by-her-beauty-and-ended-up-in-an-intimate-encounter-arai-rima/,https://cdn.javmiku.com/wp-content/uploads/2026/08/cjod530pl-550x374.jpg
https://jav.guru/1038531/cjod-527-on-a-saturday-morning-i-woke-up-to-my-boss-in-sporty-underwear-leading-to-an-exciting-encounter-that-ended-with-multiple-intimate-moments-satsuki-nao/,https://cdn.javmiku.com/wp-content/uploads/2026/08/cjod527pl-550x374.jpg
https://jav.guru/1038532/achj-092-the-aesthetics-of-face-sitting-crushed-by-a-beautiful-big-butt-exclusive-pleasure-for-submissive-men-the-ultimate-in-cunnilingus-mania-kusakabe-kana/,https://cdn.javmiku.com/wp-content/uploads/2026/08/achj092pl-550x374.jpg
https://jav.guru/1038533/achj-090-an-aggressive-seductress-dominates-with-extreme-verbal-teasing-in-a-first-person-binaural-experience-designed-for-submissive-men-focusing-on-orgasm-control-nanami-tina/,https://cdn.javmiku.com/wp-content/uploads/2026/08/achj090pl-550x374.jpg
https://jav.guru/1038534/spsf-49-dark-descent-of-the-spandex-angel-shirasaki-mirei/,https://cdn.javmiku.com/wp-content/uploads/2026/08/h_173spsf49pl-550x374.jpg
https://jav.guru/1038535/spsf-46-the-heroine-in-a-tight-suit-battles-an-evil-doctors-ambitions-in-this-special-soldier-adventure-nitta-konomi/,https://cdn.javmiku.com/wp-content/uploads/2026/08/h_173spsf46pl-550x374.jpg
https://jav.guru/1038536/spsf-42-giant-heroine-hyper-stella-battles-a-giant-robot-and-aliens-tachibana-kyoka/,https://cdn.javmiku.com/wp-content/uploads/2026/08/h_173spsf42pl-550x374.jpg
https://jav.guru/1038537/neo-953-i-want-to-drown-in-saliva-and-urine-suzuka-kurumi/,https://cdn.javmiku.com/wp-content/uploads/2026/08/433neo953pl-550x374.jpg
https://jav.guru/1038538/nact-174-cycle-of-betrayal-the-ongoing-saga-of-infidelity-and-seduction-mikage-remi/,https://cdn.javmiku.com/wp-content/uploads/2026/08/h_237nact174pl-550x374.jpg
https://jav.guru/1038539/nact-172-a-womans-descent-into-pleasure-as-she-is-coerced-by-thugs-in-front-of-her-gambling-addicted-boyfriend-ultimately-craving-their-attention-yukina-mafuyu/,https://cdn.javmiku.com/wp-content/uploads/2026/08/h_237nact172pl-550x374.jpg
https://jav.guru/1038540/nact-169-training-for-a-visiting-caregiver-in-sexual-health-sumikawa-mihana/,https://cdn.javmiku.com/wp-content/uploads/2026/08/h_237nact169pl-550x374.jpg
https://jav.guru/1038541/jukf-138-niece-mais-playful-adventures-onodera-mai/,https://cdn.javmiku.com/wp-content/uploads/2026/08/h_227jukf138pl-550x374.jpg
https://jav.guru/1038542/abf-379-raw-insertion-with-a-poetic-touch-miyoshi-uta/,https://cdn.javmiku.com/wp-content/uploads/2026/08/118abf379pl-550x374.jpg
https://jav.guru/1038543/abf-378-the-perfect-woman-who-is-completely-devoted-to-me-unprotected-sex-focused-on-male-pleasure-kawai-asuna/,https://cdn.javmiku.com/wp-content/uploads/2026/08/118abf378pl-550x374.jpg
https://jav.guru/1038545/sw-1064-cousin-in-black-tights-cheers-you-up-come-on-take-a-look-and-release-your-stress-and-tension-together-kosaka-himari-nitta-konomi-yuri-ryo/,https://cdn.javmiku.com/wp-content/uploads/2026/08/1sw1064pl-550x374.jpg
https://jav.guru/1038546/spsf-51-enjoying-the-heroine-suit-monster-battle-squad-juukaizer-juupink-igarashi-kiyoka/,https://cdn.javmiku.com/wp-content/uploads/2026/08/h_173spsf51pl-550x374.jpg
https://jav.guru/1038547/spsf-50-the-heroines-downfall-spandex-clad-moon-angel-shiomi-aya/,https://cdn.javmiku.com/wp-content/uploads/2026/08/h_173spsf50pl-550x374.jpg
https://jav.guru/1038548/spsf-48-elegant-magical-warrior-fontaine-battles-nuno-gasuki-and-hadakaski-niimura-akari/,https://cdn.javmiku.com/wp-content/uploads/2026/08/h_173spsf48pl-550x374.jpg
https://jav.guru/1038549/spsf-47-total-destruction-of-the-heroines-dignity-revenge-of-the-weak-enemy-aina-ai/,https://cdn.javmiku.com/wp-content/uploads/2026/08/h_173spsf47pl-550x374.jpg
https://jav.guru/1038550/spsf-45-beast-fist-the-dark-warrior-nanzyou-sayaka/,https://cdn.javmiku.com/wp-content/uploads/2026/08/h_173spsf45pl-550x374.jpg
https://jav.guru/1038551/spsf-44-the-white-justice-condor-lady-negoto-rui/,https://cdn.javmiku.com/wp-content/uploads/2026/08/h_173spsf44pl-550x374.jpg
https://jav.guru/1038552/spsf-43-sailor-warrior-prey-of-despair-nisimoto-meisa/,https://cdn.javmiku.com/wp-content/uploads/2026/08/h_173spsf43pl-550x374.jpg
https://jav.guru/1038553/spsf-41-heroine-action-downfall-the-mobile-enforcement-officers-defeat-minase-akari/,https://cdn.javmiku.com/wp-content/uploads/2026/08/h_173spsf41pl-550x374.jpg
https://jav.guru/1038554/spsf-40-sentai-heroine-action-crisis-the-fall-of-ju-pink-nova-nomiya-an/,https://cdn.javmiku.com/wp-content/uploads/2026/08/h_173spsf40pl-550x374.jpg
https://jav.guru/1038555/spsf-39-heroine-action-in-trouble-the-fall-of-ju-pink-nova-nomiya-an/,https://cdn.javmiku.com/wp-content/uploads/2026/08/h_173spsf39pl-550x374.jpg
https://jav.guru/1038556/spsf-38-forbidden-essence-of-the-sacred-power-chura-kanon-tomoe-hikari/,https://cdn.javmiku.com/wp-content/uploads/2026/08/h_173spsf38pl-550x374.jpg
https://jav.guru/1038557/nhdtc-242-a-sensitive-woman-targeted-by-an-annoying-man-during-training-struggles-to-remove-a-forcibly-inserted-device-miyanisi-hikaru-adachi-yuri-chiba-yuuka/,https://cdn.javmiku.com/wp-content/uploads/2026/08/1nhdtc242pl-550x374.jpg
https://jav.guru/1038558/nhdtc-241-on-a-crowded-train-a-girl-with-large-breasts-teases-a-shy-boy-who-unexpectedly-turns-into-a-bold-flirt-leading-to-an-intimate-encounter-amamiya-hibiki-shirasaki-mirei-fukuhara-mina/,https://cdn.javmiku.com/wp-content/uploads/2026/08/1nhdtc241pl-550x374.jpg
https://jav.guru/1038559/nhdtc-240-shameful-moments-in-a-short-skirt-lets-go-wild-from-behind-natsuno-chinami-watarai-fuu-toba-iku-azusa-marino/,https://cdn.javmiku.com/wp-content/uploads/2026/08/1nhdtc240pl-550x374.jpg
https://jav.guru/1038560/nhdtc-233-sisters-moans-heard-through-the-curtain-drive-her-younger-sibling-wild-leading-to-multiple-intimate-encounters-itoi-ruka-nomiya-an/,https://cdn.javmiku.com/wp-content/uploads/2026/08/1nhdtc233pl-550x374.jpg
https://jav.guru/1038561/neo-857-frequent-urination-fetish-ayana-rina/,https://cdn.javmiku.com/wp-content/uploads/2026/08/433neo857pl-550x374.jpg
https://jav.guru/1038562/neo-856-always-on-point-when-climaxing-the-ultimate-rare-experience-marumo-rea/,https://cdn.javmiku.com/wp-content/uploads/2026/08/433neo856pl-550x374.jpg
https://jav.guru/1038563/nacx-176-a-busty-delivery-girl-unknowingly-becomes-aroused-by-an-yoshikawa-aimi-tsukada-shiori-hazuki-mion-nishimura-niina-sayaka-kujo-karashima-neru-misumi-hikari-arioka-miu-hatori-aira/,https://cdn.javmiku.com/wp-content/uploads/2026/08/h_237nacx176pl-550x374.jpg
https://jav.guru/1038564/nact-175-the-beautiful-landlady-at-the-rural-boarding-house-was-a-nudist-kobayakawa-reiko/,https://cdn.javmiku.com/wp-content/uploads/2026/08/h_237nact175pl-550x374.jpg
https://jav.guru/1038565/nact-173-watch-my-naughtier-side-as-i-secretly-meet-a-photographer-i-met-online-surprising-him-at-his-home-in-a-revealing-coat-for-an-intense-encounter-tsukino-kotone/,https://cdn.javmiku.com/wp-content/uploads/2026/08/h_237nact173pl-550x374.jpg
https://jav.guru/1038566/nact-171-i-secretly-filmed-my-sister-in-the-bath-to-sell-it-to-friends-but-i-couldnt-resist-her-erotic-body-and-ended-up-taking-advantage-of-her-while-she-slept-hibiki-ren/,https://cdn.javmiku.com/wp-content/uploads/2026/08/h_237nact171pl-550x374.jpg
https://jav.guru/1038567/nact-170-a-housewifes-desperate-plea-for-unprotected-encounters-in-her-secret-side-job-oda-mako/,https://cdn.javmiku.com/wp-content/uploads/2026/08/h_237nact170pl-550x374.jpg
https://jav.guru/1038568/milk-303-a-sweet-and-sadistic-girl-teases-her-shy-classmate-by-making-his-nipples-wet-and-sticky-indulging-in-a-saliva-filled-intense-slippery-experience-minase-akari/,https://cdn.javmiku.com/wp-content/uploads/2026/08/h_1240milk303pl-550x374.jpg
https://jav.guru/1038569/milk-302-the-plain-girl-who-showed-up-at-the-meeting-spot-turned-out-to-be-a-wild-and-insatiable-lover-begging-for-more-after-our-first-encounter-azusa-marino/,https://cdn.javmiku.com/wp-content/uploads/2026/08/h_1240milk302pl-550x374.jpg
https://jav.guru/1038570/milk-301-a-huge-gamble-leads-to-a-disappointing-outcome-but-a-desperate-gimmick-sparks-an-intense-climax-and-a-guaranteed-wild-experience-kawai-haruna/,https://cdn.javmiku.com/wp-content/uploads/2026/08/h_1240milk301pl-550x374.jpg
https://jav.guru/1038571/keed-91-is-it-really-cheating-if-its-just-a-little-touching-spending-a-night-at-my-girlfriends-house-kimika-shiori/,https://cdn.javmiku.com/wp-content/uploads/2026/08/h_086keed91pl-550x374.jpg
https://jav.guru/1038572/kaad-086-my-beautiful-mother-in-law-at-home-asakura-ren/,https://cdn.javmiku.com/wp-content/uploads/2026/08/h_086kaad86pl-550x374.jpg
https://jav.guru/1038573/jura-209-documentary-of-a-first-time-experience-with-a-mature-wife-chapter-two-sunohara-saki/,https://cdn.javmiku.com/wp-content/uploads/2026/08/h_086jura209pl-550x374.jpg
https://jav.guru/1038574/jukf-137-coming-of-age-daughter-ririka-amau-ririka/,https://cdn.javmiku.com/wp-content/uploads/2026/08/h_227jukf137pl-550x374.jpg
https://jav.guru/1038575/jrze-316-first-time-filming-of-a-middle-aged-wife-documentary-takaoka-chihiro/,https://cdn.javmiku.com/wp-content/uploads/2026/08/h_086jrze316pl-550x374.jpg
https://jav.guru/1038576/jrze-315-first-time-documentary-featuring-a-married-woman-moriyama-akari/,https://cdn.javmiku.com/wp-content/uploads/2026/08/h_086jrze315pl-550x374.jpg
https://jav.guru/1038577/gas-545-amateur-gathering-i-want-to-be-dominated-by-nina-nishimura-nishimura-niina/,https://cdn.javmiku.com/wp-content/uploads/2026/08/71gas00545pl-550x374.jpg
https://jav.guru/1038578/gas-544-exclusive-debut-of-a-new-m-cup-delivery-girl-who-loves-to-be-dominated-misasa-nodoka/,https://cdn.javmiku.com/wp-content/uploads/2026/08/71gas00544pl-550x374.jpg
https://jav.guru/1038579/fera-213-a-mother-wearing-flashy-lingerie-is-a-sign-of-her-frustration-and-desire-to-seduce-her-son-jogasaki-momose/,https://cdn.javmiku.com/wp-content/uploads/2026/08/h_086fera213pl-550x374.jpg
https://jav.guru/1038580/euud-91-mature-romance-at-a-hot-spring-a-steamy-orgy-with-a-group-of-older-women-shoda-chisato-fuyuki-mai-inoue-ayako-hiraoka-rieko-takazono-yuriko-aoba-konatsu/,https://cdn.javmiku.com/wp-content/uploads/2026/08/h_086euud91pl-550x374.jpg
https://jav.guru/1038581/ebon-007-a-highly-anticipated-live-action-adaptation-of-a-popular-doujin-comic-excuse-me-but-theres-a-penis-in-my-ramen-tsukino-kasumi/,https://cdn.javmiku.com/wp-content/uploads/2026/08/h_1711ebon007pl-550x374.jpg
https://jav.guru/1038599/jimmy-006-to-support-you-as-a-neet-i-return-home-with-that-gross-mans-creampie-still-inside-my-vagina-sakuragi-nagisa/,https://cdn.javmiku.com/wp-content/uploads/2026/08/JIMMY-006-550x374.jpg
https://jav.guru/1038600/iesp-244-transformation-plan-personality-breakdown-tachibana-riko/,https://cdn.javmiku.com/wp-content/uploads/2026/08/1iesp244pl-550x374.jpg
https://jav.guru/1038601/iesp-194-narcotics-officer-addicted-to-pleasure-and-experiencing-intense-vaginal-spasms-tachibana-riko/,https://cdn.javmiku.com/wp-content/uploads/2026/08/1iesp194pl-550x374.jpg
https://jav.guru/1038602/ibw-880-four-hours-of-explicit-footage-featuring-a-petite-beautiful-girl-nagisa-mitsuki-kudo-rara/,https://cdn.javmiku.com/wp-content/uploads/2026/08/504ibw880zpl-550x374.jpg
https://jav.guru/1038603/hunt-995-why-am-i-wet-even-though-i-didnt-pee-a-naive-student-experiences-arousal-for-the-first-time-while-sharing-a-small-room-with-their-younger-sister-hayase-alice-kanae-ruka-ichinose-suzu/,https://cdn.javmiku.com/wp-content/uploads/2026/08/1hunt995pl-550x374.jpg
https://jav.guru/1038604/hunt-856-a-couples-blissful-pre-wedding-photo-shoot-takes-a-wild-turn-when-the-bride-under-the-influence-of-an-aphrodisiac-ashina-yuria-serizawa-tsumugi-hara-chigusa-kimino-yuna-aozora-mirai/,https://cdn.javmiku.com/wp-content/uploads/2026/08/1hunt856pl-550x374.jpg
https://jav.guru/1038605/hitma-211-abusd-heroine-in-a-plug-suit-ootsuki-hibiki-chibana-meisa-fukusaki-ren/,https://cdn.javmiku.com/wp-content/uploads/2026/08/55hitma211pl-550x374.jpg
https://jav.guru/1038606/hitma-169-premium-best-collection-in-hd-8-hours-long-amamiya-kotone/,https://cdn.javmiku.com/wp-content/uploads/2026/08/55hitma169pl-550x374.jpg
https://jav.guru/1038607/hitma-071-private-moments-in-okinawa-hd-dvd-2-disc-set-with-dvd-and-blu-ray-tsubomi/,https://cdn.javmiku.com/wp-content/uploads/2026/08/55hitma71pl-550x374.jpg
https://jav.guru/1038608/havd-459-mother-and-daughter-humiliation-the-daughters-substitute-in-a-mothers-torment-endo-shiori-itsuki-karin/,https://cdn.javmiku.com/wp-content/uploads/2026/08/1havd459pl-550x374.jpg
https://jav.guru/1038609/fax-140-a-woman-starved-for-attention-falls-victim-to-a-stealthy-assailant-kasu-jun-kazuki-yuuko-natsumi-%e3%81%aa%e3%81%a4%e3%81%bf-misato-ruri/,https://cdn.javmiku.com/wp-content/uploads/2026/08/h_066fax140sopl-550x374.jpg
https://jav.guru/1038610/djsb-56-the-best-of-the-seductive-queen-four-hours-of-captivating-performances-amamiya-kotone/,https://cdn.javmiku.com/wp-content/uploads/2026/08/29djsb56pl-550x374.jpg
https://jav.guru/1038611/djsb-36-the-best-of-erotic-pleasure-four-hours-of-sensual-language-nakai-chiharu-miyashita-tsubasa-kirihara-azusa-amamiya-kotone-ootsuki-hibiki-higasio-mako-minami-aoi-sachiko-aoyama/,https://cdn.javmiku.com/wp-content/uploads/2026/08/29djsb36pl-550x374.jpg
https://jav.guru/1038612/djdk-003-dancer-queen-amamiya-kotone/,https://cdn.javmiku.com/wp-content/uploads/2026/08/29djdk003pl-550x374.jpg
https://jav.guru/1038613/dandy-248-a-home-massage-turns-into-a-dilemma-will-you-finish-inside-or-pull-out-kisaki-aya-hinata-minori-amamiya-kotone-kurokawa-ryou-hiiragi-ren/,https://cdn.javmiku.com/wp-content/uploads/2026/08/1dandy248pl-550x374.jpg
https://jav.guru/1038614/dandy-217-a-special-showcase-of-techniques-that-arouse-229-women-featuring-an-unflappable-beauty-who-remains-composed-despite-all-advances-mori-nanako-amamiya-kotone/,https://cdn.javmiku.com/wp-content/uploads/2026/08/1dandy217pl-550x374.jpg
https://jav.guru/1038615/crpd-384-double-the-pleasure-with-a-stunning-new-half-and-her-voluptuous-curves-sakuranomiya-tenma-amamiya-kotone-aozora-konatsu/,https://cdn.javmiku.com/wp-content/uploads/2026/08/crpd384pl-550x374.jpg
https://jav.guru/1038616/crmn-058-i-want-to-be-dominated-by-stunning-legs-in-pantyhose-ichinose-ameri-arimura-chika-natsume-yuuki-kasumi-risa-amamiya-kotone-kobayakawa-reiko-murakami-risa/,https://cdn.javmiku.com/wp-content/uploads/2026/08/crmn058pl-550x374.jpg
https://jav.guru/1038617/dldss-549-please-stay-with-me-and-watch-as-i-climax-with-him-ishida-saki/,https://cdn.javmiku.com/wp-content/uploads/2026/08/1dldss549pl-550x374.jpg
https://jav.guru/1038618/clot-042-the-tutor-in-black-pantyhose-is-a-classmate-natsuno-chinami/,https://cdn.javmiku.com/wp-content/uploads/2026/08/h_237clot042pl-550x374.jpg
https://jav.guru/1038619/arso-26209-dancing-wife-elite-club-209-zenba-mami-rukawa-haruka/,https://cdn.javmiku.com/wp-content/uploads/2026/08/1arso26209pl-550x374.jpg
https://jav.guru/1038620/akdld-365-i-have-a-thing-for-competitive-swimwear-and-often-wear-it-under-my-clothes-while-at-work-miyagi-rie/,https://cdn.javmiku.com/wp-content/uploads/2026/08/1akdld365pl-550x374.jpg
https://jav.guru/1038621/akdld-364-the-enthusiastic-female-coworker-is-our-shared-plaything-and-were-all-enjoying-ourselves-together-fukuhara-mina/,https://cdn.javmiku.com/wp-content/uploads/2026/08/1akdld364pl-550x374.jpg
https://jav.guru/1038622/akdld-363-the-office-worker-in-black-pantyhose-loves-being-taken-from-behind-showcasing-her-curvy-figure-wakaba-yuuki/,https://cdn.javmiku.com/wp-content/uploads/2026/08/1akdld363pl-550x374.jpg
https://jav.guru/1038623/aarm-363-a-luxurious-and-sweet-kiss-combined-with-an-intense-and-provocative-anal-experience-featuring-an-extraordinary-and-sensual-three-way-encounter-hatano-yui-nia/,https://cdn.javmiku.com/wp-content/uploads/2026/08/aarm363pl-550x374.jpg
https://jav.guru/1038624/aarm-362-deep-tissue-massage-leads-to-intense-pleasure-and-a-rewarding-sensual-experience-misaki-kanna-nogi-ayame-taki-yuina-otoha-misuzu-onosaka-yuka/,https://cdn.javmiku.com/wp-content/uploads/2026/08/aarm362pl-550x374.jpg
https://jav.guru/1041344/flav-104-tanned-marks-mature-beautiful-big-breasted-amateur-fukiishi-rena/,https://cdn.javmiku.com/wp-content/uploads/2026/08/434flav104sopl-550x374.jpg
https://jav.guru/1041345/tpns-037-the-ultra-beautiful-cosplayer-gets-undressed-and-is-shocked-by-the-fully-erect-boys-life-first-5p-anal-sex-screaming-and-going-crazy-with-a-cum-shower-in-a-wild-orgy-aoyama-neru/,https://cdn.javmiku.com/wp-content/uploads/2026/08/tpns037pl-550x374.jpg
https://jav.guru/1041347/sddm-169-the-first-all-japan-genuine-catfight-championship-complete-uncut-version-nanase-nanami-ayukawa-shinobu-tsubaki-rei-haraguti-mao-kanzaki-ayaka-morita-akari/,https://cdn.javmiku.com/wp-content/uploads/2026/08/1sddm169pl-550x374.jpg
https://jav.guru/1041348/sddm-114-a-boy-who-is-bullied-mizuno-hana-ayukawa-shinobu-hizaki-saya/,https://cdn.javmiku.com/wp-content/uploads/2026/08/1sddm114pl-550x374.jpg
https://jav.guru/1041349/sddm-009-semen-for-a-week-nanase-nanami/,https://cdn.javmiku.com/wp-content/uploads/2026/08/1sddm009pl-550x374.jpg
https://jav.guru/1041350/rgav-005-a-special-collection-of-explicit-encounters-featuring-an-elderly-man-and-a-cute-but-bratty-girl-pushing-boundaries-until-she-consents-to-everything-tsuno-itsuha-tsubaki-rika/,https://cdn.javmiku.com/wp-content/uploads/2026/08/rgav005pl-550x374.jpg
https://jav.guru/1041351/rapd-013-married-woman-chair-bondage-abduction-and-confinement-toy-trture-leading-to-the-collapse-of-reason-unable-to-move-strong-continuous-orgasms-with-aah-face-in-hell-kawakami-yuu/,https://cdn.javmiku.com/wp-content/uploads/2026/08/rapd013pl-550x374.jpg
https://jav.guru/1041352/prin-064-extreme-ejaculation-focus-ahegao-dick-worship-cute-girl-kuraki-shiori/,https://cdn.javmiku.com/wp-content/uploads/2026/08/prin064pl-550x374.jpg
https://jav.guru/1041356/nsfs-500-my-wife-became-everyones-plaything-on-the-company-trip-5-ruu/,https://cdn.javmiku.com/wp-content/uploads/2026/08/nsfs500pl-550x374.jpg
https://jav.guru/1041359/nash-032-in-fact-i-was-super-into-my-mother-alone-in-the-mixed-bath-thinking-i-was-just-a-kd-i-let-my-guard-down-and-exposed-my-naked-body-morishita-sakura-kaori-kazama-yumi-imafuji/,https://cdn.javmiku.com/wp-content/uploads/2026/08/h_067nash032pl-550x374.jpg
https://jav.guru/1041360/nash-030-my-brothers-wife-is-sexy-so-i-couldnt-help-but-steal-her-and-creampie-her-katou-tsubaki-fukiishi-rena-kanade-miyu-ishikawa-yuuna-hanyuu-arisa/,https://cdn.javmiku.com/wp-content/uploads/2026/08/h_067nash030pl-550x374.jpg
https://jav.guru/1041361/mrdv-1004-i-want-to-heal-you-sugimoto-serika-yumiko-takeuchi-nakazato-yuna-momoi-nozomi-kudo-riona/,https://cdn.javmiku.com/wp-content/uploads/2026/08/65mrdv1004pl-550x374.jpg
https://jav.guru/1041362/mope-020-strap-on-man-assaults-10-erotic-hip-movements-kururugi-mikan-jin-yuki-ohba-yui-narimiya-jun-haneda-riko-fukiishi-rena-nishiya-misaki-wakatuki-miina-aoi-yurika-hanyuu-arisa/,https://cdn.javmiku.com/wp-content/uploads/2026/08/mope020sopl-550x374.jpg
https://jav.guru/1041363/mope-010-anal-fisting-and-foot-fuck-a-maddening-punching-fist-and-double-fisting-kanoh-ayako-sonoda-karin-narimiya-jun-fukiishi-rena-hanyuu-arisa/,https://cdn.javmiku.com/wp-content/uploads/2026/08/mope010sopl-550x374.jpg
https://jav.guru/1041364/mmr_aa090-pure-chronicle-natsume-nishida/,https://cdn.javmiku.com/wp-content/uploads/2026/08/n_709mmraa090pl-550x374.jpg
https://jav.guru/1041366/mmr-ak051-legend-of-the-beautiful-girl-mirai-akiyoshi/,https://cdn.javmiku.com/wp-content/uploads/2026/08/2311-550x374.jpg
https://jav.guru/1041367/mkmp-748-the-ultimate-gym-that-provides-the-ideal-body-to-new-members-by-releasing-a-large-amount-of-bodily-fluids-in-a-big-butt-exclusive-course-called-shame-play-tenma-yui/,https://cdn.javmiku.com/wp-content/uploads/2026/08/mkmp748pl-550x374.jpg
https://jav.guru/1041376/mgmp-010-male-sexual-sensitivity-development-techniques-of-a-woman-who-makes-you-cum-with-nipple-stimulation-takakura-rina-ohba-yui-takase-ann-fukiishi-rena/,https://cdn.javmiku.com/wp-content/uploads/2026/08/mgmp010pl-550x374.jpg
https://jav.guru/1041377/meko-115-what-do-you-plan-to-do-after-getting-the-older-woman-drunk-targeting-a-mature-woman-drinking-alone-in-a-crowded-shared-izakaya-filled-with-young-men-and-women-seducing-her-and-taking-he/,https://cdn.javmiku.com/wp-content/uploads/2026/08/h_1160meko115pl-550x374.jpg
https://jav.guru/1041378/mdb-718-frustrated-married-women-attend-a-nude-drawing-class-renna-fukiishi-asahi-mizuno-chitose-hara-riko-hada-mizuno-asahi-hara-chitose-haneda-riko-fukiishi-rena/,https://cdn.javmiku.com/wp-content/uploads/2026/08/84mdb718pl-550x374.jpg
https://jav.guru/1041379/mast-017-my-gal-like-little-sister-will-teach-you-3d-aine-kokoro-koa-ayane/,https://cdn.javmiku.com/wp-content/uploads/2026/08/h_170mast017pl-550x374.jpg
https://jav.guru/1041380/madm-057-married-womens-consultations-are-mostly-about-nighttime-married-life-it-has-been-revealed-that-just-listening-to-their-worries-leads-to-100-sex-fukiishi-rena-asahina-nanako-terakawa/,https://cdn.javmiku.com/wp-content/uploads/2026/08/49madm057pl-550x374.jpg
https://jav.guru/1041381/lsd-002-i-want-to-be-tied-up-im-just-a-toy-and-thats-fine-meguru-kosaka-meguru/,https://cdn.javmiku.com/wp-content/uploads/2026/08/24lsd002pl-550x374.jpg
https://jav.guru/1041382/lid-036-virgin-hunting-the-mature-woman-who-wants-to-teach-fukiishi-rena/,https://cdn.javmiku.com/wp-content/uploads/2026/08/24lid036pl-550x374.jpg
https://jav.guru/1041383/ktra-793-cute-little-sister-and-raw-creampie-sex-2-4-hours-kousaka-tae-kanno-hina-kisaragi-mashiro-yukino-eru-ichii-yuika/,https://cdn.javmiku.com/wp-content/uploads/2026/08/ktra793pl-550x374.jpg
https://jav.guru/1041384/kidm-361-title-undecided-azusa-togashi-togashi-azusa/,https://cdn.javmiku.com/wp-content/uploads/2026/08/n_945kidm361pl-1-550x374.jpg
https://jav.guru/1041385/kidm-227-im-at-my-limit-now-takada-nozomi/,https://cdn.javmiku.com/wp-content/uploads/2026/08/1831-550x374.jpg
https://jav.guru/1041386/kidm-220-big-breasts-x-big-breasts-kamijyo-yuria/,https://cdn.javmiku.com/wp-content/uploads/2026/08/n_945kidm220pl-1-550x374.jpg
https://jav.guru/1041387/kidm-219-milky-mate-takada-nozomi/,https://cdn.javmiku.com/wp-content/uploads/2026/08/2489-550x374.jpg
https://jav.guru/1041388/kidm-217-a-beautiful-woman-who-can-topple-a-nation-kazuna-shimada-shimada-kazuna/,https://cdn.javmiku.com/wp-content/uploads/2026/08/n_945kidm217pl-1-550x374.jpg
https://jav.guru/1041389/kidm-208-venus-of-eroticism-yuria-kamijo-kamijyo-yuria/,https://cdn.javmiku.com/wp-content/uploads/2026/08/n_945kidm208pl-1-550x374.jpg
https://jav.guru/1041390/kidm-204-miku-miku-iku-hasegawa-miku/,https://cdn.javmiku.com/wp-content/uploads/2026/08/n_945kidm204pl-1-550x374.jpg
https://jav.guru/1041391/kidm-121-18-years-of-youth-kubota-asami/,https://cdn.javmiku.com/wp-content/uploads/2026/08/1281-550x374.jpg
https://jav.guru/1041393/kidm-033-mao-fujisawa-puppet-huzisaki-hinata/,https://cdn.javmiku.com/wp-content/uploads/2026/08/1276-550x374.jpg
https://jav.guru/1041394/jyma-113-a-busty-wife-offers-an-intimate-experience-with-her-impressive-assets-harunai-noa/,https://cdn.javmiku.com/wp-content/uploads/2026/08/jyma113pl-550x374.jpg
https://jav.guru/1041403/jlz-010-mature-lesbian-perversion-and-frenzy-rena-fukiishi-natsuko-mishima-fukiishi-rena-mishima-natsuko/,https://cdn.javmiku.com/wp-content/uploads/2026/08/jlz010sopl-550x374.jpg
https://jav.guru/1041404/jkw-008-mature-body-erect-nipples-of-a-big-breasted-wife-fukiishi-rena/,https://cdn.javmiku.com/wp-content/uploads/2026/08/442jkw008pl-550x374.jpg
https://jav.guru/1041405/jimmy-007-if-you-dont-fill-me-with-your-dirty-seed-right-now-youll-be-haunted-by-spirits-kurosawa-nanami/,https://cdn.javmiku.com/wp-content/uploads/2026/08/1jimmy00007pl-550x374.jpg
https://jav.guru/1041406/iene-197-dangerous-health-land-3-hasegawa-yuri-maeda-chie-mashiro-ai/,https://cdn.javmiku.com/wp-content/uploads/2026/08/1iene197pl-550x374.jpg
https://jav.guru/1041407/hzgd-002-the-entire-married-large-family-is-a-peeping-tom-fukiishi-rena/,https://cdn.javmiku.com/wp-content/uploads/2026/08/h_1107hzgd002pl-550x374.jpg
https://jav.guru/1041408/hxak-001-super-leg-pantyhose-queen-amamiya-kotone/,https://cdn.javmiku.com/wp-content/uploads/2026/08/29hxak001pl-550x374.jpg
https://jav.guru/1041409/huntc-646-a-costumed-job-leads-to-unexpected-encounters-with-a-seductive-samba-girl-sano-rika-arihoshi-aori-tsubaki-rika-kurosaki-hana/,https://cdn.javmiku.com/wp-content/uploads/2026/08/huntc646pl-550x374.jpg
https://jav.guru/1041410/huntc-568-stuck-in-a-hotel-room-with-a-serious-coworker-due-to-a-mix-up-we-cant-sleep-in-the-sweltering-heat-ichikawa-riku-misaki-oto-fujii-reira-tanimura-nagisaki/,https://cdn.javmiku.com/wp-content/uploads/2026/08/huntc568pl-550x374.jpg
https://jav.guru/1041411/huntc-525-feeling-hot-and-bothered-what-are-you-going-to-do-about-it-can-you-take-responsibility-taki-yuina-seto-hinako-aona-miu-konno-hikaru/,https://cdn.javmiku.com/wp-content/uploads/2026/08/huntc525pl-550x374.jpg
https://jav.guru/1041412/hunt-479-when-i-boldly-tried-to-get-an-erection-in-the-mixed-bathing-hot-spring-a-female-guest-who-happened-to-be-bathing-not-only-glanced-but-completely-lost-matsu-sumire-shiina-mikuru-tokita-a/,https://cdn.javmiku.com/wp-content/uploads/2026/08/1hunt479pl-550x374.jpg
https://jav.guru/1041413/hoc-082-a-beautiful-mature-woman-from-a-%ec%b6%9c%ec%9e%a5-massage-shows-off-her-masturbation-in-a-lewd-manner-4-hour-special-3-hoshi-anna-nachi-kurosawa-kayama-natsuko-hosaka-yuriko-fujishita/,https://cdn.javmiku.com/wp-content/uploads/2026/08/59hoc082pl-550x374.jpg
https://jav.guru/1041414/hnb-052-training-a-demon-wife-hirose-nanami/,https://cdn.javmiku.com/wp-content/uploads/2026/08/h_254hnb052pl-550x374.jpg
https://jav.guru/1041415/hetr-007-bondage-massage-parlor-2-fukiishi-rena/,https://cdn.javmiku.com/wp-content/uploads/2026/08/hetr007pl-550x374.jpg
https://jav.guru/1041416/har-029-a-beautiful-annoying-cute-wife-is-repeatedly-fucked-and-creampied-in-front-of-her-husband-while-being-harassed-by-the-neighbor-aoi-rena-fukiishi-rena-hibino-satomi-ohsawa-rina/,https://cdn.javmiku.com/wp-content/uploads/2026/08/118har029pl-550x374.jpg
https://jav.guru/1041417/guild-136-desperate-desire-erika-chiba/,https://cdn.javmiku.com/wp-content/uploads/2026/08/927-550x374.jpg
https://jav.guru/1041418/gqd-022-perversion-of-naughty-play-yumiko-yumiko-takeuchi/,https://cdn.javmiku.com/wp-content/uploads/2026/08/13gqd022pl-550x374.jpg
https://jav.guru/1041419/gmem-154-captivity-trture-training-screams-and-climax-an-elite-undercover-agents-body-succumbs-to-overwhelming-pleasure-in-a-hellish-descent-momose-himari/,https://cdn.javmiku.com/wp-content/uploads/2026/08/gmem154pl-550x374.jpg
https://jav.guru/1041420/gigl-456-since-my-breasts-are-sensitive-please-dont-touch-them-the-older-woman-hojo-maki-anno-yumi-nakajima-reiko-hina-aihara-kamikawa-haruko-hiyama-etsuko-oomori-ryoko-yamashita-yuk/,https://cdn.javmiku.com/wp-content/uploads/2026/08/h_860gigl456pl-550x374.jpg
https://jav.guru/1041421/ghkq-33-mighty-night-artemis-2-sunohara-miki-hasumi-kurea/,https://cdn.javmiku.com/wp-content/uploads/2026/08/h_173ghkq33pl-550x374.jpg
https://jav.guru/1041422/ghkp-89-sailor-minerva-training-to-be-a-bride-in-the-hell-of-lust-renmi-claire-hasumi-kurea/,https://cdn.javmiku.com/wp-content/uploads/2026/08/h_173ghkp89pl-550x374.jpg
https://jav.guru/1041423/fufu-027-documentary-when-i-asked-my-familiar-massage-therapist-for-sexual-pleasure-in-secret-from-my-faithful-wife-t-38-r-24-yamagishi-towako-sasaki-remi-sasaki-remi/,https://cdn.javmiku.com/wp-content/uploads/2026/08/h_254fufu027pl-550x374.jpg
https://jav.guru/1041424/ftn-032-i-want-to-see-a-wife-i-dont-know-21-rena-fukiishi-fukiishi-rena/,https://cdn.javmiku.com/wp-content/uploads/2026/08/118ftn032pl-550x374.jpg
https://jav.guru/1041425/free-007-sensual-mature-wife-a-sensitive-big-breasted-wife-with-tan-lines-on-her-naughty-body-misato-masaki-fukiishi-rena/,https://cdn.javmiku.com/wp-content/uploads/2026/08/h_114free007sopl-550x374.jpg
https://jav.guru/1041426/fem-038-a-versatile-non-hormonal-male-daughter-who-can-be-both-a-bottom-and-a-top-mako-kobe-kobe-mako/,https://cdn.javmiku.com/wp-content/uploads/2026/08/fem038pl-550x374.jpg
https://jav.guru/1041427/fax-365-my-husband-has-erectile-dysfunction-the-cries-of-wives-hungry-for-sex-okoshi-haruka-nakayama-mizuho-asai-maika-tojo-mina-uozumi-sae-naomi-wakatsuki-hidaka-yuria-enjo-hitomi/,https://cdn.javmiku.com/wp-content/uploads/2026/08/h_066fax365sopl-550x374.jpg
https://jav.guru/1041428/fax-353-the-gurus-secret-ritual-48-positions-for-exorcising-evil-spirits-female-believers-swallowing-the-gurus-semen-and-piercing-the-gurus-divine-body-to-orgasm-kirihara-azusa-nakamori-r/,https://cdn.javmiku.com/wp-content/uploads/2026/08/h_066fax353sopl-550x374.jpg
https://jav.guru/1041429/fax-338-bold-and-fearless-shameless-outdoor-sex-of-course-without-a-condom-namiki-yuria-kanzaki-reona-kawakami-yuu-nakamori-reiko-natsumi-erika/,https://cdn.javmiku.com/wp-content/uploads/2026/08/h_066fax338sopl-550x374.jpg
https://jav.guru/1041430/faa-264-is-it-okay-to-wear-a-bikini-at-the-public-pool-i-participated-in-a-pool-discussion-with-neighborhood-mom-friends-miyazaki-aya-fukiishi-rena-hoshisaki-remi-shion-akimoto/,https://cdn.javmiku.com/wp-content/uploads/2026/08/1faa264pl-550x374.jpg
https://jav.guru/1041431/enfd-5224-dew-ranko-kanbe/,https://cdn.javmiku.com/wp-content/uploads/2026/08/1571399167_enfd-5224-550x374.jpg
https://jav.guru/1041432/drj-008-dragon-and-snakes-bondage-love-affair-8-komori-uta/,https://cdn.javmiku.com/wp-content/uploads/2026/08/25drj008pl-550x374.jpg
https://jav.guru/1041433/dosa-017-sanctuary-kotone-amamiya/,https://cdn.javmiku.com/wp-content/uploads/2026/08/434dosa017sopl-550x374.jpg
https://jav.guru/1041434/docd-095-a-busty-female-college-student-crawls-in-a-tiny-micro-bikini-for-a-race-with-a-fixed-vibrator-digging-in-while-on-all-fours-her-sensitive-pussy-is-on-the-verge-of-collapse-tomoe-hikari/,https://cdn.javmiku.com/wp-content/uploads/2026/08/h_1711docd095pl-550x374.jpg
https://jav.guru/1041435/dmdg-030-submissive-breasts-creampie-rena-fukiishi-fukiishi-rena/,https://cdn.javmiku.com/wp-content/uploads/2026/08/dmdg030sopl-550x374.jpg
https://jav.guru/1041436/dmat-051-my-teacher-who-is-too-lewd-miyashita-yuko/,https://cdn.javmiku.com/wp-content/uploads/2026/08/h_254dmat051pl-550x374.jpg
https://jav.guru/1041437/dmat-048-silent-reverse-rape-alone-with-a-sexy-teacher-in-the-painting-class-katase-hitomi/,https://cdn.javmiku.com/wp-content/uploads/2026/08/h_254dmat048pl-550x374.jpg
https://jav.guru/1041438/ddu-032-i-was-violated-in-front-of-my-husband-and-felt-lewd-the-beautiful-wife-of-a-florist-35-years-old-fukiishi-rena/,https://cdn.javmiku.com/wp-content/uploads/2026/08/ddu032pl-550x374.jpg
https://jav.guru/1041439/dandy-522-is-it-really-okay-to-be-with-an-older-woman-the-nurse-who-was-hugged-by-a-young-boys-hard-150-degree-erect-cock-actually-doesnt-mind-being-fucked-vol-kanzaki-kumi-sinoda-ayumi-hi/,https://cdn.javmiku.com/wp-content/uploads/2026/08/1dandy522pl-550x374.jpg
https://jav.guru/1041440/cmi-061-the-ultimate-depravity-video-married-woman-number-9-fukiishi-rena/,https://cdn.javmiku.com/wp-content/uploads/2026/08/118cmi061pl-550x374.jpg
https://jav.guru/1041441/club-274-i-picked-up-two-beautiful-women-i-picked-up-at-a-shared-seating-izakaya-r35-when-visiting-the-house-of-a-stranger-kasumi-kaho-asumi-saki-fukiishi-rena/,https://cdn.javmiku.com/wp-content/uploads/2026/08/club274pl-550x374.jpg
https://jav.guru/1041442/cjob-025-g-cup-slutty-married-woman-best-rena-fukiishi-4-hours-kaori-shibuya-kaho-fukiishi-rena/,https://cdn.javmiku.com/wp-content/uploads/2026/08/cjob025pl-550x374.jpg
https://jav.guru/1041443/cherd-89-is-it-bad-to-have-my-first-time-with-an-older-woman-without-a-condom-a-virgin-boy-has-the-best-first-time-sex-with-a-married-mature-woman-satsuki-natsuyagi/,https://cdn.javmiku.com/wp-content/uploads/2026/08/h_086cherd89pl-550x374.jpg
https://jav.guru/1041444/chc-035-beautiful-woman-teasing-private-shoot-fuck-video-complete-submission-sex-to-an-old-man-ms-shizuku-works-at-a-pachinko-parlor-aoi-nami-shizuku-aona-miu/,https://cdn.javmiku.com/wp-content/uploads/2026/08/h_1751chc035pl-550x374.jpg
https://jav.guru/1041445/cemd-882-masked-big-bust-slutty-women-chosen-girls/,https://cdn.javmiku.com/wp-content/uploads/2026/08/cemd882pl-550x374.jpg
https://jav.guru/1041446/cemd-879-drunken-mature-women-in-a-messy-group-encounter-featuring-multiple-partners-and-intense-action-toyonaga-emi-himekawa-reiko-kirishima-asuka-minobe-sayaka/,https://cdn.javmiku.com/wp-content/uploads/2026/08/cemd879pl-550x374.jpg
https://jav.guru/1041447/cead-168-slug-woman-innkeeper-4-fukiishi-rena/,https://cdn.javmiku.com/wp-content/uploads/2026/08/cead168pl-550x374.jpg
https://jav.guru/1041448/cead-153-the-unfaithful-wife-of-a-divorced-man-5-fukiishi-rena/,https://cdn.javmiku.com/wp-content/uploads/2026/08/cead153pl-550x374.jpg
https://jav.guru/1041449/blor-305-busty-chubby-and-with-a-sexy-sultry-face-teased-foreplay-giant-cock-thrusting-getting-brutally-ravaged-screaming-with-a-low-moan-until-going-crazy-and-rolling-her-eyes-back-kosaka/,https://cdn.javmiku.com/wp-content/uploads/2026/08/blor305pl-550x374.jpg
https://jav.guru/1041450/bijn-096-beautiful-witch-96-rena-35-years-old-fukiishi-rena/,https://cdn.javmiku.com/wp-content/uploads/2026/08/bijn096pl-550x374.jpg
https://jav.guru/1041451/bgny-004-the-perverted-sex-of-a-working-woman-26-years-old-misaki-sakura-misaki/,https://cdn.javmiku.com/wp-content/uploads/2026/08/bgny004pl-550x374.jpg
https://jav.guru/1041452/bgg-010-painted-brainwashing-hatano-yui/,https://cdn.javmiku.com/wp-content/uploads/2026/08/bgg010pl-550x374.jpg
https://jav.guru/1041453/bban-200-apartment-wifes-daytime-lesbian-affair-reika-hashimoto-rena-fukiishi-fukiishi-rena-hasimoto-reika/,https://cdn.javmiku.com/wp-content/uploads/2026/08/bban200pl-550x374.jpg
https://jav.guru/1041454/auks-094-a-rundown-six-tatami-room-covered-in-breast-milk-lewd-lesbian-mating-a-throbbing-raw-milk-housewife-x-a-tanned-mature-woman-who-looks-good-in-a-bikini-fukiishi-rena-kuwata-mino/,https://cdn.javmiku.com/wp-content/uploads/2026/08/auks094sopl-550x374.jpg
https://jav.guru/1041455/ard-038-yumiko-takeuchis-perverted-cosplay-land-yumiko-takeuchi/,https://cdn.javmiku.com/wp-content/uploads/2026/08/62ard038pl-550x374.jpg
https://jav.guru/1041456/apns-419-a-female-student-possessed-by-a-desire-for-exposure-her-pussy-aches-with-the-thought-of-being-seen-itoi-ruka/,https://cdn.javmiku.com/wp-content/uploads/2026/08/apns419pl-550x374.jpg
https://jav.guru/1041457/aldn-607-the-wife-who-fell-into-the-pleasure-of-creampie-yukine-nakazaki/,https://cdn.javmiku.com/wp-content/uploads/2026/08/aldn607pl-550x374.jpg
https://jav.guru/1041458/aldn-606-cant-hold-back-even-with-my-stepdaughter-and-im-her-uncle-mizuno-yuuka/,https://cdn.javmiku.com/wp-content/uploads/2026/08/aldn606pl-550x374.jpg
https://jav.guru/1041587/yst-351-i-want-to-play-with-tachibana-san-in-a-way-thats-so-extreme-regardless-of-being-vulgar-or-elegant/,https://cdn.javmiku.com/wp-content/uploads/2026/08/540yst351pl-550x374.jpg
https://jav.guru/1041588/ysn-658-i-want-to-devour-my-little-sisters-amazing-body/,https://cdn.javmiku.com/wp-content/uploads/2026/08/h_127ysn658pl-550x374.jpg
https://jav.guru/1041591/scpx-552-i-picked-up-a-beautiful-ass-married-woman-i-found-on-the-street-and-held-a-dildo-challenge-with-the-lewd-momentum-of-her-wide-legged-riding-position-i-injected-my-raw-cock-creampie/,https://cdn.javmiku.com/wp-content/uploads/2026/08/scpx552pl-550x374.jpg
https://jav.guru/1041592/kv-326-bukkake-royal-semen-center-8/,https://cdn.javmiku.com/wp-content/uploads/2026/08/h_955kv326pl-550x374.jpg
https://jav.guru/1041593/jrze-296-first-shooting-married-woman-documentary-minori-kurakane/,https://cdn.javmiku.com/wp-content/uploads/2026/08/h_086jrze296pl-550x374.jpg
https://jav.guru/1041594/id-057-my-beloved-delivery-health-girl-57-the-tiny-pink-sensitive-nipple-girl-lifts-her-hips-and-cums-a-lot-the-tutoring-teacher-edition/,https://cdn.javmiku.com/wp-content/uploads/2026/08/h_113id057pl-550x374.jpg
https://jav.guru/1041595/hodv-22062-a-female-teacher-who-cant-help-but-be-obsessed-with-her-students-cock/,https://cdn.javmiku.com/wp-content/uploads/2026/08/41hodv22062pl-550x374.jpg
https://jav.guru/1041596/hodv-22060-a-business-trip-holiday-where-i-fucked-my-mistress-whom-i-reunited-with-after-a-year-while-completely-naked/,https://cdn.javmiku.com/wp-content/uploads/2026/08/41hodv22060pl-550x374.jpg
https://jav.guru/1041597/fns-248-while-having-an-affair-i-use-an-instant-penetration-aphrodisiac-cock-to-make-my-wife-who-dislikes-getting-pregnant-lose-her-mind-with-pleasure-and-fill-her-with-a-creampie/,https://cdn.javmiku.com/wp-content/uploads/2026/08/1fns00248pl-550x374.jpg
https://jav.guru/1041598/ekdv-815-seeking-a-huge-cock-for-adult-video-appearance-a-g-cup-girl-with-squirting-big-tits-is-a-greedy-bitch-filled-with-erotic-curiosity/,https://cdn.javmiku.com/wp-content/uploads/2026/08/ekdv815pl-550x374.jpg
https://jav.guru/1041599/chc-031-beautiful-girl-teasing-private-shoot-fuck-filming-complete-submission-sex-to-an-old-man-suzune-chan-female-university-student-suzune-kiritani/,https://cdn.javmiku.com/wp-content/uploads/2026/08/h_1751chc031pl-550x374.jpg
https://jav.guru/1041791/sgki-106-what-if-the-public-shower-suddenly-became-fully-visible-public-shame-naked-escape-game/,https://cdn.javmiku.com/wp-content/uploads/2026/08/1sgki106pl-550x374.jpg
https://jav.guru/1041792/scpx-564-the-sex-of-a-stepmother-and-son-who-became-captivated-by-an-incredible-cock-6-pairs-4-hours/,https://cdn.javmiku.com/wp-content/uploads/2026/08/scpx564pl-550x374.jpg
https://jav.guru/1041793/saba-989-amateur-pussy-observation-22-midsummer-bikini-gal-edition-shining-labia-almost-visible-through-4k-camera-ultra-close-up-at-a-near-distance-shy-climax-masturbation-30-pussies-4-hours-59-mi/,https://cdn.javmiku.com/wp-content/uploads/2026/08/saba989pl-550x374.jpg
https://jav.guru/1041794/rmer-058-urinal-girl/,https://cdn.javmiku.com/wp-content/uploads/2026/08/rmer058pl-550x374.jpg
https://jav.guru/1041795/rebdb-416-tsubasa-colorful-wings-amami-tsubasa-blu-ray-disc/,https://cdn.javmiku.com/wp-content/uploads/2026/08/n_1412rebdb416pl-550x374.jpg
https://jav.guru/1041796/rebdb-415-yui5-endless-evolution-yui-hatano-blu-ray-disc/,https://cdn.javmiku.com/wp-content/uploads/2026/08/n_1412rebdb415pl-550x374.jpg
https://jav.guru/1041797/rebd-462-amin-i-give-you-my-true-heart/,https://cdn.javmiku.com/wp-content/uploads/2026/08/n_1412rebd462pl-550x374.jpg
https://jav.guru/1041798/rebd-459-natsu-smile%e2%98%86revolution/,https://cdn.javmiku.com/wp-content/uploads/2026/08/n_1412rebd459pl-550x374.jpg
https://jav.guru/1041799/rebd-458-ako-silent-beauty/,https://cdn.javmiku.com/wp-content/uploads/2026/08/n_1412rebd458pl-550x374.jpg
https://jav.guru/1041800/rebd-455-suzu-ring-the-bell-of-my-heart-monami-suzu/,https://cdn.javmiku.com/wp-content/uploads/2026/08/n_1412rebd455pl-550x374.jpg
https://jav.guru/1041801/qrda-215-the-trainer-who-received-a-request-for-training-kira-and-sara/,https://cdn.javmiku.com/wp-content/uploads/2026/08/qrda215pl-550x374.jpg
https://jav.guru/1041802/parathd-4518-it-feels-so-good-but-i-cant-cum/,https://cdn.javmiku.com/wp-content/uploads/2026/08/parathd04518pl-550x374.jpg
https://jav.guru/1041803/1041803/,https://cdn.javmiku.com/wp-content/uploads/2026/08/parathd04512pl-550x374.jpg
https://jav.guru/1041804/parathd-4511-oh-my-youve-grown-up-so-well-my-mothers-female-friend-was-captivated-by-my-big-dick-she-tempts-me-to-have-sex-while-showing-off-her-juicy-mature-pussy/,https://cdn.javmiku.com/wp-content/uploads/2026/08/parathd04511pl-550x374.jpg
https://jav.guru/1041805/parathd-4510-a-pure-wife-forcibly-penetrated-by-unknown-men-in-a-rumored-orgy-mixed-bathing-hot-spring-3-a-perverted-husband-fully-erect-from-having-his-beloved-wife-taken-away/,https://cdn.javmiku.com/wp-content/uploads/2026/08/parathd04510pl-550x374.jpg
https://jav.guru/1041806/ozz-004-first-leak-a-secret-camera-test-before-the-debut-a-real-first-performance-where-she-obediently-submits-with-an-innocent-appearance-unaware-of-acting/,https://cdn.javmiku.com/wp-content/uploads/2026/08/1ozz00004pl-550x374.jpg
https://jav.guru/1041807/namhs-005-genuine-creampie-video-collection-volume-5-all-authentic-real-semen-unprotected-raw-round-sex-with-4-people-total-14-shots/,https://cdn.javmiku.com/wp-content/uploads/2026/08/1namhs005pl-550x374.jpg
https://jav.guru/1041808/namh-074-supreme-creampie-angle-19-shots-squirt-short-haired-beautiful-girl/,https://cdn.javmiku.com/wp-content/uploads/2026/08/1namh074pl-550x374.jpg
https://jav.guru/1041809/naac-078-best-naked-himari-momose/,https://cdn.javmiku.com/wp-content/uploads/2026/08/n_1541naac078pl-550x374.jpg
https://jav.guru/1041810/mmr-az123-love-manamin-love-manamin-manami-furukawa/,https://cdn.javmiku.com/wp-content/uploads/2026/08/19-550x374.jpg
https://jav.guru/1041811/mmr-az109-raise-me-up-reimi-ohsawa/,https://cdn.javmiku.com/wp-content/uploads/2026/08/1582761303_mmr-az109-550x374.jpg
https://jav.guru/1041812/mmr-az108-love-ring-rin-tachibana/,https://cdn.javmiku.com/wp-content/uploads/2026/08/737-550x374.jpg
https://jav.guru/1041813/mmr-az107-soft-and-gentle-chika-kanayama/,https://cdn.javmiku.com/wp-content/uploads/2026/08/736-550x374.jpg
https://jav.guru/1041814/mmr-az051-asamist-asami-morino/,https://cdn.javmiku.com/wp-content/uploads/2026/08/675573629_2160-550x374.jpg
https://jav.guru/1041815/mmr-az038-mika-nonomiya-my-older-sister-mika-nonomiya-%e3%80%85/,https://cdn.javmiku.com/wp-content/uploads/2026/08/mmr-az038-550x374.jpg
https://jav.guru/1041817/mmr-az008-mmr-az089-secret-marina-yamasaki/,https://cdn.javmiku.com/wp-content/uploads/2026/08/n_709mmraz089pl-550x374.jpg
https://jav.guru/1041818/mmr-aw007-beautiful-woman-2-saeki-rei/,https://cdn.javmiku.com/wp-content/uploads/2026/08/1582636720_mmr-aw007-550x374.jpg
https://jav.guru/1041819/mmr-au003-sayuri-madoka-en-sayuri-en/,https://cdn.javmiku.com/wp-content/uploads/2026/08/1582636640_mmr-au003-550x374.jpg
https://jav.guru/1041820/mmr-as001-secret-hot-spring-ayumi-koyanagi/,https://cdn.javmiku.com/wp-content/uploads/2026/08/mmr-as001-550x374.jpg
https://jav.guru/1041821/mmr-ar009-panchan-vanessa-pan/,https://cdn.javmiku.com/wp-content/uploads/2026/08/17-550x374.jpg
https://jav.guru/1041822/mmr-aq014-step-to-me-rie-matsuoka/,https://cdn.javmiku.com/wp-content/uploads/2026/08/1576130941_mmr-aq014-550x374.jpg
https://jav.guru/1041823/mmr-aq013-hiyori-memory-hiyori-izumi/,https://cdn.javmiku.com/wp-content/uploads/2026/08/490-550x374.jpg
https://jav.guru/1041824/mmr-ap006-thousand-love-chiaki-moriyama/,https://cdn.javmiku.com/wp-content/uploads/2026/08/1585225781_mmr-ap006-550x374.jpg
https://jav.guru/1041825/mmr-ap004-more-with-me-kuroki-marika/,https://cdn.javmiku.com/wp-content/uploads/2026/08/3026-550x374.jpg
https://jav.guru/1041826/mmr-ak071-legend-of-beautiful-girls-milky-touch-ami-sasano/,https://cdn.javmiku.com/wp-content/uploads/2026/08/292591795_mmr-ak071-550x374.jpg
https://jav.guru/1041827/mmr-ab001-pastel-aiko-fujiwara/,https://cdn.javmiku.com/wp-content/uploads/2026/08/406mmrab00001pl-550x374.jpg
https://jav.guru/1041828/mmr-aa149-pure-chronicle/,https://cdn.javmiku.com/wp-content/uploads/2026/08/n_709mmraa149pl-550x374.jpg
https://jav.guru/1041830/mmr-aa142-pure-chronicle/,https://cdn.javmiku.com/wp-content/uploads/2026/08/n_709mmraa142pl-550x374.jpg
https://jav.guru/1041831/mmr-aa141-pure-classmate-mizuha-yamazaki/,https://cdn.javmiku.com/wp-content/uploads/2026/08/n_709mmraa141pl-550x374.jpg
https://jav.guru/1041832/mmr-aa046-pure-chronicle-rina-sugihara/,https://cdn.javmiku.com/wp-content/uploads/2026/08/1539866266_mmr-aa046-550x374.jpg
https://jav.guru/1041833/miad-039-disposable-m-slave-koharu/,https://cdn.javmiku.com/wp-content/uploads/2026/08/miad039pl-550x374.jpg
https://jav.guru/1041834/mded-044-assaulted-namba-an-av-idol-rape-case-files/,https://cdn.javmiku.com/wp-content/uploads/2026/08/mded044pl-550x374.jpg
https://jav.guru/1041835/mac-46-mothers-moaning-restraint-drowning-in-her-sons-sexual-skills-while-her-husband-sleeps-beside-her-double-sexual-activity/,https://cdn.javmiku.com/wp-content/uploads/2026/08/143mac46pl-550x374.jpg
https://jav.guru/1041836/lcdv-41368-io-really-is-a-great-woman-io-iori/,https://cdn.javmiku.com/wp-content/uploads/2026/08/1350-550x374.jpg
https://jav.guru/1041837/lcdv-40582-together-with-saccho-sayaka-onuki/,https://cdn.javmiku.com/wp-content/uploads/2026/08/657-550x374.jpg
https://jav.guru/1041838/lcdv-40428-anri-sugihara-anri-lover-himeno-anju/,https://cdn.javmiku.com/wp-content/uploads/2026/08/299705883_2147-550x374.jpg
https://jav.guru/1041839/lcdv-40411-shaking-shizuka-shizuka-nakamura/,https://cdn.javmiku.com/wp-content/uploads/2026/08/2748-550x374.jpg
https://jav.guru/1041840/lcdv-40371-our-time-together-konomi-yoshikawa/,https://cdn.javmiku.com/wp-content/uploads/2026/08/740-550x374.jpg
https://jav.guru/1041841/lcdv-40370-iris-haruna-amatsubo/,https://cdn.javmiku.com/wp-content/uploads/2026/08/1584203846_lcdv-40370-550x374.jpg
https://jav.guru/1041842/lcdv-40364-dokana-kana-tsugihara/,https://cdn.javmiku.com/wp-content/uploads/2026/08/1584107952_lcdv-40364-550x374.jpg
https://jav.guru/1041843/lcdv-24004-rui-collection-super-extra-rui-kiriyama/,https://cdn.javmiku.com/wp-content/uploads/2026/08/1589751536_lcdv-24004-550x374.jpg
https://jav.guru/1041844/lcbd-00989-hirari-beauty-rina-hirata/,https://cdn.javmiku.com/wp-content/uploads/2026/08/1633-550x374.jpg
https://jav.guru/1041845/lcbd-00903-golden-smile-fumina-suzuki/,https://cdn.javmiku.com/wp-content/uploads/2026/08/399411980_1924-550x374.jpg
https://jav.guru/1041846/lcbd-00790-my-beloved-aya-curve-aya-kawasaki/,https://cdn.javmiku.com/wp-content/uploads/2026/08/1205-550x374.jpg
https://jav.guru/1041847/lcbd-00697-rina-nagai-plump-diary-rina-nagai-%e2%98%86/,https://cdn.javmiku.com/wp-content/uploads/2026/08/1524574991_lcbd-00697-550x374.jpg
https://jav.guru/1041848/lcbd-00684-yuumi/,https://cdn.javmiku.com/wp-content/uploads/2026/08/2357-550x374.jpg
https://jav.guru/1041849/lcbd-00668-ill-give-you-my-eyes-aoyama-hikaru/,https://cdn.javmiku.com/wp-content/uploads/2026/08/1361-550x374.jpg
https://jav.guru/1041850/lcbd-00644-moonlit-goddess-nitta-mami/,https://cdn.javmiku.com/wp-content/uploads/2026/08/1564892421_lcbd-00644-550x374.jpg
https://jav.guru/1041851/lcbd-00623-unfair-noriko-kijima/,https://cdn.javmiku.com/wp-content/uploads/2026/08/1564669150_lcbd-00623-550x374.jpg
https://jav.guru/1041852/kidm-934b-french-love-akimoto-tsubasa/,https://cdn.javmiku.com/wp-content/uploads/2026/08/1815-550x374.jpg
https://jav.guru/1041853/kidm-718-asami-kubota-water-gun/,https://cdn.javmiku.com/wp-content/uploads/2026/08/42132731_i332214-550x374.jpg
https://jav.guru/1041854/kidm-567-sentimental-journey/,https://cdn.javmiku.com/wp-content/uploads/2026/08/n_945kidm567pl-550x374.jpg
https://jav.guru/1041855/kidm-483-untitled-hoshino-miyu/,https://cdn.javmiku.com/wp-content/uploads/2026/08/n_945kidm483pl-550x374.jpg
https://jav.guru/1041856/kidm-473-untitled-summer-radiance/,https://cdn.javmiku.com/wp-content/uploads/2026/08/n_945kidm473pl-550x374.jpg
https://jav.guru/1041857/kidm-470-title-undecided-imai-mero/,https://cdn.javmiku.com/wp-content/uploads/2026/08/n_945kidm470pl-550x374.jpg
https://jav.guru/1041858/kidm-460-uncensored-hasegawa-momoka-2/,https://cdn.javmiku.com/wp-content/uploads/2026/08/n_945kidm460pl-550x374.jpg
https://jav.guru/1041859/kidm-458-title-undecided-ami-tokito/,https://cdn.javmiku.com/wp-content/uploads/2026/08/n_945kidm458pl-550x374.jpg
https://jav.guru/1041860/kidm-442-ami-tokito-pantat-tokihigashi-ami/,https://cdn.javmiku.com/wp-content/uploads/2026/08/1152-550x374.jpg
https://jav.guru/1041861/kidm-435-title-undecided-asami-kubota/,https://cdn.javmiku.com/wp-content/uploads/2026/08/n_945kidm435pl-550x374.jpg
https://jav.guru/1041862/kidm-410-title-undecided-asami-kubota/,https://cdn.javmiku.com/wp-content/uploads/2026/08/n_945kidm410pl-550x374.jpg
https://jav.guru/1041863/kidm-392-the-hospitality-of-momoka-hyakuka/,https://cdn.javmiku.com/wp-content/uploads/2026/08/n_945kidm392pl-550x374.jpg
https://jav.guru/1041864/kidm-383-title-undecided-hasegawa-momoka/,https://cdn.javmiku.com/wp-content/uploads/2026/08/n_945kidm383pl-550x374.jpg
https://jav.guru/1041865/kidm-350-title-undecided-hasegawa-momoka/,https://cdn.javmiku.com/wp-content/uploads/2026/08/n_945kidm350pl-550x374.jpg
https://jav.guru/1041867/kidm-152-females-and-males-asami-kubota/,https://cdn.javmiku.com/wp-content/uploads/2026/08/45838470_i137284-550x374.jpg
https://jav.guru/1041870/kidm-1176-provocation-oda-asuka/,https://cdn.javmiku.com/wp-content/uploads/2026/08/723-550x374.jpg
https://jav.guru/1041873/kidm-054-remi-fujike-thats-not-allowed-yokoyama-mirei/,https://cdn.javmiku.com/wp-content/uploads/2026/08/1515-550x374.jpg
https://jav.guru/1041874/kidm-049-dynamite-jennifer-kurosawa/,https://cdn.javmiku.com/wp-content/uploads/2026/08/1586940393_kidm-049-550x374.jpg
https://jav.guru/1041875/kidm-008-yuko-suzuki-miss-big-boobs-mizumori-yuko/,https://cdn.javmiku.com/wp-content/uploads/2026/08/735-550x374.jpg
https://jav.guru/1041876/juc-100-raped-by-my-father-in-law-beautiful-bride-abuse/,https://cdn.javmiku.com/wp-content/uploads/2026/08/JUC-100-550x374.jpg
https://jav.guru/1041881/iesp-588-drug-enforcement-officer-drug-addicted-pussy-convulsions/,https://cdn.javmiku.com/wp-content/uploads/2026/08/1iesp588pl-550x374.jpg
https://jav.guru/1041882/iesp-576-female-investigator-rina-fukada-the-trap-of-debauchery/,https://cdn.javmiku.com/wp-content/uploads/2026/08/1iesp576pl-550x374.jpg
https://jav.guru/1041883/iesp-216-the-neighbors-wife-creampie-20-consecutive-times/,https://cdn.javmiku.com/wp-content/uploads/2026/08/1iesp216pl-550x374.jpg
https://jav.guru/1041884/iesp-206-the-neighbors-wife-creampie-20-consecutive-times/,https://cdn.javmiku.com/wp-content/uploads/2026/08/1iesp206pl-550x374.jpg
https://jav.guru/1041885/iesp-166-black-man-creampie-20-consecutive-times/,https://cdn.javmiku.com/wp-content/uploads/2026/08/1iesp166pl-550x374.jpg
https://jav.guru/1041886/iesp-144-new-female-teacher-creampie-20-consecutive-times/,https://cdn.javmiku.com/wp-content/uploads/2026/08/1iesp144pl-550x374.jpg
https://jav.guru/1041887/hitma-147-i-love-you-i-love-you-i-love-you-hd-blu-ray-disc/,https://cdn.javmiku.com/wp-content/uploads/2026/08/55hitma147pl-550x374.jpg
https://jav.guru/1041888/hitma-134-chika-eiro-premium-best-hd-4-hours-blu-ray-disc/,https://cdn.javmiku.com/wp-content/uploads/2026/08/55hitma134pl-550x374.jpg
https://jav.guru/1041889/fw-017-sister-in-law-and-brother-in-laws-lewd-swapping-fetish-sex-while-licking-feet-and-creampie-ntr-brothers/,https://cdn.javmiku.com/wp-content/uploads/2026/08/h_1089fw00017pl-550x374.jpg
https://jav.guru/1041890/fw-016-father-in-law-x-wife-x-son-in-law-x-mother-in-laws-lewd-ntr-swapping-the-son-in-law-sucks-on-the-mother-in-laws-big-tits-while-the-wife-is-fucked-by-the-father-in-laws-big-dick/,https://cdn.javmiku.com/wp-content/uploads/2026/08/h_1089fw00016pl-550x374.jpg
https://jav.guru/1041891/enfd-5647-julian-pure-story-jurian/,https://cdn.javmiku.com/wp-content/uploads/2026/08/enfd-5647-550x374.jpg
https://jav.guru/1041892/enfd-5637-cherry-blossom-color-sakura-kano/,https://cdn.javmiku.com/wp-content/uploads/2026/08/662-550x374.jpg
https://jav.guru/1041893/enfd-5596-yume-hazuki-im-in-love-with-yume-oishi-misaki/,https://cdn.javmiku.com/wp-content/uploads/2026/08/1587808829_enfd-5596-550x374.jpg
https://jav.guru/1041894/enfd-5495-love-in-love-ai-yamagami/,https://cdn.javmiku.com/wp-content/uploads/2026/08/1555806374_enfd-5495-550x374.jpg
https://jav.guru/1041895/enfd-5493-dripping-honey-misaki-soejima/,https://cdn.javmiku.com/wp-content/uploads/2026/08/1588415790_enfd-5493-550x374.jpg
https://jav.guru/1041902/dpmk-06-high-school-girl-panty-peek-6/,https://cdn.javmiku.com/wp-content/uploads/2026/08/189dpmk06pl-550x374.jpg
https://jav.guru/1041903/dldss-543-the-flightless-flight-attendant-is-raising-just-a-male-pig-the-worthless-captains-training-diary-on-a-flight-cancellation-day/,https://cdn.javmiku.com/wp-content/uploads/2026/08/1dldss543pl-550x374.jpg
https://jav.guru/1041904/ddob-043-exquisite-creampie-in-the-mouth-pussy-the-lewd-fellatio-of-abnormal-fetish-housewives/,https://cdn.javmiku.com/wp-content/uploads/2026/08/ddob043pl-550x374.jpg
https://jav.guru/1041905/chib-003-two-extremely-small-girls-with-no-guard-and-innocent-smiles-unable-to-contain-desire-relentlessly-fucking-them-with-a-huge-cock-until-they-are-exhausted-penetrating-their-hairless-puss/,https://cdn.javmiku.com/wp-content/uploads/2026/08/chib003pl-550x374.jpg
https://jav.guru/1041906/aarm-364-while-being-whispered-erotic-words-in-my-ear-i-continue-to-be-subjected-to-naughty-things-in-an-extremely-sweet-3p-play/,https://cdn.javmiku.com/wp-content/uploads/2026/08/aarm364pl-550x374.jpg
https://jav.guru/1042759/vnds-3443-wife-and-mature-womans-skilled-grinding-and-rubbing-masturbation-until-melting-2/,https://cdn.javmiku.com/wp-content/uploads/2026/08/h_1664vnds3443pl-550x374.jpg
https://jav.guru/1042760/start-624-ntr-during-delivery-while-following-a-seasoned-married-driver-on-his-route-a-newlywed-wife-suzune-honjo-gets-attacked-in-the-car/,https://cdn.javmiku.com/wp-content/uploads/2026/08/1start624pl-550x374.jpg
https://jav.guru/1042761/start-623-a-woman-with-an-irresistible-body-who-wants-to-devour-you-completely-off-guard-and-openly-expressing-her-desires-the-lively-and-laughing-mana-sakuraba-indulges-in-raw-instinctive-sex/,https://cdn.javmiku.com/wp-content/uploads/2026/08/1start623pl-550x374.jpg
https://jav.guru/1042762/start-621-obedient-hot-spring-trip-with-sora-niikawa/,https://cdn.javmiku.com/wp-content/uploads/2026/08/1start621pl-550x374.jpg
https://jav.guru/1042763/start-619-a-two-day-trip-where-i-cum-12-times-during-a-wild-intimate-creampie-hot-spring-getaway-with-a-celebrity-nagisa-ren/,https://cdn.javmiku.com/wp-content/uploads/2026/08/1start619vpl-550x374.jpg
https://jav.guru/1042764/start-607-my-convenient-wife-and-mistress-momona-koibuchi-keeps-begging-for-creampies-with-her-suggestive-dirty-talk/,https://cdn.javmiku.com/wp-content/uploads/2026/08/1start607pl-550x374.jpg
https://jav.guru/1042765/sdnm-560-mayuka-arisawa-36-years-old-final-chapter-i-want-to-fully-flaunt-my-big-moans-that-have-always-been-my-complex-and-feel-the-best-in-my-life-screaming-creampie-climax-in-a-pension-deep-i/,https://cdn.javmiku.com/wp-content/uploads/2026/08/1sdnm560pl-550x374.jpg
https://jav.guru/1042766/sdmm-238-magic-mirror-bus-do-you-kiss-your-husband-every-day-a-survey-on-the-kissing-habits-of-young-wives/,https://cdn.javmiku.com/wp-content/uploads/2026/08/1sdmm238pl-550x374.jpg
https://jav.guru/1042767/sdde-769-the-man-who-can-stop-time-really-exists-that-man-is-back-creampie-edition-with-the-client-who-wants-to-stop-time/,https://cdn.javmiku.com/wp-content/uploads/2026/08/1sdde769pl-550x374.jpg
https://jav.guru/1042768/sdam-179-a-part-time-worker-24-with-a-total-debt-of-2-8-million-yen-aiming-for-a-comeback-she-makes-her-av-debut-sachi-yamada/,https://cdn.javmiku.com/wp-content/uploads/2026/08/1sdam179pl-550x374.jpg
https://jav.guru/1042769/sdab-358-18-year-old-blowjob-lessons-a-cute-archery-girl-interested-in-various-cocks-undergoes-a-day-of-deepthroat-training-totaling-10-loads-starring-yui-kaname/,https://cdn.javmiku.com/wp-content/uploads/2026/08/1sdab358pl-550x374.jpg
https://jav.guru/1042770/sdab-356-18-year-old-uncles-sex-delivering-the-slender-a-chan-to-a-share-house-full-of-perverted-uncles-a-communal-living-challenge-where-she-has-sex-with-everyone-and-gets-close-to-them-ai/,https://cdn.javmiku.com/wp-content/uploads/2026/08/1sdab356pl-550x374.jpg
https://jav.guru/1042771/prian-058-kasumi-tsukino-in-summer-haze/,https://cdn.javmiku.com/wp-content/uploads/2026/08/n_1544prian058pl-550x374.jpg
https://jav.guru/1042772/prian-057-20-kato-tsubaki/,https://cdn.javmiku.com/wp-content/uploads/2026/08/n_1544prian057pl-550x374.jpg
https://jav.guru/1042773/prian-056-natsuki-color-natsuki-waka/,https://cdn.javmiku.com/wp-content/uploads/2026/08/n_1544prian056pl-550x374.jpg
https://jav.guru/1042774/prian-055-unveil-jinai-kiyomiya/,https://cdn.javmiku.com/wp-content/uploads/2026/08/n_1544prian055pl-550x374.jpg
https://jav.guru/1042775/prian-054-noah-hazuki-noa/,https://cdn.javmiku.com/wp-content/uploads/2026/08/n_1544prian054pl-550x374.jpg
https://jav.guru/1042776/prian-053-to-leo-riko-hoshino/,https://cdn.javmiku.com/wp-content/uploads/2026/08/n_1544prian053pl-550x374.jpg
https://jav.guru/1042777/pes-153-the-beautiful-wife-who-was-fucked-by-her-insatiable-father-in-law-2-disc-set/,https://cdn.javmiku.com/wp-content/uploads/2026/08/h_1664pes153pl-550x374.jpg
https://jav.guru/1042778/nxgs-025-mature-office-lady-in-uniform-and-pantyhose/,https://cdn.javmiku.com/wp-content/uploads/2026/08/h_1664nxgs025pl-550x374.jpg
https://jav.guru/1042779/mded-293-disposable-m-slave-an-nanba/,https://cdn.javmiku.com/wp-content/uploads/2026/08/mded293pl-550x374.jpg
https://jav.guru/1042780/kir-079-the-big-ass-female-bosss-tight-pants-seduce-her-virgin-subordinate-who-is-on-the-verge-of-exploding-unable-to-hold-back-he-immediately-fucks-her-with-a-creampie-through-her-tight-pants/,https://cdn.javmiku.com/wp-content/uploads/2026/08/h_1664kir079pl-550x374.jpg
https://jav.guru/1042781/jimmy-008-unable-to-quit-my-fortune-telling-addiction-i-came-to-respect-this-guy-and-now-plan-to-accept-all-his-creampies-aoshima-nazuki/,https://cdn.javmiku.com/wp-content/uploads/2026/08/JIMMY-008-550x374.jpg
https://jav.guru/1042782/hunt-979-with-just-one-year-left-in-school-i-a-member-of-the-photography-club-am-made-to-take-pictures-of-the-girls-from-morning-till-night-to-create-memories-2/,https://cdn.javmiku.com/wp-content/uploads/2026/08/1hunt979pl-550x374.jpg
https://jav.guru/1042783/hunt-816-on-the-way-back-from-grocery-shopping-my-mom-friends-suddenly-seek-shelter-from-a-thunderstorm-at-my-house/,https://cdn.javmiku.com/wp-content/uploads/2026/08/1hunt816pl-550x374.jpg
https://jav.guru/1042784/hnbr-014-a-young-farmer-captivated-by-a-100cm-big-ass-attacks-while-her-husband-is-away-he-pushes-down-the-sweaty-voluptuous-wife-after-returning-from-the-fields-and-immediately-fucks-her-with-a/,https://cdn.javmiku.com/wp-content/uploads/2026/08/h_1664hnbr014pl-550x374.jpg
https://jav.guru/1042785/ftkd-043-too-cute-boyish-sisters-spread-their-pretty-butt-holes-wide-and-provocatively-show-off-double-anal-nitta-yoshimi-misane/,https://cdn.javmiku.com/wp-content/uploads/2026/08/FTKD-043-550x374.jpg
https://jav.guru/1042786/ftkd-041-live-action-adaptation-i-still-like-you-my-former-classmate-whom-i-dumped-has-become-a-polished-big-breasted-gravure-idol-and-is-seducing-me-who-has-a-girlfriend-in-this-reverse-ntr-ch/,https://cdn.javmiku.com/wp-content/uploads/2026/08/FTKD-041-550x374.jpg
https://jav.guru/1042787/fthtd-224-the-hidden-face-of-the-power-harassing-female-boss-she-harshly-scolds-her-subordinates-and-even-denies-their-personality-but-in-front-of-the-president-she-was-an-obedient-toy-hazuki-may/,https://cdn.javmiku.com/wp-content/uploads/2026/08/FTHTD-224-550x374.jpg
https://jav.guru/1042788/fthtd-223-school-and-detective-av-project-a-murdr-happens-behind-the-av-filming-site-a-savior-shows-up-at-the-panic-filled-scene-detective-nozomi-in-the-yay-takashima-murdr-case-arc-arimura/,https://cdn.javmiku.com/wp-content/uploads/2026/08/FTHTD-223-550x374.jpg
https://jav.guru/1042789/fthtd-203-faleno-sex-girl-the-only-way-left-to-avoid-expulsion-is-just-one-trampled-sexual-youth/,https://cdn.javmiku.com/wp-content/uploads/2026/08/FTHTD-203-550x374.jpg
https://jav.guru/1042790/embm-053-amateur-submission-holstein-milk-wife-with-a-busty-110cm-l-cup-and-an-explosive-body-that-drives-sexual-desire-wild-reika-toyota/,https://cdn.javmiku.com/wp-content/uploads/2026/08/h_1650embm053pl-550x374.jpg
https://jav.guru/1042791/doki-037-mensei-girl-i-thought-it-was-just-temptation-through-the-fabric-but-this-is-it-raw-fucking-the-warmth-is-different-goddess-service-5/,https://cdn.javmiku.com/wp-content/uploads/2026/08/h_1664doki037pl-550x374.jpg
https://jav.guru/1042876/skth-004-shikota-holdings-i-invited-my-subordinate-who-borrowed-the-toilet-to-my-home-and-made-them-piss-2/,https://cdn.javmiku.com/wp-content/uploads/2026/08/1skth00004pl-550x374.jpg
https://jav.guru/1042877/skth-003-shikota-holdings-co-ltd-do-you-like-armpits-my-colleagues-armpits-are-too-erotic/,https://cdn.javmiku.com/wp-content/uploads/2026/08/1skth00003pl-550x374.jpg
https://jav.guru/1042878/fns-249-japans-pride-the-sex-symbol-with-divine-big-tits-and-sex-rin-yamimitsu/,https://cdn.javmiku.com/wp-content/uploads/2026/08/1fns00249pl-550x374.jpg
https://jav.guru/1042879/akdl-370-master-of-seduction-shikoi-relationship-reunited-with-a-married-female-friend-i-liked-since-student-days-and-seduced-her-yuri-adachi/,https://cdn.javmiku.com/wp-content/uploads/2026/08/1akdl00370pl-550x374.jpg
