page_url,video_code,playlist_url,quality,source
https://missav123.com/dm1/en/hmn-653-uncensored-leak,,https://surrit.com/da50b557-2666-4e59-891a-b304bd5a45fa/1080p/video.m3u8,1080p,surrit.com
https://missav123.com/dm1/en/hmn-653-uncensored-leak,,https://surrit.com/da50b557-2666-4e59-891a-b304bd5a45fa/720p/video.m3u8,720p,surrit.com
https://missav123.com/dm1/en/hmn-653-uncensored-leak,,https://surrit.com/da50b557-2666-4e59-891a-b304bd5a45fa/playlist.m3u8,playlist,surrit.com
https://missav123.com/dm1/en/juy-925-english-subtitle,,https://surrit.com/2998453e-9a0e-41de-a49e-43df46f2eacf/720p/video.m3u8,720p,surrit.com
https://missav123.com/dm1/en/juy-925-english-subtitle,,https://surrit.com/2998453e-9a0e-41de-a49e-43df46f2eacf/playlist.m3u8,playlist,surrit.com
https://missav123.com/dm1/en/pppd-451-uncensored-leak,,https://surrit.com/8cb85228-5bd0-48f9-946f-9d5a4885b9ef/1080p/video.m3u8,1080p,surrit.com
https://missav123.com/dm1/en/pppd-451-uncensored-leak,,https://surrit.com/8cb85228-5bd0-48f9-946f-9d5a4885b9ef/720p/video.m3u8,720p,surrit.com
https://missav123.com/dm1/en/pppd-451-uncensored-leak,,https://surrit.com/8cb85228-5bd0-48f9-946f-9d5a4885b9ef/playlist.m3u8,playlist,surrit.com
https://missav123.com/dm1/en/real-885-uncensored-leak,,https://surrit.com/8a823f3d-9dac-456e-ad74-c4907faf0e84/1080p/video.m3u8,1080p,surrit.com
https://missav123.com/dm1/en/real-885-uncensored-leak,,https://surrit.com/8a823f3d-9dac-456e-ad74-c4907faf0e84/720p/video.m3u8,720p,surrit.com
https://missav123.com/dm1/en/real-885-uncensored-leak,,https://surrit.com/8a823f3d-9dac-456e-ad74-c4907faf0e84/playlist.m3u8,playlist,surrit.com
https://missav123.com/dm1/en/sone-562-uncensored-leak,,https://surrit.com/e627c638-4f21-4057-bfa5-15ecf6f37652/1080p/video.m3u8,1080p,surrit.com
https://missav123.com/dm1/en/sone-562-uncensored-leak,,https://surrit.com/e627c638-4f21-4057-bfa5-15ecf6f37652/720p/video.m3u8,720p,surrit.com
https://missav123.com/dm1/en/sone-562-uncensored-leak,,https://surrit.com/e627c638-4f21-4057-bfa5-15ecf6f37652/playlist.m3u8,playlist,surrit.com
https://missav123.com/dm1/en/sone-615-uncensored-leak,,https://surrit.com/34ca45c2-ea04-4496-b90f-a40ee128a6b2/720p/video.m3u8,720p,surrit.com
https://missav123.com/dm1/en/sone-615-uncensored-leak,,https://surrit.com/34ca45c2-ea04-4496-b90f-a40ee128a6b2/playlist.m3u8,playlist,surrit.com
https://missav123.com/dm1/en/start-169-uncensored-leak,,https://surrit.com/2edb5134-ece4-4049-9e0c-9ac9db69f57d/1080p/video.m3u8,1080p,surrit.com
https://missav123.com/dm1/en/start-169-uncensored-leak,,https://surrit.com/2edb5134-ece4-4049-9e0c-9ac9db69f57d/720p/video.m3u8,720p,surrit.com
https://missav123.com/dm1/en/start-169-uncensored-leak,,https://surrit.com/2edb5134-ece4-4049-9e0c-9ac9db69f57d/playlist.m3u8,playlist,surrit.com
https://missav123.com/dm107/en/adn-396-uncensored-leak,,https://surrit.com/e7b72c94-297c-424e-b65d-f73f3153f753/1280x720/video.m3u8,720p,surrit.com
https://missav123.com/dm107/en/adn-396-uncensored-leak,,https://surrit.com/e7b72c94-297c-424e-b65d-f73f3153f753/842x480/video.m3u8,480p,surrit.com
https://missav123.com/dm107/en/adn-396-uncensored-leak,,https://surrit.com/e7b72c94-297c-424e-b65d-f73f3153f753/playlist.m3u8,playlist,surrit.com
https://missav123.com/dm14/en/ipzz-301-uncensored-leak,,https://surrit.com/79517f66-e779-424c-94a9-c3745b65224f/1080p/video.m3u8,1080p,surrit.com
https://missav123.com/dm14/en/ipzz-301-uncensored-leak,,https://surrit.com/79517f66-e779-424c-94a9-c3745b65224f/720p/video.m3u8,720p,surrit.com
https://missav123.com/dm14/en/ipzz-301-uncensored-leak,,https://surrit.com/79517f66-e779-424c-94a9-c3745b65224f/playlist.m3u8,playlist,surrit.com
https://missav123.com/dm14/en/mudr-235-uncensored-leak,,https://surrit.com/0dc6630c-e5cb-4d1c-ba2a-4d601868e71f/1280x720/video.m3u8,720p,surrit.com
https://missav123.com/dm14/en/mudr-235-uncensored-leak,,https://surrit.com/0dc6630c-e5cb-4d1c-ba2a-4d601868e71f/842x480/video.m3u8,480p,surrit.com
https://missav123.com/dm14/en/mudr-235-uncensored-leak,,https://surrit.com/0dc6630c-e5cb-4d1c-ba2a-4d601868e71f/playlist.m3u8,playlist,surrit.com
https://missav123.com/dm15/en/dass-468-uncensored-leak,,https://surrit.com/70c7a77d-aa00-4ebe-8bda-4c31f48f92e6/1080p/video.m3u8,1080p,surrit.com
https://missav123.com/dm15/en/dass-468-uncensored-leak,,https://surrit.com/70c7a77d-aa00-4ebe-8bda-4c31f48f92e6/720p/video.m3u8,720p,surrit.com
https://missav123.com/dm15/en/dass-468-uncensored-leak,,https://surrit.com/70c7a77d-aa00-4ebe-8bda-4c31f48f92e6/playlist.m3u8,playlist,surrit.com
https://missav123.com/dm15/en/miaa-236-uncensored-leak,,https://surrit.com/e55f257d-e54f-4bf4-9f9a-f0bd7081c08a/1280x720/video.m3u8,720p,surrit.com
https://missav123.com/dm15/en/miaa-236-uncensored-leak,,https://surrit.com/e55f257d-e54f-4bf4-9f9a-f0bd7081c08a/842x480/video.m3u8,480p,surrit.com
https://missav123.com/dm15/en/miaa-236-uncensored-leak,,https://surrit.com/e55f257d-e54f-4bf4-9f9a-f0bd7081c08a/playlist.m3u8,playlist,surrit.com
https://missav123.com/dm15/en/mimk-138-uncensored-leak,,https://surrit.com/a0e76827-a962-45d1-936e-cd877c37befc/1280x720/video.m3u8,720p,surrit.com
https://missav123.com/dm15/en/mimk-138-uncensored-leak,,https://surrit.com/a0e76827-a962-45d1-936e-cd877c37befc/842x480/video.m3u8,480p,surrit.com
https://missav123.com/dm15/en/mimk-138-uncensored-leak,,https://surrit.com/a0e76827-a962-45d1-936e-cd877c37befc/playlist.m3u8,playlist,surrit.com
https://missav123.com/dm15/en/ssis-870-uncensored-leak,,https://surrit.com/d6c1086d-23c5-4cda-a146-97878330ae09/720p/video.m3u8,720p,surrit.com
https://missav123.com/dm15/en/ssis-870-uncensored-leak,,https://surrit.com/d6c1086d-23c5-4cda-a146-97878330ae09/playlist.m3u8,playlist,surrit.com
https://missav123.com/dm15/en/ssis-951-uncensored-leak,,https://surrit.com/7010314a-0098-4094-ba6d-1e2516b5dac4/1280x720/video.m3u8,720p,surrit.com
https://missav123.com/dm15/en/ssis-951-uncensored-leak,,https://surrit.com/7010314a-0098-4094-ba6d-1e2516b5dac4/842x480/video.m3u8,480p,surrit.com
https://missav123.com/dm15/en/ssis-951-uncensored-leak,,https://surrit.com/7010314a-0098-4094-ba6d-1e2516b5dac4/playlist.m3u8,playlist,surrit.com
https://missav123.com/dm16/en/jul-876-uncensored-leak,,https://surrit.com/b1b00bb1-fdde-4f88-830c-33e63242f3f0/720p/video.m3u8,720p,surrit.com
https://missav123.com/dm16/en/jul-876-uncensored-leak,,https://surrit.com/b1b00bb1-fdde-4f88-830c-33e63242f3f0/playlist.m3u8,playlist,surrit.com
https://missav123.com/dm17/en/sone-525-uncensored-leak,,https://surrit.com/6f7ddfca-eff2-4cbb-b49b-94bac9d9c582/1080p/video.m3u8,1080p,surrit.com
https://missav123.com/dm17/en/sone-525-uncensored-leak,,https://surrit.com/6f7ddfca-eff2-4cbb-b49b-94bac9d9c582/720p/video.m3u8,720p,surrit.com
https://missav123.com/dm17/en/sone-525-uncensored-leak,,https://surrit.com/6f7ddfca-eff2-4cbb-b49b-94bac9d9c582/playlist.m3u8,playlist,surrit.com
https://missav123.com/dm19/en/meyd-928-uncensored-leak,,https://surrit.com/11a26896-d178-4e42-82cf-6528a70fb572/1080p/video.m3u8,1080p,surrit.com
https://missav123.com/dm19/en/meyd-928-uncensored-leak,,https://surrit.com/11a26896-d178-4e42-82cf-6528a70fb572/720p/video.m3u8,720p,surrit.com
https://missav123.com/dm19/en/meyd-928-uncensored-leak,,https://surrit.com/11a26896-d178-4e42-82cf-6528a70fb572/playlist.m3u8,playlist,surrit.com
https://missav123.com/dm2/en/hmn-217-uncensored-leak,,https://surrit.com/312c715a-4fef-447d-9c49-8cc88a61eb9b/720p/video.m3u8,720p,surrit.com
https://missav123.com/dm2/en/hmn-217-uncensored-leak,,https://surrit.com/312c715a-4fef-447d-9c49-8cc88a61eb9b/playlist.m3u8,playlist,surrit.com
https://missav123.com/dm2/en/juy-837-uncensored-leak,,https://surrit.com/0abe5b29-879b-4622-ab70-5625bdbb8796/1080p/video.m3u8,1080p,surrit.com
https://missav123.com/dm2/en/juy-837-uncensored-leak,,https://surrit.com/0abe5b29-879b-4622-ab70-5625bdbb8796/720p/video.m3u8,720p,surrit.com
https://missav123.com/dm2/en/juy-837-uncensored-leak,,https://surrit.com/0abe5b29-879b-4622-ab70-5625bdbb8796/playlist.m3u8,playlist,surrit.com
https://missav123.com/dm2/en/mide-903-uncensored-leak,,https://surrit.com/206bb723-d53b-446f-a607-58208408d313/720p/video.m3u8,720p,surrit.com
https://missav123.com/dm2/en/mide-903-uncensored-leak,,https://surrit.com/206bb723-d53b-446f-a607-58208408d313/playlist.m3u8,playlist,surrit.com
https://missav123.com/dm2/en/mimk-044-uncensored-leak,,https://surrit.com/469ee206-b8c6-4abc-96df-9fc36ebb5b2c/1080p/video.m3u8,1080p,surrit.com
https://missav123.com/dm2/en/mimk-044-uncensored-leak,,https://surrit.com/469ee206-b8c6-4abc-96df-9fc36ebb5b2c/720p/video.m3u8,720p,surrit.com
https://missav123.com/dm2/en/mimk-044-uncensored-leak,,https://surrit.com/469ee206-b8c6-4abc-96df-9fc36ebb5b2c/playlist.m3u8,playlist,surrit.com
https://missav123.com/dm2/en/sone-569-uncensored-leak,,https://surrit.com/c6380682-8239-4dcf-92c2-fbcee6a91807/1080p/video.m3u8,1080p,surrit.com
https://missav123.com/dm2/en/sone-569-uncensored-leak,,https://surrit.com/c6380682-8239-4dcf-92c2-fbcee6a91807/720p/video.m3u8,720p,surrit.com
https://missav123.com/dm2/en/sone-569-uncensored-leak,,https://surrit.com/c6380682-8239-4dcf-92c2-fbcee6a91807/playlist.m3u8,playlist,surrit.com
https://missav123.com/dm2/en/ssni-727-uncensored-leak,,https://surrit.com/695932e8-5220-4adc-b455-7929606ce2a3/1080p/video.m3u8,1080p,surrit.com
https://missav123.com/dm2/en/ssni-727-uncensored-leak,,https://surrit.com/695932e8-5220-4adc-b455-7929606ce2a3/720p/video.m3u8,720p,surrit.com
https://missav123.com/dm2/en/ssni-727-uncensored-leak,,https://surrit.com/695932e8-5220-4adc-b455-7929606ce2a3/playlist.m3u8,playlist,surrit.com
https://missav123.com/dm25/en/juq-446-uncensored-leak,,https://surrit.com/b563efdb-21ba-4059-99db-743149fce879/1280x720/video.m3u8,720p,surrit.com
https://missav123.com/dm25/en/juq-446-uncensored-leak,,https://surrit.com/b563efdb-21ba-4059-99db-743149fce879/842x480/video.m3u8,480p,surrit.com
https://missav123.com/dm25/en/juq-446-uncensored-leak,,https://surrit.com/b563efdb-21ba-4059-99db-743149fce879/playlist.m3u8,playlist,surrit.com
https://missav123.com/dm26/en/jul-208-uncensored-leak,,https://surrit.com/b1dc8bf0-e87f-48b7-b872-870ec4ea60b2/480p/video.m3u8,480p,surrit.com
https://missav123.com/dm26/en/jul-208-uncensored-leak,,https://surrit.com/b1dc8bf0-e87f-48b7-b872-870ec4ea60b2/playlist.m3u8,playlist,surrit.com
https://missav123.com/dm26/en/jul-305-uncensored-leak,,https://surrit.com/0b7fc776-79ed-4560-a514-06d0fde1ed2e/1080p/video.m3u8,1080p,surrit.com
https://missav123.com/dm26/en/jul-305-uncensored-leak,,https://surrit.com/0b7fc776-79ed-4560-a514-06d0fde1ed2e/720p/video.m3u8,720p,surrit.com
https://missav123.com/dm26/en/jul-305-uncensored-leak,,https://surrit.com/0b7fc776-79ed-4560-a514-06d0fde1ed2e/playlist.m3u8,playlist,surrit.com
https://missav123.com/dm28/en/jul-859-uncensored-leak,,https://surrit.com/8c20fe2b-9d48-4295-a0cd-f7dc93a585d9/1280x720/video.m3u8,720p,surrit.com
https://missav123.com/dm28/en/jul-859-uncensored-leak,,https://surrit.com/8c20fe2b-9d48-4295-a0cd-f7dc93a585d9/842x480/video.m3u8,480p,surrit.com
https://missav123.com/dm28/en/jul-859-uncensored-leak,,https://surrit.com/8c20fe2b-9d48-4295-a0cd-f7dc93a585d9/playlist.m3u8,playlist,surrit.com
https://missav123.com/dm28/en/pppd-408-uncensored-leak,,https://surrit.com/bafce24e-3e08-493f-b963-c3dd3abcab41/1280x720/video.m3u8,720p,surrit.com
https://missav123.com/dm28/en/pppd-408-uncensored-leak,,https://surrit.com/bafce24e-3e08-493f-b963-c3dd3abcab41/842x480/video.m3u8,480p,surrit.com
https://missav123.com/dm28/en/pppd-408-uncensored-leak,,https://surrit.com/bafce24e-3e08-493f-b963-c3dd3abcab41/playlist.m3u8,playlist,surrit.com
https://missav123.com/dm28/en/sone-146-uncensored-leak,,https://surrit.com/790092aa-b130-44d2-9111-bb524da16f89/1080p/video.m3u8,1080p,surrit.com
https://missav123.com/dm28/en/sone-146-uncensored-leak,,https://surrit.com/790092aa-b130-44d2-9111-bb524da16f89/720p/video.m3u8,720p,surrit.com
https://missav123.com/dm28/en/sone-146-uncensored-leak,,https://surrit.com/790092aa-b130-44d2-9111-bb524da16f89/playlist.m3u8,playlist,surrit.com
https://missav123.com/dm29/en/jux-816-uncensored-leak,,https://surrit.com/49f8f259-f610-404a-b1dd-9880f9ba068b/1280x720/video.m3u8,720p,surrit.com
https://missav123.com/dm29/en/jux-816-uncensored-leak,,https://surrit.com/49f8f259-f610-404a-b1dd-9880f9ba068b/842x480/video.m3u8,480p,surrit.com
https://missav123.com/dm29/en/jux-816-uncensored-leak,,https://surrit.com/49f8f259-f610-404a-b1dd-9880f9ba068b/playlist.m3u8,playlist,surrit.com
https://missav123.com/dm29/en/waaa-462-uncensored-leak,,https://surrit.com/cca75677-5a8a-453b-85d2-51d75e6c59b3/1080p/video.m3u8,1080p,surrit.com
https://missav123.com/dm29/en/waaa-462-uncensored-leak,,https://surrit.com/cca75677-5a8a-453b-85d2-51d75e6c59b3/720p/video.m3u8,720p,surrit.com
https://missav123.com/dm29/en/waaa-462-uncensored-leak,,https://surrit.com/cca75677-5a8a-453b-85d2-51d75e6c59b3/playlist.m3u8,playlist,surrit.com
https://missav123.com/dm3/en/sone-228-uncensored-leak,,https://surrit.com/8882e326-0ddb-4924-a481-d84f823a1b38/1080p/video.m3u8,1080p,surrit.com
https://missav123.com/dm3/en/sone-228-uncensored-leak,,https://surrit.com/8882e326-0ddb-4924-a481-d84f823a1b38/720p/video.m3u8,720p,surrit.com
https://missav123.com/dm3/en/sone-228-uncensored-leak,,https://surrit.com/8882e326-0ddb-4924-a481-d84f823a1b38/playlist.m3u8,playlist,surrit.com
https://missav123.com/dm30/en/sone-479-uncensored-leak,,https://surrit.com/0b7b1e14-8dec-4290-9a7d-ae8a32942aee/1080p/video.m3u8,1080p,surrit.com
https://missav123.com/dm30/en/sone-479-uncensored-leak,,https://surrit.com/0b7b1e14-8dec-4290-9a7d-ae8a32942aee/720p/video.m3u8,720p,surrit.com
https://missav123.com/dm30/en/sone-479-uncensored-leak,,https://surrit.com/0b7b1e14-8dec-4290-9a7d-ae8a32942aee/playlist.m3u8,playlist,surrit.com
https://missav123.com/dm31/en/ebwh-084-uncensored-leak,,https://surrit.com/3b98cab6-237f-4e3d-9bdb-559a9d8e8eec/1080p/video.m3u8,1080p,surrit.com
https://missav123.com/dm31/en/ebwh-084-uncensored-leak,,https://surrit.com/3b98cab6-237f-4e3d-9bdb-559a9d8e8eec/720p/video.m3u8,720p,surrit.com
https://missav123.com/dm31/en/ebwh-084-uncensored-leak,,https://surrit.com/3b98cab6-237f-4e3d-9bdb-559a9d8e8eec/playlist.m3u8,playlist,surrit.com
https://missav123.com/dm31/en/fc2-ppv-2430778,,https://surrit.com/2951af4d-d04e-42fc-8ed6-a1665599fc51/1280x720/video.m3u8,720p,surrit.com
https://missav123.com/dm31/en/fc2-ppv-2430778,,https://surrit.com/2951af4d-d04e-42fc-8ed6-a1665599fc51/842x480/video.m3u8,480p,surrit.com
https://missav123.com/dm31/en/fc2-ppv-2430778,,https://surrit.com/2951af4d-d04e-42fc-8ed6-a1665599fc51/playlist.m3u8,playlist,surrit.com
https://missav123.com/dm31/en/k1400,,https://surrit.com/1361df2f-8dd7-486c-87ac-d6acf304f6c3/1280x720/video.m3u8,720p,surrit.com
https://missav123.com/dm31/en/k1400,,https://surrit.com/1361df2f-8dd7-486c-87ac-d6acf304f6c3/842x480/video.m3u8,480p,surrit.com
https://missav123.com/dm31/en/k1400,,https://surrit.com/1361df2f-8dd7-486c-87ac-d6acf304f6c3/playlist.m3u8,playlist,surrit.com
https://missav123.com/dm31/en/meyd-568-uncensored-leak,,https://surrit.com/998feecc-9bdd-48f1-82ff-ae5ba659cc04/1080p/video.m3u8,1080p,surrit.com
https://missav123.com/dm31/en/meyd-568-uncensored-leak,,https://surrit.com/998feecc-9bdd-48f1-82ff-ae5ba659cc04/720p/video.m3u8,720p,surrit.com
https://missav123.com/dm31/en/meyd-568-uncensored-leak,,https://surrit.com/998feecc-9bdd-48f1-82ff-ae5ba659cc04/playlist.m3u8,playlist,surrit.com
https://missav123.com/dm32/en/juq-988-uncensored-leak,,https://surrit.com/91a89dce-305b-4c24-bfa0-2e87cb39b465/1080p/video.m3u8,1080p,surrit.com
https://missav123.com/dm32/en/juq-988-uncensored-leak,,https://surrit.com/91a89dce-305b-4c24-bfa0-2e87cb39b465/720p/video.m3u8,720p,surrit.com
https://missav123.com/dm32/en/juq-988-uncensored-leak,,https://surrit.com/91a89dce-305b-4c24-bfa0-2e87cb39b465/playlist.m3u8,playlist,surrit.com
https://missav123.com/dm34/en/tek-067-uncensored-leak,,https://surrit.com/f4501209-60e9-453b-bd70-2242ec42faa9/1080p/video.m3u8,1080p,surrit.com
https://missav123.com/dm34/en/tek-067-uncensored-leak,,https://surrit.com/f4501209-60e9-453b-bd70-2242ec42faa9/720p/video.m3u8,720p,surrit.com
https://missav123.com/dm34/en/tek-067-uncensored-leak,,https://surrit.com/f4501209-60e9-453b-bd70-2242ec42faa9/playlist.m3u8,playlist,surrit.com
https://missav123.com/dm39/en/ssis-117-uncensored-leak,,https://surrit.com/c085d965-67aa-48e7-b9ec-5672d35117e2/1280x720/video.m3u8,720p,surrit.com
https://missav123.com/dm39/en/ssis-117-uncensored-leak,,https://surrit.com/c085d965-67aa-48e7-b9ec-5672d35117e2/842x480/video.m3u8,480p,surrit.com
https://missav123.com/dm39/en/ssis-117-uncensored-leak,,https://surrit.com/c085d965-67aa-48e7-b9ec-5672d35117e2/playlist.m3u8,playlist,surrit.com
https://missav123.com/dm4/en/aarm-250-uncensored-leak,,https://surrit.com/1c25585d-2d21-4aed-9326-d0b9dc624867/1080p/video.m3u8,1080p,surrit.com
https://missav123.com/dm4/en/aarm-250-uncensored-leak,,https://surrit.com/1c25585d-2d21-4aed-9326-d0b9dc624867/720p/video.m3u8,720p,surrit.com
https://missav123.com/dm4/en/aarm-250-uncensored-leak,,https://surrit.com/1c25585d-2d21-4aed-9326-d0b9dc624867/playlist.m3u8,playlist,surrit.com
https://missav123.com/dm40/en/jul-792-uncensored-leak,,https://surrit.com/23d6cd0b-e5cc-4e01-9b86-dd513c608980/1280x720/video.m3u8,720p,surrit.com
https://missav123.com/dm40/en/jul-792-uncensored-leak,,https://surrit.com/23d6cd0b-e5cc-4e01-9b86-dd513c608980/842x480/video.m3u8,480p,surrit.com
https://missav123.com/dm40/en/jul-792-uncensored-leak,,https://surrit.com/23d6cd0b-e5cc-4e01-9b86-dd513c608980/playlist.m3u8,playlist,surrit.com
https://missav123.com/dm41/en/miaa-430-uncensored-leak,,https://surrit.com/9191b376-a3e0-40b8-81f7-9caac78c24d7/720p/video.m3u8,720p,surrit.com
https://missav123.com/dm41/en/miaa-430-uncensored-leak,,https://surrit.com/9191b376-a3e0-40b8-81f7-9caac78c24d7/playlist.m3u8,playlist,surrit.com
https://missav123.com/dm42/en/adn-516-uncensored-leak,,https://surrit.com/41fa7b4d-95ec-47c8-9fe8-08cd10a7f1cc/1280x720/video.m3u8,720p,surrit.com
https://missav123.com/dm42/en/adn-516-uncensored-leak,,https://surrit.com/41fa7b4d-95ec-47c8-9fe8-08cd10a7f1cc/842x480/video.m3u8,480p,surrit.com
https://missav123.com/dm42/en/adn-516-uncensored-leak,,https://surrit.com/41fa7b4d-95ec-47c8-9fe8-08cd10a7f1cc/playlist.m3u8,playlist,surrit.com
https://missav123.com/dm44/en/juq-797-uncensored-leak,,https://surrit.com/79b4d812-ba52-4849-a270-25b8557f557a/1080p/video.m3u8,1080p,surrit.com
https://missav123.com/dm44/en/juq-797-uncensored-leak,,https://surrit.com/79b4d812-ba52-4849-a270-25b8557f557a/720p/video.m3u8,720p,surrit.com
https://missav123.com/dm44/en/juq-797-uncensored-leak,,https://surrit.com/79b4d812-ba52-4849-a270-25b8557f557a/playlist.m3u8,playlist,surrit.com
https://missav123.com/dm44/en/same-090-uncensored-leak,,https://surrit.com/56855da2-32c7-4ef7-bdf4-3bbcd7f66b42/1280x720/video.m3u8,720p,surrit.com
https://missav123.com/dm44/en/same-090-uncensored-leak,,https://surrit.com/56855da2-32c7-4ef7-bdf4-3bbcd7f66b42/842x480/video.m3u8,480p,surrit.com
https://missav123.com/dm44/en/same-090-uncensored-leak,,https://surrit.com/56855da2-32c7-4ef7-bdf4-3bbcd7f66b42/playlist.m3u8,playlist,surrit.com
https://missav123.com/dm46/en/sone-499-uncensored-leak,,https://surrit.com/7a8e83b8-3e0b-4e5d-9ffc-d49e04f4493b/1080p/video.m3u8,1080p,surrit.com
https://missav123.com/dm46/en/sone-499-uncensored-leak,,https://surrit.com/7a8e83b8-3e0b-4e5d-9ffc-d49e04f4493b/720p/video.m3u8,720p,surrit.com
https://missav123.com/dm46/en/sone-499-uncensored-leak,,https://surrit.com/7a8e83b8-3e0b-4e5d-9ffc-d49e04f4493b/playlist.m3u8,playlist,surrit.com
https://missav123.com/dm49/en/ipzz-188-uncensored-leak,,https://surrit.com/135742e7-180f-48ff-9583-0c9d944c8fa7/1280x720/video.m3u8,720p,surrit.com
https://missav123.com/dm49/en/ipzz-188-uncensored-leak,,https://surrit.com/135742e7-180f-48ff-9583-0c9d944c8fa7/842x480/video.m3u8,480p,surrit.com
https://missav123.com/dm49/en/ipzz-188-uncensored-leak,,https://surrit.com/135742e7-180f-48ff-9583-0c9d944c8fa7/playlist.m3u8,playlist,surrit.com
https://missav123.com/dm5/en/homa-095-uncensored-leak,,https://surrit.com/9c548864-0bdf-48e4-ba88-55917d4672e1/1080p/video.m3u8,1080p,surrit.com
https://missav123.com/dm5/en/homa-095-uncensored-leak,,https://surrit.com/9c548864-0bdf-48e4-ba88-55917d4672e1/720p/video.m3u8,720p,surrit.com
https://missav123.com/dm5/en/homa-095-uncensored-leak,,https://surrit.com/9c548864-0bdf-48e4-ba88-55917d4672e1/playlist.m3u8,playlist,surrit.com
https://missav123.com/dm52/en/ssis-211-uncensored-leak,,https://surrit.com/34a37cfb-b167-4fc5-a389-97f7af280a92/1280x720/video.m3u8,720p,surrit.com
https://missav123.com/dm52/en/ssis-211-uncensored-leak,,https://surrit.com/34a37cfb-b167-4fc5-a389-97f7af280a92/842x480/video.m3u8,480p,surrit.com
https://missav123.com/dm52/en/ssis-211-uncensored-leak,,https://surrit.com/34a37cfb-b167-4fc5-a389-97f7af280a92/playlist.m3u8,playlist,surrit.com
https://missav123.com/dm53/en/sone-248-uncensored-leak,,https://surrit.com/8ffc7c34-4712-48ab-9fee-66d8b148f33e/1080p/video.m3u8,1080p,surrit.com
https://missav123.com/dm53/en/sone-248-uncensored-leak,,https://surrit.com/8ffc7c34-4712-48ab-9fee-66d8b148f33e/720p/video.m3u8,720p,surrit.com
https://missav123.com/dm53/en/sone-248-uncensored-leak,,https://surrit.com/8ffc7c34-4712-48ab-9fee-66d8b148f33e/playlist.m3u8,playlist,surrit.com
https://missav123.com/dm53/en/ssis-221-uncensored-leak,,https://surrit.com/b658fe14-ee7e-4d67-809b-5a3f4d2ef412/1280x720/video.m3u8,720p,surrit.com
https://missav123.com/dm53/en/ssis-221-uncensored-leak,,https://surrit.com/b658fe14-ee7e-4d67-809b-5a3f4d2ef412/842x480/video.m3u8,480p,surrit.com
https://missav123.com/dm53/en/ssis-221-uncensored-leak,,https://surrit.com/b658fe14-ee7e-4d67-809b-5a3f4d2ef412/playlist.m3u8,playlist,surrit.com
https://missav123.com/dm54/en/juq-321-uncensored-leak,,https://surrit.com/da62e1fa-2e1a-451f-9db5-a85b64072a3c/1280x720/video.m3u8,720p,surrit.com
https://missav123.com/dm54/en/juq-321-uncensored-leak,,https://surrit.com/da62e1fa-2e1a-451f-9db5-a85b64072a3c/842x480/video.m3u8,480p,surrit.com
https://missav123.com/dm54/en/juq-321-uncensored-leak,,https://surrit.com/da62e1fa-2e1a-451f-9db5-a85b64072a3c/playlist.m3u8,playlist,surrit.com
https://missav123.com/dm54/en/pred-376-uncensored-leak,,https://surrit.com/9213fd56-899e-4f3c-8b7d-2282f56455a2/1280x720/video.m3u8,720p,surrit.com
https://missav123.com/dm54/en/pred-376-uncensored-leak,,https://surrit.com/9213fd56-899e-4f3c-8b7d-2282f56455a2/842x480/video.m3u8,480p,surrit.com
https://missav123.com/dm54/en/pred-376-uncensored-leak,,https://surrit.com/9213fd56-899e-4f3c-8b7d-2282f56455a2/playlist.m3u8,playlist,surrit.com
https://missav123.com/dm56/en/cawd-658-uncensored-leak,,https://surrit.com/6371738f-3d77-46ce-9662-93135307e5b3/1080p/video.m3u8,1080p,surrit.com
https://missav123.com/dm56/en/cawd-658-uncensored-leak,,https://surrit.com/6371738f-3d77-46ce-9662-93135307e5b3/720p/video.m3u8,720p,surrit.com
https://missav123.com/dm56/en/cawd-658-uncensored-leak,,https://surrit.com/6371738f-3d77-46ce-9662-93135307e5b3/playlist.m3u8,playlist,surrit.com
https://missav123.com/dm56/en/midv-615-uncensored-leak,,https://surrit.com/43b4ebdc-997b-409c-8083-0426a3121a5e/1280x720/video.m3u8,720p,surrit.com
https://missav123.com/dm56/en/midv-615-uncensored-leak,,https://surrit.com/43b4ebdc-997b-409c-8083-0426a3121a5e/842x480/video.m3u8,480p,surrit.com
https://missav123.com/dm56/en/midv-615-uncensored-leak,,https://surrit.com/43b4ebdc-997b-409c-8083-0426a3121a5e/playlist.m3u8,playlist,surrit.com
https://missav123.com/dm57/en/ssni-977-uncensored-leak,,https://surrit.com/cd5c074a-0817-439c-b600-407a6a648103/1080p/video.m3u8,1080p,surrit.com
https://missav123.com/dm57/en/ssni-977-uncensored-leak,,https://surrit.com/cd5c074a-0817-439c-b600-407a6a648103/720p/video.m3u8,720p,surrit.com
https://missav123.com/dm57/en/ssni-977-uncensored-leak,,https://surrit.com/cd5c074a-0817-439c-b600-407a6a648103/playlist.m3u8,playlist,surrit.com
https://missav123.com/dm59/en/ipzz-162-uncensored-leak,,https://surrit.com/53fde770-53f9-4208-9121-9c816e9de46a/1280x720/video.m3u8,720p,surrit.com
https://missav123.com/dm59/en/ipzz-162-uncensored-leak,,https://surrit.com/53fde770-53f9-4208-9121-9c816e9de46a/842x480/video.m3u8,480p,surrit.com
https://missav123.com/dm59/en/ipzz-162-uncensored-leak,,https://surrit.com/53fde770-53f9-4208-9121-9c816e9de46a/playlist.m3u8,playlist,surrit.com
https://missav123.com/dm59/en/meyd-893-uncensored-leak,,https://surrit.com/bbb333b9-c2f9-45f6-acfc-0acfbeb92a22/1080p/video.m3u8,1080p,surrit.com
https://missav123.com/dm59/en/meyd-893-uncensored-leak,,https://surrit.com/bbb333b9-c2f9-45f6-acfc-0acfbeb92a22/720p/video.m3u8,720p,surrit.com
https://missav123.com/dm59/en/meyd-893-uncensored-leak,,https://surrit.com/bbb333b9-c2f9-45f6-acfc-0acfbeb92a22/playlist.m3u8,playlist,surrit.com
https://missav123.com/dm62/en/nima-030-uncensored-leak,,https://surrit.com/3f7f7b6e-2db7-4d15-9f1c-a15ac4937cca/1080p/video.m3u8,1080p,surrit.com
https://missav123.com/dm62/en/nima-030-uncensored-leak,,https://surrit.com/3f7f7b6e-2db7-4d15-9f1c-a15ac4937cca/720p/video.m3u8,720p,surrit.com
https://missav123.com/dm62/en/nima-030-uncensored-leak,,https://surrit.com/3f7f7b6e-2db7-4d15-9f1c-a15ac4937cca/playlist.m3u8,playlist,surrit.com
https://missav123.com/dm65/en/ipx-758-uncensored-leak,,https://surrit.com/a53c2489-24d6-48e5-aa5f-06085f18fed3/1280x720/video.m3u8,720p,surrit.com
https://missav123.com/dm65/en/ipx-758-uncensored-leak,,https://surrit.com/a53c2489-24d6-48e5-aa5f-06085f18fed3/842x480/video.m3u8,480p,surrit.com
https://missav123.com/dm65/en/ipx-758-uncensored-leak,,https://surrit.com/a53c2489-24d6-48e5-aa5f-06085f18fed3/playlist.m3u8,playlist,surrit.com
https://missav123.com/dm65/en/ssis-306-uncensored-leak,,https://surrit.com/30558968-a5f4-4608-ae8e-cf7134bc0ede/1280x720/video.m3u8,720p,surrit.com
https://missav123.com/dm65/en/ssis-306-uncensored-leak,,https://surrit.com/30558968-a5f4-4608-ae8e-cf7134bc0ede/842x480/video.m3u8,480p,surrit.com
https://missav123.com/dm65/en/ssis-306-uncensored-leak,,https://surrit.com/30558968-a5f4-4608-ae8e-cf7134bc0ede/playlist.m3u8,playlist,surrit.com
https://missav123.com/dm66/en/ipzz-153-uncensored-leak,,https://surrit.com/d1450139-a732-4842-b012-b0612b8c5a7e/1280x720/video.m3u8,720p,surrit.com
https://missav123.com/dm66/en/ipzz-153-uncensored-leak,,https://surrit.com/d1450139-a732-4842-b012-b0612b8c5a7e/842x480/video.m3u8,480p,surrit.com
https://missav123.com/dm66/en/ipzz-153-uncensored-leak,,https://surrit.com/d1450139-a732-4842-b012-b0612b8c5a7e/playlist.m3u8,playlist,surrit.com
https://missav123.com/dm67/en/achj-005-uncensored-leak,,https://surrit.com/51e77f82-8d1f-4fde-8b41-53170f001aad/1280x720/video.m3u8,720p,surrit.com
https://missav123.com/dm67/en/achj-005-uncensored-leak,,https://surrit.com/51e77f82-8d1f-4fde-8b41-53170f001aad/842x480/video.m3u8,480p,surrit.com
https://missav123.com/dm67/en/achj-005-uncensored-leak,,https://surrit.com/51e77f82-8d1f-4fde-8b41-53170f001aad/playlist.m3u8,playlist,surrit.com
https://missav123.com/dm69/en/mudr-285-uncensored-leak,,https://surrit.com/93e3a138-ce2a-47f4-b415-2d1ce65feb40/1080p/video.m3u8,1080p,surrit.com
https://missav123.com/dm69/en/mudr-285-uncensored-leak,,https://surrit.com/93e3a138-ce2a-47f4-b415-2d1ce65feb40/720p/video.m3u8,720p,surrit.com
https://missav123.com/dm69/en/mudr-285-uncensored-leak,,https://surrit.com/93e3a138-ce2a-47f4-b415-2d1ce65feb40/playlist.m3u8,playlist,surrit.com
https://missav123.com/dm69/en/ssis-509-uncensored-leak,,https://surrit.com/02966a00-04e2-44cb-b3ee-a57ce5bb9f99/1280x720/video.m3u8,720p,surrit.com
https://missav123.com/dm69/en/ssis-509-uncensored-leak,,https://surrit.com/02966a00-04e2-44cb-b3ee-a57ce5bb9f99/842x480/video.m3u8,480p,surrit.com
https://missav123.com/dm69/en/ssis-509-uncensored-leak,,https://surrit.com/02966a00-04e2-44cb-b3ee-a57ce5bb9f99/playlist.m3u8,playlist,surrit.com
https://missav123.com/dm70/en/ssis-615-uncensored-leak,,https://surrit.com/fa9ac0d8-dfe9-4813-87e0-e52821e4f6e2/1280x720/video.m3u8,720p,surrit.com
https://missav123.com/dm70/en/ssis-615-uncensored-leak,,https://surrit.com/fa9ac0d8-dfe9-4813-87e0-e52821e4f6e2/842x480/video.m3u8,480p,surrit.com
https://missav123.com/dm70/en/ssis-615-uncensored-leak,,https://surrit.com/fa9ac0d8-dfe9-4813-87e0-e52821e4f6e2/playlist.m3u8,playlist,surrit.com
https://missav123.com/dm77/en/midv-229-uncensored-leak,,https://surrit.com/07bae3f6-5c90-40a0-8993-7f49ef16216f/1280x720/video.m3u8,720p,surrit.com
https://missav123.com/dm77/en/midv-229-uncensored-leak,,https://surrit.com/07bae3f6-5c90-40a0-8993-7f49ef16216f/842x480/video.m3u8,480p,surrit.com
https://missav123.com/dm77/en/midv-229-uncensored-leak,,https://surrit.com/07bae3f6-5c90-40a0-8993-7f49ef16216f/playlist.m3u8,playlist,surrit.com
https://missav123.com/dm78/en/mide-113-uncensored-leak,,https://surrit.com/6ffc9749-30e2-4d0f-8d97-2b284cacf769/1280x720/video.m3u8,720p,surrit.com
https://missav123.com/dm78/en/mide-113-uncensored-leak,,https://surrit.com/6ffc9749-30e2-4d0f-8d97-2b284cacf769/842x480/video.m3u8,480p,surrit.com
https://missav123.com/dm78/en/mide-113-uncensored-leak,,https://surrit.com/6ffc9749-30e2-4d0f-8d97-2b284cacf769/playlist.m3u8,playlist,surrit.com
https://missav123.com/dm79/en/ssis-532-uncensored-leak,,https://surrit.com/3b55cdf2-43e7-45f3-9f2a-56ca9768ba8b/1280x720/video.m3u8,720p,surrit.com
https://missav123.com/dm79/en/ssis-532-uncensored-leak,,https://surrit.com/3b55cdf2-43e7-45f3-9f2a-56ca9768ba8b/842x480/video.m3u8,480p,surrit.com
https://missav123.com/dm79/en/ssis-532-uncensored-leak,,https://surrit.com/3b55cdf2-43e7-45f3-9f2a-56ca9768ba8b/playlist.m3u8,playlist,surrit.com
https://missav123.com/dm80/en/ipx-940-uncensored-leak,,https://surrit.com/f35fc5c6-6a97-4392-bb18-8f37b98b804f/1280x720/video.m3u8,720p,surrit.com
https://missav123.com/dm80/en/ipx-940-uncensored-leak,,https://surrit.com/f35fc5c6-6a97-4392-bb18-8f37b98b804f/842x480/video.m3u8,480p,surrit.com
https://missav123.com/dm80/en/ipx-940-uncensored-leak,,https://surrit.com/f35fc5c6-6a97-4392-bb18-8f37b98b804f/playlist.m3u8,playlist,surrit.com
https://missav123.com/dm81/en/ipx-883-uncensored-leak,,https://surrit.com/26758194-9358-4e41-8b9f-5bf3a4b65424/1280x720/video.m3u8,720p,surrit.com
https://missav123.com/dm81/en/ipx-883-uncensored-leak,,https://surrit.com/26758194-9358-4e41-8b9f-5bf3a4b65424/842x480/video.m3u8,480p,surrit.com
https://missav123.com/dm81/en/ipx-883-uncensored-leak,,https://surrit.com/26758194-9358-4e41-8b9f-5bf3a4b65424/playlist.m3u8,playlist,surrit.com
https://missav123.com/dm81/en/miaa-692-uncensored-leak,,https://surrit.com/79ab0abc-bce8-40ce-9dc8-ccecc91ec75d/1280x720/video.m3u8,720p,surrit.com
https://missav123.com/dm81/en/miaa-692-uncensored-leak,,https://surrit.com/79ab0abc-bce8-40ce-9dc8-ccecc91ec75d/842x480/video.m3u8,480p,surrit.com
https://missav123.com/dm81/en/miaa-692-uncensored-leak,,https://surrit.com/79ab0abc-bce8-40ce-9dc8-ccecc91ec75d/playlist.m3u8,playlist,surrit.com
https://missav123.com/dm81/en/midv-223-uncensored-leak,,https://surrit.com/684e5bc4-12f3-4bcc-b7c2-97a933e7ea12/1280x720/video.m3u8,720p,surrit.com
https://missav123.com/dm81/en/midv-223-uncensored-leak,,https://surrit.com/684e5bc4-12f3-4bcc-b7c2-97a933e7ea12/842x480/video.m3u8,480p,surrit.com
https://missav123.com/dm81/en/midv-223-uncensored-leak,,https://surrit.com/684e5bc4-12f3-4bcc-b7c2-97a933e7ea12/playlist.m3u8,playlist,surrit.com
https://missav123.com/dm82/en/ebod-895-uncensored-leak,,https://surrit.com/c5fd07a3-668f-4f4c-975a-be30178fe973/1280x720/video.m3u8,720p,surrit.com
https://missav123.com/dm82/en/ebod-895-uncensored-leak,,https://surrit.com/c5fd07a3-668f-4f4c-975a-be30178fe973/842x480/video.m3u8,480p,surrit.com
https://missav123.com/dm82/en/ebod-895-uncensored-leak,,https://surrit.com/c5fd07a3-668f-4f4c-975a-be30178fe973/playlist.m3u8,playlist,surrit.com
https://missav123.com/dm84/en/ipx-934-uncensored-leak,,https://surrit.com/cb8040db-9ccf-43d8-937e-4b1b507ea9f0/1280x720/video.m3u8,720p,surrit.com
https://missav123.com/dm84/en/ipx-934-uncensored-leak,,https://surrit.com/cb8040db-9ccf-43d8-937e-4b1b507ea9f0/842x480/video.m3u8,480p,surrit.com
https://missav123.com/dm84/en/ipx-934-uncensored-leak,,https://surrit.com/cb8040db-9ccf-43d8-937e-4b1b507ea9f0/playlist.m3u8,playlist,surrit.com
https://missav123.com/dm99/en/ipx-974-uncensored-leak,,https://surrit.com/286bc129-e178-41e2-b91e-ecc882ec650d/1280x720/video.m3u8,720p,surrit.com
https://missav123.com/dm99/en/ipx-974-uncensored-leak,,https://surrit.com/286bc129-e178-41e2-b91e-ecc882ec650d/842x480/video.m3u8,480p,surrit.com
https://missav123.com/dm99/en/ipx-974-uncensored-leak,,https://surrit.com/286bc129-e178-41e2-b91e-ecc882ec650d/playlist.m3u8,playlist,surrit.com
https://missav123.com/en/140p02982,,https://surrit.com/93211461-6b58-4956-8867-5b58d9dcfc8c/1080p/video.m3u8,1080p,surrit.com
https://missav123.com/en/140p02982,,https://surrit.com/93211461-6b58-4956-8867-5b58d9dcfc8c/720p/video.m3u8,720p,surrit.com
https://missav123.com/en/140p02982,,https://surrit.com/93211461-6b58-4956-8867-5b58d9dcfc8c/playlist.m3u8,playlist,surrit.com
https://missav123.com/en/aarm-360-uncensored-leak,,https://surrit.com/4218e5a7-d15b-49fa-8e45-82a2608061dc/1080p/video.m3u8,1080p,surrit.com
https://missav123.com/en/aarm-360-uncensored-leak,,https://surrit.com/4218e5a7-d15b-49fa-8e45-82a2608061dc/720p/video.m3u8,720p,surrit.com
https://missav123.com/en/aarm-360-uncensored-leak,,https://surrit.com/4218e5a7-d15b-49fa-8e45-82a2608061dc/playlist.m3u8,playlist,surrit.com
https://missav123.com/en/abf-187-uncensored-leak,,https://surrit.com/b0748bca-40f7-4433-8d59-aea5a94fa20e/1080p/video.m3u8,1080p,surrit.com
https://missav123.com/en/abf-187-uncensored-leak,,https://surrit.com/b0748bca-40f7-4433-8d59-aea5a94fa20e/720p/video.m3u8,720p,surrit.com
https://missav123.com/en/abf-187-uncensored-leak,,https://surrit.com/b0748bca-40f7-4433-8d59-aea5a94fa20e/playlist.m3u8,playlist,surrit.com
https://missav123.com/en/abf-223-english-subtitle,,https://surrit.com/ac272383-17e0-4107-86f0-71fe4c1dcf30/1080p/video.m3u8,1080p,surrit.com
https://missav123.com/en/abf-223-english-subtitle,,https://surrit.com/ac272383-17e0-4107-86f0-71fe4c1dcf30/720p/video.m3u8,720p,surrit.com
https://missav123.com/en/abf-223-english-subtitle,,https://surrit.com/ac272383-17e0-4107-86f0-71fe4c1dcf30/playlist.m3u8,playlist,surrit.com
https://missav123.com/en/abf-226-english-subtitle,,https://surrit.com/fff1c2af-e685-4bca-8aa4-9345e88c7bf2/1080p/video.m3u8,1080p,surrit.com
https://missav123.com/en/abf-226-english-subtitle,,https://surrit.com/fff1c2af-e685-4bca-8aa4-9345e88c7bf2/720p/video.m3u8,720p,surrit.com
https://missav123.com/en/abf-226-english-subtitle,,https://surrit.com/fff1c2af-e685-4bca-8aa4-9345e88c7bf2/playlist.m3u8,playlist,surrit.com
https://missav123.com/en/abf-371-uncensored-leak,,https://surrit.com/2af331e6-760d-48f8-9946-4658e04bc2c1/720p/video.m3u8,720p,surrit.com
https://missav123.com/en/abf-371-uncensored-leak,,https://surrit.com/2af331e6-760d-48f8-9946-4658e04bc2c1/playlist.m3u8,playlist,surrit.com
https://missav123.com/en/abf-372-uncensored-leak,,https://surrit.com/d5f1400e-1ed4-4413-8a7c-1a64b6277213/1080p/video.m3u8,1080p,surrit.com
https://missav123.com/en/abf-372-uncensored-leak,,https://surrit.com/d5f1400e-1ed4-4413-8a7c-1a64b6277213/720p/video.m3u8,720p,surrit.com
https://missav123.com/en/abf-372-uncensored-leak,,https://surrit.com/d5f1400e-1ed4-4413-8a7c-1a64b6277213/playlist.m3u8,playlist,surrit.com
https://missav123.com/en/adn-655-english-subtitle,,https://surrit.com/4373b90e-012a-40bc-a4f4-014fd160155e/1080p/video.m3u8,1080p,surrit.com
https://missav123.com/en/adn-655-english-subtitle,,https://surrit.com/4373b90e-012a-40bc-a4f4-014fd160155e/720p/video.m3u8,720p,surrit.com
https://missav123.com/en/adn-655-english-subtitle,,https://surrit.com/4373b90e-012a-40bc-a4f4-014fd160155e/playlist.m3u8,playlist,surrit.com
https://missav123.com/en/adn-659-english-subtitle,,https://surrit.com/75208269-328e-489a-a849-8e2af4e0ebaf/1080p/video.m3u8,1080p,surrit.com
https://missav123.com/en/adn-659-english-subtitle,,https://surrit.com/75208269-328e-489a-a849-8e2af4e0ebaf/720p/video.m3u8,720p,surrit.com
https://missav123.com/en/adn-659-english-subtitle,,https://surrit.com/75208269-328e-489a-a849-8e2af4e0ebaf/playlist.m3u8,playlist,surrit.com
https://missav123.com/en/adn-663-uncensored-leak,,https://surrit.com/e3e0878f-3607-42ee-95e1-1eda571d961a/1080p/video.m3u8,1080p,surrit.com
https://missav123.com/en/adn-663-uncensored-leak,,https://surrit.com/e3e0878f-3607-42ee-95e1-1eda571d961a/720p/video.m3u8,720p,surrit.com
https://missav123.com/en/adn-663-uncensored-leak,,https://surrit.com/e3e0878f-3607-42ee-95e1-1eda571d961a/playlist.m3u8,playlist,surrit.com
https://missav123.com/en/adn-664-english-subtitle,,https://surrit.com/ded092d8-a6ba-463d-9851-e2b9e38e711d/1080p/video.m3u8,1080p,surrit.com
https://missav123.com/en/adn-664-english-subtitle,,https://surrit.com/ded092d8-a6ba-463d-9851-e2b9e38e711d/720p/video.m3u8,720p,surrit.com
https://missav123.com/en/adn-664-english-subtitle,,https://surrit.com/ded092d8-a6ba-463d-9851-e2b9e38e711d/playlist.m3u8,playlist,surrit.com
https://missav123.com/en/adn-677-english-subtitle,,https://surrit.com/cd34375a-fe42-48d0-b309-4ba446cd0476/1080p/video.m3u8,1080p,surrit.com
https://missav123.com/en/adn-677-english-subtitle,,https://surrit.com/cd34375a-fe42-48d0-b309-4ba446cd0476/720p/video.m3u8,720p,surrit.com
https://missav123.com/en/adn-677-english-subtitle,,https://surrit.com/cd34375a-fe42-48d0-b309-4ba446cd0476/playlist.m3u8,playlist,surrit.com
https://missav123.com/en/adn-678-english-subtitle,,https://surrit.com/29f8c845-0aff-4e2c-883d-1f4fd5c557ad/1080p/video.m3u8,1080p,surrit.com
https://missav123.com/en/adn-678-english-subtitle,,https://surrit.com/29f8c845-0aff-4e2c-883d-1f4fd5c557ad/720p/video.m3u8,720p,surrit.com
https://missav123.com/en/adn-678-english-subtitle,,https://surrit.com/29f8c845-0aff-4e2c-883d-1f4fd5c557ad/playlist.m3u8,playlist,surrit.com
https://missav123.com/en/adn-684-english-subtitle,,https://surrit.com/849ce327-d482-4017-ba03-aa21ea39fed7/1080p/video.m3u8,1080p,surrit.com
https://missav123.com/en/adn-684-english-subtitle,,https://surrit.com/849ce327-d482-4017-ba03-aa21ea39fed7/720p/video.m3u8,720p,surrit.com
https://missav123.com/en/adn-684-english-subtitle,,https://surrit.com/849ce327-d482-4017-ba03-aa21ea39fed7/playlist.m3u8,playlist,surrit.com
https://missav123.com/en/adn-801-uncensored-leak,,https://surrit.com/c391cb1d-46ca-4dee-b750-53739285bff9/1080p/video.m3u8,1080p,surrit.com
https://missav123.com/en/adn-801-uncensored-leak,,https://surrit.com/c391cb1d-46ca-4dee-b750-53739285bff9/720p/video.m3u8,720p,surrit.com
https://missav123.com/en/adn-801-uncensored-leak,,https://surrit.com/c391cb1d-46ca-4dee-b750-53739285bff9/playlist.m3u8,playlist,surrit.com
https://missav123.com/en/aldn-605,aldn-605,https://surrit.com/86a3c51e-fd5f-47d4-8499-f8d2d5a2c204/1080p/video.m3u8,1080p,surrit.com
https://missav123.com/en/aldn-605,aldn-605,https://surrit.com/86a3c51e-fd5f-47d4-8499-f8d2d5a2c204/720p/video.m3u8,720p,surrit.com
https://missav123.com/en/aldn-605,aldn-605,https://surrit.com/86a3c51e-fd5f-47d4-8499-f8d2d5a2c204/playlist.m3u8,playlist,surrit.com
https://missav123.com/en/apgh-058,apgh-058,https://surrit.com/7b03a08a-2993-421e-8ee7-caa468e6f357/720p/video.m3u8,720p,surrit.com
https://missav123.com/en/apgh-058,apgh-058,https://surrit.com/7b03a08a-2993-421e-8ee7-caa468e6f357/playlist.m3u8,playlist,surrit.com
https://missav123.com/en/bab-195-uncensored-leak,,https://surrit.com/351685d6-bbfb-4927-9dac-65bbc751d7fd/1080p/video.m3u8,1080p,surrit.com
https://missav123.com/en/bab-195-uncensored-leak,,https://surrit.com/351685d6-bbfb-4927-9dac-65bbc751d7fd/720p/video.m3u8,720p,surrit.com
https://missav123.com/en/bab-195-uncensored-leak,,https://surrit.com/351685d6-bbfb-4927-9dac-65bbc751d7fd/playlist.m3u8,playlist,surrit.com
https://missav123.com/en/bagr-090,bagr-090,https://surrit.com/a1d0013a-d5df-4233-9697-4f754fd26417/720p/video.m3u8,720p,surrit.com
https://missav123.com/en/bagr-090,bagr-090,https://surrit.com/a1d0013a-d5df-4233-9697-4f754fd26417/playlist.m3u8,playlist,surrit.com
https://missav123.com/en/basj-047,basj-047,https://surrit.com/5bb2ccdb-a618-4ac2-993b-738a05fac416/720p/video.m3u8,720p,surrit.com
https://missav123.com/en/basj-047,basj-047,https://surrit.com/5bb2ccdb-a618-4ac2-993b-738a05fac416/playlist.m3u8,playlist,surrit.com
https://missav123.com/en/beaf-224-uncensored-leak,,https://surrit.com/5fe92136-1dff-451e-b919-5300e376f71b/1080p/video.m3u8,1080p,surrit.com
https://missav123.com/en/beaf-224-uncensored-leak,,https://surrit.com/5fe92136-1dff-451e-b919-5300e376f71b/720p/video.m3u8,720p,surrit.com
https://missav123.com/en/beaf-224-uncensored-leak,,https://surrit.com/5fe92136-1dff-451e-b919-5300e376f71b/playlist.m3u8,playlist,surrit.com
https://missav123.com/en/bijn-287-uncensored-leak,,https://surrit.com/aedb8ab1-8d52-44c3-b77f-ea4ddedf6a04/1080p/video.m3u8,1080p,surrit.com
https://missav123.com/en/bijn-287-uncensored-leak,,https://surrit.com/aedb8ab1-8d52-44c3-b77f-ea4ddedf6a04/720p/video.m3u8,720p,surrit.com
https://missav123.com/en/bijn-287-uncensored-leak,,https://surrit.com/aedb8ab1-8d52-44c3-b77f-ea4ddedf6a04/playlist.m3u8,playlist,surrit.com
https://missav123.com/en/bur-652-uncensored-leak,,https://surrit.com/f5db18d0-2a13-464b-b56f-a2e23a848447/1080p/video.m3u8,1080p,surrit.com
https://missav123.com/en/bur-652-uncensored-leak,,https://surrit.com/f5db18d0-2a13-464b-b56f-a2e23a848447/720p/video.m3u8,720p,surrit.com
https://missav123.com/en/bur-652-uncensored-leak,,https://surrit.com/f5db18d0-2a13-464b-b56f-a2e23a848447/playlist.m3u8,playlist,surrit.com
https://missav123.com/en/c-2983,c-2983,https://surrit.com/e8a00217-63ca-4745-a923-ca8cff6f09cd/1080p/video.m3u8,1080p,surrit.com
https://missav123.com/en/c-2983,c-2983,https://surrit.com/e8a00217-63ca-4745-a923-ca8cff6f09cd/720p/video.m3u8,720p,surrit.com
https://missav123.com/en/c-2983,c-2983,https://surrit.com/e8a00217-63ca-4745-a923-ca8cff6f09cd/playlist.m3u8,playlist,surrit.com
https://missav123.com/en/cawb-012-uncensored-leak,,https://surrit.com/fef7f38b-8fc8-4145-96fd-f25d9d44ff97/1080p/video.m3u8,1080p,surrit.com
https://missav123.com/en/cawb-012-uncensored-leak,,https://surrit.com/fef7f38b-8fc8-4145-96fd-f25d9d44ff97/720p/video.m3u8,720p,surrit.com
https://missav123.com/en/cawb-012-uncensored-leak,,https://surrit.com/fef7f38b-8fc8-4145-96fd-f25d9d44ff97/playlist.m3u8,playlist,surrit.com
https://missav123.com/en/cawb-016-uncensored-leak,,https://surrit.com/3b31da98-0813-4c66-80ea-ee61b57e7c4b/1080p/video.m3u8,1080p,surrit.com
https://missav123.com/en/cawb-016-uncensored-leak,,https://surrit.com/3b31da98-0813-4c66-80ea-ee61b57e7c4b/720p/video.m3u8,720p,surrit.com
https://missav123.com/en/cawb-016-uncensored-leak,,https://surrit.com/3b31da98-0813-4c66-80ea-ee61b57e7c4b/playlist.m3u8,playlist,surrit.com
https://missav123.com/en/cemd-875,cemd-875,https://surrit.com/aef59478-92e9-4cf5-8068-ded20a179c3e/720p/video.m3u8,720p,surrit.com
https://missav123.com/en/cemd-875,cemd-875,https://surrit.com/aef59478-92e9-4cf5-8068-ded20a179c3e/playlist.m3u8,playlist,surrit.com
https://missav123.com/en/chrv-222,chrv-222,https://surrit.com/85119e2a-afa4-40ba-b3d4-1ade3998539b/720p/video.m3u8,720p,surrit.com
https://missav123.com/en/chrv-222,chrv-222,https://surrit.com/85119e2a-afa4-40ba-b3d4-1ade3998539b/playlist.m3u8,playlist,surrit.com
https://missav123.com/en/cidvd-074,cidvd-074,https://surrit.com/9afe4671-0a47-4945-bbdf-08a4d976be60/720p/video.m3u8,720p,surrit.com
https://missav123.com/en/cidvd-074,cidvd-074,https://surrit.com/9afe4671-0a47-4945-bbdf-08a4d976be60/playlist.m3u8,playlist,surrit.com
https://missav123.com/en/dandya-042-uncensored-leak,,https://surrit.com/f5af4e14-4fb9-4564-8a2e-02c095cdb64e/1080p/video.m3u8,1080p,surrit.com
https://missav123.com/en/dandya-042-uncensored-leak,,https://surrit.com/f5af4e14-4fb9-4564-8a2e-02c095cdb64e/720p/video.m3u8,720p,surrit.com
https://missav123.com/en/dandya-042-uncensored-leak,,https://surrit.com/f5af4e14-4fb9-4564-8a2e-02c095cdb64e/playlist.m3u8,playlist,surrit.com
https://missav123.com/en/dandya-044-uncensored-leak,,https://surrit.com/78b738b7-a89f-4b13-ade2-2d7775cb4158/1080p/video.m3u8,1080p,surrit.com
https://missav123.com/en/dandya-044-uncensored-leak,,https://surrit.com/78b738b7-a89f-4b13-ade2-2d7775cb4158/720p/video.m3u8,720p,surrit.com
https://missav123.com/en/dandya-044-uncensored-leak,,https://surrit.com/78b738b7-a89f-4b13-ade2-2d7775cb4158/playlist.m3u8,playlist,surrit.com
https://missav123.com/en/dass-566-uncensored-leak,,https://surrit.com/c9582652-3bea-4ec6-b931-e668ba3bff7a/1080p/video.m3u8,1080p,surrit.com
https://missav123.com/en/dass-566-uncensored-leak,,https://surrit.com/c9582652-3bea-4ec6-b931-e668ba3bff7a/720p/video.m3u8,720p,surrit.com
https://missav123.com/en/dass-566-uncensored-leak,,https://surrit.com/c9582652-3bea-4ec6-b931-e668ba3bff7a/playlist.m3u8,playlist,surrit.com
https://missav123.com/en/dass-572-uncensored-leak,,https://surrit.com/cc43aeef-5a2e-4c77-bb17-998dea81ef9c/1080p/video.m3u8,1080p,surrit.com
https://missav123.com/en/dass-572-uncensored-leak,,https://surrit.com/cc43aeef-5a2e-4c77-bb17-998dea81ef9c/720p/video.m3u8,720p,surrit.com
https://missav123.com/en/dass-572-uncensored-leak,,https://surrit.com/cc43aeef-5a2e-4c77-bb17-998dea81ef9c/playlist.m3u8,playlist,surrit.com
https://missav123.com/en/dass-601-uncensored-leak,,https://surrit.com/d26c727e-4b85-44a1-b9c8-78e39246613c/1080p/video.m3u8,1080p,surrit.com
https://missav123.com/en/dass-601-uncensored-leak,,https://surrit.com/d26c727e-4b85-44a1-b9c8-78e39246613c/720p/video.m3u8,720p,surrit.com
https://missav123.com/en/dass-601-uncensored-leak,,https://surrit.com/d26c727e-4b85-44a1-b9c8-78e39246613c/playlist.m3u8,playlist,surrit.com
https://missav123.com/en/dldss-343-uncensored-leak,,https://surrit.com/3303b244-68e0-4f3e-aafe-3a466e858047/1080p/video.m3u8,1080p,surrit.com
https://missav123.com/en/dldss-343-uncensored-leak,,https://surrit.com/3303b244-68e0-4f3e-aafe-3a466e858047/720p/video.m3u8,720p,surrit.com
https://missav123.com/en/dldss-343-uncensored-leak,,https://surrit.com/3303b244-68e0-4f3e-aafe-3a466e858047/playlist.m3u8,playlist,surrit.com
https://missav123.com/en/dldss-530-uncensored-leak,,https://surrit.com/251424d5-68b3-462d-826e-c78c6a734c02/1080p/video.m3u8,1080p,surrit.com
https://missav123.com/en/dldss-530-uncensored-leak,,https://surrit.com/251424d5-68b3-462d-826e-c78c6a734c02/720p/video.m3u8,720p,surrit.com
https://missav123.com/en/dldss-530-uncensored-leak,,https://surrit.com/251424d5-68b3-462d-826e-c78c6a734c02/playlist.m3u8,playlist,surrit.com
https://missav123.com/en/dldss-539,dldss-539,https://surrit.com/9b56b0eb-1312-451a-9c5f-bbf82041cb7c/1080p/video.m3u8,1080p,surrit.com
https://missav123.com/en/dldss-539,dldss-539,https://surrit.com/9b56b0eb-1312-451a-9c5f-bbf82041cb7c/720p/video.m3u8,720p,surrit.com
https://missav123.com/en/dldss-539,dldss-539,https://surrit.com/9b56b0eb-1312-451a-9c5f-bbf82041cb7c/playlist.m3u8,playlist,surrit.com
https://missav123.com/en/dlv-006,dlv-006,https://surrit.com/f3d09e76-814f-48dd-a973-7e1ea1855786/720p/video.m3u8,720p,surrit.com
https://missav123.com/en/dlv-006,dlv-006,https://surrit.com/f3d09e76-814f-48dd-a973-7e1ea1855786/playlist.m3u8,playlist,surrit.com
https://missav123.com/en/dvaj-509-uncensored-leak,,https://surrit.com/d9eb3e1b-5fb0-4c33-bf03-795d587a804f/1080p/video.m3u8,1080p,surrit.com
https://missav123.com/en/dvaj-509-uncensored-leak,,https://surrit.com/d9eb3e1b-5fb0-4c33-bf03-795d587a804f/720p/video.m3u8,720p,surrit.com
https://missav123.com/en/dvaj-509-uncensored-leak,,https://surrit.com/d9eb3e1b-5fb0-4c33-bf03-795d587a804f/playlist.m3u8,playlist,surrit.com
https://missav123.com/en/dvmm-232-english-subtitle,,https://surrit.com/e0eda781-0590-4bda-8e98-3f0c1c81e1fe/720p/video.m3u8,720p,surrit.com
https://missav123.com/en/dvmm-232-english-subtitle,,https://surrit.com/e0eda781-0590-4bda-8e98-3f0c1c81e1fe/playlist.m3u8,playlist,surrit.com
https://missav123.com/en/fc2-ppv-4935910,,https://surrit.com/8aa42107-34a5-48d8-9d18-4791c3892157/720p/video.m3u8,720p,surrit.com
https://missav123.com/en/fc2-ppv-4935910,,https://surrit.com/8aa42107-34a5-48d8-9d18-4791c3892157/playlist.m3u8,playlist,surrit.com
https://missav123.com/en/fc2-ppv-4939465,,https://surrit.com/36b3c553-27a9-4a4d-85d4-079d404bb9c1/720p/video.m3u8,720p,surrit.com
https://missav123.com/en/fc2-ppv-4939465,,https://surrit.com/36b3c553-27a9-4a4d-85d4-079d404bb9c1/playlist.m3u8,playlist,surrit.com
https://missav123.com/en/fc2-ppv-4944559,,https://surrit.com/cf295a9a-589d-4470-8d32-54549598384e/720p/video.m3u8,720p,surrit.com
https://missav123.com/en/fc2-ppv-4944559,,https://surrit.com/cf295a9a-589d-4470-8d32-54549598384e/playlist.m3u8,playlist,surrit.com
https://missav123.com/en/fc2-ppv-4945540,,https://surrit.com/ccf895cd-2fe9-4062-bdfd-7a4eb3a48a64/1080p/video.m3u8,1080p,surrit.com
https://missav123.com/en/fc2-ppv-4945540,,https://surrit.com/ccf895cd-2fe9-4062-bdfd-7a4eb3a48a64/720p/video.m3u8,720p,surrit.com
https://missav123.com/en/fc2-ppv-4945540,,https://surrit.com/ccf895cd-2fe9-4062-bdfd-7a4eb3a48a64/playlist.m3u8,playlist,surrit.com
https://missav123.com/en/fc2-ppv-4947807,,https://surrit.com/979c319f-176e-409f-b92e-95dc1c7d222f/1080p/video.m3u8,1080p,surrit.com
https://missav123.com/en/fc2-ppv-4947807,,https://surrit.com/979c319f-176e-409f-b92e-95dc1c7d222f/720p/video.m3u8,720p,surrit.com
https://missav123.com/en/fc2-ppv-4947807,,https://surrit.com/979c319f-176e-409f-b92e-95dc1c7d222f/playlist.m3u8,playlist,surrit.com
https://missav123.com/en/fc2-ppv-4948503,,https://surrit.com/4016373f-6c48-4984-a656-3d1bb81d5359/720p/video.m3u8,720p,surrit.com
https://missav123.com/en/fc2-ppv-4948503,,https://surrit.com/4016373f-6c48-4984-a656-3d1bb81d5359/playlist.m3u8,playlist,surrit.com
https://missav123.com/en/fc2-ppv-4950168,,https://surrit.com/2b9cf47e-8166-4a42-b425-cf452d3cc518/720p/video.m3u8,720p,surrit.com
https://missav123.com/en/fc2-ppv-4950168,,https://surrit.com/2b9cf47e-8166-4a42-b425-cf452d3cc518/playlist.m3u8,playlist,surrit.com
https://missav123.com/en/fc2-ppv-4950205,,https://surrit.com/16e118e0-28cb-44f0-9207-adff619e295c/1080p/video.m3u8,1080p,surrit.com
https://missav123.com/en/fc2-ppv-4950205,,https://surrit.com/16e118e0-28cb-44f0-9207-adff619e295c/720p/video.m3u8,720p,surrit.com
https://missav123.com/en/fc2-ppv-4950205,,https://surrit.com/16e118e0-28cb-44f0-9207-adff619e295c/playlist.m3u8,playlist,surrit.com
https://missav123.com/en/fc2-ppv-4950213,,https://surrit.com/df78caf9-41b4-4e7b-bf06-e930b40a811a/720p/video.m3u8,720p,surrit.com
https://missav123.com/en/fc2-ppv-4950213,,https://surrit.com/df78caf9-41b4-4e7b-bf06-e930b40a811a/playlist.m3u8,playlist,surrit.com
https://missav123.com/en/fc2-ppv-4953235,,https://surrit.com/15756830-344d-4e3b-9d84-502e0976af31/720p/video.m3u8,720p,surrit.com
https://missav123.com/en/fc2-ppv-4953235,,https://surrit.com/15756830-344d-4e3b-9d84-502e0976af31/playlist.m3u8,playlist,surrit.com
https://missav123.com/en/fc2-ppv-4954897,,https://surrit.com/d89b30f2-c538-4928-8d9f-e9f9a7a2ae0b/720p/video.m3u8,720p,surrit.com
https://missav123.com/en/fc2-ppv-4954897,,https://surrit.com/d89b30f2-c538-4928-8d9f-e9f9a7a2ae0b/playlist.m3u8,playlist,surrit.com
https://missav123.com/en/fc2-ppv-4954902,,https://surrit.com/6b5e585a-7d55-471a-a8a2-9971656abd57/720p/video.m3u8,720p,surrit.com
https://missav123.com/en/fc2-ppv-4954902,,https://surrit.com/6b5e585a-7d55-471a-a8a2-9971656abd57/playlist.m3u8,playlist,surrit.com
https://missav123.com/en/fc2-ppv-4955168,,https://surrit.com/7bb7e6b3-1377-4503-81ac-ca4f2d415b2b/720p/video.m3u8,720p,surrit.com
https://missav123.com/en/fc2-ppv-4955168,,https://surrit.com/7bb7e6b3-1377-4503-81ac-ca4f2d415b2b/playlist.m3u8,playlist,surrit.com
https://missav123.com/en/fc2-ppv-4955287,,https://surrit.com/974d1880-3982-4b59-9a1a-45d659ab8611/1080p/video.m3u8,1080p,surrit.com
https://missav123.com/en/fc2-ppv-4955287,,https://surrit.com/974d1880-3982-4b59-9a1a-45d659ab8611/720p/video.m3u8,720p,surrit.com
https://missav123.com/en/fc2-ppv-4955287,,https://surrit.com/974d1880-3982-4b59-9a1a-45d659ab8611/playlist.m3u8,playlist,surrit.com
https://missav123.com/en/fc2-ppv-4955707,,https://surrit.com/3b47ec3c-4862-4376-8ba8-e3e9c18b2e7f/720p/video.m3u8,720p,surrit.com
https://missav123.com/en/fc2-ppv-4955707,,https://surrit.com/3b47ec3c-4862-4376-8ba8-e3e9c18b2e7f/playlist.m3u8,playlist,surrit.com
https://missav123.com/en/fc2-ppv-4955757,,https://surrit.com/17ab43a7-192b-4492-85ef-4ec26b4a8c54/480p/video.m3u8,480p,surrit.com
https://missav123.com/en/fc2-ppv-4955757,,https://surrit.com/17ab43a7-192b-4492-85ef-4ec26b4a8c54/playlist.m3u8,playlist,surrit.com
https://missav123.com/en/fc2-ppv-4955762,,https://surrit.com/197b7a94-4fce-4d5e-9b05-b97349145b15/720p/video.m3u8,720p,surrit.com
https://missav123.com/en/fc2-ppv-4955762,,https://surrit.com/197b7a94-4fce-4d5e-9b05-b97349145b15/playlist.m3u8,playlist,surrit.com
https://missav123.com/en/fc2-ppv-4955836,,https://surrit.com/b395bfce-b81b-48e4-a11b-7024a38ada90/720p/video.m3u8,720p,surrit.com
https://missav123.com/en/fc2-ppv-4955836,,https://surrit.com/b395bfce-b81b-48e4-a11b-7024a38ada90/playlist.m3u8,playlist,surrit.com
https://missav123.com/en/fc2-ppv-4955884,,https://surrit.com/6fd4871a-1356-4a81-a34c-a91de993b314/720p/video.m3u8,720p,surrit.com
https://missav123.com/en/fc2-ppv-4955884,,https://surrit.com/6fd4871a-1356-4a81-a34c-a91de993b314/playlist.m3u8,playlist,surrit.com
https://missav123.com/en/fc2-ppv-4956022,,https://surrit.com/fdd55ddd-e8e5-4111-8adf-a3a04641360a/720p/video.m3u8,720p,surrit.com
https://missav123.com/en/fc2-ppv-4956022,,https://surrit.com/fdd55ddd-e8e5-4111-8adf-a3a04641360a/playlist.m3u8,playlist,surrit.com
https://missav123.com/en/fc2-ppv-4956023,,https://surrit.com/fb06492a-0b44-42c8-bcaa-b8124cb2807e/720p/video.m3u8,720p,surrit.com
https://missav123.com/en/fc2-ppv-4956023,,https://surrit.com/fb06492a-0b44-42c8-bcaa-b8124cb2807e/playlist.m3u8,playlist,surrit.com
https://missav123.com/en/fc2-ppv-4956256,,https://surrit.com/0fe82462-7f6c-45c7-ad60-f72fc0f54cfa/720p/video.m3u8,720p,surrit.com
https://missav123.com/en/fc2-ppv-4956256,,https://surrit.com/0fe82462-7f6c-45c7-ad60-f72fc0f54cfa/playlist.m3u8,playlist,surrit.com
https://missav123.com/en/fc2-ppv-4956600,,https://surrit.com/34dee9a0-7e6c-4158-b391-877a7a01ffe9/720p/video.m3u8,720p,surrit.com
https://missav123.com/en/fc2-ppv-4956600,,https://surrit.com/34dee9a0-7e6c-4158-b391-877a7a01ffe9/playlist.m3u8,playlist,surrit.com
https://missav123.com/en/fc2-ppv-4956632,,https://surrit.com/6fc1fd56-78c1-453a-ad91-f3a6ed81b80d/720p/video.m3u8,720p,surrit.com
https://missav123.com/en/fc2-ppv-4956632,,https://surrit.com/6fc1fd56-78c1-453a-ad91-f3a6ed81b80d/playlist.m3u8,playlist,surrit.com
https://missav123.com/en/fc2-ppv-4956648,,https://surrit.com/1a796c28-5c33-4088-8a8e-fbcf299a0d64/720p/video.m3u8,720p,surrit.com
https://missav123.com/en/fc2-ppv-4956648,,https://surrit.com/1a796c28-5c33-4088-8a8e-fbcf299a0d64/playlist.m3u8,playlist,surrit.com
https://missav123.com/en/fc2-ppv-4956913,,https://surrit.com/7094ba7d-1aed-434d-a4b1-aefd903c3b93/480p/video.m3u8,480p,surrit.com
https://missav123.com/en/fc2-ppv-4956913,,https://surrit.com/7094ba7d-1aed-434d-a4b1-aefd903c3b93/playlist.m3u8,playlist,surrit.com
https://missav123.com/en/fc2-ppv-4957056,,https://surrit.com/9dbf46b8-4939-428b-8610-9ba24e463781/1080p/video.m3u8,1080p,surrit.com
https://missav123.com/en/fc2-ppv-4957056,,https://surrit.com/9dbf46b8-4939-428b-8610-9ba24e463781/720p/video.m3u8,720p,surrit.com
https://missav123.com/en/fc2-ppv-4957056,,https://surrit.com/9dbf46b8-4939-428b-8610-9ba24e463781/playlist.m3u8,playlist,surrit.com
https://missav123.com/en/fjin-154-uncensored-leak,,https://surrit.com/3b04334a-a484-44a8-a932-f788110d770e/1080p/video.m3u8,1080p,surrit.com
https://missav123.com/en/fjin-154-uncensored-leak,,https://surrit.com/3b04334a-a484-44a8-a932-f788110d770e/720p/video.m3u8,720p,surrit.com
https://missav123.com/en/fjin-154-uncensored-leak,,https://surrit.com/3b04334a-a484-44a8-a932-f788110d770e/playlist.m3u8,playlist,surrit.com
https://missav123.com/en/fsdss-687-uncensored-leak,,https://surrit.com/ed2f60af-e8b6-4761-bba0-5a0e5863e2a3/1280x720/video.m3u8,720p,surrit.com
https://missav123.com/en/fsdss-687-uncensored-leak,,https://surrit.com/ed2f60af-e8b6-4761-bba0-5a0e5863e2a3/842x480/video.m3u8,480p,surrit.com
https://missav123.com/en/fsdss-687-uncensored-leak,,https://surrit.com/ed2f60af-e8b6-4761-bba0-5a0e5863e2a3/playlist.m3u8,playlist,surrit.com
https://missav123.com/en/fsdss-856-uncensored-leak,,https://surrit.com/2c4bd602-2cfe-4b6a-b76f-301cdf59e8b5/1080p/video.m3u8,1080p,surrit.com
https://missav123.com/en/fsdss-856-uncensored-leak,,https://surrit.com/2c4bd602-2cfe-4b6a-b76f-301cdf59e8b5/720p/video.m3u8,720p,surrit.com
https://missav123.com/en/fsdss-856-uncensored-leak,,https://surrit.com/2c4bd602-2cfe-4b6a-b76f-301cdf59e8b5/playlist.m3u8,playlist,surrit.com
https://missav123.com/en/fsdss-913-uncensored-leak,,https://surrit.com/0313dd4f-b969-45a2-8762-0c9c1b67dd7a/1080p/video.m3u8,1080p,surrit.com
https://missav123.com/en/fsdss-913-uncensored-leak,,https://surrit.com/0313dd4f-b969-45a2-8762-0c9c1b67dd7a/720p/video.m3u8,720p,surrit.com
https://missav123.com/en/fsdss-913-uncensored-leak,,https://surrit.com/0313dd4f-b969-45a2-8762-0c9c1b67dd7a/playlist.m3u8,playlist,surrit.com
https://missav123.com/en/fwtr-031-uncensored-leak,,https://surrit.com/68c9a39d-6461-464e-b888-e86afd40084b/1080p/video.m3u8,1080p,surrit.com
https://missav123.com/en/fwtr-031-uncensored-leak,,https://surrit.com/68c9a39d-6461-464e-b888-e86afd40084b/720p/video.m3u8,720p,surrit.com
https://missav123.com/en/fwtr-031-uncensored-leak,,https://surrit.com/68c9a39d-6461-464e-b888-e86afd40084b/playlist.m3u8,playlist,surrit.com
https://missav123.com/en/gana-3421-uncensored-leak,,https://surrit.com/7216f609-c548-4337-b9c2-f96a0064a900/1080p/video.m3u8,1080p,surrit.com
https://missav123.com/en/gana-3421-uncensored-leak,,https://surrit.com/7216f609-c548-4337-b9c2-f96a0064a900/720p/video.m3u8,720p,surrit.com
https://missav123.com/en/gana-3421-uncensored-leak,,https://surrit.com/7216f609-c548-4337-b9c2-f96a0064a900/playlist.m3u8,playlist,surrit.com
https://missav123.com/en/gebb-054-uncensored-leak,,https://surrit.com/458bc951-498d-42e9-a9f6-b0b0aad3c1a8/1080p/video.m3u8,1080p,surrit.com
https://missav123.com/en/gebb-054-uncensored-leak,,https://surrit.com/458bc951-498d-42e9-a9f6-b0b0aad3c1a8/720p/video.m3u8,720p,surrit.com
https://missav123.com/en/gebb-054-uncensored-leak,,https://surrit.com/458bc951-498d-42e9-a9f6-b0b0aad3c1a8/playlist.m3u8,playlist,surrit.com
https://missav123.com/en/gvh-869,gvh-869,https://surrit.com/3a34b1ea-6545-4899-980b-6e050dbc28a1/1080p/video.m3u8,1080p,surrit.com
https://missav123.com/en/gvh-869,gvh-869,https://surrit.com/3a34b1ea-6545-4899-980b-6e050dbc28a1/720p/video.m3u8,720p,surrit.com
https://missav123.com/en/gvh-869,gvh-869,https://surrit.com/3a34b1ea-6545-4899-980b-6e050dbc28a1/playlist.m3u8,playlist,surrit.com
https://missav123.com/en/hawa-383-uncensored-leak,,https://surrit.com/0f3bfa6e-22d3-4458-bb12-4e2be61e4d0f/1080p/video.m3u8,1080p,surrit.com
https://missav123.com/en/hawa-383-uncensored-leak,,https://surrit.com/0f3bfa6e-22d3-4458-bb12-4e2be61e4d0f/720p/video.m3u8,720p,surrit.com
https://missav123.com/en/hawa-383-uncensored-leak,,https://surrit.com/0f3bfa6e-22d3-4458-bb12-4e2be61e4d0f/playlist.m3u8,playlist,surrit.com
https://missav123.com/en/hbad-738-uncensored-leak,,https://surrit.com/9b4d35e7-aff2-4104-a6ad-1f522019079f/1080p/video.m3u8,1080p,surrit.com
https://missav123.com/en/hbad-738-uncensored-leak,,https://surrit.com/9b4d35e7-aff2-4104-a6ad-1f522019079f/720p/video.m3u8,720p,surrit.com
https://missav123.com/en/hbad-738-uncensored-leak,,https://surrit.com/9b4d35e7-aff2-4104-a6ad-1f522019079f/playlist.m3u8,playlist,surrit.com
https://missav123.com/en/hjmo-676-uncensored-leak,,https://surrit.com/95c3e188-f3ab-438f-93e7-287646a6ad1f/1080p/video.m3u8,1080p,surrit.com
https://missav123.com/en/hjmo-676-uncensored-leak,,https://surrit.com/95c3e188-f3ab-438f-93e7-287646a6ad1f/720p/video.m3u8,720p,surrit.com
https://missav123.com/en/hjmo-676-uncensored-leak,,https://surrit.com/95c3e188-f3ab-438f-93e7-287646a6ad1f/playlist.m3u8,playlist,surrit.com
https://missav123.com/en/hmn-697-english-subtitle,,https://surrit.com/846e36c9-f258-433e-b09d-c938a178ea6d/1080p/video.m3u8,1080p,surrit.com
https://missav123.com/en/hmn-697-english-subtitle,,https://surrit.com/846e36c9-f258-433e-b09d-c938a178ea6d/720p/video.m3u8,720p,surrit.com
https://missav123.com/en/hmn-697-english-subtitle,,https://surrit.com/846e36c9-f258-433e-b09d-c938a178ea6d/playlist.m3u8,playlist,surrit.com
https://missav123.com/en/hone-298,hone-298,https://surrit.com/f2a03984-2720-4e6c-b315-90da44999fe7/720p/video.m3u8,720p,surrit.com
https://missav123.com/en/hone-298,hone-298,https://surrit.com/f2a03984-2720-4e6c-b315-90da44999fe7/playlist.m3u8,720p,surrit.com
https://missav123.com/en/hsoda-060-uncensored-leak,,https://surrit.com/39d38d75-c119-4b35-8457-d919e49801ba/1080p/video.m3u8,1080p,surrit.com
https://missav123.com/en/hsoda-060-uncensored-leak,,https://surrit.com/39d38d75-c119-4b35-8457-d919e49801ba/720p/video.m3u8,720p,surrit.com
https://missav123.com/en/hsoda-060-uncensored-leak,,https://surrit.com/39d38d75-c119-4b35-8457-d919e49801ba/playlist.m3u8,playlist,surrit.com
https://missav123.com/en/hsoda-061-uncensored-leak,,https://surrit.com/4b3a5644-973b-4353-815d-10b702057919/1080p/video.m3u8,1080p,surrit.com
https://missav123.com/en/hsoda-061-uncensored-leak,,https://surrit.com/4b3a5644-973b-4353-815d-10b702057919/720p/video.m3u8,720p,surrit.com
https://missav123.com/en/hsoda-061-uncensored-leak,,https://surrit.com/4b3a5644-973b-4353-815d-10b702057919/playlist.m3u8,playlist,surrit.com
https://missav123.com/en/hthd-242,hthd-242,https://surrit.com/38e7f4d9-abb3-472d-b5dd-231cd798b2a9/720p/video.m3u8,720p,surrit.com
https://missav123.com/en/hthd-242,hthd-242,https://surrit.com/38e7f4d9-abb3-472d-b5dd-231cd798b2a9/playlist.m3u8,playlist,surrit.com
https://missav123.com/en/htms-119-english-subtitle,,https://surrit.com/733db06a-fb7d-4e66-b3f4-b6435f1f0f79/1080p/video.m3u8,1080p,surrit.com
https://missav123.com/en/htms-119-english-subtitle,,https://surrit.com/733db06a-fb7d-4e66-b3f4-b6435f1f0f79/720p/video.m3u8,720p,surrit.com
https://missav123.com/en/htms-119-english-subtitle,,https://surrit.com/733db06a-fb7d-4e66-b3f4-b6435f1f0f79/playlist.m3u8,playlist,surrit.com
https://missav123.com/en/ipzz-892-uncensored-leak,,https://surrit.com/4037fbdb-7fae-4795-ac95-935f926da35c/720p/video.m3u8,720p,surrit.com
https://missav123.com/en/ipzz-892-uncensored-leak,,https://surrit.com/4037fbdb-7fae-4795-ac95-935f926da35c/playlist.m3u8,playlist,surrit.com
https://missav123.com/en/ipzz-899-uncensored-leak,,https://surrit.com/85052212-fe20-42c8-86b9-7bb5b48892ea/720p/video.m3u8,720p,surrit.com
https://missav123.com/en/ipzz-899-uncensored-leak,,https://surrit.com/85052212-fe20-42c8-86b9-7bb5b48892ea/playlist.m3u8,playlist,surrit.com
https://missav123.com/en/ipzz-919,ipzz-919,https://surrit.com/4a1e52e6-3a0c-46a6-a5c9-ae43f1004fea/720p/video.m3u8,720p,surrit.com
https://missav123.com/en/ipzz-919,ipzz-919,https://surrit.com/4a1e52e6-3a0c-46a6-a5c9-ae43f1004fea/playlist.m3u8,playlist,surrit.com
https://missav123.com/en/ipzz-932-uncensored-leak,,https://surrit.com/26839930-c1ef-4d41-9578-ea33886e3f35/720p/video.m3u8,720p,surrit.com
https://missav123.com/en/ipzz-932-uncensored-leak,,https://surrit.com/26839930-c1ef-4d41-9578-ea33886e3f35/playlist.m3u8,playlist,surrit.com
https://missav123.com/en/ipzz-940,ipzz-940,https://surrit.com/47430512-3485-4c71-9798-2a48e40c61d0/720p/video.m3u8,720p,surrit.com
https://missav123.com/en/ipzz-940,ipzz-940,https://surrit.com/47430512-3485-4c71-9798-2a48e40c61d0/playlist.m3u8,playlist,surrit.com
https://missav123.com/en/ipzz-940-uncensored-leak,,https://surrit.com/2492e117-19ea-4a57-8f6b-1e0082efa15a/720p/video.m3u8,720p,surrit.com
https://missav123.com/en/ipzz-940-uncensored-leak,,https://surrit.com/2492e117-19ea-4a57-8f6b-1e0082efa15a/playlist.m3u8,playlist,surrit.com
https://missav123.com/en/jera-044-uncensored-leak,,https://surrit.com/0e6e3e48-fe4e-4b37-962a-06d77c743299/1080p/video.m3u8,1080p,surrit.com
https://missav123.com/en/jera-044-uncensored-leak,,https://surrit.com/0e6e3e48-fe4e-4b37-962a-06d77c743299/720p/video.m3u8,720p,surrit.com
https://missav123.com/en/jera-044-uncensored-leak,,https://surrit.com/0e6e3e48-fe4e-4b37-962a-06d77c743299/playlist.m3u8,playlist,surrit.com
https://missav123.com/en/jera-046-uncensored-leak,,https://surrit.com/dfa5afac-3a9f-4966-bcf9-e2ac182a5aa4/1080p/video.m3u8,1080p,surrit.com
https://missav123.com/en/jera-046-uncensored-leak,,https://surrit.com/dfa5afac-3a9f-4966-bcf9-e2ac182a5aa4/720p/video.m3u8,720p,surrit.com
https://missav123.com/en/jera-046-uncensored-leak,,https://surrit.com/dfa5afac-3a9f-4966-bcf9-e2ac182a5aa4/playlist.m3u8,playlist,surrit.com
https://missav123.com/en/jjee-006-english-subtitle,,https://surrit.com/ecf55294-29a7-41ca-bd7d-3ef778e85d53/1080p/video.m3u8,1080p,surrit.com
https://missav123.com/en/jjee-006-english-subtitle,,https://surrit.com/ecf55294-29a7-41ca-bd7d-3ef778e85d53/720p/video.m3u8,720p,surrit.com
https://missav123.com/en/jjee-006-english-subtitle,,https://surrit.com/ecf55294-29a7-41ca-bd7d-3ef778e85d53/playlist.m3u8,playlist,surrit.com
https://missav123.com/en/jkw-028-uncensored-leak,,https://surrit.com/7ff2af4a-a866-4670-ba41-de9cd0af22f2/1080p/video.m3u8,1080p,surrit.com
https://missav123.com/en/jkw-028-uncensored-leak,,https://surrit.com/7ff2af4a-a866-4670-ba41-de9cd0af22f2/720p/video.m3u8,720p,surrit.com
https://missav123.com/en/jkw-028-uncensored-leak,,https://surrit.com/7ff2af4a-a866-4670-ba41-de9cd0af22f2/playlist.m3u8,playlist,surrit.com
https://missav123.com/en/jmty-083,jmty-083,https://surrit.com/25ed195f-1043-41d5-b5c5-66eae5763aa0/1080p/video.m3u8,1080p,surrit.com
https://missav123.com/en/jmty-083,jmty-083,https://surrit.com/25ed195f-1043-41d5-b5c5-66eae5763aa0/720p/video.m3u8,720p,surrit.com
https://missav123.com/en/jmty-083,jmty-083,https://surrit.com/25ed195f-1043-41d5-b5c5-66eae5763aa0/playlist.m3u8,playlist,surrit.com
https://missav123.com/en/jnt-123-uncensored-leak,,https://surrit.com/5f623720-897b-4a30-83a8-ba51eba372d8/1080p/video.m3u8,1080p,surrit.com
https://missav123.com/en/jnt-123-uncensored-leak,,https://surrit.com/5f623720-897b-4a30-83a8-ba51eba372d8/720p/video.m3u8,720p,surrit.com
https://missav123.com/en/jnt-123-uncensored-leak,,https://surrit.com/5f623720-897b-4a30-83a8-ba51eba372d8/playlist.m3u8,720p,surrit.com
https://missav123.com/en/jrze-312,jrze-312,https://surrit.com/97b8b9a6-f89a-44d0-b3d5-9b8b62336f5a/720p/video.m3u8,720p,surrit.com
https://missav123.com/en/jrze-312,jrze-312,https://surrit.com/97b8b9a6-f89a-44d0-b3d5-9b8b62336f5a/playlist.m3u8,playlist,surrit.com
https://missav123.com/en/jrze-313,jrze-313,https://surrit.com/d498758b-9d69-4bcf-98fb-679b0c88c4e2/720p/video.m3u8,720p,surrit.com
https://missav123.com/en/jrze-313,jrze-313,https://surrit.com/d498758b-9d69-4bcf-98fb-679b0c88c4e2/playlist.m3u8,playlist,surrit.com
https://missav123.com/en/jul-211-uncensored-leak,,https://surrit.com/722b4fe7-2b03-4a73-b7aa-2d6d360274ff/1080p/video.m3u8,1080p,surrit.com
https://missav123.com/en/jul-211-uncensored-leak,,https://surrit.com/722b4fe7-2b03-4a73-b7aa-2d6d360274ff/720p/video.m3u8,720p,surrit.com
https://missav123.com/en/jul-211-uncensored-leak,,https://surrit.com/722b4fe7-2b03-4a73-b7aa-2d6d360274ff/playlist.m3u8,playlist,surrit.com
https://missav123.com/en/jur-161-uncensored-leak,,https://surrit.com/112eb181-2336-4f61-9613-85651f328211/1080p/video.m3u8,1080p,surrit.com
https://missav123.com/en/jur-161-uncensored-leak,,https://surrit.com/112eb181-2336-4f61-9613-85651f328211/720p/video.m3u8,720p,surrit.com
https://missav123.com/en/jur-161-uncensored-leak,,https://surrit.com/112eb181-2336-4f61-9613-85651f328211/playlist.m3u8,playlist,surrit.com
https://missav123.com/en/jur-186-uncensored-leak,,https://surrit.com/5072e85a-8a72-454f-80f0-cb2f7b813557/720p/video.m3u8,720p,surrit.com
https://missav123.com/en/jur-186-uncensored-leak,,https://surrit.com/5072e85a-8a72-454f-80f0-cb2f7b813557/playlist.m3u8,playlist,surrit.com
https://missav123.com/en/jur-237-uncensored-leak,,https://surrit.com/15c52183-b549-473c-85c7-dd834c2d3f5c/1080p/video.m3u8,1080p,surrit.com
https://missav123.com/en/jur-237-uncensored-leak,,https://surrit.com/15c52183-b549-473c-85c7-dd834c2d3f5c/720p/video.m3u8,720p,surrit.com
https://missav123.com/en/jur-237-uncensored-leak,,https://surrit.com/15c52183-b549-473c-85c7-dd834c2d3f5c/playlist.m3u8,playlist,surrit.com
https://missav123.com/en/jur-240-uncensored-leak,,https://surrit.com/dbbd501c-59ec-4dfe-a4ae-9156102c0965/1080p/video.m3u8,1080p,surrit.com
https://missav123.com/en/jur-240-uncensored-leak,,https://surrit.com/dbbd501c-59ec-4dfe-a4ae-9156102c0965/720p/video.m3u8,720p,surrit.com
https://missav123.com/en/jur-240-uncensored-leak,,https://surrit.com/dbbd501c-59ec-4dfe-a4ae-9156102c0965/playlist.m3u8,playlist,surrit.com
https://missav123.com/en/jur-244-uncensored-leak,,https://surrit.com/b23cfb71-a34c-4dfb-846f-acf8e4b9a470/1080p/video.m3u8,1080p,surrit.com
https://missav123.com/en/jur-244-uncensored-leak,,https://surrit.com/b23cfb71-a34c-4dfb-846f-acf8e4b9a470/720p/video.m3u8,720p,surrit.com
https://missav123.com/en/jur-244-uncensored-leak,,https://surrit.com/b23cfb71-a34c-4dfb-846f-acf8e4b9a470/playlist.m3u8,playlist,surrit.com
https://missav123.com/en/jur-263-uncensored-leak,,https://surrit.com/d483b855-4121-4a52-b684-d9ef4778653d/1080p/video.m3u8,1080p,surrit.com
https://missav123.com/en/jur-263-uncensored-leak,,https://surrit.com/d483b855-4121-4a52-b684-d9ef4778653d/720p/video.m3u8,720p,surrit.com
https://missav123.com/en/jur-263-uncensored-leak,,https://surrit.com/d483b855-4121-4a52-b684-d9ef4778653d/playlist.m3u8,playlist,surrit.com
https://missav123.com/en/jur-502-english-subtitle,,https://surrit.com/b096c3f8-c866-4238-b3e1-000c0574f285/1080p/video.m3u8,1080p,surrit.com
https://missav123.com/en/jur-502-english-subtitle,,https://surrit.com/b096c3f8-c866-4238-b3e1-000c0574f285/720p/video.m3u8,720p,surrit.com
https://missav123.com/en/jur-502-english-subtitle,,https://surrit.com/b096c3f8-c866-4238-b3e1-000c0574f285/playlist.m3u8,playlist,surrit.com
https://missav123.com/en/jura-207-uncensored-leak,,https://surrit.com/c44ac77a-718e-4f73-b135-a3b534cf4873/1080p/video.m3u8,1080p,surrit.com
https://missav123.com/en/jura-207-uncensored-leak,,https://surrit.com/c44ac77a-718e-4f73-b135-a3b534cf4873/720p/video.m3u8,720p,surrit.com
https://missav123.com/en/jura-207-uncensored-leak,,https://surrit.com/c44ac77a-718e-4f73-b135-a3b534cf4873/playlist.m3u8,playlist,surrit.com
https://missav123.com/en/jura-208,jura-208,https://surrit.com/861af141-4ada-4aa2-a330-35f499e7f524/720p/video.m3u8,720p,surrit.com
https://missav123.com/en/jura-208,jura-208,https://surrit.com/861af141-4ada-4aa2-a330-35f499e7f524/playlist.m3u8,playlist,surrit.com
https://missav123.com/en/juta-165-english-subtitle,,https://surrit.com/9c0ab6e5-5fdb-4953-b9c0-fa40c6cdd822/1080p/video.m3u8,1080p,surrit.com
https://missav123.com/en/juta-165-english-subtitle,,https://surrit.com/9c0ab6e5-5fdb-4953-b9c0-fa40c6cdd822/720p/video.m3u8,720p,surrit.com
https://missav123.com/en/juta-165-english-subtitle,,https://surrit.com/9c0ab6e5-5fdb-4953-b9c0-fa40c6cdd822/playlist.m3u8,playlist,surrit.com
https://missav123.com/en/ktb-120-uncensored-leak,,https://surrit.com/53a4faeb-6c98-44e2-91aa-4d9065d7f255/1080p/video.m3u8,1080p,surrit.com
https://missav123.com/en/ktb-120-uncensored-leak,,https://surrit.com/53a4faeb-6c98-44e2-91aa-4d9065d7f255/720p/video.m3u8,720p,surrit.com
https://missav123.com/en/ktb-120-uncensored-leak,,https://surrit.com/53a4faeb-6c98-44e2-91aa-4d9065d7f255/playlist.m3u8,playlist,surrit.com
https://missav123.com/en/luxu-966-uncensored-leak,,https://surrit.com/bde692b5-1a38-41e4-985f-03feec5a8c08/1080p/video.m3u8,1080p,surrit.com
https://missav123.com/en/luxu-966-uncensored-leak,,https://surrit.com/bde692b5-1a38-41e4-985f-03feec5a8c08/720p/video.m3u8,720p,surrit.com
https://missav123.com/en/luxu-966-uncensored-leak,,https://surrit.com/bde692b5-1a38-41e4-985f-03feec5a8c08/playlist.m3u8,playlist,surrit.com
https://missav123.com/en/madm-221,madm-221,https://surrit.com/60b2d90f-f5ab-4a90-b777-ebde4122ec7b/720p/video.m3u8,720p,surrit.com
https://missav123.com/en/madm-221,madm-221,https://surrit.com/60b2d90f-f5ab-4a90-b777-ebde4122ec7b/playlist.m3u8,playlist,surrit.com
https://missav123.com/en/mfcl-032-uncensored-leak,,https://surrit.com/7a2fb6fc-9fb7-4de9-bfa5-fa3871f212e4/1080p/video.m3u8,1080p,surrit.com
https://missav123.com/en/mfcl-032-uncensored-leak,,https://surrit.com/7a2fb6fc-9fb7-4de9-bfa5-fa3871f212e4/720p/video.m3u8,720p,surrit.com
https://missav123.com/en/mfcl-032-uncensored-leak,,https://surrit.com/7a2fb6fc-9fb7-4de9-bfa5-fa3871f212e4/playlist.m3u8,playlist,surrit.com
https://missav123.com/en/mfyd-003-english-subtitle,,https://surrit.com/9e21eb6d-8c85-43e3-8fae-2b5cdb7be491/1080p/video.m3u8,1080p,surrit.com
https://missav123.com/en/mfyd-003-english-subtitle,,https://surrit.com/9e21eb6d-8c85-43e3-8fae-2b5cdb7be491/720p/video.m3u8,720p,surrit.com
https://missav123.com/en/mfyd-003-english-subtitle,,https://surrit.com/9e21eb6d-8c85-43e3-8fae-2b5cdb7be491/playlist.m3u8,playlist,surrit.com
https://missav123.com/en/miaa-383-uncensored-leak,,https://surrit.com/a008923d-697d-41b5-9629-6094d3ccf100/1080p/video.m3u8,1080p,surrit.com
https://missav123.com/en/miaa-383-uncensored-leak,,https://surrit.com/a008923d-697d-41b5-9629-6094d3ccf100/720p/video.m3u8,720p,surrit.com
https://missav123.com/en/miaa-383-uncensored-leak,,https://surrit.com/a008923d-697d-41b5-9629-6094d3ccf100/playlist.m3u8,playlist,surrit.com
https://missav123.com/en/miab-428-english-subtitle,,https://surrit.com/2944e1b6-eb0d-4c6d-88d5-5864a3422b45/720p/video.m3u8,720p,surrit.com
https://missav123.com/en/miab-428-english-subtitle,,https://surrit.com/2944e1b6-eb0d-4c6d-88d5-5864a3422b45/playlist.m3u8,playlist,surrit.com
https://missav123.com/en/miab-433-english-subtitle,,https://surrit.com/36e3b730-6ead-4b21-8941-760a5a9fc20a/1080p/video.m3u8,1080p,surrit.com
https://missav123.com/en/miab-433-english-subtitle,,https://surrit.com/36e3b730-6ead-4b21-8941-760a5a9fc20a/720p/video.m3u8,720p,surrit.com
https://missav123.com/en/miab-433-english-subtitle,,https://surrit.com/36e3b730-6ead-4b21-8941-760a5a9fc20a/playlist.m3u8,playlist,surrit.com
https://missav123.com/en/miab-472-english-subtitle,,https://surrit.com/42af7388-1324-46ba-be0c-fc21fbba5b7f/720p/video.m3u8,720p,surrit.com
https://missav123.com/en/miab-472-english-subtitle,,https://surrit.com/42af7388-1324-46ba-be0c-fc21fbba5b7f/playlist.m3u8,playlist,surrit.com
https://missav123.com/en/mkmp-577-uncensored-leak,,https://surrit.com/48f0449a-35da-4644-ab02-f931e4084e84/1080p/video.m3u8,1080p,surrit.com
https://missav123.com/en/mkmp-577-uncensored-leak,,https://surrit.com/48f0449a-35da-4644-ab02-f931e4084e84/720p/video.m3u8,720p,surrit.com
https://missav123.com/en/mkmp-577-uncensored-leak,,https://surrit.com/48f0449a-35da-4644-ab02-f931e4084e84/playlist.m3u8,playlist,surrit.com
https://missav123.com/en/mngs-064,mngs-064,https://surrit.com/3af4be07-3e00-4e4e-8909-7e3dbe08a263/720p/video.m3u8,720p,surrit.com
https://missav123.com/en/mngs-064,mngs-064,https://surrit.com/3af4be07-3e00-4e4e-8909-7e3dbe08a263/playlist.m3u8,playlist,surrit.com
https://missav123.com/en/mogk-008-uncensored-leak,,https://surrit.com/dabb8f09-8606-454a-bcba-b5b48a6b6dee/1080p/video.m3u8,1080p,surrit.com
https://missav123.com/en/mogk-008-uncensored-leak,,https://surrit.com/dabb8f09-8606-454a-bcba-b5b48a6b6dee/720p/video.m3u8,720p,surrit.com
https://missav123.com/en/mogk-008-uncensored-leak,,https://surrit.com/dabb8f09-8606-454a-bcba-b5b48a6b6dee/playlist.m3u8,playlist,surrit.com
https://missav123.com/en/mond-307,mond-307,https://surrit.com/8e93ab35-5d69-4853-a74c-21e15c5b48d4/1080p/video.m3u8,1080p,surrit.com
https://missav123.com/en/mond-307,mond-307,https://surrit.com/8e93ab35-5d69-4853-a74c-21e15c5b48d4/720p/video.m3u8,720p,surrit.com
https://missav123.com/en/mond-307,mond-307,https://surrit.com/8e93ab35-5d69-4853-a74c-21e15c5b48d4/playlist.m3u8,playlist,surrit.com
https://missav123.com/en/mooc-025-uncensored-leak,,https://surrit.com/632b85a1-cd12-4242-93c1-46926ca011f4/1080p/video.m3u8,1080p,surrit.com
https://missav123.com/en/mooc-025-uncensored-leak,,https://surrit.com/632b85a1-cd12-4242-93c1-46926ca011f4/720p/video.m3u8,720p,surrit.com
https://missav123.com/en/mooc-025-uncensored-leak,,https://surrit.com/632b85a1-cd12-4242-93c1-46926ca011f4/playlist.m3u8,playlist,surrit.com
https://missav123.com/en/mopp-125-uncensored-leak,,https://surrit.com/4cbeece4-6e5a-46cd-85bb-08ed52578303/1080p/video.m3u8,1080p,surrit.com
https://missav123.com/en/mopp-125-uncensored-leak,,https://surrit.com/4cbeece4-6e5a-46cd-85bb-08ed52578303/720p/video.m3u8,720p,surrit.com
https://missav123.com/en/mopp-125-uncensored-leak,,https://surrit.com/4cbeece4-6e5a-46cd-85bb-08ed52578303/playlist.m3u8,playlist,surrit.com
https://missav123.com/en/mrxd-047-uncensored-leak,,https://surrit.com/aee708c3-269d-4c82-8963-49eccfd92150/1080p/video.m3u8,1080p,surrit.com
https://missav123.com/en/mrxd-047-uncensored-leak,,https://surrit.com/aee708c3-269d-4c82-8963-49eccfd92150/720p/video.m3u8,720p,surrit.com
https://missav123.com/en/mrxd-047-uncensored-leak,,https://surrit.com/aee708c3-269d-4c82-8963-49eccfd92150/playlist.m3u8,playlist,surrit.com
https://missav123.com/en/murikuri-013-uncensored-leak,,https://surrit.com/a837cae9-d2ec-438b-8326-87b56e2b0822/1080p/video.m3u8,1080p,surrit.com
https://missav123.com/en/murikuri-013-uncensored-leak,,https://surrit.com/a837cae9-d2ec-438b-8326-87b56e2b0822/720p/video.m3u8,720p,surrit.com
https://missav123.com/en/murikuri-013-uncensored-leak,,https://surrit.com/a837cae9-d2ec-438b-8326-87b56e2b0822/playlist.m3u8,playlist,surrit.com
https://missav123.com/en/my-1070,my-1070,https://surrit.com/6f2c8833-d3a1-4103-b0ff-442bdfefc586/720p/video.m3u8,720p,surrit.com
https://missav123.com/en/my-1070,my-1070,https://surrit.com/6f2c8833-d3a1-4103-b0ff-442bdfefc586/playlist.m3u8,playlist,surrit.com
https://missav123.com/en/nact-167-uncensored-leak,,https://surrit.com/4556edd3-247e-4069-8b5c-050547f3799d/1080p/video.m3u8,1080p,surrit.com
https://missav123.com/en/nact-167-uncensored-leak,,https://surrit.com/4556edd3-247e-4069-8b5c-050547f3799d/720p/video.m3u8,720p,surrit.com
https://missav123.com/en/nact-167-uncensored-leak,,https://surrit.com/4556edd3-247e-4069-8b5c-050547f3799d/playlist.m3u8,playlist,surrit.com
https://missav123.com/en/nact-168-uncensored-leak,,https://surrit.com/ff7a094e-ed57-4a55-adaa-43a14204e227/1080p/video.m3u8,1080p,surrit.com
https://missav123.com/en/nact-168-uncensored-leak,,https://surrit.com/ff7a094e-ed57-4a55-adaa-43a14204e227/720p/video.m3u8,720p,surrit.com
https://missav123.com/en/nact-168-uncensored-leak,,https://surrit.com/ff7a094e-ed57-4a55-adaa-43a14204e227/playlist.m3u8,playlist,surrit.com
https://missav123.com/en/nghj-069,nghj-069,https://surrit.com/e07c833d-2ed9-4c2b-a90c-8b3fbf10fb62/720p/video.m3u8,720p,surrit.com
https://missav123.com/en/nghj-069,nghj-069,https://surrit.com/e07c833d-2ed9-4c2b-a90c-8b3fbf10fb62/playlist.m3u8,playlist,surrit.com
https://missav123.com/en/nghj-071,nghj-071,https://surrit.com/63f17b53-e04e-49b7-970b-93971186ba59/720p/video.m3u8,720p,surrit.com
https://missav123.com/en/nghj-071,nghj-071,https://surrit.com/63f17b53-e04e-49b7-970b-93971186ba59/playlist.m3u8,playlist,surrit.com
https://missav123.com/en/nghj-072,nghj-072,https://surrit.com/8556f190-d736-446d-987f-f37bdde13a8e/720p/video.m3u8,720p,surrit.com
https://missav123.com/en/nghj-072,nghj-072,https://surrit.com/8556f190-d736-446d-987f-f37bdde13a8e/playlist.m3u8,playlist,surrit.com
https://missav123.com/en/ngod-253-uncensored-leak,,https://surrit.com/7414d12e-1b46-4939-8f5f-4b3e487f0d93/1080p/video.m3u8,1080p,surrit.com
https://missav123.com/en/ngod-253-uncensored-leak,,https://surrit.com/7414d12e-1b46-4939-8f5f-4b3e487f0d93/720p/video.m3u8,720p,surrit.com
https://missav123.com/en/ngod-253-uncensored-leak,,https://surrit.com/7414d12e-1b46-4939-8f5f-4b3e487f0d93/playlist.m3u8,playlist,surrit.com
https://missav123.com/en/nhdtc-167-uncensored-leak,,https://surrit.com/e880c5fe-f2da-4cc0-a84a-dcbd9c0eddf6/1080p/video.m3u8,1080p,surrit.com
https://missav123.com/en/nhdtc-167-uncensored-leak,,https://surrit.com/e880c5fe-f2da-4cc0-a84a-dcbd9c0eddf6/720p/video.m3u8,720p,surrit.com
https://missav123.com/en/nhdtc-167-uncensored-leak,,https://surrit.com/e880c5fe-f2da-4cc0-a84a-dcbd9c0eddf6/playlist.m3u8,playlist,surrit.com
https://missav123.com/en/nsfs-143-uncensored-leak,,https://surrit.com/ff9d9ef9-b40b-43de-8b6d-1eef506bd97f/1080p/video.m3u8,1080p,surrit.com
https://missav123.com/en/nsfs-143-uncensored-leak,,https://surrit.com/ff9d9ef9-b40b-43de-8b6d-1eef506bd97f/720p/video.m3u8,720p,surrit.com
https://missav123.com/en/nsfs-143-uncensored-leak,,https://surrit.com/ff9d9ef9-b40b-43de-8b6d-1eef506bd97f/playlist.m3u8,playlist,surrit.com
https://missav123.com/en/nsfs-501,nsfs-501,https://surrit.com/ec69ee5d-78cc-4159-bc58-ff469a9b1ad1/1080p/video.m3u8,1080p,surrit.com
https://missav123.com/en/nsfs-501,nsfs-501,https://surrit.com/ec69ee5d-78cc-4159-bc58-ff469a9b1ad1/720p/video.m3u8,720p,surrit.com
https://missav123.com/en/nsfs-501,nsfs-501,https://surrit.com/ec69ee5d-78cc-4159-bc58-ff469a9b1ad1/playlist.m3u8,playlist,surrit.com
https://missav123.com/en/ntr-106,ntr-106,https://surrit.com/36d0e83b-03bd-4cc4-b95a-9d84554fbb2d/720p/video.m3u8,720p,surrit.com
https://missav123.com/en/ntr-106,ntr-106,https://surrit.com/36d0e83b-03bd-4cc4-b95a-9d84554fbb2d/playlist.m3u8,playlist,surrit.com
https://missav123.com/en/pacopacomama-080826_100,,https://surrit.com/30f5fdf7-a061-44e6-9291-cd77c80c7774/720p/video.m3u8,720p,surrit.com
https://missav123.com/en/pacopacomama-080826_100,,https://surrit.com/30f5fdf7-a061-44e6-9291-cd77c80c7774/playlist.m3u8,playlist,surrit.com
https://missav123.com/en/pasn-032-uncensored-leak,,https://surrit.com/1930ef47-7b50-4a34-a890-6572e729730d/1080p/video.m3u8,1080p,surrit.com
https://missav123.com/en/pasn-032-uncensored-leak,,https://surrit.com/1930ef47-7b50-4a34-a890-6572e729730d/720p/video.m3u8,720p,surrit.com
https://missav123.com/en/pasn-032-uncensored-leak,,https://surrit.com/1930ef47-7b50-4a34-a890-6572e729730d/playlist.m3u8,playlist,surrit.com
https://missav123.com/en/pkpd-428-uncensored-leak,,https://surrit.com/f1271ecd-d111-4d77-9bf8-bd3e01a1a179/1080p/video.m3u8,1080p,surrit.com
https://missav123.com/en/pkpd-428-uncensored-leak,,https://surrit.com/f1271ecd-d111-4d77-9bf8-bd3e01a1a179/720p/video.m3u8,720p,surrit.com
https://missav123.com/en/pkpd-428-uncensored-leak,,https://surrit.com/f1271ecd-d111-4d77-9bf8-bd3e01a1a179/playlist.m3u8,playlist,surrit.com
https://missav123.com/en/pkpd-429,pkpd-429,https://surrit.com/5ec037fa-a610-4fae-92b9-2b017ad9678c/720p/video.m3u8,720p,surrit.com
https://missav123.com/en/pkpd-429,pkpd-429,https://surrit.com/5ec037fa-a610-4fae-92b9-2b017ad9678c/playlist.m3u8,playlist,surrit.com
https://missav123.com/en/pkpl-068-uncensored-leak,,https://surrit.com/2e6c0001-534a-4900-abc0-134f69637a0f/1080p/video.m3u8,1080p,surrit.com
https://missav123.com/en/pkpl-068-uncensored-leak,,https://surrit.com/2e6c0001-534a-4900-abc0-134f69637a0f/720p/video.m3u8,720p,surrit.com
https://missav123.com/en/pkpl-068-uncensored-leak,,https://surrit.com/2e6c0001-534a-4900-abc0-134f69637a0f/playlist.m3u8,playlist,surrit.com
https://missav123.com/en/pkpr-047,pkpr-047,https://surrit.com/78f03e92-80fb-4b6d-8f5c-a3d5c4ade731/720p/video.m3u8,720p,surrit.com
https://missav123.com/en/pkpr-047,pkpr-047,https://surrit.com/78f03e92-80fb-4b6d-8f5c-a3d5c4ade731/playlist.m3u8,playlist,surrit.com
https://missav123.com/en/pondo-080826_001,,https://surrit.com/14eb1164-1ea5-4ef3-b0d8-39da9404ea31/720p/video.m3u8,720p,surrit.com
https://missav123.com/en/pondo-080826_001,,https://surrit.com/14eb1164-1ea5-4ef3-b0d8-39da9404ea31/playlist.m3u8,playlist,surrit.com
https://missav123.com/en/pred-870-uncensored-leak,,https://surrit.com/dbc212fa-dd95-4576-aaf0-9785665214a9/1080p/video.m3u8,1080p,surrit.com
https://missav123.com/en/pred-870-uncensored-leak,,https://surrit.com/dbc212fa-dd95-4576-aaf0-9785665214a9/720p/video.m3u8,720p,surrit.com
https://missav123.com/en/pred-870-uncensored-leak,,https://surrit.com/dbc212fa-dd95-4576-aaf0-9785665214a9/playlist.m3u8,playlist,surrit.com
https://missav123.com/en/pred-878-uncensored-leak,,https://surrit.com/235d66f3-6379-4538-92ed-00e4f1eeeb3f/1080p/video.m3u8,1080p,surrit.com
https://missav123.com/en/pred-878-uncensored-leak,,https://surrit.com/235d66f3-6379-4538-92ed-00e4f1eeeb3f/720p/video.m3u8,720p,surrit.com
https://missav123.com/en/pred-878-uncensored-leak,,https://surrit.com/235d66f3-6379-4538-92ed-00e4f1eeeb3f/playlist.m3u8,playlist,surrit.com
https://missav123.com/en/pred-879-uncensored-leak,,https://surrit.com/5c6868ec-a1f7-4673-9253-66f011e772ba/1080p/video.m3u8,1080p,surrit.com
https://missav123.com/en/pred-879-uncensored-leak,,https://surrit.com/5c6868ec-a1f7-4673-9253-66f011e772ba/720p/video.m3u8,720p,surrit.com
https://missav123.com/en/pred-879-uncensored-leak,,https://surrit.com/5c6868ec-a1f7-4673-9253-66f011e772ba/playlist.m3u8,playlist,surrit.com
https://missav123.com/en/pred-886-uncensored-leak,,https://surrit.com/754de693-53c7-41ac-8dbd-7df38e1f717d/1080p/video.m3u8,1080p,surrit.com
https://missav123.com/en/pred-886-uncensored-leak,,https://surrit.com/754de693-53c7-41ac-8dbd-7df38e1f717d/720p/video.m3u8,720p,surrit.com
https://missav123.com/en/pred-886-uncensored-leak,,https://surrit.com/754de693-53c7-41ac-8dbd-7df38e1f717d/playlist.m3u8,playlist,surrit.com
https://missav123.com/en/prwf-014-uncensored-leak,,https://surrit.com/edfe578e-bef5-44ba-90cd-4e1fd4b06d81/1080p/video.m3u8,1080p,surrit.com
https://missav123.com/en/prwf-014-uncensored-leak,,https://surrit.com/edfe578e-bef5-44ba-90cd-4e1fd4b06d81/720p/video.m3u8,720p,surrit.com
https://missav123.com/en/prwf-014-uncensored-leak,,https://surrit.com/edfe578e-bef5-44ba-90cd-4e1fd4b06d81/playlist.m3u8,playlist,surrit.com
https://missav123.com/en/roe-356-english-subtitle,,https://surrit.com/c09dfa46-3afb-4c71-860f-d1994fed119c/1080p/video.m3u8,1080p,surrit.com
https://missav123.com/en/roe-356-english-subtitle,,https://surrit.com/c09dfa46-3afb-4c71-860f-d1994fed119c/720p/video.m3u8,720p,surrit.com
https://missav123.com/en/roe-356-english-subtitle,,https://surrit.com/c09dfa46-3afb-4c71-860f-d1994fed119c/playlist.m3u8,playlist,surrit.com
https://missav123.com/en/roe-450-english-subtitle,,https://surrit.com/dd9eced1-08b9-40e1-a32f-dea1bf6f1e3c/1080p/video.m3u8,1080p,surrit.com
https://missav123.com/en/roe-450-english-subtitle,,https://surrit.com/dd9eced1-08b9-40e1-a32f-dea1bf6f1e3c/720p/video.m3u8,720p,surrit.com
https://missav123.com/en/roe-450-english-subtitle,,https://surrit.com/dd9eced1-08b9-40e1-a32f-dea1bf6f1e3c/playlist.m3u8,playlist,surrit.com
https://missav123.com/en/roe-459-english-subtitle,,https://surrit.com/9bf9d376-d1d5-4626-a4e9-ce5b90d86dea/480p/video.m3u8,480p,surrit.com
https://missav123.com/en/roe-459-english-subtitle,,https://surrit.com/9bf9d376-d1d5-4626-a4e9-ce5b90d86dea/playlist.m3u8,playlist,surrit.com
https://missav123.com/en/roe-468-english-subtitle,,https://surrit.com/770baa4a-bb99-437a-877e-49a29b3e9b14/480p/video.m3u8,480p,surrit.com
https://missav123.com/en/roe-468-english-subtitle,,https://surrit.com/770baa4a-bb99-437a-877e-49a29b3e9b14/playlist.m3u8,playlist,surrit.com
https://missav123.com/en/royd-224-uncensored-leak,,https://surrit.com/a32bee3f-f8d3-4ba5-b4b5-2a7d8e7c1137/1080p/video.m3u8,1080p,surrit.com
https://missav123.com/en/royd-224-uncensored-leak,,https://surrit.com/a32bee3f-f8d3-4ba5-b4b5-2a7d8e7c1137/720p/video.m3u8,720p,surrit.com
https://missav123.com/en/royd-224-uncensored-leak,,https://surrit.com/a32bee3f-f8d3-4ba5-b4b5-2a7d8e7c1137/playlist.m3u8,playlist,surrit.com
https://missav123.com/en/rpin-092-uncensored-leak,,https://surrit.com/c8021b0f-a9ec-41df-aef8-e123463e412d/1080p/video.m3u8,1080p,surrit.com
https://missav123.com/en/rpin-092-uncensored-leak,,https://surrit.com/c8021b0f-a9ec-41df-aef8-e123463e412d/720p/video.m3u8,720p,surrit.com
https://missav123.com/en/rpin-092-uncensored-leak,,https://surrit.com/c8021b0f-a9ec-41df-aef8-e123463e412d/playlist.m3u8,playlist,surrit.com
https://missav123.com/en/same-158-english-subtitle,,https://surrit.com/0322b79b-5a67-4e0e-a851-a8f445a9d954/1080p/video.m3u8,1080p,surrit.com
https://missav123.com/en/same-158-english-subtitle,,https://surrit.com/0322b79b-5a67-4e0e-a851-a8f445a9d954/720p/video.m3u8,720p,surrit.com
https://missav123.com/en/same-158-english-subtitle,,https://surrit.com/0322b79b-5a67-4e0e-a851-a8f445a9d954/playlist.m3u8,playlist,surrit.com
https://missav123.com/en/scr-349-uncensored-leak,,https://surrit.com/0a572f8a-36cc-49f1-80ea-c5957437d83c/1080p/video.m3u8,1080p,surrit.com
https://missav123.com/en/scr-349-uncensored-leak,,https://surrit.com/0a572f8a-36cc-49f1-80ea-c5957437d83c/720p/video.m3u8,720p,surrit.com
https://missav123.com/en/scr-349-uncensored-leak,,https://surrit.com/0a572f8a-36cc-49f1-80ea-c5957437d83c/playlist.m3u8,playlist,surrit.com
https://missav123.com/en/sgki-096-uncensored-leak,,https://surrit.com/35f39b66-c062-4362-8d69-547463c87390/1080p/video.m3u8,1080p,surrit.com
https://missav123.com/en/sgki-096-uncensored-leak,,https://surrit.com/35f39b66-c062-4362-8d69-547463c87390/720p/video.m3u8,720p,surrit.com
https://missav123.com/en/sgki-096-uncensored-leak,,https://surrit.com/35f39b66-c062-4362-8d69-547463c87390/playlist.m3u8,playlist,surrit.com
https://missav123.com/en/siro-5723-uncensored-leak,,https://surrit.com/656e2eb9-82b6-4ed4-9f52-cb8ce1c97305/1080p/video.m3u8,1080p,surrit.com
https://missav123.com/en/siro-5723-uncensored-leak,,https://surrit.com/656e2eb9-82b6-4ed4-9f52-cb8ce1c97305/720p/video.m3u8,720p,surrit.com
https://missav123.com/en/siro-5723-uncensored-leak,,https://surrit.com/656e2eb9-82b6-4ed4-9f52-cb8ce1c97305/playlist.m3u8,playlist,surrit.com
https://missav123.com/en/smok-042-uncensored-leak,,https://surrit.com/c94babbe-d9d5-440a-9d60-9b8d9b439b04/1080p/video.m3u8,1080p,surrit.com
https://missav123.com/en/smok-042-uncensored-leak,,https://surrit.com/c94babbe-d9d5-440a-9d60-9b8d9b439b04/720p/video.m3u8,720p,surrit.com
https://missav123.com/en/smok-042-uncensored-leak,,https://surrit.com/c94babbe-d9d5-440a-9d60-9b8d9b439b04/playlist.m3u8,playlist,surrit.com
https://missav123.com/en/smok-043-uncensored-leak,,https://surrit.com/5fde76ec-7b4a-4c04-a7ad-2c71d371face/1080p/video.m3u8,1080p,surrit.com
https://missav123.com/en/smok-043-uncensored-leak,,https://surrit.com/5fde76ec-7b4a-4c04-a7ad-2c71d371face/720p/video.m3u8,720p,surrit.com
https://missav123.com/en/smok-043-uncensored-leak,,https://surrit.com/5fde76ec-7b4a-4c04-a7ad-2c71d371face/playlist.m3u8,playlist,surrit.com
https://missav123.com/en/snos-163-english-subtitle,,https://surrit.com/308853d1-cd51-451d-a391-8d35a22855a9/480p/video.m3u8,480p,surrit.com
https://missav123.com/en/snos-163-english-subtitle,,https://surrit.com/308853d1-cd51-451d-a391-8d35a22855a9/playlist.m3u8,playlist,surrit.com
https://missav123.com/en/snos-246,snos-246,https://surrit.com/a8e4bb71-cf44-4610-9310-dfc39a97a12f/720p/video.m3u8,720p,surrit.com
https://missav123.com/en/snos-246,snos-246,https://surrit.com/a8e4bb71-cf44-4610-9310-dfc39a97a12f/playlist.m3u8,playlist,surrit.com
https://missav123.com/en/snos-318-uncensored-leak,,https://surrit.com/c49c63ab-7f67-48b6-b99d-456995732e0d/1080p/video.m3u8,1080p,surrit.com
https://missav123.com/en/snos-318-uncensored-leak,,https://surrit.com/c49c63ab-7f67-48b6-b99d-456995732e0d/720p/video.m3u8,720p,surrit.com
https://missav123.com/en/snos-318-uncensored-leak,,https://surrit.com/c49c63ab-7f67-48b6-b99d-456995732e0d/playlist.m3u8,playlist,surrit.com
https://missav123.com/en/snos-361-uncensored-leak,,https://surrit.com/f1ad244f-399e-4a4a-8295-541f1eb9c1c6/720p/video.m3u8,720p,surrit.com
https://missav123.com/en/snos-361-uncensored-leak,,https://surrit.com/f1ad244f-399e-4a4a-8295-541f1eb9c1c6/playlist.m3u8,playlist,surrit.com
https://missav123.com/en/sone-582-uncensored-leak,,https://surrit.com/6781ea7a-41fb-4a8c-9794-c9e6e561f1c6/1080p/video.m3u8,1080p,surrit.com
https://missav123.com/en/sone-582-uncensored-leak,,https://surrit.com/6781ea7a-41fb-4a8c-9794-c9e6e561f1c6/720p/video.m3u8,720p,surrit.com
https://missav123.com/en/sone-582-uncensored-leak,,https://surrit.com/6781ea7a-41fb-4a8c-9794-c9e6e561f1c6/playlist.m3u8,playlist,surrit.com
https://missav123.com/en/sone-607-uncensored-leak,,https://surrit.com/a0c42846-686d-4349-9654-1a7c9ab76a35/1080p/video.m3u8,1080p,surrit.com
https://missav123.com/en/sone-607-uncensored-leak,,https://surrit.com/a0c42846-686d-4349-9654-1a7c9ab76a35/720p/video.m3u8,720p,surrit.com
https://missav123.com/en/sone-607-uncensored-leak,,https://surrit.com/a0c42846-686d-4349-9654-1a7c9ab76a35/playlist.m3u8,playlist,surrit.com
https://missav123.com/en/sone-620-uncensored-leak,,https://surrit.com/8fb4400a-3b2a-441a-94f4-762b4d4c020c/1080p/video.m3u8,1080p,surrit.com
https://missav123.com/en/sone-620-uncensored-leak,,https://surrit.com/8fb4400a-3b2a-441a-94f4-762b4d4c020c/720p/video.m3u8,720p,surrit.com
https://missav123.com/en/sone-620-uncensored-leak,,https://surrit.com/8fb4400a-3b2a-441a-94f4-762b4d4c020c/playlist.m3u8,playlist,surrit.com
https://missav123.com/en/sone-621-uncensored-leak,,https://surrit.com/9b64c907-5c30-444e-b2dd-70bc53a01504/1080p/video.m3u8,1080p,surrit.com
https://missav123.com/en/sone-621-uncensored-leak,,https://surrit.com/9b64c907-5c30-444e-b2dd-70bc53a01504/720p/video.m3u8,720p,surrit.com
https://missav123.com/en/sone-621-uncensored-leak,,https://surrit.com/9b64c907-5c30-444e-b2dd-70bc53a01504/playlist.m3u8,playlist,surrit.com
https://missav123.com/en/sone-631-uncensored-leak,,https://surrit.com/8bc1b6d5-af4d-4172-8a9d-9abd7363e9e4/1080p/video.m3u8,1080p,surrit.com
https://missav123.com/en/sone-631-uncensored-leak,,https://surrit.com/8bc1b6d5-af4d-4172-8a9d-9abd7363e9e4/720p/video.m3u8,720p,surrit.com
https://missav123.com/en/sone-631-uncensored-leak,,https://surrit.com/8bc1b6d5-af4d-4172-8a9d-9abd7363e9e4/playlist.m3u8,playlist,surrit.com
https://missav123.com/en/sone-634-uncensored-leak,,https://surrit.com/845adbef-b1b3-40d0-a7ee-d36dd34a6e39/1080p/video.m3u8,1080p,surrit.com
https://missav123.com/en/sone-634-uncensored-leak,,https://surrit.com/845adbef-b1b3-40d0-a7ee-d36dd34a6e39/720p/video.m3u8,720p,surrit.com
https://missav123.com/en/sone-634-uncensored-leak,,https://surrit.com/845adbef-b1b3-40d0-a7ee-d36dd34a6e39/playlist.m3u8,playlist,surrit.com
https://missav123.com/en/sone-635-uncensored-leak,,https://surrit.com/5f61c950-9dfa-4781-9dda-cd01c9e7454c/1080p/video.m3u8,1080p,surrit.com
https://missav123.com/en/sone-635-uncensored-leak,,https://surrit.com/5f61c950-9dfa-4781-9dda-cd01c9e7454c/720p/video.m3u8,720p,surrit.com
https://missav123.com/en/sone-635-uncensored-leak,,https://surrit.com/5f61c950-9dfa-4781-9dda-cd01c9e7454c/playlist.m3u8,playlist,surrit.com
https://missav123.com/en/sone-636-uncensored-leak,,https://surrit.com/c1fe1e4e-bdd0-4eeb-81fe-af5652311dfa/1080p/video.m3u8,1080p,surrit.com
https://missav123.com/en/sone-636-uncensored-leak,,https://surrit.com/c1fe1e4e-bdd0-4eeb-81fe-af5652311dfa/720p/video.m3u8,720p,surrit.com
https://missav123.com/en/sone-636-uncensored-leak,,https://surrit.com/c1fe1e4e-bdd0-4eeb-81fe-af5652311dfa/playlist.m3u8,playlist,surrit.com
https://missav123.com/en/sone-639-uncensored-leak,,https://surrit.com/9e04e339-be52-4272-81db-5a82ac74fbcb/1080p/video.m3u8,1080p,surrit.com
https://missav123.com/en/sone-639-uncensored-leak,,https://surrit.com/9e04e339-be52-4272-81db-5a82ac74fbcb/720p/video.m3u8,720p,surrit.com
https://missav123.com/en/sone-639-uncensored-leak,,https://surrit.com/9e04e339-be52-4272-81db-5a82ac74fbcb/playlist.m3u8,playlist,surrit.com
https://missav123.com/en/sora-642-uncensored-leak,,https://surrit.com/921a6129-f736-4998-a27b-2a61eee52683/720p/video.m3u8,720p,surrit.com
https://missav123.com/en/sora-642-uncensored-leak,,https://surrit.com/921a6129-f736-4998-a27b-2a61eee52683/playlist.m3u8,playlist,surrit.com
https://missav123.com/en/sqte-704-uncensored-leak,,https://surrit.com/732f1727-6498-40da-91b1-726dd85d481c/1080p/video.m3u8,1080p,surrit.com
https://missav123.com/en/sqte-704-uncensored-leak,,https://surrit.com/732f1727-6498-40da-91b1-726dd85d481c/720p/video.m3u8,720p,surrit.com
https://missav123.com/en/sqte-704-uncensored-leak,,https://surrit.com/732f1727-6498-40da-91b1-726dd85d481c/playlist.m3u8,playlist,surrit.com
https://missav123.com/en/sqte-705,sqte-705,https://surrit.com/503e7260-4b90-4325-a1f2-0d1a837d2732/720p/video.m3u8,720p,surrit.com
https://missav123.com/en/sqte-705,sqte-705,https://surrit.com/503e7260-4b90-4325-a1f2-0d1a837d2732/playlist.m3u8,playlist,surrit.com
https://missav123.com/en/sqte-706-uncensored-leak,,https://surrit.com/26159303-386b-45a2-9bca-71b425f5d845/1080p/video.m3u8,1080p,surrit.com
https://missav123.com/en/sqte-706-uncensored-leak,,https://surrit.com/26159303-386b-45a2-9bca-71b425f5d845/720p/video.m3u8,720p,surrit.com
https://missav123.com/en/sqte-706-uncensored-leak,,https://surrit.com/26159303-386b-45a2-9bca-71b425f5d845/playlist.m3u8,playlist,surrit.com
https://missav123.com/en/sqte-707-uncensored-leak,,https://surrit.com/fcbe5ed5-ca86-4ae3-a2d4-721b81f4f5ff/1080p/video.m3u8,1080p,surrit.com
https://missav123.com/en/sqte-707-uncensored-leak,,https://surrit.com/fcbe5ed5-ca86-4ae3-a2d4-721b81f4f5ff/720p/video.m3u8,720p,surrit.com
https://missav123.com/en/sqte-707-uncensored-leak,,https://surrit.com/fcbe5ed5-ca86-4ae3-a2d4-721b81f4f5ff/playlist.m3u8,playlist,surrit.com
https://missav123.com/en/stars-342-uncensored-leak,,https://surrit.com/4373901e-8cf6-4b67-833c-048d6ef9f87e/720p/video.m3u8,720p,surrit.com
https://missav123.com/en/stars-342-uncensored-leak,,https://surrit.com/4373901e-8cf6-4b67-833c-048d6ef9f87e/playlist.m3u8,playlist,surrit.com
https://missav123.com/en/start-242-uncensored-leak,,https://surrit.com/bf8df2db-8e96-41e7-a8a9-b89fa796f22c/720p/video.m3u8,720p,surrit.com
https://missav123.com/en/start-242-uncensored-leak,,https://surrit.com/bf8df2db-8e96-41e7-a8a9-b89fa796f22c/playlist.m3u8,playlist,surrit.com
https://missav123.com/en/start-587-uncensored-leak,,https://surrit.com/19262556-951c-48f5-bea3-5268f929109d/1080p/video.m3u8,1080p,surrit.com
https://missav123.com/en/start-587-uncensored-leak,,https://surrit.com/19262556-951c-48f5-bea3-5268f929109d/720p/video.m3u8,720p,surrit.com
https://missav123.com/en/start-587-uncensored-leak,,https://surrit.com/19262556-951c-48f5-bea3-5268f929109d/playlist.m3u8,playlist,surrit.com
https://missav123.com/en/start-609-uncensored-leak,,https://surrit.com/71e2cba9-0cd8-46b9-8a7a-455743257bd3/1080p/video.m3u8,1080p,surrit.com
https://missav123.com/en/start-609-uncensored-leak,,https://surrit.com/71e2cba9-0cd8-46b9-8a7a-455743257bd3/720p/video.m3u8,720p,surrit.com
https://missav123.com/en/start-609-uncensored-leak,,https://surrit.com/71e2cba9-0cd8-46b9-8a7a-455743257bd3/playlist.m3u8,playlist,surrit.com
https://missav123.com/en/stsk-236-uncensored-leak,,https://surrit.com/3af0c746-6bea-435b-9f1a-378620805dc5/720p/video.m3u8,720p,surrit.com
https://missav123.com/en/stsk-236-uncensored-leak,,https://surrit.com/3af0c746-6bea-435b-9f1a-378620805dc5/playlist.m3u8,playlist,surrit.com
https://missav123.com/en/sw-1061-uncensored-leak,,https://surrit.com/58f4ed07-8b10-49b3-993f-71ff1c7e0180/1080p/video.m3u8,1080p,surrit.com
https://missav123.com/en/sw-1061-uncensored-leak,,https://surrit.com/58f4ed07-8b10-49b3-993f-71ff1c7e0180/720p/video.m3u8,720p,surrit.com
https://missav123.com/en/sw-1061-uncensored-leak,,https://surrit.com/58f4ed07-8b10-49b3-993f-71ff1c7e0180/playlist.m3u8,playlist,surrit.com
https://missav123.com/en/umd-1014-uncensored-leak,,https://surrit.com/6341a8ee-97ad-47b0-9e45-21a43c34d941/1080p/video.m3u8,1080p,surrit.com
https://missav123.com/en/umd-1014-uncensored-leak,,https://surrit.com/6341a8ee-97ad-47b0-9e45-21a43c34d941/720p/video.m3u8,720p,surrit.com
https://missav123.com/en/umd-1014-uncensored-leak,,https://surrit.com/6341a8ee-97ad-47b0-9e45-21a43c34d941/playlist.m3u8,playlist,surrit.com
https://missav123.com/en/usag-096-uncensored-leak,,https://surrit.com/7e3f98b3-bf65-4509-bd19-85ef3699f65e/1080p/video.m3u8,1080p,surrit.com
https://missav123.com/en/usag-096-uncensored-leak,,https://surrit.com/7e3f98b3-bf65-4509-bd19-85ef3699f65e/720p/video.m3u8,720p,surrit.com
https://missav123.com/en/usag-096-uncensored-leak,,https://surrit.com/7e3f98b3-bf65-4509-bd19-85ef3699f65e/playlist.m3u8,playlist,surrit.com
https://missav123.com/en/vec-687-uncensored-leak,,https://surrit.com/46d0a29a-2a9c-4505-9dcd-49d645009882/1080p/video.m3u8,1080p,surrit.com
https://missav123.com/en/vec-687-uncensored-leak,,https://surrit.com/46d0a29a-2a9c-4505-9dcd-49d645009882/720p/video.m3u8,720p,surrit.com
https://missav123.com/en/vec-687-uncensored-leak,,https://surrit.com/46d0a29a-2a9c-4505-9dcd-49d645009882/playlist.m3u8,playlist,surrit.com
https://missav123.com/en/vrnc-043-uncensored-leak,,https://surrit.com/8951440a-2d58-4345-9065-d68af1d614f7/720p/video.m3u8,720p,surrit.com
https://missav123.com/en/vrnc-043-uncensored-leak,,https://surrit.com/8951440a-2d58-4345-9065-d68af1d614f7/playlist.m3u8,playlist,surrit.com
https://missav123.com/en/xvsr-891-uncensored-leak,,https://surrit.com/26f6ab54-793c-405d-9780-7d7374103141/1080p/video.m3u8,1080p,surrit.com
https://missav123.com/en/xvsr-891-uncensored-leak,,https://surrit.com/26f6ab54-793c-405d-9780-7d7374103141/720p/video.m3u8,720p,surrit.com
https://missav123.com/en/xvsr-891-uncensored-leak,,https://surrit.com/26f6ab54-793c-405d-9780-7d7374103141/playlist.m3u8,playlist,surrit.com
https://missav123.com/en/xvsr-892-uncensored-leak,,https://surrit.com/73ec1c5c-fc45-4280-8a00-e89a047a258b/1080p/video.m3u8,1080p,surrit.com
https://missav123.com/en/xvsr-892-uncensored-leak,,https://surrit.com/73ec1c5c-fc45-4280-8a00-e89a047a258b/720p/video.m3u8,720p,surrit.com
https://missav123.com/en/xvsr-892-uncensored-leak,,https://surrit.com/73ec1c5c-fc45-4280-8a00-e89a047a258b/playlist.m3u8,playlist,surrit.com
https://missav123.com/en/ymdd-502-uncensored-leak,,https://surrit.com/26b20cd4-90e0-4ee6-995f-c67d48197d7b/1080p/video.m3u8,1080p,surrit.com
https://missav123.com/en/ymdd-502-uncensored-leak,,https://surrit.com/26b20cd4-90e0-4ee6-995f-c67d48197d7b/720p/video.m3u8,720p,surrit.com
https://missav123.com/en/ymdd-502-uncensored-leak,,https://surrit.com/26b20cd4-90e0-4ee6-995f-c67d48197d7b/playlist.m3u8,playlist,surrit.com
https://missav123.com/en/ymdd-503-uncensored-leak,,https://surrit.com/0c9e7011-7bf5-46e1-b8c0-ef2989ac6ab2/1080p/video.m3u8,1080p,surrit.com
https://missav123.com/en/ymdd-503-uncensored-leak,,https://surrit.com/0c9e7011-7bf5-46e1-b8c0-ef2989ac6ab2/720p/video.m3u8,720p,surrit.com
https://missav123.com/en/ymdd-503-uncensored-leak,,https://surrit.com/0c9e7011-7bf5-46e1-b8c0-ef2989ac6ab2/playlist.m3u8,playlist,surrit.com
https://missav123.com/en/ymds-300-uncensored-leak,,https://surrit.com/01fcaf8b-8643-421c-9730-f44980534f3b/1080p/video.m3u8,1080p,surrit.com
https://missav123.com/en/ymds-300-uncensored-leak,,https://surrit.com/01fcaf8b-8643-421c-9730-f44980534f3b/720p/video.m3u8,720p,surrit.com
https://missav123.com/en/ymds-300-uncensored-leak,,https://surrit.com/01fcaf8b-8643-421c-9730-f44980534f3b/playlist.m3u8,playlist,surrit.com
https://missav123.com/en/ymds-301-uncensored-leak,,https://surrit.com/0838accc-cc44-4989-84a5-aa4bf868a2a3/1080p/video.m3u8,1080p,surrit.com
https://missav123.com/en/ymds-301-uncensored-leak,,https://surrit.com/0838accc-cc44-4989-84a5-aa4bf868a2a3/720p/video.m3u8,720p,surrit.com
https://missav123.com/en/ymds-301-uncensored-leak,,https://surrit.com/0838accc-cc44-4989-84a5-aa4bf868a2a3/playlist.m3u8,playlist,surrit.com
