page_url,video_code,playlist_url,quality,source
https://missav123.com/dm1/en/dvaj-466-uncensored-leak,,https://surrit.com/58069def-b95d-49b6-a51b-d6f17cd0a3d8/1080p/video.m3u8,1080p,surrit.com
https://missav123.com/dm1/en/dvaj-466-uncensored-leak,,https://surrit.com/58069def-b95d-49b6-a51b-d6f17cd0a3d8/720p/video.m3u8,720p,surrit.com
https://missav123.com/dm1/en/dvaj-466-uncensored-leak,,https://surrit.com/58069def-b95d-49b6-a51b-d6f17cd0a3d8/playlist.m3u8,playlist,surrit.com
https://missav123.com/dm1/en/hmn-653-uncensored-leak,,https://surrit.com/da50b557-2666-4e59-891a-b304bd5a45fa/1080p/video.m3u8,1080p,surrit.com
https://missav123.com/dm1/en/hmn-653-uncensored-leak,,https://surrit.com/da50b557-2666-4e59-891a-b304bd5a45fa/720p/video.m3u8,720p,surrit.com
https://missav123.com/dm1/en/hmn-653-uncensored-leak,,https://surrit.com/da50b557-2666-4e59-891a-b304bd5a45fa/playlist.m3u8,playlist,surrit.com
https://missav123.com/dm1/en/jur-128-uncensored-leak,,https://surrit.com/609fc0c0-9f8a-4e8a-bce3-aba72c6c0437/1080p/video.m3u8,1080p,surrit.com
https://missav123.com/dm1/en/jur-128-uncensored-leak,,https://surrit.com/609fc0c0-9f8a-4e8a-bce3-aba72c6c0437/720p/video.m3u8,720p,surrit.com
https://missav123.com/dm1/en/jur-128-uncensored-leak,,https://surrit.com/609fc0c0-9f8a-4e8a-bce3-aba72c6c0437/playlist.m3u8,playlist,surrit.com
https://missav123.com/dm1/en/pppd-451-uncensored-leak,,https://surrit.com/8cb85228-5bd0-48f9-946f-9d5a4885b9ef/1080p/video.m3u8,1080p,surrit.com
https://missav123.com/dm1/en/pppd-451-uncensored-leak,,https://surrit.com/8cb85228-5bd0-48f9-946f-9d5a4885b9ef/720p/video.m3u8,720p,surrit.com
https://missav123.com/dm1/en/pppd-451-uncensored-leak,,https://surrit.com/8cb85228-5bd0-48f9-946f-9d5a4885b9ef/playlist.m3u8,playlist,surrit.com
https://missav123.com/dm1/en/real-885-uncensored-leak,,https://surrit.com/8a823f3d-9dac-456e-ad74-c4907faf0e84/1080p/video.m3u8,1080p,surrit.com
https://missav123.com/dm1/en/real-885-uncensored-leak,,https://surrit.com/8a823f3d-9dac-456e-ad74-c4907faf0e84/720p/video.m3u8,720p,surrit.com
https://missav123.com/dm1/en/real-885-uncensored-leak,,https://surrit.com/8a823f3d-9dac-456e-ad74-c4907faf0e84/playlist.m3u8,playlist,surrit.com
https://missav123.com/dm1/en/sone-615-uncensored-leak,,https://surrit.com/34ca45c2-ea04-4496-b90f-a40ee128a6b2/720p/video.m3u8,720p,surrit.com
https://missav123.com/dm1/en/sone-615-uncensored-leak,,https://surrit.com/34ca45c2-ea04-4496-b90f-a40ee128a6b2/playlist.m3u8,playlist,surrit.com
https://missav123.com/dm1/en/start-169-uncensored-leak,,https://surrit.com/2edb5134-ece4-4049-9e0c-9ac9db69f57d/1080p/video.m3u8,1080p,surrit.com
https://missav123.com/dm1/en/start-169-uncensored-leak,,https://surrit.com/2edb5134-ece4-4049-9e0c-9ac9db69f57d/720p/video.m3u8,720p,surrit.com
https://missav123.com/dm1/en/start-169-uncensored-leak,,https://surrit.com/2edb5134-ece4-4049-9e0c-9ac9db69f57d/playlist.m3u8,playlist,surrit.com
https://missav123.com/dm107/en/adn-396-uncensored-leak,,https://surrit.com/e7b72c94-297c-424e-b65d-f73f3153f753/1280x720/video.m3u8,720p,surrit.com
https://missav123.com/dm107/en/adn-396-uncensored-leak,,https://surrit.com/e7b72c94-297c-424e-b65d-f73f3153f753/842x480/video.m3u8,480p,surrit.com
https://missav123.com/dm107/en/adn-396-uncensored-leak,,https://surrit.com/e7b72c94-297c-424e-b65d-f73f3153f753/playlist.m3u8,playlist,surrit.com
https://missav123.com/dm14/en/ipzz-301-uncensored-leak,,https://surrit.com/79517f66-e779-424c-94a9-c3745b65224f/1080p/video.m3u8,1080p,surrit.com
https://missav123.com/dm14/en/ipzz-301-uncensored-leak,,https://surrit.com/79517f66-e779-424c-94a9-c3745b65224f/720p/video.m3u8,720p,surrit.com
https://missav123.com/dm14/en/ipzz-301-uncensored-leak,,https://surrit.com/79517f66-e779-424c-94a9-c3745b65224f/playlist.m3u8,playlist,surrit.com
https://missav123.com/dm14/en/mudr-235-uncensored-leak,,https://surrit.com/0dc6630c-e5cb-4d1c-ba2a-4d601868e71f/1280x720/video.m3u8,720p,surrit.com
https://missav123.com/dm14/en/mudr-235-uncensored-leak,,https://surrit.com/0dc6630c-e5cb-4d1c-ba2a-4d601868e71f/842x480/video.m3u8,480p,surrit.com
https://missav123.com/dm14/en/mudr-235-uncensored-leak,,https://surrit.com/0dc6630c-e5cb-4d1c-ba2a-4d601868e71f/playlist.m3u8,playlist,surrit.com
https://missav123.com/dm14/en/sone-341-uncensored-leak,,https://surrit.com/8edbd1ea-b392-4c1b-b91a-d66fe45adb29/1080p/video.m3u8,1080p,surrit.com
https://missav123.com/dm14/en/sone-341-uncensored-leak,,https://surrit.com/8edbd1ea-b392-4c1b-b91a-d66fe45adb29/720p/video.m3u8,720p,surrit.com
https://missav123.com/dm14/en/sone-341-uncensored-leak,,https://surrit.com/8edbd1ea-b392-4c1b-b91a-d66fe45adb29/playlist.m3u8,playlist,surrit.com
https://missav123.com/dm15/en/dass-468-uncensored-leak,,https://surrit.com/70c7a77d-aa00-4ebe-8bda-4c31f48f92e6/1080p/video.m3u8,1080p,surrit.com
https://missav123.com/dm15/en/dass-468-uncensored-leak,,https://surrit.com/70c7a77d-aa00-4ebe-8bda-4c31f48f92e6/720p/video.m3u8,720p,surrit.com
https://missav123.com/dm15/en/dass-468-uncensored-leak,,https://surrit.com/70c7a77d-aa00-4ebe-8bda-4c31f48f92e6/playlist.m3u8,playlist,surrit.com
https://missav123.com/dm15/en/miaa-236-uncensored-leak,,https://surrit.com/e55f257d-e54f-4bf4-9f9a-f0bd7081c08a/1280x720/video.m3u8,720p,surrit.com
https://missav123.com/dm15/en/miaa-236-uncensored-leak,,https://surrit.com/e55f257d-e54f-4bf4-9f9a-f0bd7081c08a/842x480/video.m3u8,480p,surrit.com
https://missav123.com/dm15/en/miaa-236-uncensored-leak,,https://surrit.com/e55f257d-e54f-4bf4-9f9a-f0bd7081c08a/playlist.m3u8,playlist,surrit.com
https://missav123.com/dm15/en/mimk-138-uncensored-leak,,https://surrit.com/a0e76827-a962-45d1-936e-cd877c37befc/1280x720/video.m3u8,720p,surrit.com
https://missav123.com/dm15/en/mimk-138-uncensored-leak,,https://surrit.com/a0e76827-a962-45d1-936e-cd877c37befc/842x480/video.m3u8,480p,surrit.com
https://missav123.com/dm15/en/mimk-138-uncensored-leak,,https://surrit.com/a0e76827-a962-45d1-936e-cd877c37befc/playlist.m3u8,playlist,surrit.com
https://missav123.com/dm15/en/ssis-870-uncensored-leak,,https://surrit.com/d6c1086d-23c5-4cda-a146-97878330ae09/720p/video.m3u8,720p,surrit.com
https://missav123.com/dm15/en/ssis-870-uncensored-leak,,https://surrit.com/d6c1086d-23c5-4cda-a146-97878330ae09/playlist.m3u8,playlist,surrit.com
https://missav123.com/dm15/en/ssis-951-uncensored-leak,,https://surrit.com/7010314a-0098-4094-ba6d-1e2516b5dac4/1280x720/video.m3u8,720p,surrit.com
https://missav123.com/dm15/en/ssis-951-uncensored-leak,,https://surrit.com/7010314a-0098-4094-ba6d-1e2516b5dac4/842x480/video.m3u8,480p,surrit.com
https://missav123.com/dm15/en/ssis-951-uncensored-leak,,https://surrit.com/7010314a-0098-4094-ba6d-1e2516b5dac4/playlist.m3u8,playlist,surrit.com
https://missav123.com/dm16/en/hnd-765-uncensored-leak,,https://surrit.com/230101f7-5cad-41fd-bce0-5803933f054f/1280x720/video.m3u8,720p,surrit.com
https://missav123.com/dm16/en/hnd-765-uncensored-leak,,https://surrit.com/230101f7-5cad-41fd-bce0-5803933f054f/842x480/video.m3u8,480p,surrit.com
https://missav123.com/dm16/en/hnd-765-uncensored-leak,,https://surrit.com/230101f7-5cad-41fd-bce0-5803933f054f/playlist.m3u8,playlist,surrit.com
https://missav123.com/dm16/en/jul-876-uncensored-leak,,https://surrit.com/b1b00bb1-fdde-4f88-830c-33e63242f3f0/720p/video.m3u8,720p,surrit.com
https://missav123.com/dm16/en/jul-876-uncensored-leak,,https://surrit.com/b1b00bb1-fdde-4f88-830c-33e63242f3f0/playlist.m3u8,playlist,surrit.com
https://missav123.com/dm17/en/sone-525-uncensored-leak,,https://surrit.com/6f7ddfca-eff2-4cbb-b49b-94bac9d9c582/1080p/video.m3u8,1080p,surrit.com
https://missav123.com/dm17/en/sone-525-uncensored-leak,,https://surrit.com/6f7ddfca-eff2-4cbb-b49b-94bac9d9c582/720p/video.m3u8,720p,surrit.com
https://missav123.com/dm17/en/sone-525-uncensored-leak,,https://surrit.com/6f7ddfca-eff2-4cbb-b49b-94bac9d9c582/playlist.m3u8,playlist,surrit.com
https://missav123.com/dm19/en/meyd-928-uncensored-leak,,https://surrit.com/11a26896-d178-4e42-82cf-6528a70fb572/1080p/video.m3u8,1080p,surrit.com
https://missav123.com/dm19/en/meyd-928-uncensored-leak,,https://surrit.com/11a26896-d178-4e42-82cf-6528a70fb572/720p/video.m3u8,720p,surrit.com
https://missav123.com/dm19/en/meyd-928-uncensored-leak,,https://surrit.com/11a26896-d178-4e42-82cf-6528a70fb572/playlist.m3u8,playlist,surrit.com
https://missav123.com/dm2/en/hmn-217-uncensored-leak,,https://surrit.com/312c715a-4fef-447d-9c49-8cc88a61eb9b/720p/video.m3u8,720p,surrit.com
https://missav123.com/dm2/en/hmn-217-uncensored-leak,,https://surrit.com/312c715a-4fef-447d-9c49-8cc88a61eb9b/playlist.m3u8,playlist,surrit.com
https://missav123.com/dm2/en/juy-837-uncensored-leak,,https://surrit.com/0abe5b29-879b-4622-ab70-5625bdbb8796/1080p/video.m3u8,1080p,surrit.com
https://missav123.com/dm2/en/juy-837-uncensored-leak,,https://surrit.com/0abe5b29-879b-4622-ab70-5625bdbb8796/720p/video.m3u8,720p,surrit.com
https://missav123.com/dm2/en/juy-837-uncensored-leak,,https://surrit.com/0abe5b29-879b-4622-ab70-5625bdbb8796/playlist.m3u8,playlist,surrit.com
https://missav123.com/dm2/en/mide-903-uncensored-leak,,https://surrit.com/206bb723-d53b-446f-a607-58208408d313/720p/video.m3u8,720p,surrit.com
https://missav123.com/dm2/en/mide-903-uncensored-leak,,https://surrit.com/206bb723-d53b-446f-a607-58208408d313/playlist.m3u8,playlist,surrit.com
https://missav123.com/dm2/en/mimk-044-uncensored-leak,,https://surrit.com/469ee206-b8c6-4abc-96df-9fc36ebb5b2c/1080p/video.m3u8,1080p,surrit.com
https://missav123.com/dm2/en/mimk-044-uncensored-leak,,https://surrit.com/469ee206-b8c6-4abc-96df-9fc36ebb5b2c/720p/video.m3u8,720p,surrit.com
https://missav123.com/dm2/en/mimk-044-uncensored-leak,,https://surrit.com/469ee206-b8c6-4abc-96df-9fc36ebb5b2c/playlist.m3u8,playlist,surrit.com
https://missav123.com/dm2/en/ssni-727-uncensored-leak,,https://surrit.com/695932e8-5220-4adc-b455-7929606ce2a3/1080p/video.m3u8,1080p,surrit.com
https://missav123.com/dm2/en/ssni-727-uncensored-leak,,https://surrit.com/695932e8-5220-4adc-b455-7929606ce2a3/720p/video.m3u8,720p,surrit.com
https://missav123.com/dm2/en/ssni-727-uncensored-leak,,https://surrit.com/695932e8-5220-4adc-b455-7929606ce2a3/playlist.m3u8,playlist,surrit.com
https://missav123.com/dm25/en/juq-446-uncensored-leak,,https://surrit.com/b563efdb-21ba-4059-99db-743149fce879/1280x720/video.m3u8,720p,surrit.com
https://missav123.com/dm25/en/juq-446-uncensored-leak,,https://surrit.com/b563efdb-21ba-4059-99db-743149fce879/842x480/video.m3u8,480p,surrit.com
https://missav123.com/dm25/en/juq-446-uncensored-leak,,https://surrit.com/b563efdb-21ba-4059-99db-743149fce879/playlist.m3u8,playlist,surrit.com
https://missav123.com/dm26/en/jul-208-uncensored-leak,,https://surrit.com/b1dc8bf0-e87f-48b7-b872-870ec4ea60b2/480p/video.m3u8,480p,surrit.com
https://missav123.com/dm26/en/jul-208-uncensored-leak,,https://surrit.com/b1dc8bf0-e87f-48b7-b872-870ec4ea60b2/playlist.m3u8,playlist,surrit.com
https://missav123.com/dm26/en/jul-305-uncensored-leak,,https://surrit.com/0b7fc776-79ed-4560-a514-06d0fde1ed2e/1080p/video.m3u8,1080p,surrit.com
https://missav123.com/dm26/en/jul-305-uncensored-leak,,https://surrit.com/0b7fc776-79ed-4560-a514-06d0fde1ed2e/720p/video.m3u8,720p,surrit.com
https://missav123.com/dm26/en/jul-305-uncensored-leak,,https://surrit.com/0b7fc776-79ed-4560-a514-06d0fde1ed2e/playlist.m3u8,playlist,surrit.com
https://missav123.com/dm27/en/mide-781-uncensored-leak,,https://surrit.com/056f2df3-29e0-4676-8aa4-8876c4b2a1df/1080p/video.m3u8,1080p,surrit.com
https://missav123.com/dm27/en/mide-781-uncensored-leak,,https://surrit.com/056f2df3-29e0-4676-8aa4-8876c4b2a1df/720p/video.m3u8,720p,surrit.com
https://missav123.com/dm27/en/mide-781-uncensored-leak,,https://surrit.com/056f2df3-29e0-4676-8aa4-8876c4b2a1df/playlist.m3u8,playlist,surrit.com
https://missav123.com/dm28/en/jul-859-uncensored-leak,,https://surrit.com/8c20fe2b-9d48-4295-a0cd-f7dc93a585d9/1280x720/video.m3u8,720p,surrit.com
https://missav123.com/dm28/en/jul-859-uncensored-leak,,https://surrit.com/8c20fe2b-9d48-4295-a0cd-f7dc93a585d9/842x480/video.m3u8,480p,surrit.com
https://missav123.com/dm28/en/jul-859-uncensored-leak,,https://surrit.com/8c20fe2b-9d48-4295-a0cd-f7dc93a585d9/playlist.m3u8,playlist,surrit.com
https://missav123.com/dm28/en/pppd-408-uncensored-leak,,https://surrit.com/bafce24e-3e08-493f-b963-c3dd3abcab41/1280x720/video.m3u8,720p,surrit.com
https://missav123.com/dm28/en/pppd-408-uncensored-leak,,https://surrit.com/bafce24e-3e08-493f-b963-c3dd3abcab41/842x480/video.m3u8,480p,surrit.com
https://missav123.com/dm28/en/pppd-408-uncensored-leak,,https://surrit.com/bafce24e-3e08-493f-b963-c3dd3abcab41/playlist.m3u8,playlist,surrit.com
https://missav123.com/dm28/en/sone-146-uncensored-leak,,https://surrit.com/790092aa-b130-44d2-9111-bb524da16f89/1080p/video.m3u8,1080p,surrit.com
https://missav123.com/dm28/en/sone-146-uncensored-leak,,https://surrit.com/790092aa-b130-44d2-9111-bb524da16f89/720p/video.m3u8,720p,surrit.com
https://missav123.com/dm28/en/sone-146-uncensored-leak,,https://surrit.com/790092aa-b130-44d2-9111-bb524da16f89/playlist.m3u8,playlist,surrit.com
https://missav123.com/dm29/en/waaa-462-uncensored-leak,,https://surrit.com/cca75677-5a8a-453b-85d2-51d75e6c59b3/1080p/video.m3u8,1080p,surrit.com
https://missav123.com/dm29/en/waaa-462-uncensored-leak,,https://surrit.com/cca75677-5a8a-453b-85d2-51d75e6c59b3/720p/video.m3u8,720p,surrit.com
https://missav123.com/dm29/en/waaa-462-uncensored-leak,,https://surrit.com/cca75677-5a8a-453b-85d2-51d75e6c59b3/playlist.m3u8,playlist,surrit.com
https://missav123.com/dm3/en/sone-228-uncensored-leak,,https://surrit.com/8882e326-0ddb-4924-a481-d84f823a1b38/1080p/video.m3u8,1080p,surrit.com
https://missav123.com/dm3/en/sone-228-uncensored-leak,,https://surrit.com/8882e326-0ddb-4924-a481-d84f823a1b38/720p/video.m3u8,720p,surrit.com
https://missav123.com/dm3/en/sone-228-uncensored-leak,,https://surrit.com/8882e326-0ddb-4924-a481-d84f823a1b38/playlist.m3u8,playlist,surrit.com
https://missav123.com/dm30/en/sone-479-uncensored-leak,,https://surrit.com/0b7b1e14-8dec-4290-9a7d-ae8a32942aee/1080p/video.m3u8,1080p,surrit.com
https://missav123.com/dm30/en/sone-479-uncensored-leak,,https://surrit.com/0b7b1e14-8dec-4290-9a7d-ae8a32942aee/720p/video.m3u8,720p,surrit.com
https://missav123.com/dm30/en/sone-479-uncensored-leak,,https://surrit.com/0b7b1e14-8dec-4290-9a7d-ae8a32942aee/playlist.m3u8,playlist,surrit.com
https://missav123.com/dm31/en/ebwh-084-uncensored-leak,,https://surrit.com/3b98cab6-237f-4e3d-9bdb-559a9d8e8eec/1080p/video.m3u8,1080p,surrit.com
https://missav123.com/dm31/en/ebwh-084-uncensored-leak,,https://surrit.com/3b98cab6-237f-4e3d-9bdb-559a9d8e8eec/720p/video.m3u8,720p,surrit.com
https://missav123.com/dm31/en/ebwh-084-uncensored-leak,,https://surrit.com/3b98cab6-237f-4e3d-9bdb-559a9d8e8eec/playlist.m3u8,playlist,surrit.com
https://missav123.com/dm31/en/fc2-ppv-2430778,,https://surrit.com/2951af4d-d04e-42fc-8ed6-a1665599fc51/1280x720/video.m3u8,720p,surrit.com
https://missav123.com/dm31/en/fc2-ppv-2430778,,https://surrit.com/2951af4d-d04e-42fc-8ed6-a1665599fc51/842x480/video.m3u8,480p,surrit.com
https://missav123.com/dm31/en/fc2-ppv-2430778,,https://surrit.com/2951af4d-d04e-42fc-8ed6-a1665599fc51/playlist.m3u8,playlist,surrit.com
https://missav123.com/dm31/en/meyd-568-uncensored-leak,,https://surrit.com/998feecc-9bdd-48f1-82ff-ae5ba659cc04/1080p/video.m3u8,1080p,surrit.com
https://missav123.com/dm31/en/meyd-568-uncensored-leak,,https://surrit.com/998feecc-9bdd-48f1-82ff-ae5ba659cc04/720p/video.m3u8,720p,surrit.com
https://missav123.com/dm31/en/meyd-568-uncensored-leak,,https://surrit.com/998feecc-9bdd-48f1-82ff-ae5ba659cc04/playlist.m3u8,playlist,surrit.com
https://missav123.com/dm32/en/juq-988-uncensored-leak,,https://surrit.com/91a89dce-305b-4c24-bfa0-2e87cb39b465/1080p/video.m3u8,1080p,surrit.com
https://missav123.com/dm32/en/juq-988-uncensored-leak,,https://surrit.com/91a89dce-305b-4c24-bfa0-2e87cb39b465/720p/video.m3u8,720p,surrit.com
https://missav123.com/dm32/en/juq-988-uncensored-leak,,https://surrit.com/91a89dce-305b-4c24-bfa0-2e87cb39b465/playlist.m3u8,playlist,surrit.com
https://missav123.com/dm34/en/tek-067-uncensored-leak,,https://surrit.com/f4501209-60e9-453b-bd70-2242ec42faa9/1080p/video.m3u8,1080p,surrit.com
https://missav123.com/dm34/en/tek-067-uncensored-leak,,https://surrit.com/f4501209-60e9-453b-bd70-2242ec42faa9/720p/video.m3u8,720p,surrit.com
https://missav123.com/dm34/en/tek-067-uncensored-leak,,https://surrit.com/f4501209-60e9-453b-bd70-2242ec42faa9/playlist.m3u8,playlist,surrit.com
https://missav123.com/dm4/en/aarm-250-uncensored-leak,,https://surrit.com/1c25585d-2d21-4aed-9326-d0b9dc624867/1080p/video.m3u8,1080p,surrit.com
https://missav123.com/dm4/en/aarm-250-uncensored-leak,,https://surrit.com/1c25585d-2d21-4aed-9326-d0b9dc624867/720p/video.m3u8,720p,surrit.com
https://missav123.com/dm4/en/aarm-250-uncensored-leak,,https://surrit.com/1c25585d-2d21-4aed-9326-d0b9dc624867/playlist.m3u8,playlist,surrit.com
https://missav123.com/dm40/en/jul-792-uncensored-leak,,https://surrit.com/23d6cd0b-e5cc-4e01-9b86-dd513c608980/1280x720/video.m3u8,720p,surrit.com
https://missav123.com/dm40/en/jul-792-uncensored-leak,,https://surrit.com/23d6cd0b-e5cc-4e01-9b86-dd513c608980/842x480/video.m3u8,480p,surrit.com
https://missav123.com/dm40/en/jul-792-uncensored-leak,,https://surrit.com/23d6cd0b-e5cc-4e01-9b86-dd513c608980/playlist.m3u8,playlist,surrit.com
https://missav123.com/dm41/en/miaa-430-uncensored-leak,,https://surrit.com/9191b376-a3e0-40b8-81f7-9caac78c24d7/720p/video.m3u8,720p,surrit.com
https://missav123.com/dm41/en/miaa-430-uncensored-leak,,https://surrit.com/9191b376-a3e0-40b8-81f7-9caac78c24d7/playlist.m3u8,playlist,surrit.com
https://missav123.com/dm42/en/adn-516-uncensored-leak,,https://surrit.com/41fa7b4d-95ec-47c8-9fe8-08cd10a7f1cc/1280x720/video.m3u8,720p,surrit.com
https://missav123.com/dm42/en/adn-516-uncensored-leak,,https://surrit.com/41fa7b4d-95ec-47c8-9fe8-08cd10a7f1cc/842x480/video.m3u8,480p,surrit.com
https://missav123.com/dm42/en/adn-516-uncensored-leak,,https://surrit.com/41fa7b4d-95ec-47c8-9fe8-08cd10a7f1cc/playlist.m3u8,playlist,surrit.com
https://missav123.com/dm44/en/juq-797-uncensored-leak,,https://surrit.com/79b4d812-ba52-4849-a270-25b8557f557a/1080p/video.m3u8,1080p,surrit.com
https://missav123.com/dm44/en/juq-797-uncensored-leak,,https://surrit.com/79b4d812-ba52-4849-a270-25b8557f557a/720p/video.m3u8,720p,surrit.com
https://missav123.com/dm44/en/juq-797-uncensored-leak,,https://surrit.com/79b4d812-ba52-4849-a270-25b8557f557a/playlist.m3u8,playlist,surrit.com
https://missav123.com/dm44/en/same-090-uncensored-leak,,https://surrit.com/56855da2-32c7-4ef7-bdf4-3bbcd7f66b42/1280x720/video.m3u8,720p,surrit.com
https://missav123.com/dm44/en/same-090-uncensored-leak,,https://surrit.com/56855da2-32c7-4ef7-bdf4-3bbcd7f66b42/842x480/video.m3u8,480p,surrit.com
https://missav123.com/dm44/en/same-090-uncensored-leak,,https://surrit.com/56855da2-32c7-4ef7-bdf4-3bbcd7f66b42/playlist.m3u8,playlist,surrit.com
https://missav123.com/dm46/en/sone-499-uncensored-leak,,https://surrit.com/7a8e83b8-3e0b-4e5d-9ffc-d49e04f4493b/1080p/video.m3u8,1080p,surrit.com
https://missav123.com/dm46/en/sone-499-uncensored-leak,,https://surrit.com/7a8e83b8-3e0b-4e5d-9ffc-d49e04f4493b/720p/video.m3u8,720p,surrit.com
https://missav123.com/dm46/en/sone-499-uncensored-leak,,https://surrit.com/7a8e83b8-3e0b-4e5d-9ffc-d49e04f4493b/playlist.m3u8,playlist,surrit.com
https://missav123.com/dm49/en/ipzz-188-uncensored-leak,,https://surrit.com/135742e7-180f-48ff-9583-0c9d944c8fa7/1280x720/video.m3u8,720p,surrit.com
https://missav123.com/dm49/en/ipzz-188-uncensored-leak,,https://surrit.com/135742e7-180f-48ff-9583-0c9d944c8fa7/842x480/video.m3u8,480p,surrit.com
https://missav123.com/dm49/en/ipzz-188-uncensored-leak,,https://surrit.com/135742e7-180f-48ff-9583-0c9d944c8fa7/playlist.m3u8,playlist,surrit.com
https://missav123.com/dm5/en/fjin-058-uncensored-leak,,https://surrit.com/49194005-09fc-46a4-a188-5e67b4bde9f7/1080p/video.m3u8,1080p,surrit.com
https://missav123.com/dm5/en/fjin-058-uncensored-leak,,https://surrit.com/49194005-09fc-46a4-a188-5e67b4bde9f7/720p/video.m3u8,720p,surrit.com
https://missav123.com/dm5/en/fjin-058-uncensored-leak,,https://surrit.com/49194005-09fc-46a4-a188-5e67b4bde9f7/playlist.m3u8,playlist,surrit.com
https://missav123.com/dm5/en/homa-095-uncensored-leak,,https://surrit.com/9c548864-0bdf-48e4-ba88-55917d4672e1/1080p/video.m3u8,1080p,surrit.com
https://missav123.com/dm5/en/homa-095-uncensored-leak,,https://surrit.com/9c548864-0bdf-48e4-ba88-55917d4672e1/720p/video.m3u8,720p,surrit.com
https://missav123.com/dm5/en/homa-095-uncensored-leak,,https://surrit.com/9c548864-0bdf-48e4-ba88-55917d4672e1/playlist.m3u8,playlist,surrit.com
https://missav123.com/dm52/en/ssis-211-uncensored-leak,,https://surrit.com/34a37cfb-b167-4fc5-a389-97f7af280a92/1280x720/video.m3u8,720p,surrit.com
https://missav123.com/dm52/en/ssis-211-uncensored-leak,,https://surrit.com/34a37cfb-b167-4fc5-a389-97f7af280a92/842x480/video.m3u8,480p,surrit.com
https://missav123.com/dm52/en/ssis-211-uncensored-leak,,https://surrit.com/34a37cfb-b167-4fc5-a389-97f7af280a92/playlist.m3u8,playlist,surrit.com
https://missav123.com/dm53/en/sone-248-uncensored-leak,,https://surrit.com/8ffc7c34-4712-48ab-9fee-66d8b148f33e/1080p/video.m3u8,1080p,surrit.com
https://missav123.com/dm53/en/sone-248-uncensored-leak,,https://surrit.com/8ffc7c34-4712-48ab-9fee-66d8b148f33e/720p/video.m3u8,720p,surrit.com
https://missav123.com/dm53/en/sone-248-uncensored-leak,,https://surrit.com/8ffc7c34-4712-48ab-9fee-66d8b148f33e/playlist.m3u8,playlist,surrit.com
https://missav123.com/dm54/en/juq-321-uncensored-leak,,https://surrit.com/da62e1fa-2e1a-451f-9db5-a85b64072a3c/1280x720/video.m3u8,720p,surrit.com
https://missav123.com/dm54/en/juq-321-uncensored-leak,,https://surrit.com/da62e1fa-2e1a-451f-9db5-a85b64072a3c/842x480/video.m3u8,480p,surrit.com
https://missav123.com/dm54/en/juq-321-uncensored-leak,,https://surrit.com/da62e1fa-2e1a-451f-9db5-a85b64072a3c/playlist.m3u8,playlist,surrit.com
https://missav123.com/dm54/en/pred-376-uncensored-leak,,https://surrit.com/9213fd56-899e-4f3c-8b7d-2282f56455a2/1280x720/video.m3u8,720p,surrit.com
https://missav123.com/dm54/en/pred-376-uncensored-leak,,https://surrit.com/9213fd56-899e-4f3c-8b7d-2282f56455a2/842x480/video.m3u8,480p,surrit.com
https://missav123.com/dm54/en/pred-376-uncensored-leak,,https://surrit.com/9213fd56-899e-4f3c-8b7d-2282f56455a2/playlist.m3u8,playlist,surrit.com
https://missav123.com/dm56/en/cawd-658-uncensored-leak,,https://surrit.com/6371738f-3d77-46ce-9662-93135307e5b3/1080p/video.m3u8,1080p,surrit.com
https://missav123.com/dm56/en/cawd-658-uncensored-leak,,https://surrit.com/6371738f-3d77-46ce-9662-93135307e5b3/720p/video.m3u8,720p,surrit.com
https://missav123.com/dm56/en/cawd-658-uncensored-leak,,https://surrit.com/6371738f-3d77-46ce-9662-93135307e5b3/playlist.m3u8,playlist,surrit.com
https://missav123.com/dm57/en/ssni-977-uncensored-leak,,https://surrit.com/cd5c074a-0817-439c-b600-407a6a648103/1080p/video.m3u8,1080p,surrit.com
https://missav123.com/dm57/en/ssni-977-uncensored-leak,,https://surrit.com/cd5c074a-0817-439c-b600-407a6a648103/720p/video.m3u8,720p,surrit.com
https://missav123.com/dm57/en/ssni-977-uncensored-leak,,https://surrit.com/cd5c074a-0817-439c-b600-407a6a648103/playlist.m3u8,playlist,surrit.com
https://missav123.com/dm59/en/ipzz-162-uncensored-leak,,https://surrit.com/53fde770-53f9-4208-9121-9c816e9de46a/1280x720/video.m3u8,720p,surrit.com
https://missav123.com/dm59/en/ipzz-162-uncensored-leak,,https://surrit.com/53fde770-53f9-4208-9121-9c816e9de46a/842x480/video.m3u8,480p,surrit.com
https://missav123.com/dm59/en/ipzz-162-uncensored-leak,,https://surrit.com/53fde770-53f9-4208-9121-9c816e9de46a/playlist.m3u8,playlist,surrit.com
https://missav123.com/dm59/en/meyd-893-uncensored-leak,,https://surrit.com/bbb333b9-c2f9-45f6-acfc-0acfbeb92a22/1080p/video.m3u8,1080p,surrit.com
https://missav123.com/dm59/en/meyd-893-uncensored-leak,,https://surrit.com/bbb333b9-c2f9-45f6-acfc-0acfbeb92a22/720p/video.m3u8,720p,surrit.com
https://missav123.com/dm59/en/meyd-893-uncensored-leak,,https://surrit.com/bbb333b9-c2f9-45f6-acfc-0acfbeb92a22/playlist.m3u8,playlist,surrit.com
https://missav123.com/dm62/en/nima-030-uncensored-leak,,https://surrit.com/3f7f7b6e-2db7-4d15-9f1c-a15ac4937cca/1080p/video.m3u8,1080p,surrit.com
https://missav123.com/dm62/en/nima-030-uncensored-leak,,https://surrit.com/3f7f7b6e-2db7-4d15-9f1c-a15ac4937cca/720p/video.m3u8,720p,surrit.com
https://missav123.com/dm62/en/nima-030-uncensored-leak,,https://surrit.com/3f7f7b6e-2db7-4d15-9f1c-a15ac4937cca/playlist.m3u8,playlist,surrit.com
https://missav123.com/dm65/en/ipx-758-uncensored-leak,,https://surrit.com/a53c2489-24d6-48e5-aa5f-06085f18fed3/1280x720/video.m3u8,720p,surrit.com
https://missav123.com/dm65/en/ipx-758-uncensored-leak,,https://surrit.com/a53c2489-24d6-48e5-aa5f-06085f18fed3/842x480/video.m3u8,480p,surrit.com
https://missav123.com/dm65/en/ipx-758-uncensored-leak,,https://surrit.com/a53c2489-24d6-48e5-aa5f-06085f18fed3/playlist.m3u8,playlist,surrit.com
https://missav123.com/dm65/en/ssis-306-uncensored-leak,,https://surrit.com/30558968-a5f4-4608-ae8e-cf7134bc0ede/1280x720/video.m3u8,720p,surrit.com
https://missav123.com/dm65/en/ssis-306-uncensored-leak,,https://surrit.com/30558968-a5f4-4608-ae8e-cf7134bc0ede/842x480/video.m3u8,480p,surrit.com
https://missav123.com/dm65/en/ssis-306-uncensored-leak,,https://surrit.com/30558968-a5f4-4608-ae8e-cf7134bc0ede/playlist.m3u8,playlist,surrit.com
https://missav123.com/dm66/en/ipzz-153-uncensored-leak,,https://surrit.com/d1450139-a732-4842-b012-b0612b8c5a7e/1280x720/video.m3u8,720p,surrit.com
https://missav123.com/dm66/en/ipzz-153-uncensored-leak,,https://surrit.com/d1450139-a732-4842-b012-b0612b8c5a7e/842x480/video.m3u8,480p,surrit.com
https://missav123.com/dm66/en/ipzz-153-uncensored-leak,,https://surrit.com/d1450139-a732-4842-b012-b0612b8c5a7e/playlist.m3u8,playlist,surrit.com
https://missav123.com/dm67/en/achj-005-uncensored-leak,,https://surrit.com/51e77f82-8d1f-4fde-8b41-53170f001aad/1280x720/video.m3u8,720p,surrit.com
https://missav123.com/dm67/en/achj-005-uncensored-leak,,https://surrit.com/51e77f82-8d1f-4fde-8b41-53170f001aad/842x480/video.m3u8,480p,surrit.com
https://missav123.com/dm67/en/achj-005-uncensored-leak,,https://surrit.com/51e77f82-8d1f-4fde-8b41-53170f001aad/playlist.m3u8,playlist,surrit.com
https://missav123.com/dm69/en/ssis-509-uncensored-leak,,https://surrit.com/02966a00-04e2-44cb-b3ee-a57ce5bb9f99/1280x720/video.m3u8,720p,surrit.com
https://missav123.com/dm69/en/ssis-509-uncensored-leak,,https://surrit.com/02966a00-04e2-44cb-b3ee-a57ce5bb9f99/842x480/video.m3u8,480p,surrit.com
https://missav123.com/dm69/en/ssis-509-uncensored-leak,,https://surrit.com/02966a00-04e2-44cb-b3ee-a57ce5bb9f99/playlist.m3u8,playlist,surrit.com
https://missav123.com/dm70/en/ssis-615-uncensored-leak,,https://surrit.com/fa9ac0d8-dfe9-4813-87e0-e52821e4f6e2/1280x720/video.m3u8,720p,surrit.com
https://missav123.com/dm70/en/ssis-615-uncensored-leak,,https://surrit.com/fa9ac0d8-dfe9-4813-87e0-e52821e4f6e2/842x480/video.m3u8,480p,surrit.com
https://missav123.com/dm70/en/ssis-615-uncensored-leak,,https://surrit.com/fa9ac0d8-dfe9-4813-87e0-e52821e4f6e2/playlist.m3u8,playlist,surrit.com
https://missav123.com/dm77/en/midv-229-uncensored-leak,,https://surrit.com/07bae3f6-5c90-40a0-8993-7f49ef16216f/1280x720/video.m3u8,720p,surrit.com
https://missav123.com/dm77/en/midv-229-uncensored-leak,,https://surrit.com/07bae3f6-5c90-40a0-8993-7f49ef16216f/842x480/video.m3u8,480p,surrit.com
https://missav123.com/dm77/en/midv-229-uncensored-leak,,https://surrit.com/07bae3f6-5c90-40a0-8993-7f49ef16216f/playlist.m3u8,playlist,surrit.com
https://missav123.com/dm79/en/ssis-532-uncensored-leak,,https://surrit.com/3b55cdf2-43e7-45f3-9f2a-56ca9768ba8b/1280x720/video.m3u8,720p,surrit.com
https://missav123.com/dm79/en/ssis-532-uncensored-leak,,https://surrit.com/3b55cdf2-43e7-45f3-9f2a-56ca9768ba8b/842x480/video.m3u8,480p,surrit.com
https://missav123.com/dm79/en/ssis-532-uncensored-leak,,https://surrit.com/3b55cdf2-43e7-45f3-9f2a-56ca9768ba8b/playlist.m3u8,playlist,surrit.com
https://missav123.com/dm80/en/ipx-940-uncensored-leak,,https://surrit.com/f35fc5c6-6a97-4392-bb18-8f37b98b804f/1280x720/video.m3u8,720p,surrit.com
https://missav123.com/dm80/en/ipx-940-uncensored-leak,,https://surrit.com/f35fc5c6-6a97-4392-bb18-8f37b98b804f/842x480/video.m3u8,480p,surrit.com
https://missav123.com/dm80/en/ipx-940-uncensored-leak,,https://surrit.com/f35fc5c6-6a97-4392-bb18-8f37b98b804f/playlist.m3u8,playlist,surrit.com
https://missav123.com/dm81/en/ipx-883-uncensored-leak,,https://surrit.com/26758194-9358-4e41-8b9f-5bf3a4b65424/1280x720/video.m3u8,720p,surrit.com
https://missav123.com/dm81/en/ipx-883-uncensored-leak,,https://surrit.com/26758194-9358-4e41-8b9f-5bf3a4b65424/842x480/video.m3u8,480p,surrit.com
https://missav123.com/dm81/en/ipx-883-uncensored-leak,,https://surrit.com/26758194-9358-4e41-8b9f-5bf3a4b65424/playlist.m3u8,playlist,surrit.com
https://missav123.com/dm81/en/miaa-692-uncensored-leak,,https://surrit.com/79ab0abc-bce8-40ce-9dc8-ccecc91ec75d/1280x720/video.m3u8,720p,surrit.com
https://missav123.com/dm81/en/miaa-692-uncensored-leak,,https://surrit.com/79ab0abc-bce8-40ce-9dc8-ccecc91ec75d/842x480/video.m3u8,480p,surrit.com
https://missav123.com/dm81/en/miaa-692-uncensored-leak,,https://surrit.com/79ab0abc-bce8-40ce-9dc8-ccecc91ec75d/playlist.m3u8,playlist,surrit.com
https://missav123.com/dm82/en/ebod-895-uncensored-leak,,https://surrit.com/c5fd07a3-668f-4f4c-975a-be30178fe973/1280x720/video.m3u8,720p,surrit.com
https://missav123.com/dm82/en/ebod-895-uncensored-leak,,https://surrit.com/c5fd07a3-668f-4f4c-975a-be30178fe973/842x480/video.m3u8,480p,surrit.com
https://missav123.com/dm82/en/ebod-895-uncensored-leak,,https://surrit.com/c5fd07a3-668f-4f4c-975a-be30178fe973/playlist.m3u8,playlist,surrit.com
https://missav123.com/dm84/en/ipx-934-uncensored-leak,,https://surrit.com/cb8040db-9ccf-43d8-937e-4b1b507ea9f0/1280x720/video.m3u8,720p,surrit.com
https://missav123.com/dm84/en/ipx-934-uncensored-leak,,https://surrit.com/cb8040db-9ccf-43d8-937e-4b1b507ea9f0/842x480/video.m3u8,480p,surrit.com
https://missav123.com/dm84/en/ipx-934-uncensored-leak,,https://surrit.com/cb8040db-9ccf-43d8-937e-4b1b507ea9f0/playlist.m3u8,playlist,surrit.com
https://missav123.com/en/55t2800545,,https://surrit.com/1f53f34c-ed61-46f9-82a2-eb5a4973358f/720p/video.m3u8,720p,surrit.com
https://missav123.com/en/55t2800545,,https://surrit.com/1f53f34c-ed61-46f9-82a2-eb5a4973358f/playlist.m3u8,playlist,surrit.com
https://missav123.com/en/abf-083-uncensored-leak,,https://surrit.com/79f59184-489c-4def-a912-db741cc57706/1080p/video.m3u8,1080p,surrit.com
https://missav123.com/en/abf-083-uncensored-leak,,https://surrit.com/79f59184-489c-4def-a912-db741cc57706/720p/video.m3u8,720p,surrit.com
https://missav123.com/en/abf-083-uncensored-leak,,https://surrit.com/79f59184-489c-4def-a912-db741cc57706/playlist.m3u8,playlist,surrit.com
https://missav123.com/en/abf-187-uncensored-leak,,https://surrit.com/b0748bca-40f7-4433-8d59-aea5a94fa20e/1080p/video.m3u8,1080p,surrit.com
https://missav123.com/en/abf-187-uncensored-leak,,https://surrit.com/b0748bca-40f7-4433-8d59-aea5a94fa20e/720p/video.m3u8,720p,surrit.com
https://missav123.com/en/abf-187-uncensored-leak,,https://surrit.com/b0748bca-40f7-4433-8d59-aea5a94fa20e/playlist.m3u8,playlist,surrit.com
https://missav123.com/en/abf-223-english-subtitle,,https://surrit.com/ac272383-17e0-4107-86f0-71fe4c1dcf30/1080p/video.m3u8,1080p,surrit.com
https://missav123.com/en/abf-223-english-subtitle,,https://surrit.com/ac272383-17e0-4107-86f0-71fe4c1dcf30/720p/video.m3u8,720p,surrit.com
https://missav123.com/en/abf-223-english-subtitle,,https://surrit.com/ac272383-17e0-4107-86f0-71fe4c1dcf30/playlist.m3u8,playlist,surrit.com
https://missav123.com/en/abf-226-english-subtitle,,https://surrit.com/fff1c2af-e685-4bca-8aa4-9345e88c7bf2/1080p/video.m3u8,1080p,surrit.com
https://missav123.com/en/abf-226-english-subtitle,,https://surrit.com/fff1c2af-e685-4bca-8aa4-9345e88c7bf2/720p/video.m3u8,720p,surrit.com
https://missav123.com/en/abf-226-english-subtitle,,https://surrit.com/fff1c2af-e685-4bca-8aa4-9345e88c7bf2/playlist.m3u8,playlist,surrit.com
https://missav123.com/en/adn-655-english-subtitle,,https://surrit.com/4373b90e-012a-40bc-a4f4-014fd160155e/1080p/video.m3u8,1080p,surrit.com
https://missav123.com/en/adn-655-english-subtitle,,https://surrit.com/4373b90e-012a-40bc-a4f4-014fd160155e/720p/video.m3u8,720p,surrit.com
https://missav123.com/en/adn-655-english-subtitle,,https://surrit.com/4373b90e-012a-40bc-a4f4-014fd160155e/playlist.m3u8,playlist,surrit.com
https://missav123.com/en/adn-659-english-subtitle,,https://surrit.com/75208269-328e-489a-a849-8e2af4e0ebaf/1080p/video.m3u8,1080p,surrit.com
https://missav123.com/en/adn-659-english-subtitle,,https://surrit.com/75208269-328e-489a-a849-8e2af4e0ebaf/720p/video.m3u8,720p,surrit.com
https://missav123.com/en/adn-659-english-subtitle,,https://surrit.com/75208269-328e-489a-a849-8e2af4e0ebaf/playlist.m3u8,playlist,surrit.com
https://missav123.com/en/adn-664-english-subtitle,,https://surrit.com/ded092d8-a6ba-463d-9851-e2b9e38e711d/1080p/video.m3u8,1080p,surrit.com
https://missav123.com/en/adn-664-english-subtitle,,https://surrit.com/ded092d8-a6ba-463d-9851-e2b9e38e711d/720p/video.m3u8,720p,surrit.com
https://missav123.com/en/adn-664-english-subtitle,,https://surrit.com/ded092d8-a6ba-463d-9851-e2b9e38e711d/playlist.m3u8,playlist,surrit.com
https://missav123.com/en/adn-677-english-subtitle,,https://surrit.com/cd34375a-fe42-48d0-b309-4ba446cd0476/1080p/video.m3u8,1080p,surrit.com
https://missav123.com/en/adn-677-english-subtitle,,https://surrit.com/cd34375a-fe42-48d0-b309-4ba446cd0476/720p/video.m3u8,720p,surrit.com
https://missav123.com/en/adn-677-english-subtitle,,https://surrit.com/cd34375a-fe42-48d0-b309-4ba446cd0476/playlist.m3u8,playlist,surrit.com
https://missav123.com/en/adn-678-english-subtitle,,https://surrit.com/29f8c845-0aff-4e2c-883d-1f4fd5c557ad/1080p/video.m3u8,1080p,surrit.com
https://missav123.com/en/adn-678-english-subtitle,,https://surrit.com/29f8c845-0aff-4e2c-883d-1f4fd5c557ad/720p/video.m3u8,720p,surrit.com
https://missav123.com/en/adn-678-english-subtitle,,https://surrit.com/29f8c845-0aff-4e2c-883d-1f4fd5c557ad/playlist.m3u8,playlist,surrit.com
https://missav123.com/en/adn-684-english-subtitle,,https://surrit.com/849ce327-d482-4017-ba03-aa21ea39fed7/1080p/video.m3u8,1080p,surrit.com
https://missav123.com/en/adn-684-english-subtitle,,https://surrit.com/849ce327-d482-4017-ba03-aa21ea39fed7/720p/video.m3u8,720p,surrit.com
https://missav123.com/en/adn-684-english-subtitle,,https://surrit.com/849ce327-d482-4017-ba03-aa21ea39fed7/playlist.m3u8,playlist,surrit.com
https://missav123.com/en/adn-788-uncensored-leak,,https://surrit.com/83c7a86c-d5f4-44d0-a90c-efd62b112fd8/720p/video.m3u8,720p,surrit.com
https://missav123.com/en/adn-788-uncensored-leak,,https://surrit.com/83c7a86c-d5f4-44d0-a90c-efd62b112fd8/playlist.m3u8,playlist,surrit.com
https://missav123.com/en/adn-791,adn-791,https://surrit.com/417a79c5-0481-439b-9b1f-c81a4f257904/1080p/video.m3u8,1080p,surrit.com
https://missav123.com/en/adn-791,adn-791,https://surrit.com/417a79c5-0481-439b-9b1f-c81a4f257904/720p/video.m3u8,720p,surrit.com
https://missav123.com/en/adn-791,adn-791,https://surrit.com/417a79c5-0481-439b-9b1f-c81a4f257904/playlist.m3u8,playlist,surrit.com
https://missav123.com/en/adn-795,adn-795,https://surrit.com/2b35bcfa-86c9-4398-ae91-878d76f4afb5/1080p/video.m3u8,1080p,surrit.com
https://missav123.com/en/adn-795,adn-795,https://surrit.com/2b35bcfa-86c9-4398-ae91-878d76f4afb5/720p/video.m3u8,720p,surrit.com
https://missav123.com/en/adn-795,adn-795,https://surrit.com/2b35bcfa-86c9-4398-ae91-878d76f4afb5/playlist.m3u8,playlist,surrit.com
https://missav123.com/en/adn-795-uncensored-leak,,https://surrit.com/2643ff48-f1da-4e54-9e7e-7f6a736e373c/720p/video.m3u8,720p,surrit.com
https://missav123.com/en/adn-795-uncensored-leak,,https://surrit.com/2643ff48-f1da-4e54-9e7e-7f6a736e373c/playlist.m3u8,playlist,surrit.com
https://missav123.com/en/adn-801,adn-801,https://surrit.com/9d9117a9-858c-4a19-9bc6-e6d325f5c24e/1080p/video.m3u8,1080p,surrit.com
https://missav123.com/en/adn-801,adn-801,https://surrit.com/9d9117a9-858c-4a19-9bc6-e6d325f5c24e/720p/video.m3u8,720p,surrit.com
https://missav123.com/en/adn-801,adn-801,https://surrit.com/9d9117a9-858c-4a19-9bc6-e6d325f5c24e/playlist.m3u8,playlist,surrit.com
https://missav123.com/en/adn-801-uncensored-leak,,https://surrit.com/c391cb1d-46ca-4dee-b750-53739285bff9/1080p/video.m3u8,1080p,surrit.com
https://missav123.com/en/adn-801-uncensored-leak,,https://surrit.com/c391cb1d-46ca-4dee-b750-53739285bff9/720p/video.m3u8,720p,surrit.com
https://missav123.com/en/adn-801-uncensored-leak,,https://surrit.com/c391cb1d-46ca-4dee-b750-53739285bff9/playlist.m3u8,playlist,surrit.com
https://missav123.com/en/agav-175-uncensored-leak,,https://surrit.com/fa7bafbb-a28a-41e1-b6ab-662927ef4f31/1080p/video.m3u8,1080p,surrit.com
https://missav123.com/en/agav-175-uncensored-leak,,https://surrit.com/fa7bafbb-a28a-41e1-b6ab-662927ef4f31/720p/video.m3u8,720p,surrit.com
https://missav123.com/en/agav-175-uncensored-leak,,https://surrit.com/fa7bafbb-a28a-41e1-b6ab-662927ef4f31/playlist.m3u8,playlist,surrit.com
https://missav123.com/en/akdx-002,akdx-002,https://surrit.com/129aa793-2875-49ec-9ac0-e567147ab339/720p/video.m3u8,720p,surrit.com
https://missav123.com/en/akdx-002,akdx-002,https://surrit.com/129aa793-2875-49ec-9ac0-e567147ab339/playlist.m3u8,playlist,surrit.com
https://missav123.com/en/atid-656,atid-656,https://surrit.com/121f2357-1bab-4349-b4a9-677d553040c0/1080p/video.m3u8,1080p,surrit.com
https://missav123.com/en/atid-656,atid-656,https://surrit.com/121f2357-1bab-4349-b4a9-677d553040c0/720p/video.m3u8,720p,surrit.com
https://missav123.com/en/atid-656,atid-656,https://surrit.com/121f2357-1bab-4349-b4a9-677d553040c0/playlist.m3u8,playlist,surrit.com
https://missav123.com/en/atid-668,atid-668,https://surrit.com/9809a1d4-ad68-42d0-95e6-31508c77a043/720p/video.m3u8,720p,surrit.com
https://missav123.com/en/atid-668,atid-668,https://surrit.com/9809a1d4-ad68-42d0-95e6-31508c77a043/playlist.m3u8,playlist,surrit.com
https://missav123.com/en/atid-680,atid-680,https://surrit.com/749819d8-e446-4a5b-8ad4-8b366c01f60e/1080p/video.m3u8,1080p,surrit.com
https://missav123.com/en/atid-680,atid-680,https://surrit.com/749819d8-e446-4a5b-8ad4-8b366c01f60e/720p/video.m3u8,720p,surrit.com
https://missav123.com/en/atid-680,atid-680,https://surrit.com/749819d8-e446-4a5b-8ad4-8b366c01f60e/playlist.m3u8,playlist,surrit.com
https://missav123.com/en/atid-686,atid-686,https://surrit.com/a94c7333-116b-4df2-b395-e2cd80f8810f/1080p/video.m3u8,1080p,surrit.com
https://missav123.com/en/atid-686,atid-686,https://surrit.com/a94c7333-116b-4df2-b395-e2cd80f8810f/720p/video.m3u8,720p,surrit.com
https://missav123.com/en/atid-686,atid-686,https://surrit.com/a94c7333-116b-4df2-b395-e2cd80f8810f/playlist.m3u8,playlist,surrit.com
https://missav123.com/en/atid-686-uncensored-leak,,https://surrit.com/a7c8f99e-1a1a-47ba-a914-ba7575511092/720p/video.m3u8,720p,surrit.com
https://missav123.com/en/atid-686-uncensored-leak,,https://surrit.com/a7c8f99e-1a1a-47ba-a914-ba7575511092/playlist.m3u8,playlist,surrit.com
https://missav123.com/en/atid-691,atid-691,https://surrit.com/da91e075-14d5-40d2-a2d9-6ff0759ddb8c/1080p/video.m3u8,1080p,surrit.com
https://missav123.com/en/atid-691,atid-691,https://surrit.com/da91e075-14d5-40d2-a2d9-6ff0759ddb8c/720p/video.m3u8,720p,surrit.com
https://missav123.com/en/atid-691,atid-691,https://surrit.com/da91e075-14d5-40d2-a2d9-6ff0759ddb8c/playlist.m3u8,playlist,surrit.com
https://missav123.com/en/atid-691-uncensored-leak,,https://surrit.com/78c2ec35-5988-45f0-8b99-9e47a9762998/720p/video.m3u8,720p,surrit.com
https://missav123.com/en/atid-691-uncensored-leak,,https://surrit.com/78c2ec35-5988-45f0-8b99-9e47a9762998/playlist.m3u8,playlist,surrit.com
https://missav123.com/en/atid-695,atid-695,https://surrit.com/d163f61a-a828-4097-bd91-ef13fa2b4493/1080p/video.m3u8,1080p,surrit.com
https://missav123.com/en/atid-695,atid-695,https://surrit.com/d163f61a-a828-4097-bd91-ef13fa2b4493/720p/video.m3u8,720p,surrit.com
https://missav123.com/en/atid-695,atid-695,https://surrit.com/d163f61a-a828-4097-bd91-ef13fa2b4493/playlist.m3u8,playlist,surrit.com
https://missav123.com/en/bab-195,bab-195,https://surrit.com/8a69a6fa-da52-42c7-ba53-c285b9c753b7/720p/video.m3u8,720p,surrit.com
https://missav123.com/en/bab-195,bab-195,https://surrit.com/8a69a6fa-da52-42c7-ba53-c285b9c753b7/playlist.m3u8,playlist,surrit.com
https://missav123.com/en/cawb-012-uncensored-leak,,https://surrit.com/fef7f38b-8fc8-4145-96fd-f25d9d44ff97/1080p/video.m3u8,1080p,surrit.com
https://missav123.com/en/cawb-012-uncensored-leak,,https://surrit.com/fef7f38b-8fc8-4145-96fd-f25d9d44ff97/720p/video.m3u8,720p,surrit.com
https://missav123.com/en/cawb-012-uncensored-leak,,https://surrit.com/fef7f38b-8fc8-4145-96fd-f25d9d44ff97/playlist.m3u8,playlist,surrit.com
https://missav123.com/en/cawb-016,cawb-016,https://surrit.com/b2c6ba99-6a42-48a0-bdf4-0c94e169378d/1080p/video.m3u8,1080p,surrit.com
https://missav123.com/en/cawb-016,cawb-016,https://surrit.com/b2c6ba99-6a42-48a0-bdf4-0c94e169378d/720p/video.m3u8,720p,surrit.com
https://missav123.com/en/cawb-016,cawb-016,https://surrit.com/b2c6ba99-6a42-48a0-bdf4-0c94e169378d/playlist.m3u8,playlist,surrit.com
https://missav123.com/en/cawb-016-uncensored-leak,,https://surrit.com/3b31da98-0813-4c66-80ea-ee61b57e7c4b/1080p/video.m3u8,1080p,surrit.com
https://missav123.com/en/cawb-016-uncensored-leak,,https://surrit.com/3b31da98-0813-4c66-80ea-ee61b57e7c4b/720p/video.m3u8,720p,surrit.com
https://missav123.com/en/cawb-016-uncensored-leak,,https://surrit.com/3b31da98-0813-4c66-80ea-ee61b57e7c4b/playlist.m3u8,playlist,surrit.com
https://missav123.com/en/cawb-018,cawb-018,https://surrit.com/dbdfeb33-2fa7-4f44-b730-cbd5caabe4fa/1080p/video.m3u8,1080p,surrit.com
https://missav123.com/en/cawb-018,cawb-018,https://surrit.com/dbdfeb33-2fa7-4f44-b730-cbd5caabe4fa/720p/video.m3u8,720p,surrit.com
https://missav123.com/en/cawb-018,cawb-018,https://surrit.com/dbdfeb33-2fa7-4f44-b730-cbd5caabe4fa/playlist.m3u8,playlist,surrit.com
https://missav123.com/en/cawb-018-uncensored-leak,,https://surrit.com/ed86e986-14d9-425f-bea0-a76a00d3a12c/1080p/video.m3u8,1080p,surrit.com
https://missav123.com/en/cawb-018-uncensored-leak,,https://surrit.com/ed86e986-14d9-425f-bea0-a76a00d3a12c/720p/video.m3u8,720p,surrit.com
https://missav123.com/en/cawb-018-uncensored-leak,,https://surrit.com/ed86e986-14d9-425f-bea0-a76a00d3a12c/playlist.m3u8,playlist,surrit.com
https://missav123.com/en/cawb-021,cawb-021,https://surrit.com/f20b6d90-682e-4164-8506-319ad96cefc3/1080p/video.m3u8,1080p,surrit.com
https://missav123.com/en/cawb-021,cawb-021,https://surrit.com/f20b6d90-682e-4164-8506-319ad96cefc3/720p/video.m3u8,720p,surrit.com
https://missav123.com/en/cawb-021,cawb-021,https://surrit.com/f20b6d90-682e-4164-8506-319ad96cefc3/playlist.m3u8,playlist,surrit.com
https://missav123.com/en/cawb-023-uncensored-leak,,https://surrit.com/0795484c-9ad0-4c83-9f00-01ffdbafb021/1080p/video.m3u8,1080p,surrit.com
https://missav123.com/en/cawb-023-uncensored-leak,,https://surrit.com/0795484c-9ad0-4c83-9f00-01ffdbafb021/720p/video.m3u8,720p,surrit.com
https://missav123.com/en/cawb-023-uncensored-leak,,https://surrit.com/0795484c-9ad0-4c83-9f00-01ffdbafb021/playlist.m3u8,playlist,surrit.com
https://missav123.com/en/cawb-025,cawb-025,https://surrit.com/8c04eff5-fdad-45be-9378-13438459a204/1080p/video.m3u8,1080p,surrit.com
https://missav123.com/en/cawb-025,cawb-025,https://surrit.com/8c04eff5-fdad-45be-9378-13438459a204/720p/video.m3u8,720p,surrit.com
https://missav123.com/en/cawb-025,cawb-025,https://surrit.com/8c04eff5-fdad-45be-9378-13438459a204/playlist.m3u8,playlist,surrit.com
https://missav123.com/en/cawb-026,cawb-026,https://surrit.com/0a830e21-c3b3-42fa-b22a-1208e556639f/1080p/video.m3u8,1080p,surrit.com
https://missav123.com/en/cawb-026,cawb-026,https://surrit.com/0a830e21-c3b3-42fa-b22a-1208e556639f/720p/video.m3u8,720p,surrit.com
https://missav123.com/en/cawb-026,cawb-026,https://surrit.com/0a830e21-c3b3-42fa-b22a-1208e556639f/playlist.m3u8,playlist,surrit.com
https://missav123.com/en/cemd-872-uncensored-leak,,https://surrit.com/56b35344-5e65-48ed-8fc1-c9b6eebc2926/720p/video.m3u8,720p,surrit.com
https://missav123.com/en/cemd-872-uncensored-leak,,https://surrit.com/56b35344-5e65-48ed-8fc1-c9b6eebc2926/playlist.m3u8,playlist,surrit.com
https://missav123.com/en/club-929,club-929,https://surrit.com/57f23445-16e7-45a5-96d5-2e04edd20f49/720p/video.m3u8,720p,surrit.com
https://missav123.com/en/club-929,club-929,https://surrit.com/57f23445-16e7-45a5-96d5-2e04edd20f49/playlist.m3u8,playlist,surrit.com
https://missav123.com/en/club-934,club-934,https://surrit.com/551e9994-b5d6-4a20-93a5-f9777c8c26f9/720p/video.m3u8,720p,surrit.com
https://missav123.com/en/club-934,club-934,https://surrit.com/551e9994-b5d6-4a20-93a5-f9777c8c26f9/playlist.m3u8,playlist,surrit.com
https://missav123.com/en/dass-566-uncensored-leak,,https://surrit.com/c9582652-3bea-4ec6-b931-e668ba3bff7a/1080p/video.m3u8,1080p,surrit.com
https://missav123.com/en/dass-566-uncensored-leak,,https://surrit.com/c9582652-3bea-4ec6-b931-e668ba3bff7a/720p/video.m3u8,720p,surrit.com
https://missav123.com/en/dass-566-uncensored-leak,,https://surrit.com/c9582652-3bea-4ec6-b931-e668ba3bff7a/playlist.m3u8,playlist,surrit.com
https://missav123.com/en/dldss-343-uncensored-leak,,https://surrit.com/3303b244-68e0-4f3e-aafe-3a466e858047/1080p/video.m3u8,1080p,surrit.com
https://missav123.com/en/dldss-343-uncensored-leak,,https://surrit.com/3303b244-68e0-4f3e-aafe-3a466e858047/720p/video.m3u8,720p,surrit.com
https://missav123.com/en/dldss-343-uncensored-leak,,https://surrit.com/3303b244-68e0-4f3e-aafe-3a466e858047/playlist.m3u8,playlist,surrit.com
https://missav123.com/en/dldss-524,dldss-524,https://surrit.com/93190bf9-fb28-4e60-ae2c-139fd74d0624/1080p/video.m3u8,1080p,surrit.com
https://missav123.com/en/dldss-524,dldss-524,https://surrit.com/93190bf9-fb28-4e60-ae2c-139fd74d0624/720p/video.m3u8,720p,surrit.com
https://missav123.com/en/dldss-524,dldss-524,https://surrit.com/93190bf9-fb28-4e60-ae2c-139fd74d0624/playlist.m3u8,playlist,surrit.com
https://missav123.com/en/dsam-008,dsam-008,https://surrit.com/6a25a395-ab22-4dd0-847d-fcf5c7c82869/720p/video.m3u8,720p,surrit.com
https://missav123.com/en/dsam-008,dsam-008,https://surrit.com/6a25a395-ab22-4dd0-847d-fcf5c7c82869/playlist.m3u8,playlist,surrit.com
https://missav123.com/en/dvaj-454-english-subtitle,,https://surrit.com/9d2aae8f-818a-45cf-8e98-7280a1811200/720p/video.m3u8,720p,surrit.com
https://missav123.com/en/dvaj-454-english-subtitle,,https://surrit.com/9d2aae8f-818a-45cf-8e98-7280a1811200/playlist.m3u8,playlist,surrit.com
https://missav123.com/en/dvmm-231-english-subtitle,,https://surrit.com/f57976f6-754b-4579-970a-2aaa200ca34e/1080p/video.m3u8,1080p,surrit.com
https://missav123.com/en/dvmm-231-english-subtitle,,https://surrit.com/f57976f6-754b-4579-970a-2aaa200ca34e/720p/video.m3u8,720p,surrit.com
https://missav123.com/en/dvmm-231-english-subtitle,,https://surrit.com/f57976f6-754b-4579-970a-2aaa200ca34e/playlist.m3u8,playlist,surrit.com
https://missav123.com/en/dvmm-232-english-subtitle,,https://surrit.com/e0eda781-0590-4bda-8e98-3f0c1c81e1fe/720p/video.m3u8,720p,surrit.com
https://missav123.com/en/dvmm-232-english-subtitle,,https://surrit.com/e0eda781-0590-4bda-8e98-3f0c1c81e1fe/playlist.m3u8,playlist,surrit.com
https://missav123.com/en/dvmm-415,dvmm-415,https://surrit.com/cc012fda-ffc5-45ea-bba3-8006d3ddf565/720p/video.m3u8,720p,surrit.com
https://missav123.com/en/dvmm-415,dvmm-415,https://surrit.com/cc012fda-ffc5-45ea-bba3-8006d3ddf565/playlist.m3u8,playlist,surrit.com
https://missav123.com/en/dvmm-426,dvmm-426,https://surrit.com/1f89c117-5b33-41dd-91d9-f30f101c8673/720p/video.m3u8,720p,surrit.com
https://missav123.com/en/dvmm-426,dvmm-426,https://surrit.com/1f89c117-5b33-41dd-91d9-f30f101c8673/playlist.m3u8,playlist,surrit.com
https://missav123.com/en/dvmm-430,dvmm-430,https://surrit.com/4b0c722e-5fc4-452e-a458-cb07fd85f11d/720p/video.m3u8,720p,surrit.com
https://missav123.com/en/dvmm-430,dvmm-430,https://surrit.com/4b0c722e-5fc4-452e-a458-cb07fd85f11d/playlist.m3u8,playlist,surrit.com
https://missav123.com/en/ecb-169,ecb-169,https://surrit.com/55b814b9-6a7e-4ad3-be88-789c67ae4640/720p/video.m3u8,720p,surrit.com
https://missav123.com/en/ecb-169,ecb-169,https://surrit.com/55b814b9-6a7e-4ad3-be88-789c67ae4640/playlist.m3u8,playlist,surrit.com
https://missav123.com/en/fc2-ppv-4587943,,https://surrit.com/d8dfdb5c-fa36-4370-9032-65e1cf5a2b87/720p/video.m3u8,720p,surrit.com
https://missav123.com/en/fc2-ppv-4587943,,https://surrit.com/d8dfdb5c-fa36-4370-9032-65e1cf5a2b87/playlist.m3u8,playlist,surrit.com
https://missav123.com/en/fc2-ppv-4934520,,https://surrit.com/a2ceb3d0-b743-431e-b092-16b733c5bc23/720p/video.m3u8,720p,surrit.com
https://missav123.com/en/fc2-ppv-4934520,,https://surrit.com/a2ceb3d0-b743-431e-b092-16b733c5bc23/playlist.m3u8,playlist,surrit.com
https://missav123.com/en/fc2-ppv-4946552,,https://surrit.com/9f38b8e2-e3f5-4436-aeef-2693ebaf1a58/720p/video.m3u8,720p,surrit.com
https://missav123.com/en/fc2-ppv-4946552,,https://surrit.com/9f38b8e2-e3f5-4436-aeef-2693ebaf1a58/playlist.m3u8,playlist,surrit.com
https://missav123.com/en/fc2-ppv-4947420,,https://surrit.com/30983e12-04c9-4807-8260-fe414d384da5/720p/video.m3u8,720p,surrit.com
https://missav123.com/en/fc2-ppv-4947420,,https://surrit.com/30983e12-04c9-4807-8260-fe414d384da5/playlist.m3u8,480p,surrit.com
https://missav123.com/en/fc2-ppv-4947542,,https://surrit.com/a868644b-43de-4e8d-8126-138245b6db1a/720p/video.m3u8,720p,surrit.com
https://missav123.com/en/fc2-ppv-4947542,,https://surrit.com/a868644b-43de-4e8d-8126-138245b6db1a/playlist.m3u8,playlist,surrit.com
https://missav123.com/en/fc2-ppv-4947596,,https://surrit.com/2bee0644-361e-4660-a55a-f317beaaf77f/720p/video.m3u8,720p,surrit.com
https://missav123.com/en/fc2-ppv-4947596,,https://surrit.com/2bee0644-361e-4660-a55a-f317beaaf77f/playlist.m3u8,playlist,surrit.com
https://missav123.com/en/fc2-ppv-4947759,,https://surrit.com/01f45263-5a6a-405c-882b-cae518a6387d/720p/video.m3u8,720p,surrit.com
https://missav123.com/en/fc2-ppv-4947759,,https://surrit.com/01f45263-5a6a-405c-882b-cae518a6387d/playlist.m3u8,playlist,surrit.com
https://missav123.com/en/fc2-ppv-4947913,,https://surrit.com/feabe180-f127-4b13-a94b-dbed81e97cae/720p/video.m3u8,720p,surrit.com
https://missav123.com/en/fc2-ppv-4947913,,https://surrit.com/feabe180-f127-4b13-a94b-dbed81e97cae/playlist.m3u8,playlist,surrit.com
https://missav123.com/en/fc2-ppv-4948361,,https://surrit.com/7274f8d4-c69d-46e2-8e62-952404c9eb97/720p/video.m3u8,720p,surrit.com
https://missav123.com/en/fc2-ppv-4948361,,https://surrit.com/7274f8d4-c69d-46e2-8e62-952404c9eb97/playlist.m3u8,playlist,surrit.com
https://missav123.com/en/fc2-ppv-4948496,,https://surrit.com/21f4c50e-2f78-4467-a952-75a17c85d1ea/720p/video.m3u8,720p,surrit.com
https://missav123.com/en/fc2-ppv-4948496,,https://surrit.com/21f4c50e-2f78-4467-a952-75a17c85d1ea/playlist.m3u8,playlist,surrit.com
https://missav123.com/en/fc2-ppv-4948541,,https://surrit.com/68aed98e-2013-4dab-8661-b883bc02fa73/720p/video.m3u8,720p,surrit.com
https://missav123.com/en/fc2-ppv-4948541,,https://surrit.com/68aed98e-2013-4dab-8661-b883bc02fa73/playlist.m3u8,playlist,surrit.com
https://missav123.com/en/fc2-ppv-4948798,,https://surrit.com/8d8fd692-ad09-4d19-aca8-5a71d61d57b0/720p/video.m3u8,720p,surrit.com
https://missav123.com/en/fc2-ppv-4948798,,https://surrit.com/8d8fd692-ad09-4d19-aca8-5a71d61d57b0/playlist.m3u8,playlist,surrit.com
https://missav123.com/en/fc2-ppv-4948942,,https://surrit.com/566f0a05-e17b-4c03-a06c-bdce035166d0/720p/video.m3u8,720p,surrit.com
https://missav123.com/en/fc2-ppv-4948942,,https://surrit.com/566f0a05-e17b-4c03-a06c-bdce035166d0/playlist.m3u8,playlist,surrit.com
https://missav123.com/en/fjin-154,fjin-154,https://surrit.com/74fa5391-d10c-4256-bb94-ec229a7b21b1/720p/video.m3u8,720p,surrit.com
https://missav123.com/en/fjin-154,fjin-154,https://surrit.com/74fa5391-d10c-4256-bb94-ec229a7b21b1/playlist.m3u8,playlist,surrit.com
https://missav123.com/en/fjin-155,fjin-155,https://surrit.com/39e26e17-ffd0-4e40-99a0-340f00a9611e/720p/video.m3u8,720p,surrit.com
https://missav123.com/en/fjin-155,fjin-155,https://surrit.com/39e26e17-ffd0-4e40-99a0-340f00a9611e/playlist.m3u8,playlist,surrit.com
https://missav123.com/en/fjin-156,fjin-156,https://surrit.com/6b716f99-b47d-4d4d-8dc8-510b46fea02e/720p/video.m3u8,720p,surrit.com
https://missav123.com/en/fjin-156,fjin-156,https://surrit.com/6b716f99-b47d-4d4d-8dc8-510b46fea02e/playlist.m3u8,playlist,surrit.com
https://missav123.com/en/fjin-157,fjin-157,https://surrit.com/f7a5da61-3041-4b9f-a0b0-57a174702322/720p/video.m3u8,720p,surrit.com
https://missav123.com/en/fjin-157,fjin-157,https://surrit.com/f7a5da61-3041-4b9f-a0b0-57a174702322/playlist.m3u8,playlist,surrit.com
https://missav123.com/en/fns-227-uncensored-leak,,https://surrit.com/e258ffb1-6bff-4dae-b694-ae178b9ff4b8/720p/video.m3u8,720p,surrit.com
https://missav123.com/en/fns-227-uncensored-leak,,https://surrit.com/e258ffb1-6bff-4dae-b694-ae178b9ff4b8/playlist.m3u8,playlist,surrit.com
https://missav123.com/en/fns-235-uncensored-leak,,https://surrit.com/6c09f646-2f67-4190-be8f-60eb603530d8/720p/video.m3u8,720p,surrit.com
https://missav123.com/en/fns-235-uncensored-leak,,https://surrit.com/6c09f646-2f67-4190-be8f-60eb603530d8/playlist.m3u8,playlist,surrit.com
https://missav123.com/en/fns-236-uncensored-leak,,https://surrit.com/3372fc12-162e-4ffd-9046-b5020f8a427b/720p/video.m3u8,720p,surrit.com
https://missav123.com/en/fns-236-uncensored-leak,,https://surrit.com/3372fc12-162e-4ffd-9046-b5020f8a427b/playlist.m3u8,playlist,surrit.com
https://missav123.com/en/fns-237-uncensored-leak,,https://surrit.com/f8b9ef4e-108d-4a30-b255-0407fc04529b/1080p/video.m3u8,1080p,surrit.com
https://missav123.com/en/fns-237-uncensored-leak,,https://surrit.com/f8b9ef4e-108d-4a30-b255-0407fc04529b/720p/video.m3u8,720p,surrit.com
https://missav123.com/en/fns-237-uncensored-leak,,https://surrit.com/f8b9ef4e-108d-4a30-b255-0407fc04529b/playlist.m3u8,playlist,surrit.com
https://missav123.com/en/fns-239,fns-239,https://surrit.com/9f73a091-b83d-4045-9c22-7a0dfebeaadf/720p/video.m3u8,720p,surrit.com
https://missav123.com/en/fns-239,fns-239,https://surrit.com/9f73a091-b83d-4045-9c22-7a0dfebeaadf/playlist.m3u8,playlist,surrit.com
https://missav123.com/en/fns-239-uncensored-leak,,https://surrit.com/ff4dd975-3be5-4210-9611-c7400f7e3d43/720p/video.m3u8,720p,surrit.com
https://missav123.com/en/fns-239-uncensored-leak,,https://surrit.com/ff4dd975-3be5-4210-9611-c7400f7e3d43/playlist.m3u8,playlist,surrit.com
https://missav123.com/en/fsdss-687-uncensored-leak,,https://surrit.com/ed2f60af-e8b6-4761-bba0-5a0e5863e2a3/1280x720/video.m3u8,720p,surrit.com
https://missav123.com/en/fsdss-687-uncensored-leak,,https://surrit.com/ed2f60af-e8b6-4761-bba0-5a0e5863e2a3/842x480/video.m3u8,480p,surrit.com
https://missav123.com/en/fsdss-687-uncensored-leak,,https://surrit.com/ed2f60af-e8b6-4761-bba0-5a0e5863e2a3/playlist.m3u8,playlist,surrit.com
https://missav123.com/en/fsdss-856-uncensored-leak,,https://surrit.com/2c4bd602-2cfe-4b6a-b76f-301cdf59e8b5/1080p/video.m3u8,1080p,surrit.com
https://missav123.com/en/fsdss-856-uncensored-leak,,https://surrit.com/2c4bd602-2cfe-4b6a-b76f-301cdf59e8b5/720p/video.m3u8,720p,surrit.com
https://missav123.com/en/fsdss-856-uncensored-leak,,https://surrit.com/2c4bd602-2cfe-4b6a-b76f-301cdf59e8b5/playlist.m3u8,playlist,surrit.com
https://missav123.com/en/fsfst-006-uncensored-leak,,https://surrit.com/f6c02224-b7f7-4d7e-a4cd-9a7ae7208641/720p/video.m3u8,720p,surrit.com
https://missav123.com/en/fsfst-006-uncensored-leak,,https://surrit.com/f6c02224-b7f7-4d7e-a4cd-9a7ae7208641/playlist.m3u8,720p,surrit.com
https://missav123.com/en/ftht-344-uncensored-leak,,https://surrit.com/2b22f777-2a7a-458d-93f7-5e8985def42a/720p/video.m3u8,720p,surrit.com
https://missav123.com/en/ftht-344-uncensored-leak,,https://surrit.com/2b22f777-2a7a-458d-93f7-5e8985def42a/playlist.m3u8,playlist,surrit.com
https://missav123.com/en/ftht-345-uncensored-leak,,https://surrit.com/fd95248c-2c11-4abb-96ab-3296eb6f046d/720p/video.m3u8,720p,surrit.com
https://missav123.com/en/ftht-345-uncensored-leak,,https://surrit.com/fd95248c-2c11-4abb-96ab-3296eb6f046d/playlist.m3u8,playlist,surrit.com
https://missav123.com/en/ftht-356-uncensored-leak,,https://surrit.com/e4bee8b1-a594-4eb0-aab1-e97e1d710367/720p/video.m3u8,720p,surrit.com
https://missav123.com/en/ftht-356-uncensored-leak,,https://surrit.com/e4bee8b1-a594-4eb0-aab1-e97e1d710367/playlist.m3u8,playlist,surrit.com
https://missav123.com/en/ftht-357-uncensored-leak,,https://surrit.com/9fb663cf-91db-40ff-b639-2e780eb679e8/720p/video.m3u8,720p,surrit.com
https://missav123.com/en/ftht-357-uncensored-leak,,https://surrit.com/9fb663cf-91db-40ff-b639-2e780eb679e8/playlist.m3u8,playlist,surrit.com
https://missav123.com/en/fthtd-206-uncensored-leak,,https://surrit.com/3c40b331-eeae-4885-a569-33e6e749a8a6/1080p/video.m3u8,1080p,surrit.com
https://missav123.com/en/fthtd-206-uncensored-leak,,https://surrit.com/3c40b331-eeae-4885-a569-33e6e749a8a6/720p/video.m3u8,720p,surrit.com
https://missav123.com/en/fthtd-206-uncensored-leak,,https://surrit.com/3c40b331-eeae-4885-a569-33e6e749a8a6/playlist.m3u8,playlist,surrit.com
https://missav123.com/en/fthtd-215-uncensored-leak,,https://surrit.com/edf1a72e-e8fd-4735-a435-35ea41174ea6/1080p/video.m3u8,1080p,surrit.com
https://missav123.com/en/fthtd-215-uncensored-leak,,https://surrit.com/edf1a72e-e8fd-4735-a435-35ea41174ea6/720p/video.m3u8,720p,surrit.com
https://missav123.com/en/fthtd-215-uncensored-leak,,https://surrit.com/edf1a72e-e8fd-4735-a435-35ea41174ea6/playlist.m3u8,playlist,surrit.com
https://missav123.com/en/fthtd-222-uncensored-leak,,https://surrit.com/a0dd6149-6714-463d-9c7d-cf3f23771edf/1080p/video.m3u8,1080p,surrit.com
https://missav123.com/en/fthtd-222-uncensored-leak,,https://surrit.com/a0dd6149-6714-463d-9c7d-cf3f23771edf/720p/video.m3u8,720p,surrit.com
https://missav123.com/en/fthtd-222-uncensored-leak,,https://surrit.com/a0dd6149-6714-463d-9c7d-cf3f23771edf/playlist.m3u8,playlist,surrit.com
https://missav123.com/en/fwtr-031,fwtr-031,https://surrit.com/9be95828-daa8-4ad5-8ba6-67efcee0cfd9/720p/video.m3u8,720p,surrit.com
https://missav123.com/en/fwtr-031,fwtr-031,https://surrit.com/9be95828-daa8-4ad5-8ba6-67efcee0cfd9/playlist.m3u8,playlist,surrit.com
https://missav123.com/en/gana-3420-uncensored-leak,,https://surrit.com/33521041-5ce4-4b21-91b5-4b988f8be82f/720p/video.m3u8,720p,surrit.com
https://missav123.com/en/gana-3420-uncensored-leak,,https://surrit.com/33521041-5ce4-4b21-91b5-4b988f8be82f/playlist.m3u8,playlist,surrit.com
https://missav123.com/en/gmem-153-uncensored-leak,,https://surrit.com/13838f77-4dc1-4120-87ce-d1f8455068c9/720p/video.m3u8,720p,surrit.com
https://missav123.com/en/gmem-153-uncensored-leak,,https://surrit.com/13838f77-4dc1-4120-87ce-d1f8455068c9/playlist.m3u8,playlist,surrit.com
https://missav123.com/en/gqn-013,gqn-013,https://surrit.com/ba0dbb6f-ac86-4b79-b1c4-db5ce3cc0642/720p/video.m3u8,720p,surrit.com
https://missav123.com/en/gqn-013,gqn-013,https://surrit.com/ba0dbb6f-ac86-4b79-b1c4-db5ce3cc0642/playlist.m3u8,playlist,surrit.com
https://missav123.com/en/gs-457-2,,https://surrit.com/ba45a780-74f7-49e0-a8c2-1865e8fa1834/720p/video.m3u8,720p,surrit.com
https://missav123.com/en/gs-457-2,,https://surrit.com/ba45a780-74f7-49e0-a8c2-1865e8fa1834/playlist.m3u8,playlist,surrit.com
https://missav123.com/en/gvh-861,gvh-861,https://surrit.com/8e312922-01cd-4ce3-a430-aaac02394295/720p/video.m3u8,720p,surrit.com
https://missav123.com/en/gvh-861,gvh-861,https://surrit.com/8e312922-01cd-4ce3-a430-aaac02394295/playlist.m3u8,playlist,surrit.com
https://missav123.com/en/gvh-862,gvh-862,https://surrit.com/c8397e79-313b-4f6e-90a8-0623eabda269/720p/video.m3u8,720p,surrit.com
https://missav123.com/en/gvh-862,gvh-862,https://surrit.com/c8397e79-313b-4f6e-90a8-0623eabda269/playlist.m3u8,playlist,surrit.com
https://missav123.com/en/gvh-863,gvh-863,https://surrit.com/3f683f70-d591-4bef-8573-66daef58b7f2/720p/video.m3u8,720p,surrit.com
https://missav123.com/en/gvh-863,gvh-863,https://surrit.com/3f683f70-d591-4bef-8573-66daef58b7f2/playlist.m3u8,playlist,surrit.com
https://missav123.com/en/gvh-865,gvh-865,https://surrit.com/e7ef1404-9137-4b17-acf4-e35f55525c6c/720p/video.m3u8,720p,surrit.com
https://missav123.com/en/gvh-865,gvh-865,https://surrit.com/e7ef1404-9137-4b17-acf4-e35f55525c6c/playlist.m3u8,playlist,surrit.com
https://missav123.com/en/gvh-866,gvh-866,https://surrit.com/84d9a4af-2e96-4284-97b4-11cae410cbda/720p/video.m3u8,720p,surrit.com
https://missav123.com/en/gvh-866,gvh-866,https://surrit.com/84d9a4af-2e96-4284-97b4-11cae410cbda/playlist.m3u8,playlist,surrit.com
https://missav123.com/en/gvh-867,gvh-867,https://surrit.com/530e8d14-d06b-4594-b415-2a786a80c627/720p/video.m3u8,720p,surrit.com
https://missav123.com/en/gvh-867,gvh-867,https://surrit.com/530e8d14-d06b-4594-b415-2a786a80c627/playlist.m3u8,playlist,surrit.com
https://missav123.com/en/hawa-383,hawa-383,https://surrit.com/9277f5c8-e3ff-4d06-800a-8e16af271374/720p/video.m3u8,720p,surrit.com
https://missav123.com/en/hawa-383,hawa-383,https://surrit.com/9277f5c8-e3ff-4d06-800a-8e16af271374/playlist.m3u8,playlist,surrit.com
https://missav123.com/en/hmn-697-english-subtitle,,https://surrit.com/846e36c9-f258-433e-b09d-c938a178ea6d/1080p/video.m3u8,1080p,surrit.com
https://missav123.com/en/hmn-697-english-subtitle,,https://surrit.com/846e36c9-f258-433e-b09d-c938a178ea6d/720p/video.m3u8,720p,surrit.com
https://missav123.com/en/hmn-697-english-subtitle,,https://surrit.com/846e36c9-f258-433e-b09d-c938a178ea6d/playlist.m3u8,playlist,surrit.com
https://missav123.com/en/hnhu-213,hnhu-213,https://surrit.com/697dd5e5-de25-4fb8-ba07-58cedd0ae856/1080p/video.m3u8,1080p,surrit.com
https://missav123.com/en/hnhu-213,hnhu-213,https://surrit.com/697dd5e5-de25-4fb8-ba07-58cedd0ae856/720p/video.m3u8,720p,surrit.com
https://missav123.com/en/hnhu-213,hnhu-213,https://surrit.com/697dd5e5-de25-4fb8-ba07-58cedd0ae856/playlist.m3u8,playlist,surrit.com
https://missav123.com/en/honb-494-uncensored-leak,,https://surrit.com/c913132e-516c-49e8-a454-175752503f45/720p/video.m3u8,720p,surrit.com
https://missav123.com/en/honb-494-uncensored-leak,,https://surrit.com/c913132e-516c-49e8-a454-175752503f45/playlist.m3u8,playlist,surrit.com
https://missav123.com/en/hsoda-060-uncensored-leak,,https://surrit.com/39d38d75-c119-4b35-8457-d919e49801ba/1080p/video.m3u8,1080p,surrit.com
https://missav123.com/en/hsoda-060-uncensored-leak,,https://surrit.com/39d38d75-c119-4b35-8457-d919e49801ba/720p/video.m3u8,720p,surrit.com
https://missav123.com/en/hsoda-060-uncensored-leak,,https://surrit.com/39d38d75-c119-4b35-8457-d919e49801ba/playlist.m3u8,playlist,surrit.com
https://missav123.com/en/hsoda-061-uncensored-leak,,https://surrit.com/4b3a5644-973b-4353-815d-10b702057919/1080p/video.m3u8,1080p,surrit.com
https://missav123.com/en/hsoda-061-uncensored-leak,,https://surrit.com/4b3a5644-973b-4353-815d-10b702057919/720p/video.m3u8,720p,surrit.com
https://missav123.com/en/hsoda-061-uncensored-leak,,https://surrit.com/4b3a5644-973b-4353-815d-10b702057919/playlist.m3u8,playlist,surrit.com
https://missav123.com/en/htms-119-english-subtitle,,https://surrit.com/733db06a-fb7d-4e66-b3f4-b6435f1f0f79/1080p/video.m3u8,1080p,surrit.com
https://missav123.com/en/htms-119-english-subtitle,,https://surrit.com/733db06a-fb7d-4e66-b3f4-b6435f1f0f79/720p/video.m3u8,720p,surrit.com
https://missav123.com/en/htms-119-english-subtitle,,https://surrit.com/733db06a-fb7d-4e66-b3f4-b6435f1f0f79/playlist.m3u8,playlist,surrit.com
https://missav123.com/en/huntc-278-uncensored-leak,,https://surrit.com/8fa6035f-4a57-4b42-9fd0-ac4c2adcec57/1080p/video.m3u8,1080p,surrit.com
https://missav123.com/en/huntc-278-uncensored-leak,,https://surrit.com/8fa6035f-4a57-4b42-9fd0-ac4c2adcec57/720p/video.m3u8,720p,surrit.com
https://missav123.com/en/huntc-278-uncensored-leak,,https://surrit.com/8fa6035f-4a57-4b42-9fd0-ac4c2adcec57/playlist.m3u8,playlist,surrit.com
https://missav123.com/en/ian-046,ian-046,https://surrit.com/54836e81-8890-4a0e-870e-3bd8858e71cd/720p/video.m3u8,720p,surrit.com
https://missav123.com/en/ian-046,ian-046,https://surrit.com/54836e81-8890-4a0e-870e-3bd8858e71cd/playlist.m3u8,playlist,surrit.com
https://missav123.com/en/jimmy-005,jimmy-005,https://surrit.com/06a1af87-e1f4-4e3b-ae08-9fd6e3d6ba05/720p/video.m3u8,720p,surrit.com
https://missav123.com/en/jimmy-005,jimmy-005,https://surrit.com/06a1af87-e1f4-4e3b-ae08-9fd6e3d6ba05/playlist.m3u8,playlist,surrit.com
https://missav123.com/en/jjee-006-english-subtitle,,https://surrit.com/ecf55294-29a7-41ca-bd7d-3ef778e85d53/1080p/video.m3u8,1080p,surrit.com
https://missav123.com/en/jjee-006-english-subtitle,,https://surrit.com/ecf55294-29a7-41ca-bd7d-3ef778e85d53/720p/video.m3u8,720p,surrit.com
https://missav123.com/en/jjee-006-english-subtitle,,https://surrit.com/ecf55294-29a7-41ca-bd7d-3ef778e85d53/playlist.m3u8,playlist,surrit.com
https://missav123.com/en/jkw-028,jkw-028,https://surrit.com/724b6209-d5d4-4247-a5ce-e43755257aeb/720p/video.m3u8,720p,surrit.com
https://missav123.com/en/jkw-028,jkw-028,https://surrit.com/724b6209-d5d4-4247-a5ce-e43755257aeb/playlist.m3u8,playlist,surrit.com
https://missav123.com/en/jul-211-uncensored-leak,,https://surrit.com/722b4fe7-2b03-4a73-b7aa-2d6d360274ff/1080p/video.m3u8,1080p,surrit.com
https://missav123.com/en/jul-211-uncensored-leak,,https://surrit.com/722b4fe7-2b03-4a73-b7aa-2d6d360274ff/720p/video.m3u8,720p,surrit.com
https://missav123.com/en/jul-211-uncensored-leak,,https://surrit.com/722b4fe7-2b03-4a73-b7aa-2d6d360274ff/playlist.m3u8,playlist,surrit.com
https://missav123.com/en/jul-273-uncensored-leak,,https://surrit.com/9094d644-f030-4695-97ce-988723d2219c/1080p/video.m3u8,1080p,surrit.com
https://missav123.com/en/jul-273-uncensored-leak,,https://surrit.com/9094d644-f030-4695-97ce-988723d2219c/720p/video.m3u8,720p,surrit.com
https://missav123.com/en/jul-273-uncensored-leak,,https://surrit.com/9094d644-f030-4695-97ce-988723d2219c/playlist.m3u8,playlist,surrit.com
https://missav123.com/en/jur-161-uncensored-leak,,https://surrit.com/112eb181-2336-4f61-9613-85651f328211/1080p/video.m3u8,1080p,surrit.com
https://missav123.com/en/jur-161-uncensored-leak,,https://surrit.com/112eb181-2336-4f61-9613-85651f328211/720p/video.m3u8,720p,surrit.com
https://missav123.com/en/jur-161-uncensored-leak,,https://surrit.com/112eb181-2336-4f61-9613-85651f328211/playlist.m3u8,playlist,surrit.com
https://missav123.com/en/jur-186-uncensored-leak,,https://surrit.com/5072e85a-8a72-454f-80f0-cb2f7b813557/720p/video.m3u8,720p,surrit.com
https://missav123.com/en/jur-186-uncensored-leak,,https://surrit.com/5072e85a-8a72-454f-80f0-cb2f7b813557/playlist.m3u8,playlist,surrit.com
https://missav123.com/en/jur-502-english-subtitle,,https://surrit.com/b096c3f8-c866-4238-b3e1-000c0574f285/1080p/video.m3u8,1080p,surrit.com
https://missav123.com/en/jur-502-english-subtitle,,https://surrit.com/b096c3f8-c866-4238-b3e1-000c0574f285/720p/video.m3u8,720p,surrit.com
https://missav123.com/en/jur-502-english-subtitle,,https://surrit.com/b096c3f8-c866-4238-b3e1-000c0574f285/playlist.m3u8,playlist,surrit.com
https://missav123.com/en/jur-805,jur-805,https://surrit.com/f896ef45-acc8-4283-a2c9-457a535bc242/720p/video.m3u8,720p,surrit.com
https://missav123.com/en/jur-805,jur-805,https://surrit.com/f896ef45-acc8-4283-a2c9-457a535bc242/playlist.m3u8,playlist,surrit.com
https://missav123.com/en/jur-807,jur-807,https://surrit.com/a616e1e2-9df0-4909-916a-dccebf74a035/720p/video.m3u8,720p,surrit.com
https://missav123.com/en/jur-807,jur-807,https://surrit.com/a616e1e2-9df0-4909-916a-dccebf74a035/playlist.m3u8,playlist,surrit.com
https://missav123.com/en/jur-809,jur-809,https://surrit.com/3933daf2-db98-4009-b0e6-2f4b25d25987/720p/video.m3u8,720p,surrit.com
https://missav123.com/en/jur-809,jur-809,https://surrit.com/3933daf2-db98-4009-b0e6-2f4b25d25987/playlist.m3u8,playlist,surrit.com
https://missav123.com/en/jur-812,jur-812,https://surrit.com/00595e55-0c3a-4dec-90f1-593e32ae07b6/720p/video.m3u8,720p,surrit.com
https://missav123.com/en/jur-812,jur-812,https://surrit.com/00595e55-0c3a-4dec-90f1-593e32ae07b6/playlist.m3u8,playlist,surrit.com
https://missav123.com/en/jur-813,jur-813,https://surrit.com/19212112-a5e9-4ee4-90f6-da4c8ab08d7d/720p/video.m3u8,720p,surrit.com
https://missav123.com/en/jur-813,jur-813,https://surrit.com/19212112-a5e9-4ee4-90f6-da4c8ab08d7d/playlist.m3u8,playlist,surrit.com
https://missav123.com/en/jur-816,jur-816,https://surrit.com/bc7a9c7b-640c-40e5-bbd0-152127e82be5/480p/video.m3u8,480p,surrit.com
https://missav123.com/en/jur-816,jur-816,https://surrit.com/bc7a9c7b-640c-40e5-bbd0-152127e82be5/playlist.m3u8,playlist,surrit.com
https://missav123.com/en/juta-165-english-subtitle,,https://surrit.com/9c0ab6e5-5fdb-4953-b9c0-fa40c6cdd822/1080p/video.m3u8,1080p,surrit.com
https://missav123.com/en/juta-165-english-subtitle,,https://surrit.com/9c0ab6e5-5fdb-4953-b9c0-fa40c6cdd822/720p/video.m3u8,720p,surrit.com
https://missav123.com/en/juta-165-english-subtitle,,https://surrit.com/9c0ab6e5-5fdb-4953-b9c0-fa40c6cdd822/playlist.m3u8,playlist,surrit.com
https://missav123.com/en/kimr-006,kimr-006,https://surrit.com/7f7b6a90-502d-4551-a5f3-ae1219a60962/720p/video.m3u8,720p,surrit.com
https://missav123.com/en/kimr-006,kimr-006,https://surrit.com/7f7b6a90-502d-4551-a5f3-ae1219a60962/playlist.m3u8,playlist,surrit.com
https://missav123.com/en/ktb-120,ktb-120,https://surrit.com/1bbe2d23-4f18-408f-8ae6-689773d06f83/720p/video.m3u8,720p,surrit.com
https://missav123.com/en/ktb-120,ktb-120,https://surrit.com/1bbe2d23-4f18-408f-8ae6-689773d06f83/playlist.m3u8,playlist,surrit.com
https://missav123.com/en/luxu-966-uncensored-leak,,https://surrit.com/bde692b5-1a38-41e4-985f-03feec5a8c08/1080p/video.m3u8,1080p,surrit.com
https://missav123.com/en/luxu-966-uncensored-leak,,https://surrit.com/bde692b5-1a38-41e4-985f-03feec5a8c08/720p/video.m3u8,720p,surrit.com
https://missav123.com/en/luxu-966-uncensored-leak,,https://surrit.com/bde692b5-1a38-41e4-985f-03feec5a8c08/playlist.m3u8,playlist,surrit.com
https://missav123.com/en/maan-1186,maan-1186,https://surrit.com/4097f69d-20db-4301-8710-2e0a5271a1a6/1080p/video.m3u8,1080p,surrit.com
https://missav123.com/en/maan-1186,maan-1186,https://surrit.com/4097f69d-20db-4301-8710-2e0a5271a1a6/720p/video.m3u8,720p,surrit.com
https://missav123.com/en/maan-1186,maan-1186,https://surrit.com/4097f69d-20db-4301-8710-2e0a5271a1a6/playlist.m3u8,playlist,surrit.com
https://missav123.com/en/madv-638-uncensored-leak,,https://surrit.com/fe959b1d-ec3e-401d-9824-150724ed2d4e/720p/video.m3u8,720p,surrit.com
https://missav123.com/en/madv-638-uncensored-leak,,https://surrit.com/fe959b1d-ec3e-401d-9824-150724ed2d4e/playlist.m3u8,playlist,surrit.com
https://missav123.com/en/madv-639-uncensored-leak,,https://surrit.com/63e0c8e1-6277-42e5-8d76-85ce41c2a738/720p/video.m3u8,720p,surrit.com
https://missav123.com/en/madv-639-uncensored-leak,,https://surrit.com/63e0c8e1-6277-42e5-8d76-85ce41c2a738/playlist.m3u8,playlist,surrit.com
https://missav123.com/en/meyd-378-uncensored-leak,,https://surrit.com/df265b87-d3ad-42fe-8ce5-905144e1c8ac/1080p/video.m3u8,1080p,surrit.com
https://missav123.com/en/meyd-378-uncensored-leak,,https://surrit.com/df265b87-d3ad-42fe-8ce5-905144e1c8ac/720p/video.m3u8,720p,surrit.com
https://missav123.com/en/meyd-378-uncensored-leak,,https://surrit.com/df265b87-d3ad-42fe-8ce5-905144e1c8ac/playlist.m3u8,playlist,surrit.com
https://missav123.com/en/mfyd-003-english-subtitle,,https://surrit.com/9e21eb6d-8c85-43e3-8fae-2b5cdb7be491/1080p/video.m3u8,1080p,surrit.com
https://missav123.com/en/mfyd-003-english-subtitle,,https://surrit.com/9e21eb6d-8c85-43e3-8fae-2b5cdb7be491/720p/video.m3u8,720p,surrit.com
https://missav123.com/en/mfyd-003-english-subtitle,,https://surrit.com/9e21eb6d-8c85-43e3-8fae-2b5cdb7be491/playlist.m3u8,playlist,surrit.com
https://missav123.com/en/mgold-054,mgold-054,https://surrit.com/15bf860d-1cde-4b41-948c-83b4758045c0/1080p/video.m3u8,1080p,surrit.com
https://missav123.com/en/mgold-054,mgold-054,https://surrit.com/15bf860d-1cde-4b41-948c-83b4758045c0/720p/video.m3u8,720p,surrit.com
https://missav123.com/en/mgold-054,mgold-054,https://surrit.com/15bf860d-1cde-4b41-948c-83b4758045c0/playlist.m3u8,playlist,surrit.com
https://missav123.com/en/miab-428-english-subtitle,,https://surrit.com/2944e1b6-eb0d-4c6d-88d5-5864a3422b45/720p/video.m3u8,720p,surrit.com
https://missav123.com/en/miab-428-english-subtitle,,https://surrit.com/2944e1b6-eb0d-4c6d-88d5-5864a3422b45/playlist.m3u8,playlist,surrit.com
https://missav123.com/en/miab-433-english-subtitle,,https://surrit.com/36e3b730-6ead-4b21-8941-760a5a9fc20a/1080p/video.m3u8,1080p,surrit.com
https://missav123.com/en/miab-433-english-subtitle,,https://surrit.com/36e3b730-6ead-4b21-8941-760a5a9fc20a/720p/video.m3u8,720p,surrit.com
https://missav123.com/en/miab-433-english-subtitle,,https://surrit.com/36e3b730-6ead-4b21-8941-760a5a9fc20a/playlist.m3u8,playlist,surrit.com
https://missav123.com/en/miab-472-english-subtitle,,https://surrit.com/42af7388-1324-46ba-be0c-fc21fbba5b7f/720p/video.m3u8,720p,surrit.com
https://missav123.com/en/miab-472-english-subtitle,,https://surrit.com/42af7388-1324-46ba-be0c-fc21fbba5b7f/playlist.m3u8,playlist,surrit.com
https://missav123.com/en/mida-720,mida-720,https://surrit.com/da2c3f03-c86a-4ca2-9dcc-733e02263457/1080p/video.m3u8,1080p,surrit.com
https://missav123.com/en/mida-720,mida-720,https://surrit.com/da2c3f03-c86a-4ca2-9dcc-733e02263457/720p/video.m3u8,720p,surrit.com
https://missav123.com/en/mida-720,mida-720,https://surrit.com/da2c3f03-c86a-4ca2-9dcc-733e02263457/playlist.m3u8,playlist,surrit.com
https://missav123.com/en/mida-723-uncensored-leak,,https://surrit.com/ee7a95b4-d987-42d4-b5f3-f6cd12793ad1/1080p/video.m3u8,1080p,surrit.com
https://missav123.com/en/mida-723-uncensored-leak,,https://surrit.com/ee7a95b4-d987-42d4-b5f3-f6cd12793ad1/720p/video.m3u8,720p,surrit.com
https://missav123.com/en/mida-723-uncensored-leak,,https://surrit.com/ee7a95b4-d987-42d4-b5f3-f6cd12793ad1/playlist.m3u8,playlist,surrit.com
https://missav123.com/en/mida-727,mida-727,https://surrit.com/b9733c4c-be82-4ba8-9cbe-47d578f35b7f/1080p/video.m3u8,1080p,surrit.com
https://missav123.com/en/mida-727,mida-727,https://surrit.com/b9733c4c-be82-4ba8-9cbe-47d578f35b7f/720p/video.m3u8,720p,surrit.com
https://missav123.com/en/mida-727,mida-727,https://surrit.com/b9733c4c-be82-4ba8-9cbe-47d578f35b7f/playlist.m3u8,playlist,surrit.com
https://missav123.com/en/mida-728,mida-728,https://surrit.com/e5959cff-0208-44be-a5fe-7b85c6cdc34f/1080p/video.m3u8,1080p,surrit.com
https://missav123.com/en/mida-728,mida-728,https://surrit.com/e5959cff-0208-44be-a5fe-7b85c6cdc34f/720p/video.m3u8,720p,surrit.com
https://missav123.com/en/mida-728,mida-728,https://surrit.com/e5959cff-0208-44be-a5fe-7b85c6cdc34f/playlist.m3u8,playlist,surrit.com
https://missav123.com/en/mida-729,mida-729,https://surrit.com/795ebd81-73f7-4265-8d14-080153cdd9ce/1080p/video.m3u8,1080p,surrit.com
https://missav123.com/en/mida-729,mida-729,https://surrit.com/795ebd81-73f7-4265-8d14-080153cdd9ce/720p/video.m3u8,720p,surrit.com
https://missav123.com/en/mida-729,mida-729,https://surrit.com/795ebd81-73f7-4265-8d14-080153cdd9ce/playlist.m3u8,playlist,surrit.com
https://missav123.com/en/mida-729-uncensored-leak,,https://surrit.com/b3511710-ab84-4dd6-bed0-d5f32ad3583d/1080p/video.m3u8,1080p,surrit.com
https://missav123.com/en/mida-729-uncensored-leak,,https://surrit.com/b3511710-ab84-4dd6-bed0-d5f32ad3583d/720p/video.m3u8,720p,surrit.com
https://missav123.com/en/mida-729-uncensored-leak,,https://surrit.com/b3511710-ab84-4dd6-bed0-d5f32ad3583d/playlist.m3u8,playlist,surrit.com
https://missav123.com/en/mida-730-uncensored-leak,,https://surrit.com/2fc6a397-a76f-4b65-a84f-0aabd2426c23/1080p/video.m3u8,1080p,surrit.com
https://missav123.com/en/mida-730-uncensored-leak,,https://surrit.com/2fc6a397-a76f-4b65-a84f-0aabd2426c23/720p/video.m3u8,720p,surrit.com
https://missav123.com/en/mida-730-uncensored-leak,,https://surrit.com/2fc6a397-a76f-4b65-a84f-0aabd2426c23/playlist.m3u8,playlist,surrit.com
https://missav123.com/en/mida-734,mida-734,https://surrit.com/70052350-b11f-4125-8cf5-d82af50476c8/1080p/video.m3u8,1080p,surrit.com
https://missav123.com/en/mida-734,mida-734,https://surrit.com/70052350-b11f-4125-8cf5-d82af50476c8/720p/video.m3u8,720p,surrit.com
https://missav123.com/en/mida-734,mida-734,https://surrit.com/70052350-b11f-4125-8cf5-d82af50476c8/playlist.m3u8,playlist,surrit.com
https://missav123.com/en/mida-735,mida-735,https://surrit.com/dfc37ca4-7db4-4e3b-a564-3ccefec34ec9/1080p/video.m3u8,1080p,surrit.com
https://missav123.com/en/mida-735,mida-735,https://surrit.com/dfc37ca4-7db4-4e3b-a564-3ccefec34ec9/720p/video.m3u8,720p,surrit.com
https://missav123.com/en/mida-735,mida-735,https://surrit.com/dfc37ca4-7db4-4e3b-a564-3ccefec34ec9/playlist.m3u8,playlist,surrit.com
https://missav123.com/en/mida-739,mida-739,https://surrit.com/cc7226b1-3fd4-4976-a293-3b7af3464a56/1080p/video.m3u8,1080p,surrit.com
https://missav123.com/en/mida-739,mida-739,https://surrit.com/cc7226b1-3fd4-4976-a293-3b7af3464a56/720p/video.m3u8,720p,surrit.com
https://missav123.com/en/mida-739,mida-739,https://surrit.com/cc7226b1-3fd4-4976-a293-3b7af3464a56/playlist.m3u8,playlist,surrit.com
https://missav123.com/en/mida-739-uncensored-leak,,https://surrit.com/a30ccce6-ba86-45df-b299-70f6db3d72cc/1080p/video.m3u8,1080p,surrit.com
https://missav123.com/en/mida-739-uncensored-leak,,https://surrit.com/a30ccce6-ba86-45df-b299-70f6db3d72cc/720p/video.m3u8,720p,surrit.com
https://missav123.com/en/mida-739-uncensored-leak,,https://surrit.com/a30ccce6-ba86-45df-b299-70f6db3d72cc/playlist.m3u8,playlist,surrit.com
https://missav123.com/en/mida-740-uncensored-leak,,https://surrit.com/76caf349-9029-419a-aea8-137dac9c746a/1080p/video.m3u8,1080p,surrit.com
https://missav123.com/en/mida-740-uncensored-leak,,https://surrit.com/76caf349-9029-419a-aea8-137dac9c746a/720p/video.m3u8,720p,surrit.com
https://missav123.com/en/mida-740-uncensored-leak,,https://surrit.com/76caf349-9029-419a-aea8-137dac9c746a/playlist.m3u8,playlist,surrit.com
https://missav123.com/en/mida-762,mida-762,https://surrit.com/ad66c274-9908-4577-9345-591a9385945a/1080p/video.m3u8,1080p,surrit.com
https://missav123.com/en/mida-762,mida-762,https://surrit.com/ad66c274-9908-4577-9345-591a9385945a/720p/video.m3u8,720p,surrit.com
https://missav123.com/en/mida-762,mida-762,https://surrit.com/ad66c274-9908-4577-9345-591a9385945a/playlist.m3u8,playlist,surrit.com
https://missav123.com/en/mida-762-uncensored-leak,,https://surrit.com/4cf4e624-139e-4b81-b069-c38ce52788df/1080p/video.m3u8,1080p,surrit.com
https://missav123.com/en/mida-762-uncensored-leak,,https://surrit.com/4cf4e624-139e-4b81-b069-c38ce52788df/720p/video.m3u8,720p,surrit.com
https://missav123.com/en/mida-762-uncensored-leak,,https://surrit.com/4cf4e624-139e-4b81-b069-c38ce52788df/playlist.m3u8,playlist,surrit.com
https://missav123.com/en/mium-1349-uncensored-leak,,https://surrit.com/b5f7367f-76c1-4340-845b-674d1b5852f7/720p/video.m3u8,720p,surrit.com
https://missav123.com/en/mium-1349-uncensored-leak,,https://surrit.com/b5f7367f-76c1-4340-845b-674d1b5852f7/playlist.m3u8,playlist,surrit.com
https://missav123.com/en/mium-1416,mium-1416,https://surrit.com/9ade3ae1-45c5-4772-b392-f09f72b2b9a9/720p/video.m3u8,720p,surrit.com
https://missav123.com/en/mium-1416,mium-1416,https://surrit.com/9ade3ae1-45c5-4772-b392-f09f72b2b9a9/playlist.m3u8,playlist,surrit.com
https://missav123.com/en/mrxd-047-uncensored-leak,,https://surrit.com/aee708c3-269d-4c82-8963-49eccfd92150/1080p/video.m3u8,1080p,surrit.com
https://missav123.com/en/mrxd-047-uncensored-leak,,https://surrit.com/aee708c3-269d-4c82-8963-49eccfd92150/720p/video.m3u8,720p,surrit.com
https://missav123.com/en/mrxd-047-uncensored-leak,,https://surrit.com/aee708c3-269d-4c82-8963-49eccfd92150/playlist.m3u8,playlist,surrit.com
https://missav123.com/en/mvg-168,mvg-168,https://surrit.com/cdb9a2af-1f40-49e7-886b-42921fc46af1/720p/video.m3u8,720p,surrit.com
https://missav123.com/en/mvg-168,mvg-168,https://surrit.com/cdb9a2af-1f40-49e7-886b-42921fc46af1/playlist.m3u8,playlist,surrit.com
https://missav123.com/en/mvg-169,mvg-169,https://surrit.com/c7ca092e-1f14-4e31-838f-b2f399e5c1de/720p/video.m3u8,720p,surrit.com
https://missav123.com/en/mvg-169,mvg-169,https://surrit.com/c7ca092e-1f14-4e31-838f-b2f399e5c1de/playlist.m3u8,playlist,surrit.com
https://missav123.com/en/nima-084-uncensored-leak,,https://surrit.com/f04287a6-1145-4c0b-88e3-c16f5ac8f657/1080p/video.m3u8,1080p,surrit.com
https://missav123.com/en/nima-084-uncensored-leak,,https://surrit.com/f04287a6-1145-4c0b-88e3-c16f5ac8f657/720p/video.m3u8,720p,surrit.com
https://missav123.com/en/nima-084-uncensored-leak,,https://surrit.com/f04287a6-1145-4c0b-88e3-c16f5ac8f657/playlist.m3u8,playlist,surrit.com
https://missav123.com/en/npjs-271,npjs-271,https://surrit.com/8fafe5b2-e650-44fa-b780-66d972afd61c/720p/video.m3u8,720p,surrit.com
https://missav123.com/en/npjs-271,npjs-271,https://surrit.com/8fafe5b2-e650-44fa-b780-66d972afd61c/playlist.m3u8,playlist,surrit.com
https://missav123.com/en/nsfs-497-uncensored-leak,,https://surrit.com/7352a2be-7072-46b4-81c5-3e32d9be362d/720p/video.m3u8,720p,surrit.com
https://missav123.com/en/nsfs-497-uncensored-leak,,https://surrit.com/7352a2be-7072-46b4-81c5-3e32d9be362d/playlist.m3u8,playlist,surrit.com
https://missav123.com/en/nvh-083,nvh-083,https://surrit.com/4019553e-67ea-41cd-9e70-a6ca6224ad65/720p/video.m3u8,720p,surrit.com
https://missav123.com/en/nvh-083,nvh-083,https://surrit.com/4019553e-67ea-41cd-9e70-a6ca6224ad65/playlist.m3u8,playlist,surrit.com
https://missav123.com/en/pbd-521,pbd-521,https://surrit.com/e0f21001-bb43-4f26-88c7-cf36a395c5be/720p/video.m3u8,720p,surrit.com
https://missav123.com/en/pbd-521,pbd-521,https://surrit.com/e0f21001-bb43-4f26-88c7-cf36a395c5be/playlist.m3u8,playlist,surrit.com
https://missav123.com/en/pred-870-uncensored-leak,,https://surrit.com/dbc212fa-dd95-4576-aaf0-9785665214a9/1080p/video.m3u8,1080p,surrit.com
https://missav123.com/en/pred-870-uncensored-leak,,https://surrit.com/dbc212fa-dd95-4576-aaf0-9785665214a9/720p/video.m3u8,720p,surrit.com
https://missav123.com/en/pred-870-uncensored-leak,,https://surrit.com/dbc212fa-dd95-4576-aaf0-9785665214a9/playlist.m3u8,playlist,surrit.com
https://missav123.com/en/pred-878,pred-878,https://surrit.com/8a4701e6-cf95-4461-a7e4-d0d4fe4ce34b/720p/video.m3u8,720p,surrit.com
https://missav123.com/en/pred-878,pred-878,https://surrit.com/8a4701e6-cf95-4461-a7e4-d0d4fe4ce34b/playlist.m3u8,playlist,surrit.com
https://missav123.com/en/pred-878-uncensored-leak,,https://surrit.com/235d66f3-6379-4538-92ed-00e4f1eeeb3f/1080p/video.m3u8,1080p,surrit.com
https://missav123.com/en/pred-878-uncensored-leak,,https://surrit.com/235d66f3-6379-4538-92ed-00e4f1eeeb3f/720p/video.m3u8,720p,surrit.com
https://missav123.com/en/pred-878-uncensored-leak,,https://surrit.com/235d66f3-6379-4538-92ed-00e4f1eeeb3f/playlist.m3u8,playlist,surrit.com
https://missav123.com/en/pred-879,pred-879,https://surrit.com/f5e7c7db-fe11-4aea-a2a7-688e6c7814ac/720p/video.m3u8,720p,surrit.com
https://missav123.com/en/pred-879,pred-879,https://surrit.com/f5e7c7db-fe11-4aea-a2a7-688e6c7814ac/playlist.m3u8,playlist,surrit.com
https://missav123.com/en/pred-879-uncensored-leak,,https://surrit.com/5c6868ec-a1f7-4673-9253-66f011e772ba/1080p/video.m3u8,1080p,surrit.com
https://missav123.com/en/pred-879-uncensored-leak,,https://surrit.com/5c6868ec-a1f7-4673-9253-66f011e772ba/720p/video.m3u8,720p,surrit.com
https://missav123.com/en/pred-879-uncensored-leak,,https://surrit.com/5c6868ec-a1f7-4673-9253-66f011e772ba/playlist.m3u8,playlist,surrit.com
https://missav123.com/en/pred-880,pred-880,https://surrit.com/028fd91c-80cc-4b30-a8dd-7c3aa3dab760/1080p/video.m3u8,1080p,surrit.com
https://missav123.com/en/pred-880,pred-880,https://surrit.com/028fd91c-80cc-4b30-a8dd-7c3aa3dab760/720p/video.m3u8,720p,surrit.com
https://missav123.com/en/pred-880,pred-880,https://surrit.com/028fd91c-80cc-4b30-a8dd-7c3aa3dab760/playlist.m3u8,playlist,surrit.com
https://missav123.com/en/pred-886,pred-886,https://surrit.com/ea2634cb-abe6-48b9-904d-377acbec1773/720p/video.m3u8,720p,surrit.com
https://missav123.com/en/pred-886,pred-886,https://surrit.com/ea2634cb-abe6-48b9-904d-377acbec1773/playlist.m3u8,playlist,surrit.com
https://missav123.com/en/pred-886-uncensored-leak,,https://surrit.com/754de693-53c7-41ac-8dbd-7df38e1f717d/1080p/video.m3u8,1080p,surrit.com
https://missav123.com/en/pred-886-uncensored-leak,,https://surrit.com/754de693-53c7-41ac-8dbd-7df38e1f717d/720p/video.m3u8,720p,surrit.com
https://missav123.com/en/pred-886-uncensored-leak,,https://surrit.com/754de693-53c7-41ac-8dbd-7df38e1f717d/playlist.m3u8,playlist,surrit.com
https://missav123.com/en/prwf-014,prwf-014,https://surrit.com/bf60db6d-9957-45e4-85fe-d05e263f2d10/720p/video.m3u8,720p,surrit.com
https://missav123.com/en/prwf-014,prwf-014,https://surrit.com/bf60db6d-9957-45e4-85fe-d05e263f2d10/playlist.m3u8,playlist,surrit.com
https://missav123.com/en/prwf-014-uncensored-leak,,https://surrit.com/edfe578e-bef5-44ba-90cd-4e1fd4b06d81/1080p/video.m3u8,1080p,surrit.com
https://missav123.com/en/prwf-014-uncensored-leak,,https://surrit.com/edfe578e-bef5-44ba-90cd-4e1fd4b06d81/720p/video.m3u8,720p,surrit.com
https://missav123.com/en/prwf-014-uncensored-leak,,https://surrit.com/edfe578e-bef5-44ba-90cd-4e1fd4b06d81/playlist.m3u8,playlist,surrit.com
https://missav123.com/en/rbk-128,rbk-128,https://surrit.com/6f3bb888-85b1-4b47-9ad5-4e0b774fc9c3/720p/video.m3u8,720p,surrit.com
https://missav123.com/en/rbk-128,rbk-128,https://surrit.com/6f3bb888-85b1-4b47-9ad5-4e0b774fc9c3/playlist.m3u8,playlist,surrit.com
https://missav123.com/en/rebdb-1037,rebdb-1037,https://surrit.com/92917e26-afac-4454-9d0f-fe7f1d49c583/720p/video.m3u8,720p,surrit.com
https://missav123.com/en/rebdb-1037,rebdb-1037,https://surrit.com/92917e26-afac-4454-9d0f-fe7f1d49c583/playlist.m3u8,playlist,surrit.com
https://missav123.com/en/rki-704-uncensored-leak,,https://surrit.com/2d0506ea-414c-4a3f-a05a-81c9f6213c68/1080p/video.m3u8,1080p,surrit.com
https://missav123.com/en/rki-704-uncensored-leak,,https://surrit.com/2d0506ea-414c-4a3f-a05a-81c9f6213c68/720p/video.m3u8,720p,surrit.com
https://missav123.com/en/rki-704-uncensored-leak,,https://surrit.com/2d0506ea-414c-4a3f-a05a-81c9f6213c68/playlist.m3u8,playlist,surrit.com
https://missav123.com/en/rlmp-001-uncensored-leak,,https://surrit.com/f510cc09-c9bb-452a-846a-0b17cd3b4940/1080p/video.m3u8,1080p,surrit.com
https://missav123.com/en/rlmp-001-uncensored-leak,,https://surrit.com/f510cc09-c9bb-452a-846a-0b17cd3b4940/720p/video.m3u8,720p,surrit.com
https://missav123.com/en/rlmp-001-uncensored-leak,,https://surrit.com/f510cc09-c9bb-452a-846a-0b17cd3b4940/playlist.m3u8,playlist,surrit.com
https://missav123.com/en/roe-356-english-subtitle,,https://surrit.com/c09dfa46-3afb-4c71-860f-d1994fed119c/1080p/video.m3u8,1080p,surrit.com
https://missav123.com/en/roe-356-english-subtitle,,https://surrit.com/c09dfa46-3afb-4c71-860f-d1994fed119c/720p/video.m3u8,720p,surrit.com
https://missav123.com/en/roe-356-english-subtitle,,https://surrit.com/c09dfa46-3afb-4c71-860f-d1994fed119c/playlist.m3u8,playlist,surrit.com
https://missav123.com/en/roe-450-english-subtitle,,https://surrit.com/dd9eced1-08b9-40e1-a32f-dea1bf6f1e3c/1080p/video.m3u8,1080p,surrit.com
https://missav123.com/en/roe-450-english-subtitle,,https://surrit.com/dd9eced1-08b9-40e1-a32f-dea1bf6f1e3c/720p/video.m3u8,720p,surrit.com
https://missav123.com/en/roe-450-english-subtitle,,https://surrit.com/dd9eced1-08b9-40e1-a32f-dea1bf6f1e3c/playlist.m3u8,playlist,surrit.com
https://missav123.com/en/roe-459-english-subtitle,,https://surrit.com/9bf9d376-d1d5-4626-a4e9-ce5b90d86dea/480p/video.m3u8,480p,surrit.com
https://missav123.com/en/roe-459-english-subtitle,,https://surrit.com/9bf9d376-d1d5-4626-a4e9-ce5b90d86dea/playlist.m3u8,playlist,surrit.com
https://missav123.com/en/roe-468-english-subtitle,,https://surrit.com/770baa4a-bb99-437a-877e-49a29b3e9b14/480p/video.m3u8,480p,surrit.com
https://missav123.com/en/roe-468-english-subtitle,,https://surrit.com/770baa4a-bb99-437a-877e-49a29b3e9b14/playlist.m3u8,playlist,surrit.com
https://missav123.com/en/roe-519,roe-519,https://surrit.com/796a37f2-5da3-401a-bda3-df5a5ff51f07/720p/video.m3u8,720p,surrit.com
https://missav123.com/en/roe-519,roe-519,https://surrit.com/796a37f2-5da3-401a-bda3-df5a5ff51f07/playlist.m3u8,playlist,surrit.com
https://missav123.com/en/roe-525,roe-525,https://surrit.com/48a8f50f-9164-43ad-a53a-afacea3532ab/720p/video.m3u8,720p,surrit.com
https://missav123.com/en/roe-525,roe-525,https://surrit.com/48a8f50f-9164-43ad-a53a-afacea3532ab/playlist.m3u8,playlist,surrit.com
https://missav123.com/en/roe-527,roe-527,https://surrit.com/f4e0db28-4b2f-4f77-a75e-792bd352f7a9/720p/video.m3u8,720p,surrit.com
https://missav123.com/en/roe-527,roe-527,https://surrit.com/f4e0db28-4b2f-4f77-a75e-792bd352f7a9/playlist.m3u8,playlist,surrit.com
https://missav123.com/en/roe-528,roe-528,https://surrit.com/3c21d427-32b4-43fc-9a57-8544c1705d62/720p/video.m3u8,720p,surrit.com
https://missav123.com/en/roe-528,roe-528,https://surrit.com/3c21d427-32b4-43fc-9a57-8544c1705d62/playlist.m3u8,playlist,surrit.com
https://missav123.com/en/royd-224-uncensored-leak,,https://surrit.com/a32bee3f-f8d3-4ba5-b4b5-2a7d8e7c1137/1080p/video.m3u8,1080p,surrit.com
https://missav123.com/en/royd-224-uncensored-leak,,https://surrit.com/a32bee3f-f8d3-4ba5-b4b5-2a7d8e7c1137/720p/video.m3u8,720p,surrit.com
https://missav123.com/en/royd-224-uncensored-leak,,https://surrit.com/a32bee3f-f8d3-4ba5-b4b5-2a7d8e7c1137/playlist.m3u8,playlist,surrit.com
https://missav123.com/en/same-238,same-238,https://surrit.com/d66f6e97-6dd2-40fa-b980-3d99cc69e08a/720p/video.m3u8,720p,surrit.com
https://missav123.com/en/same-238,same-238,https://surrit.com/d66f6e97-6dd2-40fa-b980-3d99cc69e08a/playlist.m3u8,playlist,surrit.com
https://missav123.com/en/same-246,same-246,https://surrit.com/57afaca0-d571-45c4-83f5-40db29d0375d/720p/video.m3u8,720p,surrit.com
https://missav123.com/en/same-246,same-246,https://surrit.com/57afaca0-d571-45c4-83f5-40db29d0375d/playlist.m3u8,playlist,surrit.com
https://missav123.com/en/san-475-uncensored-leak,,https://surrit.com/732c8524-b008-4ecd-a8ca-0dc8138f6b64/720p/video.m3u8,720p,surrit.com
https://missav123.com/en/san-475-uncensored-leak,,https://surrit.com/732c8524-b008-4ecd-a8ca-0dc8138f6b64/playlist.m3u8,playlist,surrit.com
https://missav123.com/en/san-476-uncensored-leak,,https://surrit.com/5f672d8d-b4d5-478a-823b-06d1785d1f66/720p/video.m3u8,720p,surrit.com
https://missav123.com/en/san-476-uncensored-leak,,https://surrit.com/5f672d8d-b4d5-478a-823b-06d1785d1f66/playlist.m3u8,playlist,surrit.com
https://missav123.com/en/sdnm-557-uncensored-leak,,https://surrit.com/513569b7-beb2-4d21-a098-5bf9274bcd26/720p/video.m3u8,720p,surrit.com
https://missav123.com/en/sdnm-557-uncensored-leak,,https://surrit.com/513569b7-beb2-4d21-a098-5bf9274bcd26/playlist.m3u8,playlist,surrit.com
https://missav123.com/en/sdnm-558-uncensored-leak,,https://surrit.com/069cfc7e-ec72-45c8-a217-c9be97979ecc/720p/video.m3u8,720p,surrit.com
https://missav123.com/en/sdnm-558-uncensored-leak,,https://surrit.com/069cfc7e-ec72-45c8-a217-c9be97979ecc/playlist.m3u8,playlist,surrit.com
https://missav123.com/en/sgkt-0002,sgkt-0002,https://surrit.com/9ced61cc-18f2-4d6e-b40a-4f709e2401f9/720p/video.m3u8,720p,surrit.com
https://missav123.com/en/sgkt-0002,sgkt-0002,https://surrit.com/9ced61cc-18f2-4d6e-b40a-4f709e2401f9/playlist.m3u8,playlist,surrit.com
https://missav123.com/en/siro-5700-uncensored-leak,,https://surrit.com/37256bd6-e137-4be0-a4f6-acb71921d991/720p/video.m3u8,720p,surrit.com
https://missav123.com/en/siro-5700-uncensored-leak,,https://surrit.com/37256bd6-e137-4be0-a4f6-acb71921d991/playlist.m3u8,playlist,surrit.com
https://missav123.com/en/snos-163-english-subtitle,,https://surrit.com/308853d1-cd51-451d-a391-8d35a22855a9/480p/video.m3u8,480p,surrit.com
https://missav123.com/en/snos-163-english-subtitle,,https://surrit.com/308853d1-cd51-451d-a391-8d35a22855a9/playlist.m3u8,playlist,surrit.com
https://missav123.com/en/snos-320,snos-320,https://surrit.com/727d12e1-17a0-465a-aa9f-f34f9746e4cb/720p/video.m3u8,720p,surrit.com
https://missav123.com/en/snos-320,snos-320,https://surrit.com/727d12e1-17a0-465a-aa9f-f34f9746e4cb/playlist.m3u8,playlist,surrit.com
https://missav123.com/en/soan-130,soan-130,https://surrit.com/c3099d07-e5ee-49d7-94d5-d8067fb4ae5d/720p/video.m3u8,720p,surrit.com
https://missav123.com/en/soan-130,soan-130,https://surrit.com/c3099d07-e5ee-49d7-94d5-d8067fb4ae5d/playlist.m3u8,playlist,surrit.com
https://missav123.com/en/sone-582-uncensored-leak,,https://surrit.com/6781ea7a-41fb-4a8c-9794-c9e6e561f1c6/1080p/video.m3u8,1080p,surrit.com
https://missav123.com/en/sone-582-uncensored-leak,,https://surrit.com/6781ea7a-41fb-4a8c-9794-c9e6e561f1c6/720p/video.m3u8,720p,surrit.com
https://missav123.com/en/sone-582-uncensored-leak,,https://surrit.com/6781ea7a-41fb-4a8c-9794-c9e6e561f1c6/playlist.m3u8,playlist,surrit.com
https://missav123.com/en/sone-631-uncensored-leak,,https://surrit.com/8bc1b6d5-af4d-4172-8a9d-9abd7363e9e4/1080p/video.m3u8,1080p,surrit.com
https://missav123.com/en/sone-631-uncensored-leak,,https://surrit.com/8bc1b6d5-af4d-4172-8a9d-9abd7363e9e4/720p/video.m3u8,720p,surrit.com
https://missav123.com/en/sone-631-uncensored-leak,,https://surrit.com/8bc1b6d5-af4d-4172-8a9d-9abd7363e9e4/playlist.m3u8,playlist,surrit.com
https://missav123.com/en/sqte-573-uncensored-leak,,https://surrit.com/2ec65f5f-e7ab-4752-88cf-0f61684753e9/1080p/video.m3u8,1080p,surrit.com
https://missav123.com/en/sqte-573-uncensored-leak,,https://surrit.com/2ec65f5f-e7ab-4752-88cf-0f61684753e9/720p/video.m3u8,720p,surrit.com
https://missav123.com/en/sqte-573-uncensored-leak,,https://surrit.com/2ec65f5f-e7ab-4752-88cf-0f61684753e9/playlist.m3u8,playlist,surrit.com
https://missav123.com/en/sqte-706,sqte-706,https://surrit.com/a1f5d209-3ba1-4a12-850e-e0881f763109/720p/video.m3u8,720p,surrit.com
https://missav123.com/en/sqte-706,sqte-706,https://surrit.com/a1f5d209-3ba1-4a12-850e-e0881f763109/playlist.m3u8,playlist,surrit.com
https://missav123.com/en/sqte-707,sqte-707,https://surrit.com/6c42799a-f457-45e6-a662-acee405f7476/720p/video.m3u8,720p,surrit.com
https://missav123.com/en/sqte-707,sqte-707,https://surrit.com/6c42799a-f457-45e6-a662-acee405f7476/playlist.m3u8,playlist,surrit.com
https://missav123.com/en/start-242-uncensored-leak,,https://surrit.com/bf8df2db-8e96-41e7-a8a9-b89fa796f22c/720p/video.m3u8,720p,surrit.com
https://missav123.com/en/start-242-uncensored-leak,,https://surrit.com/bf8df2db-8e96-41e7-a8a9-b89fa796f22c/playlist.m3u8,playlist,surrit.com
https://missav123.com/en/start-262-uncensored-leak,,https://surrit.com/0cec3826-094c-4179-95db-3cbcc1b8cb4c/1080p/video.m3u8,1080p,surrit.com
https://missav123.com/en/start-262-uncensored-leak,,https://surrit.com/0cec3826-094c-4179-95db-3cbcc1b8cb4c/720p/video.m3u8,720p,surrit.com
https://missav123.com/en/start-262-uncensored-leak,,https://surrit.com/0cec3826-094c-4179-95db-3cbcc1b8cb4c/playlist.m3u8,playlist,surrit.com
https://missav123.com/en/start-614,start-614,https://surrit.com/52e9178b-e8e7-4062-93e4-da2fdaef7f58/1080p/video.m3u8,1080p,surrit.com
https://missav123.com/en/start-614,start-614,https://surrit.com/52e9178b-e8e7-4062-93e4-da2fdaef7f58/720p/video.m3u8,720p,surrit.com
https://missav123.com/en/start-614,start-614,https://surrit.com/52e9178b-e8e7-4062-93e4-da2fdaef7f58/playlist.m3u8,playlist,surrit.com
https://missav123.com/en/tldc-058-uncensored-leak,,https://surrit.com/16221a03-748d-44b8-87f5-901a9c8569cb/1080p/video.m3u8,1080p,surrit.com
https://missav123.com/en/tldc-058-uncensored-leak,,https://surrit.com/16221a03-748d-44b8-87f5-901a9c8569cb/720p/video.m3u8,720p,surrit.com
https://missav123.com/en/tldc-058-uncensored-leak,,https://surrit.com/16221a03-748d-44b8-87f5-901a9c8569cb/playlist.m3u8,playlist,surrit.com
https://missav123.com/en/tldc-062-uncensored-leak,,https://surrit.com/c2d955ce-2e80-490c-a904-6eff13a8b3af/1080p/video.m3u8,1080p,surrit.com
https://missav123.com/en/tldc-062-uncensored-leak,,https://surrit.com/c2d955ce-2e80-490c-a904-6eff13a8b3af/720p/video.m3u8,720p,surrit.com
https://missav123.com/en/tldc-062-uncensored-leak,,https://surrit.com/c2d955ce-2e80-490c-a904-6eff13a8b3af/playlist.m3u8,playlist,surrit.com
https://missav123.com/en/urkn-2201,urkn-2201,https://surrit.com/2eb8bd31-2392-4c0b-a900-5bce7e5b17eb/1080p/video.m3u8,1080p,surrit.com
https://missav123.com/en/urkn-2201,urkn-2201,https://surrit.com/2eb8bd31-2392-4c0b-a900-5bce7e5b17eb/720p/video.m3u8,720p,surrit.com
https://missav123.com/en/urkn-2201,urkn-2201,https://surrit.com/2eb8bd31-2392-4c0b-a900-5bce7e5b17eb/playlist.m3u8,playlist,surrit.com
https://missav123.com/en/vdd-207,vdd-207,https://surrit.com/ed41f9ff-325a-4084-ae32-773e17706dc4/720p/video.m3u8,720p,surrit.com
https://missav123.com/en/vdd-207,vdd-207,https://surrit.com/ed41f9ff-325a-4084-ae32-773e17706dc4/playlist.m3u8,playlist,surrit.com
https://missav123.com/en/vec-687-uncensored-leak,,https://surrit.com/46d0a29a-2a9c-4505-9dcd-49d645009882/1080p/video.m3u8,1080p,surrit.com
https://missav123.com/en/vec-687-uncensored-leak,,https://surrit.com/46d0a29a-2a9c-4505-9dcd-49d645009882/720p/video.m3u8,720p,surrit.com
https://missav123.com/en/vec-687-uncensored-leak,,https://surrit.com/46d0a29a-2a9c-4505-9dcd-49d645009882/playlist.m3u8,playlist,surrit.com
https://missav123.com/en/vrnc-043-uncensored-leak,,https://surrit.com/8951440a-2d58-4345-9065-d68af1d614f7/720p/video.m3u8,720p,surrit.com
https://missav123.com/en/vrnc-043-uncensored-leak,,https://surrit.com/8951440a-2d58-4345-9065-d68af1d614f7/playlist.m3u8,playlist,surrit.com
https://missav123.com/en/waaa-679,waaa-679,https://surrit.com/61ac63b1-af64-4236-991d-247e55c795fa/720p/video.m3u8,720p,surrit.com
https://missav123.com/en/waaa-679,waaa-679,https://surrit.com/61ac63b1-af64-4236-991d-247e55c795fa/playlist.m3u8,playlist,surrit.com
https://missav123.com/en/waaa-679-uncensored-leak,,https://surrit.com/b23d2183-7c02-43ce-9a95-90fb4576dfb1/1080p/video.m3u8,1080p,surrit.com
https://missav123.com/en/waaa-679-uncensored-leak,,https://surrit.com/b23d2183-7c02-43ce-9a95-90fb4576dfb1/720p/video.m3u8,720p,surrit.com
https://missav123.com/en/waaa-679-uncensored-leak,,https://surrit.com/b23d2183-7c02-43ce-9a95-90fb4576dfb1/playlist.m3u8,playlist,surrit.com
https://missav123.com/en/xvsr-888,xvsr-888,https://surrit.com/f787a4b9-67f2-4be8-bdc4-5e4e77c9f2e9/720p/video.m3u8,720p,surrit.com
https://missav123.com/en/xvsr-888,xvsr-888,https://surrit.com/f787a4b9-67f2-4be8-bdc4-5e4e77c9f2e9/playlist.m3u8,playlist,surrit.com
https://missav123.com/en/xvsr-889,xvsr-889,https://surrit.com/795f7e60-082a-4c16-88c5-23a7691d185e/720p/video.m3u8,720p,surrit.com
https://missav123.com/en/xvsr-889,xvsr-889,https://surrit.com/795f7e60-082a-4c16-88c5-23a7691d185e/playlist.m3u8,playlist,surrit.com
https://missav123.com/en/xvsr-890,xvsr-890,https://surrit.com/aa584f1d-4b1f-4512-acf1-1cda9f7273ad/720p/video.m3u8,720p,surrit.com
https://missav123.com/en/xvsr-890,xvsr-890,https://surrit.com/aa584f1d-4b1f-4512-acf1-1cda9f7273ad/playlist.m3u8,playlist,surrit.com
https://missav123.com/en/xvsr-891,xvsr-891,https://surrit.com/e9c44405-238d-4eff-acf5-fe5b990eb5e5/720p/video.m3u8,720p,surrit.com
https://missav123.com/en/xvsr-891,xvsr-891,https://surrit.com/e9c44405-238d-4eff-acf5-fe5b990eb5e5/playlist.m3u8,playlist,surrit.com
https://missav123.com/en/xvsr-892,xvsr-892,https://surrit.com/dcd0f741-eb68-404f-b80f-c4af2c9eda96/720p/video.m3u8,720p,surrit.com
https://missav123.com/en/xvsr-892,xvsr-892,https://surrit.com/dcd0f741-eb68-404f-b80f-c4af2c9eda96/playlist.m3u8,playlist,surrit.com
https://missav123.com/en/ymdd-502,ymdd-502,https://surrit.com/ea4b5444-4ccc-4c90-9e3d-e951798f6f2a/720p/video.m3u8,720p,surrit.com
https://missav123.com/en/ymdd-502,ymdd-502,https://surrit.com/ea4b5444-4ccc-4c90-9e3d-e951798f6f2a/playlist.m3u8,playlist,surrit.com
https://missav123.com/en/yuj-067,yuj-067,https://surrit.com/a840f6dd-0249-4b13-be54-ae7b3c6011ca/720p/video.m3u8,720p,surrit.com
https://missav123.com/en/yuj-067,yuj-067,https://surrit.com/a840f6dd-0249-4b13-be54-ae7b3c6011ca/playlist.m3u8,playlist,surrit.com
https://missav123.com/en/yuj-067-uncensored-leak,,https://surrit.com/edaccfc4-bbb8-4718-9172-46368ef653b7/1080p/video.m3u8,1080p,surrit.com
https://missav123.com/en/yuj-067-uncensored-leak,,https://surrit.com/edaccfc4-bbb8-4718-9172-46368ef653b7/720p/video.m3u8,720p,surrit.com
https://missav123.com/en/yuj-067-uncensored-leak,,https://surrit.com/edaccfc4-bbb8-4718-9172-46368ef653b7/playlist.m3u8,playlist,surrit.com
https://missav123.com/en/yuj-069,yuj-069,https://surrit.com/e088df90-c773-4007-b5b7-2dc438649e2d/720p/video.m3u8,720p,surrit.com
https://missav123.com/en/yuj-069,yuj-069,https://surrit.com/e088df90-c773-4007-b5b7-2dc438649e2d/playlist.m3u8,playlist,surrit.com
https://missav123.com/en/yuj-070,yuj-070,https://surrit.com/4d685e70-00ee-47eb-8fbd-9d8d8e770ef9/720p/video.m3u8,720p,surrit.com
https://missav123.com/en/yuj-070,yuj-070,https://surrit.com/4d685e70-00ee-47eb-8fbd-9d8d8e770ef9/playlist.m3u8,playlist,surrit.com
https://missav123.com/en/zsmx-001,zsmx-001,https://surrit.com/504d16bd-d165-45af-b60d-a907764583cc/720p/video.m3u8,720p,surrit.com
https://missav123.com/en/zsmx-001,zsmx-001,https://surrit.com/504d16bd-d165-45af-b60d-a907764583cc/playlist.m3u8,playlist,surrit.com
