page_url,video_code,playlist_url,quality,source
https://missav123.com/dm1/en/fc2-ppv-4628415,,https://surrit.com/aa9babc9-1ff2-4fb8-89ed-c8f353ca9bcf/1080p/video.m3u8,1080p,surrit.com
https://missav123.com/dm1/en/fc2-ppv-4628415,,https://surrit.com/aa9babc9-1ff2-4fb8-89ed-c8f353ca9bcf/720p/video.m3u8,720p,surrit.com
https://missav123.com/dm1/en/fc2-ppv-4628415,,https://surrit.com/aa9babc9-1ff2-4fb8-89ed-c8f353ca9bcf/playlist.m3u8,playlist,surrit.com
https://missav123.com/dm1/en/jur-029-uncensored-leak,,https://surrit.com/0f7da70d-fe3a-4967-bc36-c7fa1ff13880/1080p/video.m3u8,1080p,surrit.com
https://missav123.com/dm1/en/jur-029-uncensored-leak,,https://surrit.com/0f7da70d-fe3a-4967-bc36-c7fa1ff13880/720p/video.m3u8,720p,surrit.com
https://missav123.com/dm1/en/jur-029-uncensored-leak,,https://surrit.com/0f7da70d-fe3a-4967-bc36-c7fa1ff13880/playlist.m3u8,playlist,surrit.com
https://missav123.com/dm1/en/juy-925-english-subtitle,,https://surrit.com/2998453e-9a0e-41de-a49e-43df46f2eacf/720p/video.m3u8,720p,surrit.com
https://missav123.com/dm1/en/juy-925-english-subtitle,,https://surrit.com/2998453e-9a0e-41de-a49e-43df46f2eacf/playlist.m3u8,playlist,surrit.com
https://missav123.com/dm1/en/pppd-451-uncensored-leak,,https://surrit.com/8cb85228-5bd0-48f9-946f-9d5a4885b9ef/1080p/video.m3u8,1080p,surrit.com
https://missav123.com/dm1/en/pppd-451-uncensored-leak,,https://surrit.com/8cb85228-5bd0-48f9-946f-9d5a4885b9ef/720p/video.m3u8,720p,surrit.com
https://missav123.com/dm1/en/pppd-451-uncensored-leak,,https://surrit.com/8cb85228-5bd0-48f9-946f-9d5a4885b9ef/playlist.m3u8,playlist,surrit.com
https://missav123.com/dm1/en/real-885-uncensored-leak,,https://surrit.com/8a823f3d-9dac-456e-ad74-c4907faf0e84/1080p/video.m3u8,1080p,surrit.com
https://missav123.com/dm1/en/real-885-uncensored-leak,,https://surrit.com/8a823f3d-9dac-456e-ad74-c4907faf0e84/720p/video.m3u8,720p,surrit.com
https://missav123.com/dm1/en/real-885-uncensored-leak,,https://surrit.com/8a823f3d-9dac-456e-ad74-c4907faf0e84/playlist.m3u8,playlist,surrit.com
https://missav123.com/dm1/en/sone-562-uncensored-leak,,https://surrit.com/e627c638-4f21-4057-bfa5-15ecf6f37652/1080p/video.m3u8,1080p,surrit.com
https://missav123.com/dm1/en/sone-562-uncensored-leak,,https://surrit.com/e627c638-4f21-4057-bfa5-15ecf6f37652/720p/video.m3u8,720p,surrit.com
https://missav123.com/dm1/en/sone-562-uncensored-leak,,https://surrit.com/e627c638-4f21-4057-bfa5-15ecf6f37652/playlist.m3u8,playlist,surrit.com
https://missav123.com/dm1/en/sone-615-uncensored-leak,,https://surrit.com/34ca45c2-ea04-4496-b90f-a40ee128a6b2/720p/video.m3u8,720p,surrit.com
https://missav123.com/dm1/en/sone-615-uncensored-leak,,https://surrit.com/34ca45c2-ea04-4496-b90f-a40ee128a6b2/playlist.m3u8,playlist,surrit.com
https://missav123.com/dm1/en/start-169-uncensored-leak,,https://surrit.com/2edb5134-ece4-4049-9e0c-9ac9db69f57d/1080p/video.m3u8,1080p,surrit.com
https://missav123.com/dm1/en/start-169-uncensored-leak,,https://surrit.com/2edb5134-ece4-4049-9e0c-9ac9db69f57d/720p/video.m3u8,720p,surrit.com
https://missav123.com/dm1/en/start-169-uncensored-leak,,https://surrit.com/2edb5134-ece4-4049-9e0c-9ac9db69f57d/playlist.m3u8,playlist,surrit.com
https://missav123.com/dm107/en/adn-396-uncensored-leak,,https://surrit.com/e7b72c94-297c-424e-b65d-f73f3153f753/1280x720/video.m3u8,720p,surrit.com
https://missav123.com/dm107/en/adn-396-uncensored-leak,,https://surrit.com/e7b72c94-297c-424e-b65d-f73f3153f753/842x480/video.m3u8,480p,surrit.com
https://missav123.com/dm107/en/adn-396-uncensored-leak,,https://surrit.com/e7b72c94-297c-424e-b65d-f73f3153f753/playlist.m3u8,playlist,surrit.com
https://missav123.com/dm14/en/ipzz-301-uncensored-leak,,https://surrit.com/79517f66-e779-424c-94a9-c3745b65224f/1080p/video.m3u8,1080p,surrit.com
https://missav123.com/dm14/en/ipzz-301-uncensored-leak,,https://surrit.com/79517f66-e779-424c-94a9-c3745b65224f/720p/video.m3u8,720p,surrit.com
https://missav123.com/dm14/en/ipzz-301-uncensored-leak,,https://surrit.com/79517f66-e779-424c-94a9-c3745b65224f/playlist.m3u8,playlist,surrit.com
https://missav123.com/dm14/en/mudr-235-uncensored-leak,,https://surrit.com/0dc6630c-e5cb-4d1c-ba2a-4d601868e71f/1280x720/video.m3u8,720p,surrit.com
https://missav123.com/dm14/en/mudr-235-uncensored-leak,,https://surrit.com/0dc6630c-e5cb-4d1c-ba2a-4d601868e71f/842x480/video.m3u8,480p,surrit.com
https://missav123.com/dm14/en/mudr-235-uncensored-leak,,https://surrit.com/0dc6630c-e5cb-4d1c-ba2a-4d601868e71f/playlist.m3u8,playlist,surrit.com
https://missav123.com/dm14/en/sone-341-uncensored-leak,,https://surrit.com/8edbd1ea-b392-4c1b-b91a-d66fe45adb29/1080p/video.m3u8,1080p,surrit.com
https://missav123.com/dm14/en/sone-341-uncensored-leak,,https://surrit.com/8edbd1ea-b392-4c1b-b91a-d66fe45adb29/720p/video.m3u8,720p,surrit.com
https://missav123.com/dm14/en/sone-341-uncensored-leak,,https://surrit.com/8edbd1ea-b392-4c1b-b91a-d66fe45adb29/playlist.m3u8,playlist,surrit.com
https://missav123.com/dm15/en/dass-468-uncensored-leak,,https://surrit.com/70c7a77d-aa00-4ebe-8bda-4c31f48f92e6/1080p/video.m3u8,1080p,surrit.com
https://missav123.com/dm15/en/dass-468-uncensored-leak,,https://surrit.com/70c7a77d-aa00-4ebe-8bda-4c31f48f92e6/720p/video.m3u8,720p,surrit.com
https://missav123.com/dm15/en/dass-468-uncensored-leak,,https://surrit.com/70c7a77d-aa00-4ebe-8bda-4c31f48f92e6/playlist.m3u8,playlist,surrit.com
https://missav123.com/dm15/en/mimk-138-uncensored-leak,,https://surrit.com/a0e76827-a962-45d1-936e-cd877c37befc/1280x720/video.m3u8,720p,surrit.com
https://missav123.com/dm15/en/mimk-138-uncensored-leak,,https://surrit.com/a0e76827-a962-45d1-936e-cd877c37befc/842x480/video.m3u8,480p,surrit.com
https://missav123.com/dm15/en/mimk-138-uncensored-leak,,https://surrit.com/a0e76827-a962-45d1-936e-cd877c37befc/playlist.m3u8,playlist,surrit.com
https://missav123.com/dm15/en/ssis-870-uncensored-leak,,https://surrit.com/d6c1086d-23c5-4cda-a146-97878330ae09/720p/video.m3u8,720p,surrit.com
https://missav123.com/dm15/en/ssis-870-uncensored-leak,,https://surrit.com/d6c1086d-23c5-4cda-a146-97878330ae09/playlist.m3u8,playlist,surrit.com
https://missav123.com/dm15/en/ssis-951-uncensored-leak,,https://surrit.com/7010314a-0098-4094-ba6d-1e2516b5dac4/1280x720/video.m3u8,720p,surrit.com
https://missav123.com/dm15/en/ssis-951-uncensored-leak,,https://surrit.com/7010314a-0098-4094-ba6d-1e2516b5dac4/842x480/video.m3u8,480p,surrit.com
https://missav123.com/dm15/en/ssis-951-uncensored-leak,,https://surrit.com/7010314a-0098-4094-ba6d-1e2516b5dac4/playlist.m3u8,playlist,surrit.com
https://missav123.com/dm16/en/hnd-765-uncensored-leak,,https://surrit.com/230101f7-5cad-41fd-bce0-5803933f054f/1280x720/video.m3u8,720p,surrit.com
https://missav123.com/dm16/en/hnd-765-uncensored-leak,,https://surrit.com/230101f7-5cad-41fd-bce0-5803933f054f/842x480/video.m3u8,480p,surrit.com
https://missav123.com/dm16/en/hnd-765-uncensored-leak,,https://surrit.com/230101f7-5cad-41fd-bce0-5803933f054f/playlist.m3u8,playlist,surrit.com
https://missav123.com/dm16/en/jul-876-uncensored-leak,,https://surrit.com/b1b00bb1-fdde-4f88-830c-33e63242f3f0/720p/video.m3u8,720p,surrit.com
https://missav123.com/dm16/en/jul-876-uncensored-leak,,https://surrit.com/b1b00bb1-fdde-4f88-830c-33e63242f3f0/playlist.m3u8,playlist,surrit.com
https://missav123.com/dm17/en/sone-525-uncensored-leak,,https://surrit.com/6f7ddfca-eff2-4cbb-b49b-94bac9d9c582/1080p/video.m3u8,1080p,surrit.com
https://missav123.com/dm17/en/sone-525-uncensored-leak,,https://surrit.com/6f7ddfca-eff2-4cbb-b49b-94bac9d9c582/720p/video.m3u8,720p,surrit.com
https://missav123.com/dm17/en/sone-525-uncensored-leak,,https://surrit.com/6f7ddfca-eff2-4cbb-b49b-94bac9d9c582/playlist.m3u8,playlist,surrit.com
https://missav123.com/dm19/en/meyd-928-uncensored-leak,,https://surrit.com/11a26896-d178-4e42-82cf-6528a70fb572/1080p/video.m3u8,1080p,surrit.com
https://missav123.com/dm19/en/meyd-928-uncensored-leak,,https://surrit.com/11a26896-d178-4e42-82cf-6528a70fb572/720p/video.m3u8,720p,surrit.com
https://missav123.com/dm19/en/meyd-928-uncensored-leak,,https://surrit.com/11a26896-d178-4e42-82cf-6528a70fb572/playlist.m3u8,playlist,surrit.com
https://missav123.com/dm2/en/hmn-217-uncensored-leak,,https://surrit.com/312c715a-4fef-447d-9c49-8cc88a61eb9b/720p/video.m3u8,720p,surrit.com
https://missav123.com/dm2/en/hmn-217-uncensored-leak,,https://surrit.com/312c715a-4fef-447d-9c49-8cc88a61eb9b/playlist.m3u8,playlist,surrit.com
https://missav123.com/dm2/en/juy-837-uncensored-leak,,https://surrit.com/0abe5b29-879b-4622-ab70-5625bdbb8796/1080p/video.m3u8,1080p,surrit.com
https://missav123.com/dm2/en/juy-837-uncensored-leak,,https://surrit.com/0abe5b29-879b-4622-ab70-5625bdbb8796/720p/video.m3u8,720p,surrit.com
https://missav123.com/dm2/en/juy-837-uncensored-leak,,https://surrit.com/0abe5b29-879b-4622-ab70-5625bdbb8796/playlist.m3u8,playlist,surrit.com
https://missav123.com/dm2/en/mimk-044-uncensored-leak,,https://surrit.com/469ee206-b8c6-4abc-96df-9fc36ebb5b2c/1080p/video.m3u8,1080p,surrit.com
https://missav123.com/dm2/en/mimk-044-uncensored-leak,,https://surrit.com/469ee206-b8c6-4abc-96df-9fc36ebb5b2c/720p/video.m3u8,720p,surrit.com
https://missav123.com/dm2/en/mimk-044-uncensored-leak,,https://surrit.com/469ee206-b8c6-4abc-96df-9fc36ebb5b2c/playlist.m3u8,playlist,surrit.com
https://missav123.com/dm2/en/sone-569-uncensored-leak,,https://surrit.com/c6380682-8239-4dcf-92c2-fbcee6a91807/1080p/video.m3u8,1080p,surrit.com
https://missav123.com/dm2/en/sone-569-uncensored-leak,,https://surrit.com/c6380682-8239-4dcf-92c2-fbcee6a91807/720p/video.m3u8,720p,surrit.com
https://missav123.com/dm2/en/sone-569-uncensored-leak,,https://surrit.com/c6380682-8239-4dcf-92c2-fbcee6a91807/playlist.m3u8,playlist,surrit.com
https://missav123.com/dm25/en/juq-446-uncensored-leak,,https://surrit.com/b563efdb-21ba-4059-99db-743149fce879/1280x720/video.m3u8,720p,surrit.com
https://missav123.com/dm25/en/juq-446-uncensored-leak,,https://surrit.com/b563efdb-21ba-4059-99db-743149fce879/842x480/video.m3u8,480p,surrit.com
https://missav123.com/dm25/en/juq-446-uncensored-leak,,https://surrit.com/b563efdb-21ba-4059-99db-743149fce879/playlist.m3u8,playlist,surrit.com
https://missav123.com/dm26/en/cjod-408-uncensored-leak,,https://surrit.com/a5331ac3-b9af-48b2-941c-7d0fd9f371e7/1080p/video.m3u8,1080p,surrit.com
https://missav123.com/dm26/en/cjod-408-uncensored-leak,,https://surrit.com/a5331ac3-b9af-48b2-941c-7d0fd9f371e7/720p/video.m3u8,720p,surrit.com
https://missav123.com/dm26/en/cjod-408-uncensored-leak,,https://surrit.com/a5331ac3-b9af-48b2-941c-7d0fd9f371e7/playlist.m3u8,playlist,surrit.com
https://missav123.com/dm26/en/jul-208-uncensored-leak,,https://surrit.com/b1dc8bf0-e87f-48b7-b872-870ec4ea60b2/480p/video.m3u8,480p,surrit.com
https://missav123.com/dm26/en/jul-208-uncensored-leak,,https://surrit.com/b1dc8bf0-e87f-48b7-b872-870ec4ea60b2/playlist.m3u8,playlist,surrit.com
https://missav123.com/dm26/en/jul-305-uncensored-leak,,https://surrit.com/0b7fc776-79ed-4560-a514-06d0fde1ed2e/1080p/video.m3u8,1080p,surrit.com
https://missav123.com/dm26/en/jul-305-uncensored-leak,,https://surrit.com/0b7fc776-79ed-4560-a514-06d0fde1ed2e/720p/video.m3u8,720p,surrit.com
https://missav123.com/dm26/en/jul-305-uncensored-leak,,https://surrit.com/0b7fc776-79ed-4560-a514-06d0fde1ed2e/playlist.m3u8,playlist,surrit.com
https://missav123.com/dm27/en/mide-781-uncensored-leak,,https://surrit.com/056f2df3-29e0-4676-8aa4-8876c4b2a1df/1080p/video.m3u8,1080p,surrit.com
https://missav123.com/dm27/en/mide-781-uncensored-leak,,https://surrit.com/056f2df3-29e0-4676-8aa4-8876c4b2a1df/720p/video.m3u8,720p,surrit.com
https://missav123.com/dm27/en/mide-781-uncensored-leak,,https://surrit.com/056f2df3-29e0-4676-8aa4-8876c4b2a1df/playlist.m3u8,playlist,surrit.com
https://missav123.com/dm28/en/jul-859-uncensored-leak,,https://surrit.com/8c20fe2b-9d48-4295-a0cd-f7dc93a585d9/1280x720/video.m3u8,720p,surrit.com
https://missav123.com/dm28/en/jul-859-uncensored-leak,,https://surrit.com/8c20fe2b-9d48-4295-a0cd-f7dc93a585d9/842x480/video.m3u8,480p,surrit.com
https://missav123.com/dm28/en/jul-859-uncensored-leak,,https://surrit.com/8c20fe2b-9d48-4295-a0cd-f7dc93a585d9/playlist.m3u8,playlist,surrit.com
https://missav123.com/dm28/en/miab-170-uncensored-leak,,https://surrit.com/4f301670-0ad7-4194-abce-f93efc76061a/1080p/video.m3u8,1080p,surrit.com
https://missav123.com/dm28/en/miab-170-uncensored-leak,,https://surrit.com/4f301670-0ad7-4194-abce-f93efc76061a/720p/video.m3u8,720p,surrit.com
https://missav123.com/dm28/en/miab-170-uncensored-leak,,https://surrit.com/4f301670-0ad7-4194-abce-f93efc76061a/playlist.m3u8,playlist,surrit.com
https://missav123.com/dm28/en/pppd-408-uncensored-leak,,https://surrit.com/bafce24e-3e08-493f-b963-c3dd3abcab41/1280x720/video.m3u8,720p,surrit.com
https://missav123.com/dm28/en/pppd-408-uncensored-leak,,https://surrit.com/bafce24e-3e08-493f-b963-c3dd3abcab41/842x480/video.m3u8,480p,surrit.com
https://missav123.com/dm28/en/pppd-408-uncensored-leak,,https://surrit.com/bafce24e-3e08-493f-b963-c3dd3abcab41/playlist.m3u8,playlist,surrit.com
https://missav123.com/dm28/en/sone-146-uncensored-leak,,https://surrit.com/790092aa-b130-44d2-9111-bb524da16f89/1080p/video.m3u8,1080p,surrit.com
https://missav123.com/dm28/en/sone-146-uncensored-leak,,https://surrit.com/790092aa-b130-44d2-9111-bb524da16f89/720p/video.m3u8,720p,surrit.com
https://missav123.com/dm28/en/sone-146-uncensored-leak,,https://surrit.com/790092aa-b130-44d2-9111-bb524da16f89/playlist.m3u8,playlist,surrit.com
https://missav123.com/dm29/en/jux-816-uncensored-leak,,https://surrit.com/49f8f259-f610-404a-b1dd-9880f9ba068b/1280x720/video.m3u8,720p,surrit.com
https://missav123.com/dm29/en/jux-816-uncensored-leak,,https://surrit.com/49f8f259-f610-404a-b1dd-9880f9ba068b/842x480/video.m3u8,480p,surrit.com
https://missav123.com/dm29/en/jux-816-uncensored-leak,,https://surrit.com/49f8f259-f610-404a-b1dd-9880f9ba068b/playlist.m3u8,playlist,surrit.com
https://missav123.com/dm29/en/waaa-462-uncensored-leak,,https://surrit.com/cca75677-5a8a-453b-85d2-51d75e6c59b3/1080p/video.m3u8,1080p,surrit.com
https://missav123.com/dm29/en/waaa-462-uncensored-leak,,https://surrit.com/cca75677-5a8a-453b-85d2-51d75e6c59b3/720p/video.m3u8,720p,surrit.com
https://missav123.com/dm29/en/waaa-462-uncensored-leak,,https://surrit.com/cca75677-5a8a-453b-85d2-51d75e6c59b3/playlist.m3u8,playlist,surrit.com
https://missav123.com/dm3/en/sone-228-uncensored-leak,,https://surrit.com/8882e326-0ddb-4924-a481-d84f823a1b38/1080p/video.m3u8,1080p,surrit.com
https://missav123.com/dm3/en/sone-228-uncensored-leak,,https://surrit.com/8882e326-0ddb-4924-a481-d84f823a1b38/720p/video.m3u8,720p,surrit.com
https://missav123.com/dm3/en/sone-228-uncensored-leak,,https://surrit.com/8882e326-0ddb-4924-a481-d84f823a1b38/playlist.m3u8,playlist,surrit.com
https://missav123.com/dm30/en/sone-479-uncensored-leak,,https://surrit.com/0b7b1e14-8dec-4290-9a7d-ae8a32942aee/1080p/video.m3u8,1080p,surrit.com
https://missav123.com/dm30/en/sone-479-uncensored-leak,,https://surrit.com/0b7b1e14-8dec-4290-9a7d-ae8a32942aee/720p/video.m3u8,720p,surrit.com
https://missav123.com/dm30/en/sone-479-uncensored-leak,,https://surrit.com/0b7b1e14-8dec-4290-9a7d-ae8a32942aee/playlist.m3u8,playlist,surrit.com
https://missav123.com/dm31/en/fc2-ppv-2430778,,https://surrit.com/2951af4d-d04e-42fc-8ed6-a1665599fc51/1280x720/video.m3u8,720p,surrit.com
https://missav123.com/dm31/en/fc2-ppv-2430778,,https://surrit.com/2951af4d-d04e-42fc-8ed6-a1665599fc51/842x480/video.m3u8,480p,surrit.com
https://missav123.com/dm31/en/fc2-ppv-2430778,,https://surrit.com/2951af4d-d04e-42fc-8ed6-a1665599fc51/playlist.m3u8,playlist,surrit.com
https://missav123.com/dm31/en/ipzz-492-uncensored-leak,,https://surrit.com/b02d4687-958f-4cf4-9986-56fbdfc1197b/1080p/video.m3u8,1080p,surrit.com
https://missav123.com/dm31/en/ipzz-492-uncensored-leak,,https://surrit.com/b02d4687-958f-4cf4-9986-56fbdfc1197b/720p/video.m3u8,720p,surrit.com
https://missav123.com/dm31/en/ipzz-492-uncensored-leak,,https://surrit.com/b02d4687-958f-4cf4-9986-56fbdfc1197b/playlist.m3u8,playlist,surrit.com
https://missav123.com/dm31/en/k1400,,https://surrit.com/1361df2f-8dd7-486c-87ac-d6acf304f6c3/1280x720/video.m3u8,720p,surrit.com
https://missav123.com/dm31/en/k1400,,https://surrit.com/1361df2f-8dd7-486c-87ac-d6acf304f6c3/842x480/video.m3u8,480p,surrit.com
https://missav123.com/dm31/en/k1400,,https://surrit.com/1361df2f-8dd7-486c-87ac-d6acf304f6c3/playlist.m3u8,playlist,surrit.com
https://missav123.com/dm31/en/n0843,,https://surrit.com/602c934a-66a3-4177-adf5-760392825e36/1280x720/video.m3u8,720p,surrit.com
https://missav123.com/dm31/en/n0843,,https://surrit.com/602c934a-66a3-4177-adf5-760392825e36/842x480/video.m3u8,480p,surrit.com
https://missav123.com/dm31/en/n0843,,https://surrit.com/602c934a-66a3-4177-adf5-760392825e36/playlist.m3u8,playlist,surrit.com
https://missav123.com/dm34/en/tek-067-uncensored-leak,,https://surrit.com/f4501209-60e9-453b-bd70-2242ec42faa9/1080p/video.m3u8,1080p,surrit.com
https://missav123.com/dm34/en/tek-067-uncensored-leak,,https://surrit.com/f4501209-60e9-453b-bd70-2242ec42faa9/720p/video.m3u8,720p,surrit.com
https://missav123.com/dm34/en/tek-067-uncensored-leak,,https://surrit.com/f4501209-60e9-453b-bd70-2242ec42faa9/playlist.m3u8,playlist,surrit.com
https://missav123.com/dm39/en/ssis-117-uncensored-leak,,https://surrit.com/c085d965-67aa-48e7-b9ec-5672d35117e2/1280x720/video.m3u8,720p,surrit.com
https://missav123.com/dm39/en/ssis-117-uncensored-leak,,https://surrit.com/c085d965-67aa-48e7-b9ec-5672d35117e2/842x480/video.m3u8,480p,surrit.com
https://missav123.com/dm39/en/ssis-117-uncensored-leak,,https://surrit.com/c085d965-67aa-48e7-b9ec-5672d35117e2/playlist.m3u8,playlist,surrit.com
https://missav123.com/dm4/en/aarm-250-uncensored-leak,,https://surrit.com/1c25585d-2d21-4aed-9326-d0b9dc624867/1080p/video.m3u8,1080p,surrit.com
https://missav123.com/dm4/en/aarm-250-uncensored-leak,,https://surrit.com/1c25585d-2d21-4aed-9326-d0b9dc624867/720p/video.m3u8,720p,surrit.com
https://missav123.com/dm4/en/aarm-250-uncensored-leak,,https://surrit.com/1c25585d-2d21-4aed-9326-d0b9dc624867/playlist.m3u8,playlist,surrit.com
https://missav123.com/dm41/en/miaa-430-uncensored-leak,,https://surrit.com/9191b376-a3e0-40b8-81f7-9caac78c24d7/720p/video.m3u8,720p,surrit.com
https://missav123.com/dm41/en/miaa-430-uncensored-leak,,https://surrit.com/9191b376-a3e0-40b8-81f7-9caac78c24d7/playlist.m3u8,playlist,surrit.com
https://missav123.com/dm41/en/ssni-466-uncensored-leak,,https://surrit.com/d4b63aba-bc73-4822-a7b4-29328656f4c5/1280x720/video.m3u8,720p,surrit.com
https://missav123.com/dm41/en/ssni-466-uncensored-leak,,https://surrit.com/d4b63aba-bc73-4822-a7b4-29328656f4c5/842x480/video.m3u8,480p,surrit.com
https://missav123.com/dm41/en/ssni-466-uncensored-leak,,https://surrit.com/d4b63aba-bc73-4822-a7b4-29328656f4c5/playlist.m3u8,playlist,surrit.com
https://missav123.com/dm42/en/adn-516-uncensored-leak,,https://surrit.com/41fa7b4d-95ec-47c8-9fe8-08cd10a7f1cc/1280x720/video.m3u8,720p,surrit.com
https://missav123.com/dm42/en/adn-516-uncensored-leak,,https://surrit.com/41fa7b4d-95ec-47c8-9fe8-08cd10a7f1cc/842x480/video.m3u8,480p,surrit.com
https://missav123.com/dm42/en/adn-516-uncensored-leak,,https://surrit.com/41fa7b4d-95ec-47c8-9fe8-08cd10a7f1cc/playlist.m3u8,playlist,surrit.com
https://missav123.com/dm44/en/juq-797-uncensored-leak,,https://surrit.com/79b4d812-ba52-4849-a270-25b8557f557a/1080p/video.m3u8,1080p,surrit.com
https://missav123.com/dm44/en/juq-797-uncensored-leak,,https://surrit.com/79b4d812-ba52-4849-a270-25b8557f557a/720p/video.m3u8,720p,surrit.com
https://missav123.com/dm44/en/juq-797-uncensored-leak,,https://surrit.com/79b4d812-ba52-4849-a270-25b8557f557a/playlist.m3u8,playlist,surrit.com
https://missav123.com/dm44/en/same-090-uncensored-leak,,https://surrit.com/56855da2-32c7-4ef7-bdf4-3bbcd7f66b42/1280x720/video.m3u8,720p,surrit.com
https://missav123.com/dm44/en/same-090-uncensored-leak,,https://surrit.com/56855da2-32c7-4ef7-bdf4-3bbcd7f66b42/842x480/video.m3u8,480p,surrit.com
https://missav123.com/dm44/en/same-090-uncensored-leak,,https://surrit.com/56855da2-32c7-4ef7-bdf4-3bbcd7f66b42/playlist.m3u8,playlist,surrit.com
https://missav123.com/dm46/en/sone-499-uncensored-leak,,https://surrit.com/7a8e83b8-3e0b-4e5d-9ffc-d49e04f4493b/1080p/video.m3u8,1080p,surrit.com
https://missav123.com/dm46/en/sone-499-uncensored-leak,,https://surrit.com/7a8e83b8-3e0b-4e5d-9ffc-d49e04f4493b/720p/video.m3u8,720p,surrit.com
https://missav123.com/dm46/en/sone-499-uncensored-leak,,https://surrit.com/7a8e83b8-3e0b-4e5d-9ffc-d49e04f4493b/playlist.m3u8,playlist,surrit.com
https://missav123.com/dm49/en/ipzz-188-uncensored-leak,,https://surrit.com/135742e7-180f-48ff-9583-0c9d944c8fa7/1280x720/video.m3u8,720p,surrit.com
https://missav123.com/dm49/en/ipzz-188-uncensored-leak,,https://surrit.com/135742e7-180f-48ff-9583-0c9d944c8fa7/842x480/video.m3u8,480p,surrit.com
https://missav123.com/dm49/en/ipzz-188-uncensored-leak,,https://surrit.com/135742e7-180f-48ff-9583-0c9d944c8fa7/playlist.m3u8,playlist,surrit.com
https://missav123.com/dm5/en/fjin-058-uncensored-leak,,https://surrit.com/49194005-09fc-46a4-a188-5e67b4bde9f7/1080p/video.m3u8,1080p,surrit.com
https://missav123.com/dm5/en/fjin-058-uncensored-leak,,https://surrit.com/49194005-09fc-46a4-a188-5e67b4bde9f7/720p/video.m3u8,720p,surrit.com
https://missav123.com/dm5/en/fjin-058-uncensored-leak,,https://surrit.com/49194005-09fc-46a4-a188-5e67b4bde9f7/playlist.m3u8,playlist,surrit.com
https://missav123.com/dm5/en/homa-095-uncensored-leak,,https://surrit.com/9c548864-0bdf-48e4-ba88-55917d4672e1/1080p/video.m3u8,1080p,surrit.com
https://missav123.com/dm5/en/homa-095-uncensored-leak,,https://surrit.com/9c548864-0bdf-48e4-ba88-55917d4672e1/720p/video.m3u8,720p,surrit.com
https://missav123.com/dm5/en/homa-095-uncensored-leak,,https://surrit.com/9c548864-0bdf-48e4-ba88-55917d4672e1/playlist.m3u8,playlist,surrit.com
https://missav123.com/dm51/en/ure-055-uncensored-leak,,https://surrit.com/194b555f-fa50-443b-a478-5b2c1f45f858/1280x720/video.m3u8,720p,surrit.com
https://missav123.com/dm51/en/ure-055-uncensored-leak,,https://surrit.com/194b555f-fa50-443b-a478-5b2c1f45f858/842x480/video.m3u8,480p,surrit.com
https://missav123.com/dm51/en/ure-055-uncensored-leak,,https://surrit.com/194b555f-fa50-443b-a478-5b2c1f45f858/playlist.m3u8,playlist,surrit.com
https://missav123.com/dm52/en/ssis-211-uncensored-leak,,https://surrit.com/34a37cfb-b167-4fc5-a389-97f7af280a92/1280x720/video.m3u8,720p,surrit.com
https://missav123.com/dm52/en/ssis-211-uncensored-leak,,https://surrit.com/34a37cfb-b167-4fc5-a389-97f7af280a92/842x480/video.m3u8,480p,surrit.com
https://missav123.com/dm52/en/ssis-211-uncensored-leak,,https://surrit.com/34a37cfb-b167-4fc5-a389-97f7af280a92/playlist.m3u8,playlist,surrit.com
https://missav123.com/dm53/en/sone-248-uncensored-leak,,https://surrit.com/8ffc7c34-4712-48ab-9fee-66d8b148f33e/1080p/video.m3u8,1080p,surrit.com
https://missav123.com/dm53/en/sone-248-uncensored-leak,,https://surrit.com/8ffc7c34-4712-48ab-9fee-66d8b148f33e/720p/video.m3u8,720p,surrit.com
https://missav123.com/dm53/en/sone-248-uncensored-leak,,https://surrit.com/8ffc7c34-4712-48ab-9fee-66d8b148f33e/playlist.m3u8,playlist,surrit.com
https://missav123.com/dm53/en/ssni-025-uncensored-leak,,https://surrit.com/521a046b-0772-48a1-ab7b-c40f5a259644/1280x720/video.m3u8,720p,surrit.com
https://missav123.com/dm53/en/ssni-025-uncensored-leak,,https://surrit.com/521a046b-0772-48a1-ab7b-c40f5a259644/842x480/video.m3u8,480p,surrit.com
https://missav123.com/dm53/en/ssni-025-uncensored-leak,,https://surrit.com/521a046b-0772-48a1-ab7b-c40f5a259644/playlist.m3u8,playlist,surrit.com
https://missav123.com/dm54/en/juq-321-uncensored-leak,,https://surrit.com/da62e1fa-2e1a-451f-9db5-a85b64072a3c/1280x720/video.m3u8,720p,surrit.com
https://missav123.com/dm54/en/juq-321-uncensored-leak,,https://surrit.com/da62e1fa-2e1a-451f-9db5-a85b64072a3c/842x480/video.m3u8,480p,surrit.com
https://missav123.com/dm54/en/juq-321-uncensored-leak,,https://surrit.com/da62e1fa-2e1a-451f-9db5-a85b64072a3c/playlist.m3u8,playlist,surrit.com
https://missav123.com/dm54/en/pred-376-uncensored-leak,,https://surrit.com/9213fd56-899e-4f3c-8b7d-2282f56455a2/1280x720/video.m3u8,720p,surrit.com
https://missav123.com/dm54/en/pred-376-uncensored-leak,,https://surrit.com/9213fd56-899e-4f3c-8b7d-2282f56455a2/842x480/video.m3u8,480p,surrit.com
https://missav123.com/dm54/en/pred-376-uncensored-leak,,https://surrit.com/9213fd56-899e-4f3c-8b7d-2282f56455a2/playlist.m3u8,playlist,surrit.com
https://missav123.com/dm54/en/ssni-822-uncensored-leak,,https://surrit.com/4edfc1b9-f206-4c50-867c-6b953201343a/1280x720/video.m3u8,720p,surrit.com
https://missav123.com/dm54/en/ssni-822-uncensored-leak,,https://surrit.com/4edfc1b9-f206-4c50-867c-6b953201343a/842x480/video.m3u8,480p,surrit.com
https://missav123.com/dm54/en/ssni-822-uncensored-leak,,https://surrit.com/4edfc1b9-f206-4c50-867c-6b953201343a/playlist.m3u8,playlist,surrit.com
https://missav123.com/dm55/en/jul-880-uncensored-leak,,https://surrit.com/d0fb7eba-84fd-4702-8085-4384ea49bc09/1280x720/video.m3u8,720p,surrit.com
https://missav123.com/dm55/en/jul-880-uncensored-leak,,https://surrit.com/d0fb7eba-84fd-4702-8085-4384ea49bc09/842x480/video.m3u8,480p,surrit.com
https://missav123.com/dm55/en/jul-880-uncensored-leak,,https://surrit.com/d0fb7eba-84fd-4702-8085-4384ea49bc09/playlist.m3u8,playlist,surrit.com
https://missav123.com/dm56/en/cawd-658-uncensored-leak,,https://surrit.com/6371738f-3d77-46ce-9662-93135307e5b3/1080p/video.m3u8,1080p,surrit.com
https://missav123.com/dm56/en/cawd-658-uncensored-leak,,https://surrit.com/6371738f-3d77-46ce-9662-93135307e5b3/720p/video.m3u8,720p,surrit.com
https://missav123.com/dm56/en/cawd-658-uncensored-leak,,https://surrit.com/6371738f-3d77-46ce-9662-93135307e5b3/playlist.m3u8,playlist,surrit.com
https://missav123.com/dm59/en/ipzz-162-uncensored-leak,,https://surrit.com/53fde770-53f9-4208-9121-9c816e9de46a/1280x720/video.m3u8,720p,surrit.com
https://missav123.com/dm59/en/ipzz-162-uncensored-leak,,https://surrit.com/53fde770-53f9-4208-9121-9c816e9de46a/842x480/video.m3u8,480p,surrit.com
https://missav123.com/dm59/en/ipzz-162-uncensored-leak,,https://surrit.com/53fde770-53f9-4208-9121-9c816e9de46a/playlist.m3u8,playlist,surrit.com
https://missav123.com/dm59/en/meyd-893-uncensored-leak,,https://surrit.com/bbb333b9-c2f9-45f6-acfc-0acfbeb92a22/1080p/video.m3u8,1080p,surrit.com
https://missav123.com/dm59/en/meyd-893-uncensored-leak,,https://surrit.com/bbb333b9-c2f9-45f6-acfc-0acfbeb92a22/720p/video.m3u8,720p,surrit.com
https://missav123.com/dm59/en/meyd-893-uncensored-leak,,https://surrit.com/bbb333b9-c2f9-45f6-acfc-0acfbeb92a22/playlist.m3u8,playlist,surrit.com
https://missav123.com/dm62/en/nima-030-uncensored-leak,,https://surrit.com/3f7f7b6e-2db7-4d15-9f1c-a15ac4937cca/1080p/video.m3u8,1080p,surrit.com
https://missav123.com/dm62/en/nima-030-uncensored-leak,,https://surrit.com/3f7f7b6e-2db7-4d15-9f1c-a15ac4937cca/720p/video.m3u8,720p,surrit.com
https://missav123.com/dm62/en/nima-030-uncensored-leak,,https://surrit.com/3f7f7b6e-2db7-4d15-9f1c-a15ac4937cca/playlist.m3u8,playlist,surrit.com
https://missav123.com/dm65/en/ipx-758-uncensored-leak,,https://surrit.com/a53c2489-24d6-48e5-aa5f-06085f18fed3/1280x720/video.m3u8,720p,surrit.com
https://missav123.com/dm65/en/ipx-758-uncensored-leak,,https://surrit.com/a53c2489-24d6-48e5-aa5f-06085f18fed3/842x480/video.m3u8,480p,surrit.com
https://missav123.com/dm65/en/ipx-758-uncensored-leak,,https://surrit.com/a53c2489-24d6-48e5-aa5f-06085f18fed3/playlist.m3u8,playlist,surrit.com
https://missav123.com/dm67/en/achj-005-uncensored-leak,,https://surrit.com/51e77f82-8d1f-4fde-8b41-53170f001aad/1280x720/video.m3u8,720p,surrit.com
https://missav123.com/dm67/en/achj-005-uncensored-leak,,https://surrit.com/51e77f82-8d1f-4fde-8b41-53170f001aad/842x480/video.m3u8,480p,surrit.com
https://missav123.com/dm67/en/achj-005-uncensored-leak,,https://surrit.com/51e77f82-8d1f-4fde-8b41-53170f001aad/playlist.m3u8,playlist,surrit.com
https://missav123.com/dm69/en/cawd-621-uncensored-leak,,https://surrit.com/fdd9638e-28a0-4d75-9093-e80f0bdbc97f/1280x720/video.m3u8,720p,surrit.com
https://missav123.com/dm69/en/cawd-621-uncensored-leak,,https://surrit.com/fdd9638e-28a0-4d75-9093-e80f0bdbc97f/842x480/video.m3u8,480p,surrit.com
https://missav123.com/dm69/en/cawd-621-uncensored-leak,,https://surrit.com/fdd9638e-28a0-4d75-9093-e80f0bdbc97f/playlist.m3u8,playlist,surrit.com
https://missav123.com/dm69/en/ssis-509-uncensored-leak,,https://surrit.com/02966a00-04e2-44cb-b3ee-a57ce5bb9f99/1280x720/video.m3u8,720p,surrit.com
https://missav123.com/dm69/en/ssis-509-uncensored-leak,,https://surrit.com/02966a00-04e2-44cb-b3ee-a57ce5bb9f99/842x480/video.m3u8,480p,surrit.com
https://missav123.com/dm69/en/ssis-509-uncensored-leak,,https://surrit.com/02966a00-04e2-44cb-b3ee-a57ce5bb9f99/playlist.m3u8,playlist,surrit.com
https://missav123.com/dm70/en/ssis-615-uncensored-leak,,https://surrit.com/fa9ac0d8-dfe9-4813-87e0-e52821e4f6e2/1280x720/video.m3u8,720p,surrit.com
https://missav123.com/dm70/en/ssis-615-uncensored-leak,,https://surrit.com/fa9ac0d8-dfe9-4813-87e0-e52821e4f6e2/842x480/video.m3u8,480p,surrit.com
https://missav123.com/dm70/en/ssis-615-uncensored-leak,,https://surrit.com/fa9ac0d8-dfe9-4813-87e0-e52821e4f6e2/playlist.m3u8,playlist,surrit.com
https://missav123.com/dm75/en/mide-947-uncensored-leak,,https://surrit.com/fc7a4a9a-ccbd-4250-9bc7-118785f52126/1280x720/video.m3u8,720p,surrit.com
https://missav123.com/dm75/en/mide-947-uncensored-leak,,https://surrit.com/fc7a4a9a-ccbd-4250-9bc7-118785f52126/842x480/video.m3u8,480p,surrit.com
https://missav123.com/dm75/en/mide-947-uncensored-leak,,https://surrit.com/fc7a4a9a-ccbd-4250-9bc7-118785f52126/playlist.m3u8,playlist,surrit.com
https://missav123.com/dm77/en/midv-229-uncensored-leak,,https://surrit.com/07bae3f6-5c90-40a0-8993-7f49ef16216f/1280x720/video.m3u8,720p,surrit.com
https://missav123.com/dm77/en/midv-229-uncensored-leak,,https://surrit.com/07bae3f6-5c90-40a0-8993-7f49ef16216f/842x480/video.m3u8,480p,surrit.com
https://missav123.com/dm77/en/midv-229-uncensored-leak,,https://surrit.com/07bae3f6-5c90-40a0-8993-7f49ef16216f/playlist.m3u8,playlist,surrit.com
https://missav123.com/dm78/en/mide-113-uncensored-leak,,https://surrit.com/6ffc9749-30e2-4d0f-8d97-2b284cacf769/1280x720/video.m3u8,720p,surrit.com
https://missav123.com/dm78/en/mide-113-uncensored-leak,,https://surrit.com/6ffc9749-30e2-4d0f-8d97-2b284cacf769/842x480/video.m3u8,480p,surrit.com
https://missav123.com/dm78/en/mide-113-uncensored-leak,,https://surrit.com/6ffc9749-30e2-4d0f-8d97-2b284cacf769/playlist.m3u8,playlist,surrit.com
https://missav123.com/dm79/en/ssis-532-uncensored-leak,,https://surrit.com/3b55cdf2-43e7-45f3-9f2a-56ca9768ba8b/1280x720/video.m3u8,720p,surrit.com
https://missav123.com/dm79/en/ssis-532-uncensored-leak,,https://surrit.com/3b55cdf2-43e7-45f3-9f2a-56ca9768ba8b/842x480/video.m3u8,480p,surrit.com
https://missav123.com/dm79/en/ssis-532-uncensored-leak,,https://surrit.com/3b55cdf2-43e7-45f3-9f2a-56ca9768ba8b/playlist.m3u8,playlist,surrit.com
https://missav123.com/dm80/en/ipx-940-uncensored-leak,,https://surrit.com/f35fc5c6-6a97-4392-bb18-8f37b98b804f/1280x720/video.m3u8,720p,surrit.com
https://missav123.com/dm80/en/ipx-940-uncensored-leak,,https://surrit.com/f35fc5c6-6a97-4392-bb18-8f37b98b804f/842x480/video.m3u8,480p,surrit.com
https://missav123.com/dm80/en/ipx-940-uncensored-leak,,https://surrit.com/f35fc5c6-6a97-4392-bb18-8f37b98b804f/playlist.m3u8,playlist,surrit.com
https://missav123.com/dm81/en/ipx-883-uncensored-leak,,https://surrit.com/26758194-9358-4e41-8b9f-5bf3a4b65424/1280x720/video.m3u8,720p,surrit.com
https://missav123.com/dm81/en/ipx-883-uncensored-leak,,https://surrit.com/26758194-9358-4e41-8b9f-5bf3a4b65424/842x480/video.m3u8,480p,surrit.com
https://missav123.com/dm81/en/ipx-883-uncensored-leak,,https://surrit.com/26758194-9358-4e41-8b9f-5bf3a4b65424/playlist.m3u8,playlist,surrit.com
https://missav123.com/dm81/en/midv-223-uncensored-leak,,https://surrit.com/684e5bc4-12f3-4bcc-b7c2-97a933e7ea12/1280x720/video.m3u8,720p,surrit.com
https://missav123.com/dm81/en/midv-223-uncensored-leak,,https://surrit.com/684e5bc4-12f3-4bcc-b7c2-97a933e7ea12/842x480/video.m3u8,480p,surrit.com
https://missav123.com/dm81/en/midv-223-uncensored-leak,,https://surrit.com/684e5bc4-12f3-4bcc-b7c2-97a933e7ea12/playlist.m3u8,playlist,surrit.com
https://missav123.com/dm82/en/ebod-895-uncensored-leak,,https://surrit.com/c5fd07a3-668f-4f4c-975a-be30178fe973/1280x720/video.m3u8,720p,surrit.com
https://missav123.com/dm82/en/ebod-895-uncensored-leak,,https://surrit.com/c5fd07a3-668f-4f4c-975a-be30178fe973/842x480/video.m3u8,480p,surrit.com
https://missav123.com/dm82/en/ebod-895-uncensored-leak,,https://surrit.com/c5fd07a3-668f-4f4c-975a-be30178fe973/playlist.m3u8,playlist,surrit.com
https://missav123.com/dm84/en/ipx-934-uncensored-leak,,https://surrit.com/cb8040db-9ccf-43d8-937e-4b1b507ea9f0/1280x720/video.m3u8,720p,surrit.com
https://missav123.com/dm84/en/ipx-934-uncensored-leak,,https://surrit.com/cb8040db-9ccf-43d8-937e-4b1b507ea9f0/842x480/video.m3u8,480p,surrit.com
https://missav123.com/dm84/en/ipx-934-uncensored-leak,,https://surrit.com/cb8040db-9ccf-43d8-937e-4b1b507ea9f0/playlist.m3u8,playlist,surrit.com
https://missav123.com/dm9/en/hez-756-uncensored-leak,,https://surrit.com/f2b30bf8-a855-40cf-b243-31ee67be28bb/1080p/video.m3u8,1080p,surrit.com
https://missav123.com/dm9/en/hez-756-uncensored-leak,,https://surrit.com/f2b30bf8-a855-40cf-b243-31ee67be28bb/720p/video.m3u8,720p,surrit.com
https://missav123.com/dm9/en/hez-756-uncensored-leak,,https://surrit.com/f2b30bf8-a855-40cf-b243-31ee67be28bb/playlist.m3u8,playlist,surrit.com
https://missav123.com/dm99/en/ipx-974-uncensored-leak,,https://surrit.com/286bc129-e178-41e2-b91e-ecc882ec650d/1280x720/video.m3u8,720p,surrit.com
https://missav123.com/dm99/en/ipx-974-uncensored-leak,,https://surrit.com/286bc129-e178-41e2-b91e-ecc882ec650d/842x480/video.m3u8,480p,surrit.com
https://missav123.com/dm99/en/ipx-974-uncensored-leak,,https://surrit.com/286bc129-e178-41e2-b91e-ecc882ec650d/playlist.m3u8,playlist,surrit.com
https://missav123.com/en/abf-083-uncensored-leak,,https://surrit.com/79f59184-489c-4def-a912-db741cc57706/1080p/video.m3u8,1080p,surrit.com
https://missav123.com/en/abf-083-uncensored-leak,,https://surrit.com/79f59184-489c-4def-a912-db741cc57706/720p/video.m3u8,720p,surrit.com
https://missav123.com/en/abf-083-uncensored-leak,,https://surrit.com/79f59184-489c-4def-a912-db741cc57706/playlist.m3u8,playlist,surrit.com
https://missav123.com/en/abf-187-uncensored-leak,,https://surrit.com/b0748bca-40f7-4433-8d59-aea5a94fa20e/1080p/video.m3u8,1080p,surrit.com
https://missav123.com/en/abf-187-uncensored-leak,,https://surrit.com/b0748bca-40f7-4433-8d59-aea5a94fa20e/720p/video.m3u8,720p,surrit.com
https://missav123.com/en/abf-187-uncensored-leak,,https://surrit.com/b0748bca-40f7-4433-8d59-aea5a94fa20e/playlist.m3u8,playlist,surrit.com
https://missav123.com/en/abf-223-english-subtitle,,https://surrit.com/ac272383-17e0-4107-86f0-71fe4c1dcf30/1080p/video.m3u8,1080p,surrit.com
https://missav123.com/en/abf-223-english-subtitle,,https://surrit.com/ac272383-17e0-4107-86f0-71fe4c1dcf30/720p/video.m3u8,720p,surrit.com
https://missav123.com/en/abf-223-english-subtitle,,https://surrit.com/ac272383-17e0-4107-86f0-71fe4c1dcf30/playlist.m3u8,playlist,surrit.com
https://missav123.com/en/abf-226-english-subtitle,,https://surrit.com/fff1c2af-e685-4bca-8aa4-9345e88c7bf2/1080p/video.m3u8,1080p,surrit.com
https://missav123.com/en/abf-226-english-subtitle,,https://surrit.com/fff1c2af-e685-4bca-8aa4-9345e88c7bf2/720p/video.m3u8,720p,surrit.com
https://missav123.com/en/abf-226-english-subtitle,,https://surrit.com/fff1c2af-e685-4bca-8aa4-9345e88c7bf2/playlist.m3u8,playlist,surrit.com
https://missav123.com/en/adn-655-english-subtitle,,https://surrit.com/4373b90e-012a-40bc-a4f4-014fd160155e/1080p/video.m3u8,1080p,surrit.com
https://missav123.com/en/adn-655-english-subtitle,,https://surrit.com/4373b90e-012a-40bc-a4f4-014fd160155e/720p/video.m3u8,720p,surrit.com
https://missav123.com/en/adn-655-english-subtitle,,https://surrit.com/4373b90e-012a-40bc-a4f4-014fd160155e/playlist.m3u8,playlist,surrit.com
https://missav123.com/en/adn-659-english-subtitle,,https://surrit.com/75208269-328e-489a-a849-8e2af4e0ebaf/1080p/video.m3u8,1080p,surrit.com
https://missav123.com/en/adn-659-english-subtitle,,https://surrit.com/75208269-328e-489a-a849-8e2af4e0ebaf/720p/video.m3u8,720p,surrit.com
https://missav123.com/en/adn-659-english-subtitle,,https://surrit.com/75208269-328e-489a-a849-8e2af4e0ebaf/playlist.m3u8,playlist,surrit.com
https://missav123.com/en/adn-663-uncensored-leak,,https://surrit.com/e3e0878f-3607-42ee-95e1-1eda571d961a/1080p/video.m3u8,1080p,surrit.com
https://missav123.com/en/adn-663-uncensored-leak,,https://surrit.com/e3e0878f-3607-42ee-95e1-1eda571d961a/720p/video.m3u8,720p,surrit.com
https://missav123.com/en/adn-663-uncensored-leak,,https://surrit.com/e3e0878f-3607-42ee-95e1-1eda571d961a/playlist.m3u8,playlist,surrit.com
https://missav123.com/en/adn-664-english-subtitle,,https://surrit.com/ded092d8-a6ba-463d-9851-e2b9e38e711d/1080p/video.m3u8,1080p,surrit.com
https://missav123.com/en/adn-664-english-subtitle,,https://surrit.com/ded092d8-a6ba-463d-9851-e2b9e38e711d/720p/video.m3u8,720p,surrit.com
https://missav123.com/en/adn-664-english-subtitle,,https://surrit.com/ded092d8-a6ba-463d-9851-e2b9e38e711d/playlist.m3u8,playlist,surrit.com
https://missav123.com/en/adn-677-english-subtitle,,https://surrit.com/cd34375a-fe42-48d0-b309-4ba446cd0476/1080p/video.m3u8,1080p,surrit.com
https://missav123.com/en/adn-677-english-subtitle,,https://surrit.com/cd34375a-fe42-48d0-b309-4ba446cd0476/720p/video.m3u8,720p,surrit.com
https://missav123.com/en/adn-677-english-subtitle,,https://surrit.com/cd34375a-fe42-48d0-b309-4ba446cd0476/playlist.m3u8,playlist,surrit.com
https://missav123.com/en/adn-678-english-subtitle,,https://surrit.com/29f8c845-0aff-4e2c-883d-1f4fd5c557ad/1080p/video.m3u8,1080p,surrit.com
https://missav123.com/en/adn-678-english-subtitle,,https://surrit.com/29f8c845-0aff-4e2c-883d-1f4fd5c557ad/720p/video.m3u8,720p,surrit.com
https://missav123.com/en/adn-678-english-subtitle,,https://surrit.com/29f8c845-0aff-4e2c-883d-1f4fd5c557ad/playlist.m3u8,playlist,surrit.com
https://missav123.com/en/adn-684-english-subtitle,,https://surrit.com/849ce327-d482-4017-ba03-aa21ea39fed7/1080p/video.m3u8,1080p,surrit.com
https://missav123.com/en/adn-684-english-subtitle,,https://surrit.com/849ce327-d482-4017-ba03-aa21ea39fed7/720p/video.m3u8,720p,surrit.com
https://missav123.com/en/adn-684-english-subtitle,,https://surrit.com/849ce327-d482-4017-ba03-aa21ea39fed7/playlist.m3u8,playlist,surrit.com
https://missav123.com/en/dass-572-uncensored-leak,,https://surrit.com/cc43aeef-5a2e-4c77-bb17-998dea81ef9c/1080p/video.m3u8,1080p,surrit.com
https://missav123.com/en/dass-572-uncensored-leak,,https://surrit.com/cc43aeef-5a2e-4c77-bb17-998dea81ef9c/720p/video.m3u8,720p,surrit.com
https://missav123.com/en/dass-572-uncensored-leak,,https://surrit.com/cc43aeef-5a2e-4c77-bb17-998dea81ef9c/playlist.m3u8,playlist,surrit.com
https://missav123.com/en/dass-601-uncensored-leak,,https://surrit.com/d26c727e-4b85-44a1-b9c8-78e39246613c/1080p/video.m3u8,1080p,surrit.com
https://missav123.com/en/dass-601-uncensored-leak,,https://surrit.com/d26c727e-4b85-44a1-b9c8-78e39246613c/720p/video.m3u8,720p,surrit.com
https://missav123.com/en/dass-601-uncensored-leak,,https://surrit.com/d26c727e-4b85-44a1-b9c8-78e39246613c/playlist.m3u8,playlist,surrit.com
https://missav123.com/en/dldss-529,dldss-529,https://surrit.com/42789c7e-025e-4e77-8845-bd7a310263b7/1080p/video.m3u8,1080p,surrit.com
https://missav123.com/en/dldss-529,dldss-529,https://surrit.com/42789c7e-025e-4e77-8845-bd7a310263b7/720p/video.m3u8,720p,surrit.com
https://missav123.com/en/dldss-529,dldss-529,https://surrit.com/42789c7e-025e-4e77-8845-bd7a310263b7/playlist.m3u8,playlist,surrit.com
https://missav123.com/en/dldss-531-uncensored-leak,,https://surrit.com/6b7289b7-39fe-4e9e-92f3-87c5b459d958/1080p/video.m3u8,1080p,surrit.com
https://missav123.com/en/dldss-531-uncensored-leak,,https://surrit.com/6b7289b7-39fe-4e9e-92f3-87c5b459d958/720p/video.m3u8,720p,surrit.com
https://missav123.com/en/dldss-531-uncensored-leak,,https://surrit.com/6b7289b7-39fe-4e9e-92f3-87c5b459d958/playlist.m3u8,playlist,surrit.com
https://missav123.com/en/dldss-544-uncensored-leak,,https://surrit.com/e88d6ab0-3d87-4b94-9493-c58fff72e880/1080p/video.m3u8,1080p,surrit.com
https://missav123.com/en/dldss-544-uncensored-leak,,https://surrit.com/e88d6ab0-3d87-4b94-9493-c58fff72e880/720p/video.m3u8,720p,surrit.com
https://missav123.com/en/dldss-544-uncensored-leak,,https://surrit.com/e88d6ab0-3d87-4b94-9493-c58fff72e880/playlist.m3u8,playlist,surrit.com
https://missav123.com/en/dvaj-454-english-subtitle,,https://surrit.com/9d2aae8f-818a-45cf-8e98-7280a1811200/720p/video.m3u8,720p,surrit.com
https://missav123.com/en/dvaj-454-english-subtitle,,https://surrit.com/9d2aae8f-818a-45cf-8e98-7280a1811200/playlist.m3u8,playlist,surrit.com
https://missav123.com/en/dvaj-509-uncensored-leak,,https://surrit.com/d9eb3e1b-5fb0-4c33-bf03-795d587a804f/1080p/video.m3u8,1080p,surrit.com
https://missav123.com/en/dvaj-509-uncensored-leak,,https://surrit.com/d9eb3e1b-5fb0-4c33-bf03-795d587a804f/720p/video.m3u8,720p,surrit.com
https://missav123.com/en/dvaj-509-uncensored-leak,,https://surrit.com/d9eb3e1b-5fb0-4c33-bf03-795d587a804f/playlist.m3u8,playlist,surrit.com
https://missav123.com/en/dvmm-231-english-subtitle,,https://surrit.com/f57976f6-754b-4579-970a-2aaa200ca34e/1080p/video.m3u8,1080p,surrit.com
https://missav123.com/en/dvmm-231-english-subtitle,,https://surrit.com/f57976f6-754b-4579-970a-2aaa200ca34e/720p/video.m3u8,720p,surrit.com
https://missav123.com/en/dvmm-231-english-subtitle,,https://surrit.com/f57976f6-754b-4579-970a-2aaa200ca34e/playlist.m3u8,playlist,surrit.com
https://missav123.com/en/dvmm-232-english-subtitle,,https://surrit.com/e0eda781-0590-4bda-8e98-3f0c1c81e1fe/720p/video.m3u8,720p,surrit.com
https://missav123.com/en/dvmm-232-english-subtitle,,https://surrit.com/e0eda781-0590-4bda-8e98-3f0c1c81e1fe/playlist.m3u8,playlist,surrit.com
https://missav123.com/en/erofv-388-uncensored-leak,,https://surrit.com/fb955fee-77ee-4704-9a34-df547c260542/1080p/video.m3u8,1080p,surrit.com
https://missav123.com/en/erofv-388-uncensored-leak,,https://surrit.com/fb955fee-77ee-4704-9a34-df547c260542/720p/video.m3u8,720p,surrit.com
https://missav123.com/en/erofv-388-uncensored-leak,,https://surrit.com/fb955fee-77ee-4704-9a34-df547c260542/playlist.m3u8,playlist,surrit.com
https://missav123.com/en/fc2-ppv-4950367,,https://surrit.com/2363b0cf-3abf-40c4-a25b-62969028b77f/1080p/video.m3u8,1080p,surrit.com
https://missav123.com/en/fc2-ppv-4950367,,https://surrit.com/2363b0cf-3abf-40c4-a25b-62969028b77f/720p/video.m3u8,720p,surrit.com
https://missav123.com/en/fc2-ppv-4950367,,https://surrit.com/2363b0cf-3abf-40c4-a25b-62969028b77f/playlist.m3u8,playlist,surrit.com
https://missav123.com/en/fc2-ppv-4966648,,https://surrit.com/3987f192-9e3b-43b6-bd73-b8f176eaa49b/720p/video.m3u8,720p,surrit.com
https://missav123.com/en/fc2-ppv-4966648,,https://surrit.com/3987f192-9e3b-43b6-bd73-b8f176eaa49b/playlist.m3u8,playlist,surrit.com
https://missav123.com/en/fc2-ppv-4966713,,https://surrit.com/ea9546eb-ab20-4fbd-8a7e-2cc2efa6b729/720p/video.m3u8,720p,surrit.com
https://missav123.com/en/fc2-ppv-4966713,,https://surrit.com/ea9546eb-ab20-4fbd-8a7e-2cc2efa6b729/playlist.m3u8,playlist,surrit.com
https://missav123.com/en/fc2-ppv-4966721,,https://surrit.com/ea956e79-85a1-4529-8487-24d6f8907cda/720p/video.m3u8,720p,surrit.com
https://missav123.com/en/fc2-ppv-4966721,,https://surrit.com/ea956e79-85a1-4529-8487-24d6f8907cda/playlist.m3u8,playlist,surrit.com
https://missav123.com/en/fc2-ppv-4966748,,https://surrit.com/a2c91ae4-9a0d-4ba9-a7ac-63270c7b8f17/720p/video.m3u8,720p,surrit.com
https://missav123.com/en/fc2-ppv-4966748,,https://surrit.com/a2c91ae4-9a0d-4ba9-a7ac-63270c7b8f17/playlist.m3u8,playlist,surrit.com
https://missav123.com/en/fc2-ppv-4966790,,https://surrit.com/6687ecec-8ec3-47ba-9f3e-9fc141953b7e/720p/video.m3u8,720p,surrit.com
https://missav123.com/en/fc2-ppv-4966790,,https://surrit.com/6687ecec-8ec3-47ba-9f3e-9fc141953b7e/playlist.m3u8,playlist,surrit.com
https://missav123.com/en/fc2-ppv-4967334,,https://surrit.com/0681df9a-de2e-418c-88f9-2f7f92c05188/720p/video.m3u8,720p,surrit.com
https://missav123.com/en/fc2-ppv-4967334,,https://surrit.com/0681df9a-de2e-418c-88f9-2f7f92c05188/playlist.m3u8,playlist,surrit.com
https://missav123.com/en/fc2-ppv-4967607,,https://surrit.com/e4ec6ab6-ddf3-4836-b9bf-25a73674a812/720p/video.m3u8,720p,surrit.com
https://missav123.com/en/fc2-ppv-4967607,,https://surrit.com/e4ec6ab6-ddf3-4836-b9bf-25a73674a812/playlist.m3u8,playlist,surrit.com
https://missav123.com/en/fc2-ppv-4967851,,https://surrit.com/844a1921-8f2a-4b42-b69f-5bb5cb6efd71/720p/video.m3u8,720p,surrit.com
https://missav123.com/en/fc2-ppv-4967851,,https://surrit.com/844a1921-8f2a-4b42-b69f-5bb5cb6efd71/playlist.m3u8,playlist,surrit.com
https://missav123.com/en/fc2-ppv-4967987,,https://surrit.com/68205cb4-823c-4a08-a172-cf78f0ff21d2/720p/video.m3u8,720p,surrit.com
https://missav123.com/en/fc2-ppv-4967987,,https://surrit.com/68205cb4-823c-4a08-a172-cf78f0ff21d2/playlist.m3u8,playlist,surrit.com
https://missav123.com/en/fc2-ppv-4967991,,https://surrit.com/e2aac553-4507-4048-b1ea-e1c0f899aa62/720p/video.m3u8,720p,surrit.com
https://missav123.com/en/fc2-ppv-4967991,,https://surrit.com/e2aac553-4507-4048-b1ea-e1c0f899aa62/playlist.m3u8,playlist,surrit.com
https://missav123.com/en/fc2-ppv-4968345,,https://surrit.com/46395311-8ad4-491f-aa04-6c9673c5980b/720p/video.m3u8,720p,surrit.com
https://missav123.com/en/fc2-ppv-4968345,,https://surrit.com/46395311-8ad4-491f-aa04-6c9673c5980b/playlist.m3u8,playlist,surrit.com
https://missav123.com/en/fc2-ppv-4968460,,https://surrit.com/ede4fa1b-921d-4a5b-8454-6788ffa26d4f/720p/video.m3u8,720p,surrit.com
https://missav123.com/en/fc2-ppv-4968460,,https://surrit.com/ede4fa1b-921d-4a5b-8454-6788ffa26d4f/playlist.m3u8,playlist,surrit.com
https://missav123.com/en/fc2-ppv-4968470,,https://surrit.com/4d196f4f-d201-49d1-86cf-432dbbfe3233/720p/video.m3u8,720p,surrit.com
https://missav123.com/en/fc2-ppv-4968470,,https://surrit.com/4d196f4f-d201-49d1-86cf-432dbbfe3233/playlist.m3u8,playlist,surrit.com
https://missav123.com/en/fc2-ppv-4968567,,https://surrit.com/132e9759-14d4-431f-9515-62135d3aea7e/720p/video.m3u8,720p,surrit.com
https://missav123.com/en/fc2-ppv-4968567,,https://surrit.com/132e9759-14d4-431f-9515-62135d3aea7e/playlist.m3u8,playlist,surrit.com
https://missav123.com/en/fc2-ppv-4968579,,https://surrit.com/f65e09f8-af13-4153-a14b-fae6809f26a7/720p/video.m3u8,720p,surrit.com
https://missav123.com/en/fc2-ppv-4968579,,https://surrit.com/f65e09f8-af13-4153-a14b-fae6809f26a7/playlist.m3u8,playlist,surrit.com
https://missav123.com/en/fc2-ppv-4968593,,https://surrit.com/7b464ccd-80ec-4db8-a84a-1710bbda4e86/720p/video.m3u8,720p,surrit.com
https://missav123.com/en/fc2-ppv-4968593,,https://surrit.com/7b464ccd-80ec-4db8-a84a-1710bbda4e86/playlist.m3u8,playlist,surrit.com
https://missav123.com/en/fc2-ppv-4968609,,https://surrit.com/353c213c-bd81-4781-aae6-57791cb1b68a/720p/video.m3u8,720p,surrit.com
https://missav123.com/en/fc2-ppv-4968609,,https://surrit.com/353c213c-bd81-4781-aae6-57791cb1b68a/playlist.m3u8,playlist,surrit.com
https://missav123.com/en/fc2-ppv-4968610,,https://surrit.com/a263ab9c-f104-4ed1-9829-e3c2702bf127/720p/video.m3u8,720p,surrit.com
https://missav123.com/en/fc2-ppv-4968610,,https://surrit.com/a263ab9c-f104-4ed1-9829-e3c2702bf127/playlist.m3u8,playlist,surrit.com
https://missav123.com/en/fc2-ppv-4968748,,https://surrit.com/9369201e-0b04-4bce-bce3-0fc4094471ed/720p/video.m3u8,720p,surrit.com
https://missav123.com/en/fc2-ppv-4968748,,https://surrit.com/9369201e-0b04-4bce-bce3-0fc4094471ed/playlist.m3u8,playlist,surrit.com
https://missav123.com/en/fc2-ppv-4968831,,https://surrit.com/44446517-1c8d-4fce-b64a-48b337f42530/720p/video.m3u8,720p,surrit.com
https://missav123.com/en/fc2-ppv-4968831,,https://surrit.com/44446517-1c8d-4fce-b64a-48b337f42530/playlist.m3u8,playlist,surrit.com
https://missav123.com/en/fc2-ppv-4968908,,https://surrit.com/740b525a-25b9-4192-9074-06bab2c2b5fe/720p/video.m3u8,720p,surrit.com
https://missav123.com/en/fc2-ppv-4968908,,https://surrit.com/740b525a-25b9-4192-9074-06bab2c2b5fe/playlist.m3u8,playlist,surrit.com
https://missav123.com/en/fc2-ppv-4968930,,https://surrit.com/4aa4bf5c-b463-4691-bb03-16064fa4c378/720p/video.m3u8,720p,surrit.com
https://missav123.com/en/fc2-ppv-4968930,,https://surrit.com/4aa4bf5c-b463-4691-bb03-16064fa4c378/playlist.m3u8,playlist,surrit.com
https://missav123.com/en/fc2-ppv-4968961,,https://surrit.com/f14c66be-71a8-4f55-8a9c-4e02b18de03c/720p/video.m3u8,720p,surrit.com
https://missav123.com/en/fc2-ppv-4968961,,https://surrit.com/f14c66be-71a8-4f55-8a9c-4e02b18de03c/playlist.m3u8,playlist,surrit.com
https://missav123.com/en/fc2-ppv-4969038,,https://surrit.com/469a521c-9557-41d1-99c4-abc619fc7bfe/1080p/video.m3u8,1080p,surrit.com
https://missav123.com/en/fc2-ppv-4969038,,https://surrit.com/469a521c-9557-41d1-99c4-abc619fc7bfe/720p/video.m3u8,720p,surrit.com
https://missav123.com/en/fc2-ppv-4969038,,https://surrit.com/469a521c-9557-41d1-99c4-abc619fc7bfe/playlist.m3u8,playlist,surrit.com
https://missav123.com/en/fc2-ppv-4969139,,https://surrit.com/c0890421-f6d1-4964-8ee5-48849eb6e404/720p/video.m3u8,720p,surrit.com
https://missav123.com/en/fc2-ppv-4969139,,https://surrit.com/c0890421-f6d1-4964-8ee5-48849eb6e404/playlist.m3u8,playlist,surrit.com
https://missav123.com/en/fc2-ppv-4969233,,https://surrit.com/712811a5-d574-4987-8404-4f81366bdcc2/720p/video.m3u8,720p,surrit.com
https://missav123.com/en/fc2-ppv-4969233,,https://surrit.com/712811a5-d574-4987-8404-4f81366bdcc2/playlist.m3u8,playlist,surrit.com
https://missav123.com/en/fc2-ppv-4969287,,https://surrit.com/075554c4-1873-4e69-864b-b50e9225de09/1080p/video.m3u8,1080p,surrit.com
https://missav123.com/en/fc2-ppv-4969287,,https://surrit.com/075554c4-1873-4e69-864b-b50e9225de09/720p/video.m3u8,720p,surrit.com
https://missav123.com/en/fc2-ppv-4969287,,https://surrit.com/075554c4-1873-4e69-864b-b50e9225de09/playlist.m3u8,playlist,surrit.com
https://missav123.com/en/fc2-ppv-4969402,,https://surrit.com/fab8e7aa-e29a-476b-8625-af06001e521c/480p/video.m3u8,480p,surrit.com
https://missav123.com/en/fc2-ppv-4969402,,https://surrit.com/fab8e7aa-e29a-476b-8625-af06001e521c/playlist.m3u8,playlist,surrit.com
https://missav123.com/en/fc2-ppv-4969417,,https://surrit.com/fa20be2e-66e9-4c60-913e-1776f2b5dc46/720p/video.m3u8,720p,surrit.com
https://missav123.com/en/fc2-ppv-4969417,,https://surrit.com/fa20be2e-66e9-4c60-913e-1776f2b5dc46/playlist.m3u8,playlist,surrit.com
https://missav123.com/en/fc2-ppv-4969688,,https://surrit.com/35c1e244-8c44-4f2e-862a-1b0d59f563cd/1080p/video.m3u8,1080p,surrit.com
https://missav123.com/en/fc2-ppv-4969688,,https://surrit.com/35c1e244-8c44-4f2e-862a-1b0d59f563cd/720p/video.m3u8,720p,surrit.com
https://missav123.com/en/fc2-ppv-4969688,,https://surrit.com/35c1e244-8c44-4f2e-862a-1b0d59f563cd/playlist.m3u8,playlist,surrit.com
https://missav123.com/en/fc2-ppv-4970326,,https://surrit.com/bd685fd2-4288-436b-9da2-63b70d78d42d/720p/video.m3u8,720p,surrit.com
https://missav123.com/en/fc2-ppv-4970326,,https://surrit.com/bd685fd2-4288-436b-9da2-63b70d78d42d/playlist.m3u8,playlist,surrit.com
https://missav123.com/en/fc2-ppv-4970529,,https://surrit.com/bbbf9f28-03ca-4f4f-b2af-e3bf8639ff42/720p/video.m3u8,720p,surrit.com
https://missav123.com/en/fc2-ppv-4970529,,https://surrit.com/bbbf9f28-03ca-4f4f-b2af-e3bf8639ff42/playlist.m3u8,playlist,surrit.com
https://missav123.com/en/fc2-ppv-4970542,,https://surrit.com/efbbff1f-2cbf-456b-8f36-5e11f9d9c57a/720p/video.m3u8,720p,surrit.com
https://missav123.com/en/fc2-ppv-4970542,,https://surrit.com/efbbff1f-2cbf-456b-8f36-5e11f9d9c57a/playlist.m3u8,playlist,surrit.com
https://missav123.com/en/fc2-ppv-4970936,,https://surrit.com/86e3d3ab-a432-4522-ba2b-4e579fb951be/720p/video.m3u8,720p,surrit.com
https://missav123.com/en/fc2-ppv-4970936,,https://surrit.com/86e3d3ab-a432-4522-ba2b-4e579fb951be/playlist.m3u8,playlist,surrit.com
https://missav123.com/en/fc2-ppv-4970967,,https://surrit.com/f090174f-16b2-442f-9e5d-659c87dfde76/720p/video.m3u8,720p,surrit.com
https://missav123.com/en/fc2-ppv-4970967,,https://surrit.com/f090174f-16b2-442f-9e5d-659c87dfde76/playlist.m3u8,playlist,surrit.com
https://missav123.com/en/fc2-ppv-4971063,,https://surrit.com/86275563-ce3d-4928-b10b-bae5d5561a9c/720p/video.m3u8,720p,surrit.com
https://missav123.com/en/fc2-ppv-4971063,,https://surrit.com/86275563-ce3d-4928-b10b-bae5d5561a9c/playlist.m3u8,playlist,surrit.com
https://missav123.com/en/fc2-ppv-4971080,,https://surrit.com/e2621758-9364-4271-a585-ac1f736f892d/720p/video.m3u8,720p,surrit.com
https://missav123.com/en/fc2-ppv-4971080,,https://surrit.com/e2621758-9364-4271-a585-ac1f736f892d/playlist.m3u8,playlist,surrit.com
https://missav123.com/en/fc2-ppv-4971473,,https://surrit.com/99569094-f87c-421b-a791-09a6f7922f83/720p/video.m3u8,720p,surrit.com
https://missav123.com/en/fc2-ppv-4971473,,https://surrit.com/99569094-f87c-421b-a791-09a6f7922f83/playlist.m3u8,playlist,surrit.com
https://missav123.com/en/fc2-ppv-4971535,,https://surrit.com/5a4e91e5-54f4-4236-9e8c-9b5529e26517/1080p/video.m3u8,1080p,surrit.com
https://missav123.com/en/fc2-ppv-4971535,,https://surrit.com/5a4e91e5-54f4-4236-9e8c-9b5529e26517/720p/video.m3u8,720p,surrit.com
https://missav123.com/en/fc2-ppv-4971535,,https://surrit.com/5a4e91e5-54f4-4236-9e8c-9b5529e26517/playlist.m3u8,playlist,surrit.com
https://missav123.com/en/fc2-ppv-4971615,,https://surrit.com/4bb14b20-dc3f-4b0f-b82e-4a970fd1dbe4/720p/video.m3u8,720p,surrit.com
https://missav123.com/en/fc2-ppv-4971615,,https://surrit.com/4bb14b20-dc3f-4b0f-b82e-4a970fd1dbe4/playlist.m3u8,playlist,surrit.com
https://missav123.com/en/fns-252-uncensored-leak,,https://surrit.com/a5aa9265-186f-4bac-b81e-755071b368d0/1080p/video.m3u8,1080p,surrit.com
https://missav123.com/en/fns-252-uncensored-leak,,https://surrit.com/a5aa9265-186f-4bac-b81e-755071b368d0/720p/video.m3u8,720p,surrit.com
https://missav123.com/en/fns-252-uncensored-leak,,https://surrit.com/a5aa9265-186f-4bac-b81e-755071b368d0/playlist.m3u8,playlist,surrit.com
https://missav123.com/en/fsdss-687-uncensored-leak,,https://surrit.com/ed2f60af-e8b6-4761-bba0-5a0e5863e2a3/1280x720/video.m3u8,720p,surrit.com
https://missav123.com/en/fsdss-687-uncensored-leak,,https://surrit.com/ed2f60af-e8b6-4761-bba0-5a0e5863e2a3/842x480/video.m3u8,480p,surrit.com
https://missav123.com/en/fsdss-687-uncensored-leak,,https://surrit.com/ed2f60af-e8b6-4761-bba0-5a0e5863e2a3/playlist.m3u8,playlist,surrit.com
https://missav123.com/en/fsdss-856-uncensored-leak,,https://surrit.com/2c4bd602-2cfe-4b6a-b76f-301cdf59e8b5/1080p/video.m3u8,1080p,surrit.com
https://missav123.com/en/fsdss-856-uncensored-leak,,https://surrit.com/2c4bd602-2cfe-4b6a-b76f-301cdf59e8b5/720p/video.m3u8,720p,surrit.com
https://missav123.com/en/fsdss-856-uncensored-leak,,https://surrit.com/2c4bd602-2cfe-4b6a-b76f-301cdf59e8b5/playlist.m3u8,playlist,surrit.com
https://missav123.com/en/fsdss-913-uncensored-leak,,https://surrit.com/0313dd4f-b969-45a2-8762-0c9c1b67dd7a/1080p/video.m3u8,1080p,surrit.com
https://missav123.com/en/fsdss-913-uncensored-leak,,https://surrit.com/0313dd4f-b969-45a2-8762-0c9c1b67dd7a/720p/video.m3u8,720p,surrit.com
https://missav123.com/en/fsdss-913-uncensored-leak,,https://surrit.com/0313dd4f-b969-45a2-8762-0c9c1b67dd7a/playlist.m3u8,playlist,surrit.com
https://missav123.com/en/fsdss-918-uncensored-leak,,https://surrit.com/d549be51-d76d-4eb6-b536-ff35b76758f2/1080p/video.m3u8,1080p,surrit.com
https://missav123.com/en/fsdss-918-uncensored-leak,,https://surrit.com/d549be51-d76d-4eb6-b536-ff35b76758f2/720p/video.m3u8,720p,surrit.com
https://missav123.com/en/fsdss-918-uncensored-leak,,https://surrit.com/d549be51-d76d-4eb6-b536-ff35b76758f2/playlist.m3u8,playlist,surrit.com
https://missav123.com/en/ftht-350-uncensored-leak,,https://surrit.com/383adac1-ca79-48dc-a582-69e39a2e34ac/1080p/video.m3u8,1080p,surrit.com
https://missav123.com/en/ftht-350-uncensored-leak,,https://surrit.com/383adac1-ca79-48dc-a582-69e39a2e34ac/720p/video.m3u8,720p,surrit.com
https://missav123.com/en/ftht-350-uncensored-leak,,https://surrit.com/383adac1-ca79-48dc-a582-69e39a2e34ac/playlist.m3u8,playlist,surrit.com
https://missav123.com/en/ftht-351-uncensored-leak,,https://surrit.com/3532c9b1-aa71-4ef8-bb8e-8b18ef84b221/1080p/video.m3u8,1080p,surrit.com
https://missav123.com/en/ftht-351-uncensored-leak,,https://surrit.com/3532c9b1-aa71-4ef8-bb8e-8b18ef84b221/720p/video.m3u8,720p,surrit.com
https://missav123.com/en/ftht-351-uncensored-leak,,https://surrit.com/3532c9b1-aa71-4ef8-bb8e-8b18ef84b221/playlist.m3u8,playlist,surrit.com
https://missav123.com/en/fthtd-192-uncensored-leak,,https://surrit.com/7a691c70-6be8-432e-a88d-34a18c705b86/1080p/video.m3u8,1080p,surrit.com
https://missav123.com/en/fthtd-192-uncensored-leak,,https://surrit.com/7a691c70-6be8-432e-a88d-34a18c705b86/720p/video.m3u8,720p,surrit.com
https://missav123.com/en/fthtd-192-uncensored-leak,,https://surrit.com/7a691c70-6be8-432e-a88d-34a18c705b86/playlist.m3u8,playlist,surrit.com
https://missav123.com/en/fthtd-193-uncensored-leak,,https://surrit.com/70c19177-3af4-448f-b2ff-9d5a4f7ea943/1080p/video.m3u8,1080p,surrit.com
https://missav123.com/en/fthtd-193-uncensored-leak,,https://surrit.com/70c19177-3af4-448f-b2ff-9d5a4f7ea943/720p/video.m3u8,720p,surrit.com
https://missav123.com/en/fthtd-193-uncensored-leak,,https://surrit.com/70c19177-3af4-448f-b2ff-9d5a4f7ea943/playlist.m3u8,playlist,surrit.com
https://missav123.com/en/fthtd-216-uncensored-leak,,https://surrit.com/c19e47cb-7c79-4fdd-ad80-57af6757a992/1080p/video.m3u8,1080p,surrit.com
https://missav123.com/en/fthtd-216-uncensored-leak,,https://surrit.com/c19e47cb-7c79-4fdd-ad80-57af6757a992/720p/video.m3u8,720p,surrit.com
https://missav123.com/en/fthtd-216-uncensored-leak,,https://surrit.com/c19e47cb-7c79-4fdd-ad80-57af6757a992/playlist.m3u8,playlist,surrit.com
https://missav123.com/en/gana-3426-uncensored-leak,,https://surrit.com/32264086-73a3-4687-9dcf-458219c5dd26/1080p/video.m3u8,1080p,surrit.com
https://missav123.com/en/gana-3426-uncensored-leak,,https://surrit.com/32264086-73a3-4687-9dcf-458219c5dd26/720p/video.m3u8,720p,surrit.com
https://missav123.com/en/gana-3426-uncensored-leak,,https://surrit.com/32264086-73a3-4687-9dcf-458219c5dd26/playlist.m3u8,playlist,surrit.com
https://missav123.com/en/gana-3437-uncensored-leak,,https://surrit.com/3e1ca7ae-4dd6-44d8-8b20-711df677c94a/1080p/video.m3u8,1080p,surrit.com
https://missav123.com/en/gana-3437-uncensored-leak,,https://surrit.com/3e1ca7ae-4dd6-44d8-8b20-711df677c94a/720p/video.m3u8,720p,surrit.com
https://missav123.com/en/gana-3437-uncensored-leak,,https://surrit.com/3e1ca7ae-4dd6-44d8-8b20-711df677c94a/playlist.m3u8,playlist,surrit.com
https://missav123.com/en/gana-3454,gana-3454,https://surrit.com/b659b6d7-7d4a-4302-908f-2c621ecd48b1/720p/video.m3u8,720p,surrit.com
https://missav123.com/en/gana-3454,gana-3454,https://surrit.com/b659b6d7-7d4a-4302-908f-2c621ecd48b1/playlist.m3u8,playlist,surrit.com
https://missav123.com/en/gana-3459-uncensored-leak,,https://surrit.com/2f0df0f7-b4ea-4298-b974-1be3611c6849/1080p/video.m3u8,1080p,surrit.com
https://missav123.com/en/gana-3459-uncensored-leak,,https://surrit.com/2f0df0f7-b4ea-4298-b974-1be3611c6849/720p/video.m3u8,720p,surrit.com
https://missav123.com/en/gana-3459-uncensored-leak,,https://surrit.com/2f0df0f7-b4ea-4298-b974-1be3611c6849/playlist.m3u8,playlist,surrit.com
https://missav123.com/en/gvh-873-uncensored-leak,,https://surrit.com/b4b7892d-4238-4de7-b9b3-77edd129fe0a/1080p/video.m3u8,1080p,surrit.com
https://missav123.com/en/gvh-873-uncensored-leak,,https://surrit.com/b4b7892d-4238-4de7-b9b3-77edd129fe0a/720p/video.m3u8,720p,surrit.com
https://missav123.com/en/gvh-873-uncensored-leak,,https://surrit.com/b4b7892d-4238-4de7-b9b3-77edd129fe0a/playlist.m3u8,playlist,surrit.com
https://missav123.com/en/gvh-875-uncensored-leak,,https://surrit.com/241252b8-2a32-4d74-a268-95b81e8ae0bf/1080p/video.m3u8,1080p,surrit.com
https://missav123.com/en/gvh-875-uncensored-leak,,https://surrit.com/241252b8-2a32-4d74-a268-95b81e8ae0bf/720p/video.m3u8,720p,surrit.com
https://missav123.com/en/gvh-875-uncensored-leak,,https://surrit.com/241252b8-2a32-4d74-a268-95b81e8ae0bf/playlist.m3u8,playlist,surrit.com
https://missav123.com/en/hbad-740,hbad-740,https://surrit.com/91b85937-22ee-4972-83b9-d83dc25f407c/720p/video.m3u8,720p,surrit.com
https://missav123.com/en/hbad-740,hbad-740,https://surrit.com/91b85937-22ee-4972-83b9-d83dc25f407c/playlist.m3u8,playlist,surrit.com
https://missav123.com/en/hhf-111,hhf-111,https://surrit.com/c732f448-7059-4dc0-950e-23763be2c2ce/720p/video.m3u8,720p,surrit.com
https://missav123.com/en/hhf-111,hhf-111,https://surrit.com/c732f448-7059-4dc0-950e-23763be2c2ce/playlist.m3u8,playlist,surrit.com
https://missav123.com/en/hjmo-676-uncensored-leak,,https://surrit.com/95c3e188-f3ab-438f-93e7-287646a6ad1f/1080p/video.m3u8,1080p,surrit.com
https://missav123.com/en/hjmo-676-uncensored-leak,,https://surrit.com/95c3e188-f3ab-438f-93e7-287646a6ad1f/720p/video.m3u8,720p,surrit.com
https://missav123.com/en/hjmo-676-uncensored-leak,,https://surrit.com/95c3e188-f3ab-438f-93e7-287646a6ad1f/playlist.m3u8,playlist,surrit.com
https://missav123.com/en/hmn-697-english-subtitle,,https://surrit.com/846e36c9-f258-433e-b09d-c938a178ea6d/1080p/video.m3u8,1080p,surrit.com
https://missav123.com/en/hmn-697-english-subtitle,,https://surrit.com/846e36c9-f258-433e-b09d-c938a178ea6d/720p/video.m3u8,720p,surrit.com
https://missav123.com/en/hmn-697-english-subtitle,,https://surrit.com/846e36c9-f258-433e-b09d-c938a178ea6d/playlist.m3u8,playlist,surrit.com
https://missav123.com/en/hnhu-217,hnhu-217,https://surrit.com/89600058-33cf-4b64-8621-42deba616852/1080p/video.m3u8,1080p,surrit.com
https://missav123.com/en/hnhu-217,hnhu-217,https://surrit.com/89600058-33cf-4b64-8621-42deba616852/720p/video.m3u8,720p,surrit.com
https://missav123.com/en/hnhu-217,hnhu-217,https://surrit.com/89600058-33cf-4b64-8621-42deba616852/playlist.m3u8,playlist,surrit.com
https://missav123.com/en/hsoda-060-uncensored-leak,,https://surrit.com/39d38d75-c119-4b35-8457-d919e49801ba/1080p/video.m3u8,1080p,surrit.com
https://missav123.com/en/hsoda-060-uncensored-leak,,https://surrit.com/39d38d75-c119-4b35-8457-d919e49801ba/720p/video.m3u8,720p,surrit.com
https://missav123.com/en/hsoda-060-uncensored-leak,,https://surrit.com/39d38d75-c119-4b35-8457-d919e49801ba/playlist.m3u8,playlist,surrit.com
https://missav123.com/en/hsoda-061-uncensored-leak,,https://surrit.com/4b3a5644-973b-4353-815d-10b702057919/1080p/video.m3u8,1080p,surrit.com
https://missav123.com/en/hsoda-061-uncensored-leak,,https://surrit.com/4b3a5644-973b-4353-815d-10b702057919/720p/video.m3u8,720p,surrit.com
https://missav123.com/en/hsoda-061-uncensored-leak,,https://surrit.com/4b3a5644-973b-4353-815d-10b702057919/playlist.m3u8,playlist,surrit.com
https://missav123.com/en/htms-119-english-subtitle,,https://surrit.com/733db06a-fb7d-4e66-b3f4-b6435f1f0f79/1080p/video.m3u8,1080p,surrit.com
https://missav123.com/en/htms-119-english-subtitle,,https://surrit.com/733db06a-fb7d-4e66-b3f4-b6435f1f0f79/720p/video.m3u8,720p,surrit.com
https://missav123.com/en/htms-119-english-subtitle,,https://surrit.com/733db06a-fb7d-4e66-b3f4-b6435f1f0f79/playlist.m3u8,playlist,surrit.com
https://missav123.com/en/huntc-278-uncensored-leak,,https://surrit.com/8fa6035f-4a57-4b42-9fd0-ac4c2adcec57/1080p/video.m3u8,1080p,surrit.com
https://missav123.com/en/huntc-278-uncensored-leak,,https://surrit.com/8fa6035f-4a57-4b42-9fd0-ac4c2adcec57/720p/video.m3u8,720p,surrit.com
https://missav123.com/en/huntc-278-uncensored-leak,,https://surrit.com/8fa6035f-4a57-4b42-9fd0-ac4c2adcec57/playlist.m3u8,playlist,surrit.com
https://missav123.com/en/huntc-489,huntc-489,https://surrit.com/b4d40304-96c2-41f0-b545-d8833a4dc90c/720p/video.m3u8,720p,surrit.com
https://missav123.com/en/huntc-489,huntc-489,https://surrit.com/b4d40304-96c2-41f0-b545-d8833a4dc90c/playlist.m3u8,playlist,surrit.com
https://missav123.com/en/huntc-509,huntc-509,https://surrit.com/27090f88-902d-4344-9a15-b960a8004f8c/720p/video.m3u8,720p,surrit.com
https://missav123.com/en/huntc-509,huntc-509,https://surrit.com/27090f88-902d-4344-9a15-b960a8004f8c/playlist.m3u8,playlist,surrit.com
https://missav123.com/en/huntc-540,huntc-540,https://surrit.com/60af7b51-6c0a-4840-a3d0-3fe33d52d25e/720p/video.m3u8,720p,surrit.com
https://missav123.com/en/huntc-540,huntc-540,https://surrit.com/60af7b51-6c0a-4840-a3d0-3fe33d52d25e/playlist.m3u8,playlist,surrit.com
https://missav123.com/en/huntc-557,huntc-557,https://surrit.com/94748955-f990-4f9c-9868-fd40e5845b98/720p/video.m3u8,720p,surrit.com
https://missav123.com/en/huntc-557,huntc-557,https://surrit.com/94748955-f990-4f9c-9868-fd40e5845b98/playlist.m3u8,playlist,surrit.com
https://missav123.com/en/huntc-601,huntc-601,https://surrit.com/22f9469f-b2fa-45be-9fad-052144c92652/720p/video.m3u8,720p,surrit.com
https://missav123.com/en/huntc-601,huntc-601,https://surrit.com/22f9469f-b2fa-45be-9fad-052144c92652/playlist.m3u8,playlist,surrit.com
https://missav123.com/en/huntc-626,huntc-626,https://surrit.com/6d928a1c-0a9b-4456-bb0e-e2de291e5715/720p/video.m3u8,720p,surrit.com
https://missav123.com/en/huntc-626,huntc-626,https://surrit.com/6d928a1c-0a9b-4456-bb0e-e2de291e5715/playlist.m3u8,playlist,surrit.com
https://missav123.com/en/huntc-656,huntc-656,https://surrit.com/91615ec1-463a-4ef8-a8e1-cb9cdeb99b6c/720p/video.m3u8,720p,surrit.com
https://missav123.com/en/huntc-656,huntc-656,https://surrit.com/91615ec1-463a-4ef8-a8e1-cb9cdeb99b6c/playlist.m3u8,playlist,surrit.com
https://missav123.com/en/huntc-667,huntc-667,https://surrit.com/43d89bf9-f386-4e70-8f15-7945ef9382c9/720p/video.m3u8,720p,surrit.com
https://missav123.com/en/huntc-667,huntc-667,https://surrit.com/43d89bf9-f386-4e70-8f15-7945ef9382c9/playlist.m3u8,playlist,surrit.com
https://missav123.com/en/hzgd-299-uncensored-leak,,https://surrit.com/bed0c5c6-1cf9-40a9-b823-b54eb8de90f8/1080p/video.m3u8,1080p,surrit.com
https://missav123.com/en/hzgd-299-uncensored-leak,,https://surrit.com/bed0c5c6-1cf9-40a9-b823-b54eb8de90f8/720p/video.m3u8,720p,surrit.com
https://missav123.com/en/hzgd-299-uncensored-leak,,https://surrit.com/bed0c5c6-1cf9-40a9-b823-b54eb8de90f8/playlist.m3u8,playlist,surrit.com
https://missav123.com/en/ipzz-497-uncensored-leak,,https://surrit.com/8a45920b-03b1-451a-a0eb-821810a57737/1080p/video.m3u8,1080p,surrit.com
https://missav123.com/en/ipzz-497-uncensored-leak,,https://surrit.com/8a45920b-03b1-451a-a0eb-821810a57737/720p/video.m3u8,720p,surrit.com
https://missav123.com/en/ipzz-497-uncensored-leak,,https://surrit.com/8a45920b-03b1-451a-a0eb-821810a57737/playlist.m3u8,playlist,surrit.com
https://missav123.com/en/ipzz-502-uncensored-leak,,https://surrit.com/88f3037d-73e1-4334-99cf-b361d28775c6/1080p/video.m3u8,1080p,surrit.com
https://missav123.com/en/ipzz-502-uncensored-leak,,https://surrit.com/88f3037d-73e1-4334-99cf-b361d28775c6/720p/video.m3u8,720p,surrit.com
https://missav123.com/en/ipzz-502-uncensored-leak,,https://surrit.com/88f3037d-73e1-4334-99cf-b361d28775c6/playlist.m3u8,playlist,surrit.com
https://missav123.com/en/ipzz-505-uncensored-leak,,https://surrit.com/6483b852-525b-4031-ac91-02637c063770/1080p/video.m3u8,1080p,surrit.com
https://missav123.com/en/ipzz-505-uncensored-leak,,https://surrit.com/6483b852-525b-4031-ac91-02637c063770/720p/video.m3u8,720p,surrit.com
https://missav123.com/en/ipzz-505-uncensored-leak,,https://surrit.com/6483b852-525b-4031-ac91-02637c063770/playlist.m3u8,playlist,surrit.com
https://missav123.com/en/ipzz-506-uncensored-leak,,https://surrit.com/e9fe4d81-df0c-4381-b1ae-dbafadf2150b/1080p/video.m3u8,1080p,surrit.com
https://missav123.com/en/ipzz-506-uncensored-leak,,https://surrit.com/e9fe4d81-df0c-4381-b1ae-dbafadf2150b/720p/video.m3u8,720p,surrit.com
https://missav123.com/en/ipzz-506-uncensored-leak,,https://surrit.com/e9fe4d81-df0c-4381-b1ae-dbafadf2150b/playlist.m3u8,playlist,surrit.com
https://missav123.com/en/ipzz-507-uncensored-leak,,https://surrit.com/cb8d49c1-0441-4965-8c0c-f15e87a1c07c/1080p/video.m3u8,1080p,surrit.com
https://missav123.com/en/ipzz-507-uncensored-leak,,https://surrit.com/cb8d49c1-0441-4965-8c0c-f15e87a1c07c/720p/video.m3u8,720p,surrit.com
https://missav123.com/en/ipzz-507-uncensored-leak,,https://surrit.com/cb8d49c1-0441-4965-8c0c-f15e87a1c07c/playlist.m3u8,playlist,surrit.com
https://missav123.com/en/ipzz-519-uncensored-leak,,https://surrit.com/1805bdaf-a6c3-4621-9967-8ab283087221/1080p/video.m3u8,1080p,surrit.com
https://missav123.com/en/ipzz-519-uncensored-leak,,https://surrit.com/1805bdaf-a6c3-4621-9967-8ab283087221/720p/video.m3u8,720p,surrit.com
https://missav123.com/en/ipzz-519-uncensored-leak,,https://surrit.com/1805bdaf-a6c3-4621-9967-8ab283087221/playlist.m3u8,playlist,surrit.com
https://missav123.com/en/ipzz-521-uncensored-leak,,https://surrit.com/56eaff1d-78ce-4a27-a1f3-37ef66f069ea/1080p/video.m3u8,1080p,surrit.com
https://missav123.com/en/ipzz-521-uncensored-leak,,https://surrit.com/56eaff1d-78ce-4a27-a1f3-37ef66f069ea/720p/video.m3u8,720p,surrit.com
https://missav123.com/en/ipzz-521-uncensored-leak,,https://surrit.com/56eaff1d-78ce-4a27-a1f3-37ef66f069ea/playlist.m3u8,playlist,surrit.com
https://missav123.com/en/ipzz-564-uncensored-leak,,https://surrit.com/596cffd8-065c-4e2a-a0e2-20affea1f39c/1080p/video.m3u8,1080p,surrit.com
https://missav123.com/en/ipzz-564-uncensored-leak,,https://surrit.com/596cffd8-065c-4e2a-a0e2-20affea1f39c/720p/video.m3u8,720p,surrit.com
https://missav123.com/en/ipzz-564-uncensored-leak,,https://surrit.com/596cffd8-065c-4e2a-a0e2-20affea1f39c/playlist.m3u8,playlist,surrit.com
https://missav123.com/en/ipzz-978,ipzz-978,https://surrit.com/59e834c8-2cb5-4822-bf3e-54e4cbea104d/720p/video.m3u8,720p,surrit.com
https://missav123.com/en/ipzz-978,ipzz-978,https://surrit.com/59e834c8-2cb5-4822-bf3e-54e4cbea104d/playlist.m3u8,playlist,surrit.com
https://missav123.com/en/jjee-006-english-subtitle,,https://surrit.com/ecf55294-29a7-41ca-bd7d-3ef778e85d53/1080p/video.m3u8,1080p,surrit.com
https://missav123.com/en/jjee-006-english-subtitle,,https://surrit.com/ecf55294-29a7-41ca-bd7d-3ef778e85d53/720p/video.m3u8,720p,surrit.com
https://missav123.com/en/jjee-006-english-subtitle,,https://surrit.com/ecf55294-29a7-41ca-bd7d-3ef778e85d53/playlist.m3u8,playlist,surrit.com
https://missav123.com/en/jnt-122-uncensored-leak,,https://surrit.com/edc42dc1-a2af-4ab5-9022-70eb2274ca74/1080p/video.m3u8,1080p,surrit.com
https://missav123.com/en/jnt-122-uncensored-leak,,https://surrit.com/edc42dc1-a2af-4ab5-9022-70eb2274ca74/720p/video.m3u8,720p,surrit.com
https://missav123.com/en/jnt-122-uncensored-leak,,https://surrit.com/edc42dc1-a2af-4ab5-9022-70eb2274ca74/playlist.m3u8,playlist,surrit.com
https://missav123.com/en/jul-211-uncensored-leak,,https://surrit.com/722b4fe7-2b03-4a73-b7aa-2d6d360274ff/1080p/video.m3u8,1080p,surrit.com
https://missav123.com/en/jul-211-uncensored-leak,,https://surrit.com/722b4fe7-2b03-4a73-b7aa-2d6d360274ff/720p/video.m3u8,720p,surrit.com
https://missav123.com/en/jul-211-uncensored-leak,,https://surrit.com/722b4fe7-2b03-4a73-b7aa-2d6d360274ff/playlist.m3u8,playlist,surrit.com
https://missav123.com/en/jul-273-uncensored-leak,,https://surrit.com/9094d644-f030-4695-97ce-988723d2219c/1080p/video.m3u8,1080p,surrit.com
https://missav123.com/en/jul-273-uncensored-leak,,https://surrit.com/9094d644-f030-4695-97ce-988723d2219c/720p/video.m3u8,720p,surrit.com
https://missav123.com/en/jul-273-uncensored-leak,,https://surrit.com/9094d644-f030-4695-97ce-988723d2219c/playlist.m3u8,playlist,surrit.com
https://missav123.com/en/jur-024-uncensored-leak,,https://surrit.com/456eff49-dd29-4ccc-b50b-c832525c94a4/1080p/video.m3u8,1080p,surrit.com
https://missav123.com/en/jur-024-uncensored-leak,,https://surrit.com/456eff49-dd29-4ccc-b50b-c832525c94a4/720p/video.m3u8,720p,surrit.com
https://missav123.com/en/jur-024-uncensored-leak,,https://surrit.com/456eff49-dd29-4ccc-b50b-c832525c94a4/playlist.m3u8,playlist,surrit.com
https://missav123.com/en/jur-033-uncensored-leak,,https://surrit.com/d7143a6a-72e9-49d0-aa16-f605c65d554d/1080p/video.m3u8,1080p,surrit.com
https://missav123.com/en/jur-033-uncensored-leak,,https://surrit.com/d7143a6a-72e9-49d0-aa16-f605c65d554d/720p/video.m3u8,720p,surrit.com
https://missav123.com/en/jur-033-uncensored-leak,,https://surrit.com/d7143a6a-72e9-49d0-aa16-f605c65d554d/playlist.m3u8,playlist,surrit.com
https://missav123.com/en/jur-240-uncensored-leak,,https://surrit.com/dbbd501c-59ec-4dfe-a4ae-9156102c0965/1080p/video.m3u8,1080p,surrit.com
https://missav123.com/en/jur-240-uncensored-leak,,https://surrit.com/dbbd501c-59ec-4dfe-a4ae-9156102c0965/720p/video.m3u8,720p,surrit.com
https://missav123.com/en/jur-240-uncensored-leak,,https://surrit.com/dbbd501c-59ec-4dfe-a4ae-9156102c0965/playlist.m3u8,playlist,surrit.com
https://missav123.com/en/jur-244-uncensored-leak,,https://surrit.com/b23cfb71-a34c-4dfb-846f-acf8e4b9a470/1080p/video.m3u8,1080p,surrit.com
https://missav123.com/en/jur-244-uncensored-leak,,https://surrit.com/b23cfb71-a34c-4dfb-846f-acf8e4b9a470/720p/video.m3u8,720p,surrit.com
https://missav123.com/en/jur-244-uncensored-leak,,https://surrit.com/b23cfb71-a34c-4dfb-846f-acf8e4b9a470/playlist.m3u8,playlist,surrit.com
https://missav123.com/en/jur-263-uncensored-leak,,https://surrit.com/d483b855-4121-4a52-b684-d9ef4778653d/1080p/video.m3u8,1080p,surrit.com
https://missav123.com/en/jur-263-uncensored-leak,,https://surrit.com/d483b855-4121-4a52-b684-d9ef4778653d/720p/video.m3u8,720p,surrit.com
https://missav123.com/en/jur-263-uncensored-leak,,https://surrit.com/d483b855-4121-4a52-b684-d9ef4778653d/playlist.m3u8,playlist,surrit.com
https://missav123.com/en/jur-502-english-subtitle,,https://surrit.com/b096c3f8-c866-4238-b3e1-000c0574f285/1080p/video.m3u8,1080p,surrit.com
https://missav123.com/en/jur-502-english-subtitle,,https://surrit.com/b096c3f8-c866-4238-b3e1-000c0574f285/720p/video.m3u8,720p,surrit.com
https://missav123.com/en/jur-502-english-subtitle,,https://surrit.com/b096c3f8-c866-4238-b3e1-000c0574f285/playlist.m3u8,playlist,surrit.com
https://missav123.com/en/jur-835,jur-835,https://surrit.com/c37257fe-0b26-41f2-ae3e-bfc5a441f3bb/720p/video.m3u8,720p,surrit.com
https://missav123.com/en/jur-835,jur-835,https://surrit.com/c37257fe-0b26-41f2-ae3e-bfc5a441f3bb/playlist.m3u8,playlist,surrit.com
https://missav123.com/en/jur-836,jur-836,https://surrit.com/b38f952f-d9cc-41bc-abf1-6dbd73ff6e6c/720p/video.m3u8,720p,surrit.com
https://missav123.com/en/jur-836,jur-836,https://surrit.com/b38f952f-d9cc-41bc-abf1-6dbd73ff6e6c/playlist.m3u8,playlist,surrit.com
https://missav123.com/en/jur-842,jur-842,https://surrit.com/e198e27f-66ab-496d-970a-0486698a0eb1/720p/video.m3u8,720p,surrit.com
https://missav123.com/en/jur-842,jur-842,https://surrit.com/e198e27f-66ab-496d-970a-0486698a0eb1/playlist.m3u8,playlist,surrit.com
https://missav123.com/en/jur-869,jur-869,https://surrit.com/e08fe0be-3c27-4da9-86e2-1684dba39f1a/720p/video.m3u8,720p,surrit.com
https://missav123.com/en/jur-869,jur-869,https://surrit.com/e08fe0be-3c27-4da9-86e2-1684dba39f1a/playlist.m3u8,playlist,surrit.com
https://missav123.com/en/jur-878,jur-878,https://surrit.com/47e4a069-f62a-48ea-b569-9cf8cd3615fc/720p/video.m3u8,720p,surrit.com
https://missav123.com/en/jur-878,jur-878,https://surrit.com/47e4a069-f62a-48ea-b569-9cf8cd3615fc/playlist.m3u8,playlist,surrit.com
https://missav123.com/en/jur-880,jur-880,https://surrit.com/d71eadd6-7f6a-40db-bf9c-4d10b2cbf987/720p/video.m3u8,720p,surrit.com
https://missav123.com/en/jur-880,jur-880,https://surrit.com/d71eadd6-7f6a-40db-bf9c-4d10b2cbf987/playlist.m3u8,playlist,surrit.com
https://missav123.com/en/juta-165-english-subtitle,,https://surrit.com/9c0ab6e5-5fdb-4953-b9c0-fa40c6cdd822/1080p/video.m3u8,1080p,surrit.com
https://missav123.com/en/juta-165-english-subtitle,,https://surrit.com/9c0ab6e5-5fdb-4953-b9c0-fa40c6cdd822/720p/video.m3u8,720p,surrit.com
https://missav123.com/en/juta-165-english-subtitle,,https://surrit.com/9c0ab6e5-5fdb-4953-b9c0-fa40c6cdd822/playlist.m3u8,playlist,surrit.com
https://missav123.com/en/maan-1192-uncensored-leak,,https://surrit.com/2fbae8c2-da75-4612-8a48-0f37c39450d6/1080p/video.m3u8,1080p,surrit.com
https://missav123.com/en/maan-1192-uncensored-leak,,https://surrit.com/2fbae8c2-da75-4612-8a48-0f37c39450d6/720p/video.m3u8,720p,surrit.com
https://missav123.com/en/maan-1192-uncensored-leak,,https://surrit.com/2fbae8c2-da75-4612-8a48-0f37c39450d6/playlist.m3u8,playlist,surrit.com
https://missav123.com/en/mfcg-009-uncensored-leak,,https://surrit.com/66fdab5f-c934-46d8-8074-24b2544d398a/1080p/video.m3u8,1080p,surrit.com
https://missav123.com/en/mfcg-009-uncensored-leak,,https://surrit.com/66fdab5f-c934-46d8-8074-24b2544d398a/720p/video.m3u8,720p,surrit.com
https://missav123.com/en/mfcg-009-uncensored-leak,,https://surrit.com/66fdab5f-c934-46d8-8074-24b2544d398a/playlist.m3u8,playlist,surrit.com
https://missav123.com/en/mfcs-222-uncensored-leak,,https://surrit.com/c37cd990-cb8f-41b0-9218-78800c2fd12a/1080p/video.m3u8,1080p,surrit.com
https://missav123.com/en/mfcs-222-uncensored-leak,,https://surrit.com/c37cd990-cb8f-41b0-9218-78800c2fd12a/720p/video.m3u8,720p,surrit.com
https://missav123.com/en/mfcs-222-uncensored-leak,,https://surrit.com/c37cd990-cb8f-41b0-9218-78800c2fd12a/playlist.m3u8,playlist,surrit.com
https://missav123.com/en/mfyd-003-english-subtitle,,https://surrit.com/9e21eb6d-8c85-43e3-8fae-2b5cdb7be491/1080p/video.m3u8,1080p,surrit.com
https://missav123.com/en/mfyd-003-english-subtitle,,https://surrit.com/9e21eb6d-8c85-43e3-8fae-2b5cdb7be491/720p/video.m3u8,720p,surrit.com
https://missav123.com/en/mfyd-003-english-subtitle,,https://surrit.com/9e21eb6d-8c85-43e3-8fae-2b5cdb7be491/playlist.m3u8,playlist,surrit.com
https://missav123.com/en/mgold-057-uncensored-leak,,https://surrit.com/0f1cfc89-1c1e-4868-9192-a1195299637f/1080p/video.m3u8,1080p,surrit.com
https://missav123.com/en/mgold-057-uncensored-leak,,https://surrit.com/0f1cfc89-1c1e-4868-9192-a1195299637f/720p/video.m3u8,720p,surrit.com
https://missav123.com/en/mgold-057-uncensored-leak,,https://surrit.com/0f1cfc89-1c1e-4868-9192-a1195299637f/playlist.m3u8,playlist,surrit.com
https://missav123.com/en/miab-433-english-subtitle,,https://surrit.com/36e3b730-6ead-4b21-8941-760a5a9fc20a/1080p/video.m3u8,1080p,surrit.com
https://missav123.com/en/miab-433-english-subtitle,,https://surrit.com/36e3b730-6ead-4b21-8941-760a5a9fc20a/720p/video.m3u8,720p,surrit.com
https://missav123.com/en/miab-433-english-subtitle,,https://surrit.com/36e3b730-6ead-4b21-8941-760a5a9fc20a/playlist.m3u8,playlist,surrit.com
https://missav123.com/en/miab-472-english-subtitle,,https://surrit.com/42af7388-1324-46ba-be0c-fc21fbba5b7f/720p/video.m3u8,720p,surrit.com
https://missav123.com/en/miab-472-english-subtitle,,https://surrit.com/42af7388-1324-46ba-be0c-fc21fbba5b7f/playlist.m3u8,playlist,surrit.com
https://missav123.com/en/mium-1431,mium-1431,https://surrit.com/0610ccfa-7cb6-4b8d-9940-2b9a68c9c136/720p/video.m3u8,720p,surrit.com
https://missav123.com/en/mium-1431,mium-1431,https://surrit.com/0610ccfa-7cb6-4b8d-9940-2b9a68c9c136/playlist.m3u8,playlist,surrit.com
https://missav123.com/en/mrec-010-uncensored-leak,,https://surrit.com/9bf943a8-18b8-400b-bb97-21a2a2bd9597/1080p/video.m3u8,1080p,surrit.com
https://missav123.com/en/mrec-010-uncensored-leak,,https://surrit.com/9bf943a8-18b8-400b-bb97-21a2a2bd9597/720p/video.m3u8,720p,surrit.com
https://missav123.com/en/mrec-010-uncensored-leak,,https://surrit.com/9bf943a8-18b8-400b-bb97-21a2a2bd9597/playlist.m3u8,playlist,surrit.com
https://missav123.com/en/mvg-171-uncensored-leak,,https://surrit.com/048b37ba-9d40-467e-a9d3-63f41d31f051/1080p/video.m3u8,1080p,surrit.com
https://missav123.com/en/mvg-171-uncensored-leak,,https://surrit.com/048b37ba-9d40-467e-a9d3-63f41d31f051/720p/video.m3u8,720p,surrit.com
https://missav123.com/en/mvg-171-uncensored-leak,,https://surrit.com/048b37ba-9d40-467e-a9d3-63f41d31f051/playlist.m3u8,playlist,surrit.com
https://missav123.com/en/ngod-253-uncensored-leak,,https://surrit.com/7414d12e-1b46-4939-8f5f-4b3e487f0d93/1080p/video.m3u8,1080p,surrit.com
https://missav123.com/en/ngod-253-uncensored-leak,,https://surrit.com/7414d12e-1b46-4939-8f5f-4b3e487f0d93/720p/video.m3u8,720p,surrit.com
https://missav123.com/en/ngod-253-uncensored-leak,,https://surrit.com/7414d12e-1b46-4939-8f5f-4b3e487f0d93/playlist.m3u8,playlist,surrit.com
https://missav123.com/en/ngod-255-uncensored-leak,,https://surrit.com/8ddfc2ac-81a1-4166-816d-c791ce788239/1080p/video.m3u8,1080p,surrit.com
https://missav123.com/en/ngod-255-uncensored-leak,,https://surrit.com/8ddfc2ac-81a1-4166-816d-c791ce788239/720p/video.m3u8,720p,surrit.com
https://missav123.com/en/ngod-255-uncensored-leak,,https://surrit.com/8ddfc2ac-81a1-4166-816d-c791ce788239/playlist.m3u8,playlist,surrit.com
https://missav123.com/en/ngod-354,ngod-354,https://surrit.com/947b4251-581d-452b-8c6d-4324cf0e392e/720p/video.m3u8,720p,surrit.com
https://missav123.com/en/ngod-354,ngod-354,https://surrit.com/947b4251-581d-452b-8c6d-4324cf0e392e/playlist.m3u8,playlist,surrit.com
https://missav123.com/en/ngod-355,ngod-355,https://surrit.com/7daedd3c-3ca5-4e97-aafd-686b80c5d9a1/720p/video.m3u8,720p,surrit.com
https://missav123.com/en/ngod-355,ngod-355,https://surrit.com/7daedd3c-3ca5-4e97-aafd-686b80c5d9a1/playlist.m3u8,playlist,surrit.com
https://missav123.com/en/ngod-356,ngod-356,https://surrit.com/757d1718-0fdd-430a-8234-fdc6d348b33e/720p/video.m3u8,720p,surrit.com
https://missav123.com/en/ngod-356,ngod-356,https://surrit.com/757d1718-0fdd-430a-8234-fdc6d348b33e/playlist.m3u8,playlist,surrit.com
https://missav123.com/en/ngod-357,ngod-357,https://surrit.com/36a10f6d-bc2c-43e8-b858-2523eb23ff48/720p/video.m3u8,720p,surrit.com
https://missav123.com/en/ngod-357,ngod-357,https://surrit.com/36a10f6d-bc2c-43e8-b858-2523eb23ff48/playlist.m3u8,playlist,surrit.com
https://missav123.com/en/ngod-358,ngod-358,https://surrit.com/d6c0783f-5e31-4477-9f94-0df94c84c42c/720p/video.m3u8,720p,surrit.com
https://missav123.com/en/ngod-358,ngod-358,https://surrit.com/d6c0783f-5e31-4477-9f94-0df94c84c42c/playlist.m3u8,playlist,surrit.com
https://missav123.com/en/nnod-002,nnod-002,https://surrit.com/57a4e3f3-f019-4b5b-b07a-db2a95c0d493/720p/video.m3u8,720p,surrit.com
https://missav123.com/en/nnod-002,nnod-002,https://surrit.com/57a4e3f3-f019-4b5b-b07a-db2a95c0d493/playlist.m3u8,playlist,surrit.com
https://missav123.com/en/nsfs-143-uncensored-leak,,https://surrit.com/ff9d9ef9-b40b-43de-8b6d-1eef506bd97f/1080p/video.m3u8,1080p,surrit.com
https://missav123.com/en/nsfs-143-uncensored-leak,,https://surrit.com/ff9d9ef9-b40b-43de-8b6d-1eef506bd97f/720p/video.m3u8,720p,surrit.com
https://missav123.com/en/nsfs-143-uncensored-leak,,https://surrit.com/ff9d9ef9-b40b-43de-8b6d-1eef506bd97f/playlist.m3u8,playlist,surrit.com
https://missav123.com/en/nsodn-025,nsodn-025,https://surrit.com/aa13a5e9-3983-43e8-be10-5286014d9a14/720p/video.m3u8,720p,surrit.com
https://missav123.com/en/nsodn-025,nsodn-025,https://surrit.com/aa13a5e9-3983-43e8-be10-5286014d9a14/playlist.m3u8,playlist,surrit.com
https://missav123.com/en/nvh-086-uncensored-leak,,https://surrit.com/0184fa79-941e-4f63-8fa7-ef7269657219/1080p/video.m3u8,1080p,surrit.com
https://missav123.com/en/nvh-086-uncensored-leak,,https://surrit.com/0184fa79-941e-4f63-8fa7-ef7269657219/720p/video.m3u8,720p,surrit.com
https://missav123.com/en/nvh-086-uncensored-leak,,https://surrit.com/0184fa79-941e-4f63-8fa7-ef7269657219/playlist.m3u8,playlist,surrit.com
https://missav123.com/en/olm-354-uncensored-leak,,https://surrit.com/1dd0df83-4669-41ba-93b6-0bcbf34aa4d9/1080p/video.m3u8,1080p,surrit.com
https://missav123.com/en/olm-354-uncensored-leak,,https://surrit.com/1dd0df83-4669-41ba-93b6-0bcbf34aa4d9/720p/video.m3u8,720p,surrit.com
https://missav123.com/en/olm-354-uncensored-leak,,https://surrit.com/1dd0df83-4669-41ba-93b6-0bcbf34aa4d9/playlist.m3u8,playlist,surrit.com
https://missav123.com/en/olm-355-uncensored-leak,,https://surrit.com/f9278ed5-ac7a-43be-bb14-bfd4c70ed8e6/1080p/video.m3u8,1080p,surrit.com
https://missav123.com/en/olm-355-uncensored-leak,,https://surrit.com/f9278ed5-ac7a-43be-bb14-bfd4c70ed8e6/720p/video.m3u8,720p,surrit.com
https://missav123.com/en/olm-355-uncensored-leak,,https://surrit.com/f9278ed5-ac7a-43be-bb14-bfd4c70ed8e6/playlist.m3u8,playlist,surrit.com
https://missav123.com/en/pred-882-uncensored-leak,,https://surrit.com/d39cf57b-c65d-4e51-a354-5da2b331ef63/1080p/video.m3u8,1080p,surrit.com
https://missav123.com/en/pred-882-uncensored-leak,,https://surrit.com/d39cf57b-c65d-4e51-a354-5da2b331ef63/720p/video.m3u8,720p,surrit.com
https://missav123.com/en/pred-882-uncensored-leak,,https://surrit.com/d39cf57b-c65d-4e51-a354-5da2b331ef63/playlist.m3u8,playlist,surrit.com
https://missav123.com/en/rki-704-uncensored-leak,,https://surrit.com/2d0506ea-414c-4a3f-a05a-81c9f6213c68/1080p/video.m3u8,1080p,surrit.com
https://missav123.com/en/rki-704-uncensored-leak,,https://surrit.com/2d0506ea-414c-4a3f-a05a-81c9f6213c68/720p/video.m3u8,720p,surrit.com
https://missav123.com/en/rki-704-uncensored-leak,,https://surrit.com/2d0506ea-414c-4a3f-a05a-81c9f6213c68/playlist.m3u8,playlist,surrit.com
https://missav123.com/en/roe-356-english-subtitle,,https://surrit.com/c09dfa46-3afb-4c71-860f-d1994fed119c/1080p/video.m3u8,1080p,surrit.com
https://missav123.com/en/roe-356-english-subtitle,,https://surrit.com/c09dfa46-3afb-4c71-860f-d1994fed119c/720p/video.m3u8,720p,surrit.com
https://missav123.com/en/roe-356-english-subtitle,,https://surrit.com/c09dfa46-3afb-4c71-860f-d1994fed119c/playlist.m3u8,playlist,surrit.com
https://missav123.com/en/roe-450-english-subtitle,,https://surrit.com/dd9eced1-08b9-40e1-a32f-dea1bf6f1e3c/1080p/video.m3u8,1080p,surrit.com
https://missav123.com/en/roe-450-english-subtitle,,https://surrit.com/dd9eced1-08b9-40e1-a32f-dea1bf6f1e3c/720p/video.m3u8,720p,surrit.com
https://missav123.com/en/roe-450-english-subtitle,,https://surrit.com/dd9eced1-08b9-40e1-a32f-dea1bf6f1e3c/playlist.m3u8,playlist,surrit.com
https://missav123.com/en/roe-459-english-subtitle,,https://surrit.com/9bf9d376-d1d5-4626-a4e9-ce5b90d86dea/480p/video.m3u8,480p,surrit.com
https://missav123.com/en/roe-459-english-subtitle,,https://surrit.com/9bf9d376-d1d5-4626-a4e9-ce5b90d86dea/playlist.m3u8,playlist,surrit.com
https://missav123.com/en/roe-468-english-subtitle,,https://surrit.com/770baa4a-bb99-437a-877e-49a29b3e9b14/480p/video.m3u8,480p,surrit.com
https://missav123.com/en/roe-468-english-subtitle,,https://surrit.com/770baa4a-bb99-437a-877e-49a29b3e9b14/playlist.m3u8,playlist,surrit.com
https://missav123.com/en/roe-544,roe-544,https://surrit.com/594c594c-50f8-4f8e-a067-ce1608f917f9/720p/video.m3u8,720p,surrit.com
https://missav123.com/en/roe-544,roe-544,https://surrit.com/594c594c-50f8-4f8e-a067-ce1608f917f9/playlist.m3u8,playlist,surrit.com
https://missav123.com/en/roe-545,roe-545,https://surrit.com/650987b0-1055-4b9a-871b-0b64cb239a86/720p/video.m3u8,720p,surrit.com
https://missav123.com/en/roe-545,roe-545,https://surrit.com/650987b0-1055-4b9a-871b-0b64cb239a86/playlist.m3u8,playlist,surrit.com
https://missav123.com/en/roe-547,roe-547,https://surrit.com/a22d5120-c2a9-46df-9421-15a92cbcc98b/720p/video.m3u8,720p,surrit.com
https://missav123.com/en/roe-547,roe-547,https://surrit.com/a22d5120-c2a9-46df-9421-15a92cbcc98b/playlist.m3u8,playlist,surrit.com
https://missav123.com/en/roe-550,roe-550,https://surrit.com/689c32af-c12a-4160-8573-c102d0121087/720p/video.m3u8,720p,surrit.com
https://missav123.com/en/roe-550,roe-550,https://surrit.com/689c32af-c12a-4160-8573-c102d0121087/playlist.m3u8,playlist,surrit.com
https://missav123.com/en/roe-552,roe-552,https://surrit.com/74c14094-bfd9-4840-9abb-35a46a2c7db4/720p/video.m3u8,720p,surrit.com
https://missav123.com/en/roe-552,roe-552,https://surrit.com/74c14094-bfd9-4840-9abb-35a46a2c7db4/playlist.m3u8,playlist,surrit.com
https://missav123.com/en/roe-554,roe-554,https://surrit.com/8c476c7d-3ac2-4c7c-a865-56ddfc51c462/720p/video.m3u8,720p,surrit.com
https://missav123.com/en/roe-554,roe-554,https://surrit.com/8c476c7d-3ac2-4c7c-a865-56ddfc51c462/playlist.m3u8,playlist,surrit.com
https://missav123.com/en/roe-555,roe-555,https://surrit.com/cd829603-97c4-4590-aa57-c81018e76d5c/720p/video.m3u8,720p,surrit.com
https://missav123.com/en/roe-555,roe-555,https://surrit.com/cd829603-97c4-4590-aa57-c81018e76d5c/playlist.m3u8,playlist,surrit.com
https://missav123.com/en/roe-557,roe-557,https://surrit.com/4ea09477-ecf3-48a5-98ea-255b1affc435/720p/video.m3u8,720p,surrit.com
https://missav123.com/en/roe-557,roe-557,https://surrit.com/4ea09477-ecf3-48a5-98ea-255b1affc435/playlist.m3u8,playlist,surrit.com
https://missav123.com/en/roe-560,roe-560,https://surrit.com/90bdc31a-3053-4c7f-bedb-7e9102db50a6/720p/video.m3u8,720p,surrit.com
https://missav123.com/en/roe-560,roe-560,https://surrit.com/90bdc31a-3053-4c7f-bedb-7e9102db50a6/playlist.m3u8,playlist,surrit.com
https://missav123.com/en/rroy-022,rroy-022,https://surrit.com/09f6ee1a-279a-4845-9a83-9df64e401b18/720p/video.m3u8,720p,surrit.com
https://missav123.com/en/rroy-022,rroy-022,https://surrit.com/09f6ee1a-279a-4845-9a83-9df64e401b18/playlist.m3u8,playlist,surrit.com
https://missav123.com/en/same-158-english-subtitle,,https://surrit.com/0322b79b-5a67-4e0e-a851-a8f445a9d954/1080p/video.m3u8,1080p,surrit.com
https://missav123.com/en/same-158-english-subtitle,,https://surrit.com/0322b79b-5a67-4e0e-a851-a8f445a9d954/720p/video.m3u8,720p,surrit.com
https://missav123.com/en/same-158-english-subtitle,,https://surrit.com/0322b79b-5a67-4e0e-a851-a8f445a9d954/playlist.m3u8,playlist,surrit.com
https://missav123.com/en/san-484-uncensored-leak,,https://surrit.com/615843bd-5fd7-4b22-bab7-139dcc06ed44/1080p/video.m3u8,1080p,surrit.com
https://missav123.com/en/san-484-uncensored-leak,,https://surrit.com/615843bd-5fd7-4b22-bab7-139dcc06ed44/720p/video.m3u8,720p,surrit.com
https://missav123.com/en/san-484-uncensored-leak,,https://surrit.com/615843bd-5fd7-4b22-bab7-139dcc06ed44/playlist.m3u8,playlist,surrit.com
https://missav123.com/en/san-485-uncensored-leak,,https://surrit.com/449b8af0-0dcf-4330-90a1-b00a6156cea3/1080p/video.m3u8,1080p,surrit.com
https://missav123.com/en/san-485-uncensored-leak,,https://surrit.com/449b8af0-0dcf-4330-90a1-b00a6156cea3/720p/video.m3u8,720p,surrit.com
https://missav123.com/en/san-485-uncensored-leak,,https://surrit.com/449b8af0-0dcf-4330-90a1-b00a6156cea3/playlist.m3u8,playlist,surrit.com
https://missav123.com/en/san-486-uncensored-leak,,https://surrit.com/5ca70021-8cab-4a07-9dec-f4d72e7f4e65/1080p/video.m3u8,1080p,surrit.com
https://missav123.com/en/san-486-uncensored-leak,,https://surrit.com/5ca70021-8cab-4a07-9dec-f4d72e7f4e65/720p/video.m3u8,720p,surrit.com
https://missav123.com/en/san-486-uncensored-leak,,https://surrit.com/5ca70021-8cab-4a07-9dec-f4d72e7f4e65/playlist.m3u8,playlist,surrit.com
https://missav123.com/en/san-487-uncensored-leak,,https://surrit.com/ea20eda2-96f5-4131-81a0-3307e55a5bd2/1080p/video.m3u8,1080p,surrit.com
https://missav123.com/en/san-487-uncensored-leak,,https://surrit.com/ea20eda2-96f5-4131-81a0-3307e55a5bd2/720p/video.m3u8,720p,surrit.com
https://missav123.com/en/san-487-uncensored-leak,,https://surrit.com/ea20eda2-96f5-4131-81a0-3307e55a5bd2/playlist.m3u8,playlist,surrit.com
https://missav123.com/en/siro-5731-uncensored-leak,,https://surrit.com/180667ab-b93a-4e15-8844-c5e102e9efcc/1080p/video.m3u8,1080p,surrit.com
https://missav123.com/en/siro-5731-uncensored-leak,,https://surrit.com/180667ab-b93a-4e15-8844-c5e102e9efcc/720p/video.m3u8,720p,surrit.com
https://missav123.com/en/siro-5731-uncensored-leak,,https://surrit.com/180667ab-b93a-4e15-8844-c5e102e9efcc/playlist.m3u8,playlist,surrit.com
https://missav123.com/en/siro-5750,siro-5750,https://surrit.com/e1c289cb-bd78-4983-a62e-c6fa68144c7a/720p/video.m3u8,720p,surrit.com
https://missav123.com/en/siro-5750,siro-5750,https://surrit.com/e1c289cb-bd78-4983-a62e-c6fa68144c7a/playlist.m3u8,playlist,surrit.com
https://missav123.com/en/skth-005-uncensored-leak,,https://surrit.com/ee1547db-a4cf-4c4a-8880-b06f05212db6/1080p/video.m3u8,1080p,surrit.com
https://missav123.com/en/skth-005-uncensored-leak,,https://surrit.com/ee1547db-a4cf-4c4a-8880-b06f05212db6/720p/video.m3u8,720p,surrit.com
https://missav123.com/en/skth-005-uncensored-leak,,https://surrit.com/ee1547db-a4cf-4c4a-8880-b06f05212db6/playlist.m3u8,playlist,surrit.com
https://missav123.com/en/smmc-040,smmc-040,https://surrit.com/3b267748-d6a0-4f05-9e19-6182a50adb2f/720p/video.m3u8,720p,surrit.com
https://missav123.com/en/smmc-040,smmc-040,https://surrit.com/3b267748-d6a0-4f05-9e19-6182a50adb2f/playlist.m3u8,playlist,surrit.com
https://missav123.com/en/snos-163-english-subtitle,,https://surrit.com/308853d1-cd51-451d-a391-8d35a22855a9/480p/video.m3u8,480p,surrit.com
https://missav123.com/en/snos-163-english-subtitle,,https://surrit.com/308853d1-cd51-451d-a391-8d35a22855a9/playlist.m3u8,playlist,surrit.com
https://missav123.com/en/snos-339,snos-339,https://surrit.com/7c49dbf3-f9f9-4c57-ae99-7c37064b4a19/720p/video.m3u8,720p,surrit.com
https://missav123.com/en/snos-339,snos-339,https://surrit.com/7c49dbf3-f9f9-4c57-ae99-7c37064b4a19/playlist.m3u8,playlist,surrit.com
https://missav123.com/en/snos-342,snos-342,https://surrit.com/2f1da010-11ec-4ca5-8d77-011d530760fc/720p/video.m3u8,720p,surrit.com
https://missav123.com/en/snos-342,snos-342,https://surrit.com/2f1da010-11ec-4ca5-8d77-011d530760fc/playlist.m3u8,playlist,surrit.com
https://missav123.com/en/snos-355,snos-355,https://surrit.com/70018c6d-26d3-45b8-9849-25f8c442bd6d/720p/video.m3u8,720p,surrit.com
https://missav123.com/en/snos-355,snos-355,https://surrit.com/70018c6d-26d3-45b8-9849-25f8c442bd6d/playlist.m3u8,playlist,surrit.com
https://missav123.com/en/snos-358,snos-358,https://surrit.com/b5aa17e2-56ca-4d0b-afc0-e047630edf3b/720p/video.m3u8,720p,surrit.com
https://missav123.com/en/snos-358,snos-358,https://surrit.com/b5aa17e2-56ca-4d0b-afc0-e047630edf3b/playlist.m3u8,playlist,surrit.com
https://missav123.com/en/snos-363,snos-363,https://surrit.com/ac432dec-fa60-49ae-9260-4417e3d95dc9/720p/video.m3u8,720p,surrit.com
https://missav123.com/en/snos-363,snos-363,https://surrit.com/ac432dec-fa60-49ae-9260-4417e3d95dc9/playlist.m3u8,playlist,surrit.com
https://missav123.com/en/snos-364,snos-364,https://surrit.com/a2e9a8ae-689e-4f11-a771-b8883b8238eb/720p/video.m3u8,720p,surrit.com
https://missav123.com/en/snos-364,snos-364,https://surrit.com/a2e9a8ae-689e-4f11-a771-b8883b8238eb/playlist.m3u8,playlist,surrit.com
https://missav123.com/en/snos-372,snos-372,https://surrit.com/494bfd5d-3a86-4d47-bafb-4bcafe327e6b/720p/video.m3u8,720p,surrit.com
https://missav123.com/en/snos-372,snos-372,https://surrit.com/494bfd5d-3a86-4d47-bafb-4bcafe327e6b/playlist.m3u8,playlist,surrit.com
https://missav123.com/en/snos-374,snos-374,https://surrit.com/fa68b006-e455-4bac-8385-5785ddb08097/720p/video.m3u8,720p,surrit.com
https://missav123.com/en/snos-374,snos-374,https://surrit.com/fa68b006-e455-4bac-8385-5785ddb08097/playlist.m3u8,playlist,surrit.com
https://missav123.com/en/snos-388,snos-388,https://surrit.com/ecc27754-4dbf-4dbd-af2d-acbfe9fdb214/720p/video.m3u8,720p,surrit.com
https://missav123.com/en/snos-388,snos-388,https://surrit.com/ecc27754-4dbf-4dbd-af2d-acbfe9fdb214/playlist.m3u8,playlist,surrit.com
https://missav123.com/en/snos-401,snos-401,https://surrit.com/e153fda6-8d29-4d04-b53d-f5e9de101914/720p/video.m3u8,720p,surrit.com
https://missav123.com/en/snos-401,snos-401,https://surrit.com/e153fda6-8d29-4d04-b53d-f5e9de101914/playlist.m3u8,playlist,surrit.com
https://missav123.com/en/snos-406,snos-406,https://surrit.com/9e88b4eb-607e-4bfe-a7f7-64844f8c51eb/720p/video.m3u8,720p,surrit.com
https://missav123.com/en/snos-406,snos-406,https://surrit.com/9e88b4eb-607e-4bfe-a7f7-64844f8c51eb/playlist.m3u8,playlist,surrit.com
https://missav123.com/en/snos-447,snos-447,https://surrit.com/22a4527c-e91a-4452-9339-20f6a8306bac/720p/video.m3u8,720p,surrit.com
https://missav123.com/en/snos-447,snos-447,https://surrit.com/22a4527c-e91a-4452-9339-20f6a8306bac/playlist.m3u8,playlist,surrit.com
https://missav123.com/en/sone-582-uncensored-leak,,https://surrit.com/6781ea7a-41fb-4a8c-9794-c9e6e561f1c6/1080p/video.m3u8,1080p,surrit.com
https://missav123.com/en/sone-582-uncensored-leak,,https://surrit.com/6781ea7a-41fb-4a8c-9794-c9e6e561f1c6/720p/video.m3u8,720p,surrit.com
https://missav123.com/en/sone-582-uncensored-leak,,https://surrit.com/6781ea7a-41fb-4a8c-9794-c9e6e561f1c6/playlist.m3u8,playlist,surrit.com
https://missav123.com/en/sone-607-uncensored-leak,,https://surrit.com/a0c42846-686d-4349-9654-1a7c9ab76a35/1080p/video.m3u8,1080p,surrit.com
https://missav123.com/en/sone-607-uncensored-leak,,https://surrit.com/a0c42846-686d-4349-9654-1a7c9ab76a35/720p/video.m3u8,720p,surrit.com
https://missav123.com/en/sone-607-uncensored-leak,,https://surrit.com/a0c42846-686d-4349-9654-1a7c9ab76a35/playlist.m3u8,playlist,surrit.com
https://missav123.com/en/sone-620-uncensored-leak,,https://surrit.com/8fb4400a-3b2a-441a-94f4-762b4d4c020c/1080p/video.m3u8,1080p,surrit.com
https://missav123.com/en/sone-620-uncensored-leak,,https://surrit.com/8fb4400a-3b2a-441a-94f4-762b4d4c020c/720p/video.m3u8,720p,surrit.com
https://missav123.com/en/sone-620-uncensored-leak,,https://surrit.com/8fb4400a-3b2a-441a-94f4-762b4d4c020c/playlist.m3u8,playlist,surrit.com
https://missav123.com/en/sone-621-uncensored-leak,,https://surrit.com/9b64c907-5c30-444e-b2dd-70bc53a01504/1080p/video.m3u8,1080p,surrit.com
https://missav123.com/en/sone-621-uncensored-leak,,https://surrit.com/9b64c907-5c30-444e-b2dd-70bc53a01504/720p/video.m3u8,720p,surrit.com
https://missav123.com/en/sone-621-uncensored-leak,,https://surrit.com/9b64c907-5c30-444e-b2dd-70bc53a01504/playlist.m3u8,playlist,surrit.com
https://missav123.com/en/sone-634-uncensored-leak,,https://surrit.com/845adbef-b1b3-40d0-a7ee-d36dd34a6e39/1080p/video.m3u8,1080p,surrit.com
https://missav123.com/en/sone-634-uncensored-leak,,https://surrit.com/845adbef-b1b3-40d0-a7ee-d36dd34a6e39/720p/video.m3u8,720p,surrit.com
https://missav123.com/en/sone-634-uncensored-leak,,https://surrit.com/845adbef-b1b3-40d0-a7ee-d36dd34a6e39/playlist.m3u8,playlist,surrit.com
https://missav123.com/en/sone-635-uncensored-leak,,https://surrit.com/5f61c950-9dfa-4781-9dda-cd01c9e7454c/1080p/video.m3u8,1080p,surrit.com
https://missav123.com/en/sone-635-uncensored-leak,,https://surrit.com/5f61c950-9dfa-4781-9dda-cd01c9e7454c/720p/video.m3u8,720p,surrit.com
https://missav123.com/en/sone-635-uncensored-leak,,https://surrit.com/5f61c950-9dfa-4781-9dda-cd01c9e7454c/playlist.m3u8,playlist,surrit.com
https://missav123.com/en/sone-636-uncensored-leak,,https://surrit.com/c1fe1e4e-bdd0-4eeb-81fe-af5652311dfa/1080p/video.m3u8,1080p,surrit.com
https://missav123.com/en/sone-636-uncensored-leak,,https://surrit.com/c1fe1e4e-bdd0-4eeb-81fe-af5652311dfa/720p/video.m3u8,720p,surrit.com
https://missav123.com/en/sone-636-uncensored-leak,,https://surrit.com/c1fe1e4e-bdd0-4eeb-81fe-af5652311dfa/playlist.m3u8,playlist,surrit.com
https://missav123.com/en/sone-639-uncensored-leak,,https://surrit.com/9e04e339-be52-4272-81db-5a82ac74fbcb/1080p/video.m3u8,1080p,surrit.com
https://missav123.com/en/sone-639-uncensored-leak,,https://surrit.com/9e04e339-be52-4272-81db-5a82ac74fbcb/720p/video.m3u8,720p,surrit.com
https://missav123.com/en/sone-639-uncensored-leak,,https://surrit.com/9e04e339-be52-4272-81db-5a82ac74fbcb/playlist.m3u8,playlist,surrit.com
https://missav123.com/en/sqte-573-uncensored-leak,,https://surrit.com/2ec65f5f-e7ab-4752-88cf-0f61684753e9/1080p/video.m3u8,1080p,surrit.com
https://missav123.com/en/sqte-573-uncensored-leak,,https://surrit.com/2ec65f5f-e7ab-4752-88cf-0f61684753e9/720p/video.m3u8,720p,surrit.com
https://missav123.com/en/sqte-573-uncensored-leak,,https://surrit.com/2ec65f5f-e7ab-4752-88cf-0f61684753e9/playlist.m3u8,playlist,surrit.com
https://missav123.com/en/start-242-uncensored-leak,,https://surrit.com/bf8df2db-8e96-41e7-a8a9-b89fa796f22c/720p/video.m3u8,720p,surrit.com
https://missav123.com/en/start-242-uncensored-leak,,https://surrit.com/bf8df2db-8e96-41e7-a8a9-b89fa796f22c/playlist.m3u8,playlist,surrit.com
https://missav123.com/en/start-262-uncensored-leak,,https://surrit.com/0cec3826-094c-4179-95db-3cbcc1b8cb4c/1080p/video.m3u8,1080p,surrit.com
https://missav123.com/en/start-262-uncensored-leak,,https://surrit.com/0cec3826-094c-4179-95db-3cbcc1b8cb4c/720p/video.m3u8,720p,surrit.com
https://missav123.com/en/start-262-uncensored-leak,,https://surrit.com/0cec3826-094c-4179-95db-3cbcc1b8cb4c/playlist.m3u8,playlist,surrit.com
https://missav123.com/en/start-601-uncensored-leak,,https://surrit.com/0f0d2c8e-b74a-4743-b308-18e147b66969/1080p/video.m3u8,1080p,surrit.com
https://missav123.com/en/start-601-uncensored-leak,,https://surrit.com/0f0d2c8e-b74a-4743-b308-18e147b66969/720p/video.m3u8,720p,surrit.com
https://missav123.com/en/start-601-uncensored-leak,,https://surrit.com/0f0d2c8e-b74a-4743-b308-18e147b66969/playlist.m3u8,playlist,surrit.com
https://missav123.com/en/start-602-uncensored-leak,,https://surrit.com/79406850-42cf-4d9f-8743-7ebe0f2dbbfc/1080p/video.m3u8,1080p,surrit.com
https://missav123.com/en/start-602-uncensored-leak,,https://surrit.com/79406850-42cf-4d9f-8743-7ebe0f2dbbfc/720p/video.m3u8,720p,surrit.com
https://missav123.com/en/start-602-uncensored-leak,,https://surrit.com/79406850-42cf-4d9f-8743-7ebe0f2dbbfc/playlist.m3u8,playlist,surrit.com
https://missav123.com/en/start-625-uncensored-leak,,https://surrit.com/d37208eb-be3c-4786-b526-8eca3f07d4eb/1080p/video.m3u8,1080p,surrit.com
https://missav123.com/en/start-625-uncensored-leak,,https://surrit.com/d37208eb-be3c-4786-b526-8eca3f07d4eb/720p/video.m3u8,720p,surrit.com
https://missav123.com/en/start-625-uncensored-leak,,https://surrit.com/d37208eb-be3c-4786-b526-8eca3f07d4eb/playlist.m3u8,720p,surrit.com
https://missav123.com/en/start-629-uncensored-leak,,https://surrit.com/ef899bc9-0eab-4463-beb4-2b106dfa3128/1080p/video.m3u8,1080p,surrit.com
https://missav123.com/en/start-629-uncensored-leak,,https://surrit.com/ef899bc9-0eab-4463-beb4-2b106dfa3128/720p/video.m3u8,720p,surrit.com
https://missav123.com/en/start-629-uncensored-leak,,https://surrit.com/ef899bc9-0eab-4463-beb4-2b106dfa3128/playlist.m3u8,playlist,surrit.com
https://missav123.com/en/start-635-uncensored-leak,,https://surrit.com/b30276fe-1f1e-4a3c-a584-93dff9d0fbf7/1080p/video.m3u8,1080p,surrit.com
https://missav123.com/en/start-635-uncensored-leak,,https://surrit.com/b30276fe-1f1e-4a3c-a584-93dff9d0fbf7/720p/video.m3u8,720p,surrit.com
https://missav123.com/en/start-635-uncensored-leak,,https://surrit.com/b30276fe-1f1e-4a3c-a584-93dff9d0fbf7/playlist.m3u8,playlist,surrit.com
https://missav123.com/en/sth-130,sth-130,https://surrit.com/8c52a6c6-2b4c-4b8a-9d07-001126ced789/1080p/video.m3u8,1080p,surrit.com
https://missav123.com/en/sth-130,sth-130,https://surrit.com/8c52a6c6-2b4c-4b8a-9d07-001126ced789/720p/video.m3u8,720p,surrit.com
https://missav123.com/en/sth-130,sth-130,https://surrit.com/8c52a6c6-2b4c-4b8a-9d07-001126ced789/playlist.m3u8,playlist,surrit.com
https://missav123.com/en/svvrt-087,svvrt-087,https://surrit.com/9a5a2842-a76a-4ca8-b4b1-afbc2c67e69e/720p/video.m3u8,720p,surrit.com
https://missav123.com/en/svvrt-087,svvrt-087,https://surrit.com/9a5a2842-a76a-4ca8-b4b1-afbc2c67e69e/playlist.m3u8,playlist,surrit.com
https://missav123.com/en/uman-012,uman-012,https://surrit.com/2675b74f-40fd-40a6-90b6-cc6872da45a6/720p/video.m3u8,720p,surrit.com
https://missav123.com/en/uman-012,uman-012,https://surrit.com/2675b74f-40fd-40a6-90b6-cc6872da45a6/playlist.m3u8,playlist,surrit.com
https://missav123.com/en/uman-013,uman-013,https://surrit.com/32d11800-f33b-4a23-b2c6-753a7f88c479/720p/video.m3u8,720p,surrit.com
https://missav123.com/en/uman-013,uman-013,https://surrit.com/32d11800-f33b-4a23-b2c6-753a7f88c479/playlist.m3u8,playlist,surrit.com
https://missav123.com/en/vec-687-uncensored-leak,,https://surrit.com/46d0a29a-2a9c-4505-9dcd-49d645009882/1080p/video.m3u8,1080p,surrit.com
https://missav123.com/en/vec-687-uncensored-leak,,https://surrit.com/46d0a29a-2a9c-4505-9dcd-49d645009882/720p/video.m3u8,720p,surrit.com
https://missav123.com/en/vec-687-uncensored-leak,,https://surrit.com/46d0a29a-2a9c-4505-9dcd-49d645009882/playlist.m3u8,playlist,surrit.com
https://missav123.com/en/vrnc-043-uncensored-leak,,https://surrit.com/8951440a-2d58-4345-9065-d68af1d614f7/720p/video.m3u8,720p,surrit.com
https://missav123.com/en/vrnc-043-uncensored-leak,,https://surrit.com/8951440a-2d58-4345-9065-d68af1d614f7/playlist.m3u8,playlist,surrit.com
