page_url,video_code,playlist_url,quality,source
https://missav123.com/dm1/en/fc2-ppv-4628415,,https://surrit.com/aa9babc9-1ff2-4fb8-89ed-c8f353ca9bcf/1080p/video.m3u8,1080p,surrit.com
https://missav123.com/dm1/en/fc2-ppv-4628415,,https://surrit.com/aa9babc9-1ff2-4fb8-89ed-c8f353ca9bcf/720p/video.m3u8,720p,surrit.com
https://missav123.com/dm1/en/fc2-ppv-4628415,,https://surrit.com/aa9babc9-1ff2-4fb8-89ed-c8f353ca9bcf/playlist.m3u8,playlist,surrit.com
https://missav123.com/dm1/en/hmn-653-uncensored-leak,,https://surrit.com/da50b557-2666-4e59-891a-b304bd5a45fa/1080p/video.m3u8,1080p,surrit.com
https://missav123.com/dm1/en/hmn-653-uncensored-leak,,https://surrit.com/da50b557-2666-4e59-891a-b304bd5a45fa/720p/video.m3u8,720p,surrit.com
https://missav123.com/dm1/en/hmn-653-uncensored-leak,,https://surrit.com/da50b557-2666-4e59-891a-b304bd5a45fa/playlist.m3u8,playlist,surrit.com
https://missav123.com/dm1/en/jur-128-uncensored-leak,,https://surrit.com/609fc0c0-9f8a-4e8a-bce3-aba72c6c0437/1080p/video.m3u8,1080p,surrit.com
https://missav123.com/dm1/en/jur-128-uncensored-leak,,https://surrit.com/609fc0c0-9f8a-4e8a-bce3-aba72c6c0437/720p/video.m3u8,720p,surrit.com
https://missav123.com/dm1/en/jur-128-uncensored-leak,,https://surrit.com/609fc0c0-9f8a-4e8a-bce3-aba72c6c0437/playlist.m3u8,playlist,surrit.com
https://missav123.com/dm1/en/juy-925-english-subtitle,,https://surrit.com/2998453e-9a0e-41de-a49e-43df46f2eacf/720p/video.m3u8,720p,surrit.com
https://missav123.com/dm1/en/juy-925-english-subtitle,,https://surrit.com/2998453e-9a0e-41de-a49e-43df46f2eacf/playlist.m3u8,playlist,surrit.com
https://missav123.com/dm1/en/pppd-451-uncensored-leak,,https://surrit.com/8cb85228-5bd0-48f9-946f-9d5a4885b9ef/1080p/video.m3u8,1080p,surrit.com
https://missav123.com/dm1/en/pppd-451-uncensored-leak,,https://surrit.com/8cb85228-5bd0-48f9-946f-9d5a4885b9ef/720p/video.m3u8,720p,surrit.com
https://missav123.com/dm1/en/pppd-451-uncensored-leak,,https://surrit.com/8cb85228-5bd0-48f9-946f-9d5a4885b9ef/playlist.m3u8,playlist,surrit.com
https://missav123.com/dm1/en/real-885-uncensored-leak,,https://surrit.com/8a823f3d-9dac-456e-ad74-c4907faf0e84/1080p/video.m3u8,1080p,surrit.com
https://missav123.com/dm1/en/real-885-uncensored-leak,,https://surrit.com/8a823f3d-9dac-456e-ad74-c4907faf0e84/720p/video.m3u8,720p,surrit.com
https://missav123.com/dm1/en/real-885-uncensored-leak,,https://surrit.com/8a823f3d-9dac-456e-ad74-c4907faf0e84/playlist.m3u8,playlist,surrit.com
https://missav123.com/dm1/en/sone-562-uncensored-leak,,https://surrit.com/e627c638-4f21-4057-bfa5-15ecf6f37652/1080p/video.m3u8,1080p,surrit.com
https://missav123.com/dm1/en/sone-562-uncensored-leak,,https://surrit.com/e627c638-4f21-4057-bfa5-15ecf6f37652/720p/video.m3u8,720p,surrit.com
https://missav123.com/dm1/en/sone-562-uncensored-leak,,https://surrit.com/e627c638-4f21-4057-bfa5-15ecf6f37652/playlist.m3u8,playlist,surrit.com
https://missav123.com/dm1/en/sone-615-uncensored-leak,,https://surrit.com/34ca45c2-ea04-4496-b90f-a40ee128a6b2/720p/video.m3u8,720p,surrit.com
https://missav123.com/dm1/en/sone-615-uncensored-leak,,https://surrit.com/34ca45c2-ea04-4496-b90f-a40ee128a6b2/playlist.m3u8,playlist,surrit.com
https://missav123.com/dm1/en/start-169-uncensored-leak,,https://surrit.com/2edb5134-ece4-4049-9e0c-9ac9db69f57d/1080p/video.m3u8,1080p,surrit.com
https://missav123.com/dm1/en/start-169-uncensored-leak,,https://surrit.com/2edb5134-ece4-4049-9e0c-9ac9db69f57d/720p/video.m3u8,720p,surrit.com
https://missav123.com/dm1/en/start-169-uncensored-leak,,https://surrit.com/2edb5134-ece4-4049-9e0c-9ac9db69f57d/playlist.m3u8,playlist,surrit.com
https://missav123.com/dm107/en/adn-396-uncensored-leak,,https://surrit.com/e7b72c94-297c-424e-b65d-f73f3153f753/1280x720/video.m3u8,720p,surrit.com
https://missav123.com/dm107/en/adn-396-uncensored-leak,,https://surrit.com/e7b72c94-297c-424e-b65d-f73f3153f753/842x480/video.m3u8,480p,surrit.com
https://missav123.com/dm107/en/adn-396-uncensored-leak,,https://surrit.com/e7b72c94-297c-424e-b65d-f73f3153f753/playlist.m3u8,playlist,surrit.com
https://missav123.com/dm13/en/stars-573-uncensored-leak,,https://surrit.com/96b5dd49-7435-43df-b22d-fbe932706922/1280x720/video.m3u8,720p,surrit.com
https://missav123.com/dm13/en/stars-573-uncensored-leak,,https://surrit.com/96b5dd49-7435-43df-b22d-fbe932706922/842x480/video.m3u8,480p,surrit.com
https://missav123.com/dm13/en/stars-573-uncensored-leak,,https://surrit.com/96b5dd49-7435-43df-b22d-fbe932706922/playlist.m3u8,playlist,surrit.com
https://missav123.com/dm14/en/fpre-004-uncensored-leak,,https://surrit.com/fae66c99-5962-4f7f-bc50-ef76f666bc5c/1280x720/video.m3u8,720p,surrit.com
https://missav123.com/dm14/en/fpre-004-uncensored-leak,,https://surrit.com/fae66c99-5962-4f7f-bc50-ef76f666bc5c/842x480/video.m3u8,480p,surrit.com
https://missav123.com/dm14/en/fpre-004-uncensored-leak,,https://surrit.com/fae66c99-5962-4f7f-bc50-ef76f666bc5c/playlist.m3u8,playlist,surrit.com
https://missav123.com/dm14/en/ipzz-301-uncensored-leak,,https://surrit.com/79517f66-e779-424c-94a9-c3745b65224f/1080p/video.m3u8,1080p,surrit.com
https://missav123.com/dm14/en/ipzz-301-uncensored-leak,,https://surrit.com/79517f66-e779-424c-94a9-c3745b65224f/720p/video.m3u8,720p,surrit.com
https://missav123.com/dm14/en/ipzz-301-uncensored-leak,,https://surrit.com/79517f66-e779-424c-94a9-c3745b65224f/playlist.m3u8,playlist,surrit.com
https://missav123.com/dm14/en/mudr-235-uncensored-leak,,https://surrit.com/0dc6630c-e5cb-4d1c-ba2a-4d601868e71f/1280x720/video.m3u8,720p,surrit.com
https://missav123.com/dm14/en/mudr-235-uncensored-leak,,https://surrit.com/0dc6630c-e5cb-4d1c-ba2a-4d601868e71f/842x480/video.m3u8,480p,surrit.com
https://missav123.com/dm14/en/mudr-235-uncensored-leak,,https://surrit.com/0dc6630c-e5cb-4d1c-ba2a-4d601868e71f/playlist.m3u8,playlist,surrit.com
https://missav123.com/dm14/en/sone-341-uncensored-leak,,https://surrit.com/8edbd1ea-b392-4c1b-b91a-d66fe45adb29/1080p/video.m3u8,1080p,surrit.com
https://missav123.com/dm14/en/sone-341-uncensored-leak,,https://surrit.com/8edbd1ea-b392-4c1b-b91a-d66fe45adb29/720p/video.m3u8,720p,surrit.com
https://missav123.com/dm14/en/sone-341-uncensored-leak,,https://surrit.com/8edbd1ea-b392-4c1b-b91a-d66fe45adb29/playlist.m3u8,playlist,surrit.com
https://missav123.com/dm15/en/dass-468-uncensored-leak,,https://surrit.com/70c7a77d-aa00-4ebe-8bda-4c31f48f92e6/1080p/video.m3u8,1080p,surrit.com
https://missav123.com/dm15/en/dass-468-uncensored-leak,,https://surrit.com/70c7a77d-aa00-4ebe-8bda-4c31f48f92e6/720p/video.m3u8,720p,surrit.com
https://missav123.com/dm15/en/dass-468-uncensored-leak,,https://surrit.com/70c7a77d-aa00-4ebe-8bda-4c31f48f92e6/playlist.m3u8,playlist,surrit.com
https://missav123.com/dm15/en/mimk-138-uncensored-leak,,https://surrit.com/a0e76827-a962-45d1-936e-cd877c37befc/1280x720/video.m3u8,720p,surrit.com
https://missav123.com/dm15/en/mimk-138-uncensored-leak,,https://surrit.com/a0e76827-a962-45d1-936e-cd877c37befc/842x480/video.m3u8,480p,surrit.com
https://missav123.com/dm15/en/mimk-138-uncensored-leak,,https://surrit.com/a0e76827-a962-45d1-936e-cd877c37befc/playlist.m3u8,playlist,surrit.com
https://missav123.com/dm15/en/ssis-870-uncensored-leak,,https://surrit.com/d6c1086d-23c5-4cda-a146-97878330ae09/720p/video.m3u8,720p,surrit.com
https://missav123.com/dm15/en/ssis-870-uncensored-leak,,https://surrit.com/d6c1086d-23c5-4cda-a146-97878330ae09/playlist.m3u8,playlist,surrit.com
https://missav123.com/dm15/en/ssis-951-uncensored-leak,,https://surrit.com/7010314a-0098-4094-ba6d-1e2516b5dac4/1280x720/video.m3u8,720p,surrit.com
https://missav123.com/dm15/en/ssis-951-uncensored-leak,,https://surrit.com/7010314a-0098-4094-ba6d-1e2516b5dac4/842x480/video.m3u8,480p,surrit.com
https://missav123.com/dm15/en/ssis-951-uncensored-leak,,https://surrit.com/7010314a-0098-4094-ba6d-1e2516b5dac4/playlist.m3u8,playlist,surrit.com
https://missav123.com/dm16/en/hnd-765-uncensored-leak,,https://surrit.com/230101f7-5cad-41fd-bce0-5803933f054f/1280x720/video.m3u8,720p,surrit.com
https://missav123.com/dm16/en/hnd-765-uncensored-leak,,https://surrit.com/230101f7-5cad-41fd-bce0-5803933f054f/842x480/video.m3u8,480p,surrit.com
https://missav123.com/dm16/en/hnd-765-uncensored-leak,,https://surrit.com/230101f7-5cad-41fd-bce0-5803933f054f/playlist.m3u8,playlist,surrit.com
https://missav123.com/dm16/en/jul-876-uncensored-leak,,https://surrit.com/b1b00bb1-fdde-4f88-830c-33e63242f3f0/720p/video.m3u8,720p,surrit.com
https://missav123.com/dm16/en/jul-876-uncensored-leak,,https://surrit.com/b1b00bb1-fdde-4f88-830c-33e63242f3f0/playlist.m3u8,playlist,surrit.com
https://missav123.com/dm17/en/sone-525-uncensored-leak,,https://surrit.com/6f7ddfca-eff2-4cbb-b49b-94bac9d9c582/1080p/video.m3u8,1080p,surrit.com
https://missav123.com/dm17/en/sone-525-uncensored-leak,,https://surrit.com/6f7ddfca-eff2-4cbb-b49b-94bac9d9c582/720p/video.m3u8,720p,surrit.com
https://missav123.com/dm17/en/sone-525-uncensored-leak,,https://surrit.com/6f7ddfca-eff2-4cbb-b49b-94bac9d9c582/playlist.m3u8,playlist,surrit.com
https://missav123.com/dm19/en/meyd-928-uncensored-leak,,https://surrit.com/11a26896-d178-4e42-82cf-6528a70fb572/1080p/video.m3u8,1080p,surrit.com
https://missav123.com/dm19/en/meyd-928-uncensored-leak,,https://surrit.com/11a26896-d178-4e42-82cf-6528a70fb572/720p/video.m3u8,720p,surrit.com
https://missav123.com/dm19/en/meyd-928-uncensored-leak,,https://surrit.com/11a26896-d178-4e42-82cf-6528a70fb572/playlist.m3u8,playlist,surrit.com
https://missav123.com/dm2/en/cawd-194-uncensored-leak,,https://surrit.com/af8c271c-bb4f-4b00-800d-0d3bb5f3d457/720p/video.m3u8,720p,surrit.com
https://missav123.com/dm2/en/cawd-194-uncensored-leak,,https://surrit.com/af8c271c-bb4f-4b00-800d-0d3bb5f3d457/playlist.m3u8,playlist,surrit.com
https://missav123.com/dm2/en/dasd-504-uncensored-leak,,https://surrit.com/64c1af52-70d1-4032-8bb1-0f6b09eca27d/1080p/video.m3u8,1080p,surrit.com
https://missav123.com/dm2/en/dasd-504-uncensored-leak,,https://surrit.com/64c1af52-70d1-4032-8bb1-0f6b09eca27d/720p/video.m3u8,720p,surrit.com
https://missav123.com/dm2/en/dasd-504-uncensored-leak,,https://surrit.com/64c1af52-70d1-4032-8bb1-0f6b09eca27d/playlist.m3u8,playlist,surrit.com
https://missav123.com/dm2/en/hmn-217-uncensored-leak,,https://surrit.com/312c715a-4fef-447d-9c49-8cc88a61eb9b/720p/video.m3u8,720p,surrit.com
https://missav123.com/dm2/en/hmn-217-uncensored-leak,,https://surrit.com/312c715a-4fef-447d-9c49-8cc88a61eb9b/playlist.m3u8,playlist,surrit.com
https://missav123.com/dm2/en/mide-903-uncensored-leak,,https://surrit.com/206bb723-d53b-446f-a607-58208408d313/720p/video.m3u8,720p,surrit.com
https://missav123.com/dm2/en/mide-903-uncensored-leak,,https://surrit.com/206bb723-d53b-446f-a607-58208408d313/playlist.m3u8,playlist,surrit.com
https://missav123.com/dm2/en/mimk-044-uncensored-leak,,https://surrit.com/469ee206-b8c6-4abc-96df-9fc36ebb5b2c/1080p/video.m3u8,1080p,surrit.com
https://missav123.com/dm2/en/mimk-044-uncensored-leak,,https://surrit.com/469ee206-b8c6-4abc-96df-9fc36ebb5b2c/720p/video.m3u8,720p,surrit.com
https://missav123.com/dm2/en/mimk-044-uncensored-leak,,https://surrit.com/469ee206-b8c6-4abc-96df-9fc36ebb5b2c/playlist.m3u8,playlist,surrit.com
https://missav123.com/dm25/en/juq-446-uncensored-leak,,https://surrit.com/b563efdb-21ba-4059-99db-743149fce879/1280x720/video.m3u8,720p,surrit.com
https://missav123.com/dm25/en/juq-446-uncensored-leak,,https://surrit.com/b563efdb-21ba-4059-99db-743149fce879/842x480/video.m3u8,480p,surrit.com
https://missav123.com/dm25/en/juq-446-uncensored-leak,,https://surrit.com/b563efdb-21ba-4059-99db-743149fce879/playlist.m3u8,playlist,surrit.com
https://missav123.com/dm26/en/cjod-408-uncensored-leak,,https://surrit.com/a5331ac3-b9af-48b2-941c-7d0fd9f371e7/1080p/video.m3u8,1080p,surrit.com
https://missav123.com/dm26/en/cjod-408-uncensored-leak,,https://surrit.com/a5331ac3-b9af-48b2-941c-7d0fd9f371e7/720p/video.m3u8,720p,surrit.com
https://missav123.com/dm26/en/cjod-408-uncensored-leak,,https://surrit.com/a5331ac3-b9af-48b2-941c-7d0fd9f371e7/playlist.m3u8,playlist,surrit.com
https://missav123.com/dm26/en/jul-208-uncensored-leak,,https://surrit.com/b1dc8bf0-e87f-48b7-b872-870ec4ea60b2/480p/video.m3u8,480p,surrit.com
https://missav123.com/dm26/en/jul-208-uncensored-leak,,https://surrit.com/b1dc8bf0-e87f-48b7-b872-870ec4ea60b2/playlist.m3u8,playlist,surrit.com
https://missav123.com/dm26/en/jul-305-uncensored-leak,,https://surrit.com/0b7fc776-79ed-4560-a514-06d0fde1ed2e/1080p/video.m3u8,1080p,surrit.com
https://missav123.com/dm26/en/jul-305-uncensored-leak,,https://surrit.com/0b7fc776-79ed-4560-a514-06d0fde1ed2e/720p/video.m3u8,720p,surrit.com
https://missav123.com/dm26/en/jul-305-uncensored-leak,,https://surrit.com/0b7fc776-79ed-4560-a514-06d0fde1ed2e/playlist.m3u8,playlist,surrit.com
https://missav123.com/dm27/en/mide-781-uncensored-leak,,https://surrit.com/056f2df3-29e0-4676-8aa4-8876c4b2a1df/1080p/video.m3u8,1080p,surrit.com
https://missav123.com/dm27/en/mide-781-uncensored-leak,,https://surrit.com/056f2df3-29e0-4676-8aa4-8876c4b2a1df/720p/video.m3u8,720p,surrit.com
https://missav123.com/dm27/en/mide-781-uncensored-leak,,https://surrit.com/056f2df3-29e0-4676-8aa4-8876c4b2a1df/playlist.m3u8,playlist,surrit.com
https://missav123.com/dm28/en/jul-859-uncensored-leak,,https://surrit.com/8c20fe2b-9d48-4295-a0cd-f7dc93a585d9/1280x720/video.m3u8,720p,surrit.com
https://missav123.com/dm28/en/jul-859-uncensored-leak,,https://surrit.com/8c20fe2b-9d48-4295-a0cd-f7dc93a585d9/842x480/video.m3u8,480p,surrit.com
https://missav123.com/dm28/en/jul-859-uncensored-leak,,https://surrit.com/8c20fe2b-9d48-4295-a0cd-f7dc93a585d9/playlist.m3u8,playlist,surrit.com
https://missav123.com/dm28/en/miab-170-uncensored-leak,,https://surrit.com/4f301670-0ad7-4194-abce-f93efc76061a/1080p/video.m3u8,1080p,surrit.com
https://missav123.com/dm28/en/miab-170-uncensored-leak,,https://surrit.com/4f301670-0ad7-4194-abce-f93efc76061a/720p/video.m3u8,720p,surrit.com
https://missav123.com/dm28/en/miab-170-uncensored-leak,,https://surrit.com/4f301670-0ad7-4194-abce-f93efc76061a/playlist.m3u8,playlist,surrit.com
https://missav123.com/dm28/en/pppd-408-uncensored-leak,,https://surrit.com/bafce24e-3e08-493f-b963-c3dd3abcab41/1280x720/video.m3u8,720p,surrit.com
https://missav123.com/dm28/en/pppd-408-uncensored-leak,,https://surrit.com/bafce24e-3e08-493f-b963-c3dd3abcab41/842x480/video.m3u8,480p,surrit.com
https://missav123.com/dm28/en/pppd-408-uncensored-leak,,https://surrit.com/bafce24e-3e08-493f-b963-c3dd3abcab41/playlist.m3u8,playlist,surrit.com
https://missav123.com/dm29/en/dasd-866-uncensored-leak,,https://surrit.com/f1fa013f-036e-48b9-9a48-6b9734b37b16/1280x720/video.m3u8,720p,surrit.com
https://missav123.com/dm29/en/dasd-866-uncensored-leak,,https://surrit.com/f1fa013f-036e-48b9-9a48-6b9734b37b16/842x480/video.m3u8,480p,surrit.com
https://missav123.com/dm29/en/dasd-866-uncensored-leak,,https://surrit.com/f1fa013f-036e-48b9-9a48-6b9734b37b16/playlist.m3u8,playlist,surrit.com
https://missav123.com/dm29/en/jux-816-uncensored-leak,,https://surrit.com/49f8f259-f610-404a-b1dd-9880f9ba068b/1280x720/video.m3u8,720p,surrit.com
https://missav123.com/dm29/en/jux-816-uncensored-leak,,https://surrit.com/49f8f259-f610-404a-b1dd-9880f9ba068b/842x480/video.m3u8,480p,surrit.com
https://missav123.com/dm29/en/jux-816-uncensored-leak,,https://surrit.com/49f8f259-f610-404a-b1dd-9880f9ba068b/playlist.m3u8,playlist,surrit.com
https://missav123.com/dm29/en/waaa-462-uncensored-leak,,https://surrit.com/cca75677-5a8a-453b-85d2-51d75e6c59b3/1080p/video.m3u8,1080p,surrit.com
https://missav123.com/dm29/en/waaa-462-uncensored-leak,,https://surrit.com/cca75677-5a8a-453b-85d2-51d75e6c59b3/720p/video.m3u8,720p,surrit.com
https://missav123.com/dm29/en/waaa-462-uncensored-leak,,https://surrit.com/cca75677-5a8a-453b-85d2-51d75e6c59b3/playlist.m3u8,playlist,surrit.com
https://missav123.com/dm3/en/sone-228-uncensored-leak,,https://surrit.com/8882e326-0ddb-4924-a481-d84f823a1b38/1080p/video.m3u8,1080p,surrit.com
https://missav123.com/dm3/en/sone-228-uncensored-leak,,https://surrit.com/8882e326-0ddb-4924-a481-d84f823a1b38/720p/video.m3u8,720p,surrit.com
https://missav123.com/dm3/en/sone-228-uncensored-leak,,https://surrit.com/8882e326-0ddb-4924-a481-d84f823a1b38/playlist.m3u8,playlist,surrit.com
https://missav123.com/dm30/en/miab-147-uncensored-leak,,https://surrit.com/55a9c3bf-6d58-4147-abb6-ce763dfc5e79/720p/video.m3u8,720p,surrit.com
https://missav123.com/dm30/en/miab-147-uncensored-leak,,https://surrit.com/55a9c3bf-6d58-4147-abb6-ce763dfc5e79/playlist.m3u8,playlist,surrit.com
https://missav123.com/dm30/en/sone-479-uncensored-leak,,https://surrit.com/0b7b1e14-8dec-4290-9a7d-ae8a32942aee/1080p/video.m3u8,1080p,surrit.com
https://missav123.com/dm30/en/sone-479-uncensored-leak,,https://surrit.com/0b7b1e14-8dec-4290-9a7d-ae8a32942aee/720p/video.m3u8,720p,surrit.com
https://missav123.com/dm30/en/sone-479-uncensored-leak,,https://surrit.com/0b7b1e14-8dec-4290-9a7d-ae8a32942aee/playlist.m3u8,playlist,surrit.com
https://missav123.com/dm31/en/ebwh-084-uncensored-leak,,https://surrit.com/3b98cab6-237f-4e3d-9bdb-559a9d8e8eec/1080p/video.m3u8,1080p,surrit.com
https://missav123.com/dm31/en/ebwh-084-uncensored-leak,,https://surrit.com/3b98cab6-237f-4e3d-9bdb-559a9d8e8eec/720p/video.m3u8,720p,surrit.com
https://missav123.com/dm31/en/ebwh-084-uncensored-leak,,https://surrit.com/3b98cab6-237f-4e3d-9bdb-559a9d8e8eec/playlist.m3u8,playlist,surrit.com
https://missav123.com/dm31/en/fc2-ppv-2430778,,https://surrit.com/2951af4d-d04e-42fc-8ed6-a1665599fc51/1280x720/video.m3u8,720p,surrit.com
https://missav123.com/dm31/en/fc2-ppv-2430778,,https://surrit.com/2951af4d-d04e-42fc-8ed6-a1665599fc51/842x480/video.m3u8,480p,surrit.com
https://missav123.com/dm31/en/fc2-ppv-2430778,,https://surrit.com/2951af4d-d04e-42fc-8ed6-a1665599fc51/playlist.m3u8,playlist,surrit.com
https://missav123.com/dm31/en/fset-784,fset-784,https://surrit.com/ed1ed606-5b1c-496e-82a2-88329556d43a/1280x720/video.m3u8,720p,surrit.com
https://missav123.com/dm31/en/fset-784,fset-784,https://surrit.com/ed1ed606-5b1c-496e-82a2-88329556d43a/842x480/video.m3u8,480p,surrit.com
https://missav123.com/dm31/en/fset-784,fset-784,https://surrit.com/ed1ed606-5b1c-496e-82a2-88329556d43a/playlist.m3u8,playlist,surrit.com
https://missav123.com/dm31/en/ipzz-492-uncensored-leak,,https://surrit.com/b02d4687-958f-4cf4-9986-56fbdfc1197b/1080p/video.m3u8,1080p,surrit.com
https://missav123.com/dm31/en/ipzz-492-uncensored-leak,,https://surrit.com/b02d4687-958f-4cf4-9986-56fbdfc1197b/720p/video.m3u8,720p,surrit.com
https://missav123.com/dm31/en/ipzz-492-uncensored-leak,,https://surrit.com/b02d4687-958f-4cf4-9986-56fbdfc1197b/playlist.m3u8,playlist,surrit.com
https://missav123.com/dm31/en/n0843,,https://surrit.com/602c934a-66a3-4177-adf5-760392825e36/1280x720/video.m3u8,720p,surrit.com
https://missav123.com/dm31/en/n0843,,https://surrit.com/602c934a-66a3-4177-adf5-760392825e36/842x480/video.m3u8,480p,surrit.com
https://missav123.com/dm31/en/n0843,,https://surrit.com/602c934a-66a3-4177-adf5-760392825e36/playlist.m3u8,playlist,surrit.com
https://missav123.com/dm32/en/juq-988-uncensored-leak,,https://surrit.com/91a89dce-305b-4c24-bfa0-2e87cb39b465/1080p/video.m3u8,1080p,surrit.com
https://missav123.com/dm32/en/juq-988-uncensored-leak,,https://surrit.com/91a89dce-305b-4c24-bfa0-2e87cb39b465/720p/video.m3u8,720p,surrit.com
https://missav123.com/dm32/en/juq-988-uncensored-leak,,https://surrit.com/91a89dce-305b-4c24-bfa0-2e87cb39b465/playlist.m3u8,playlist,surrit.com
https://missav123.com/dm34/en/tek-067-uncensored-leak,,https://surrit.com/f4501209-60e9-453b-bd70-2242ec42faa9/1080p/video.m3u8,1080p,surrit.com
https://missav123.com/dm34/en/tek-067-uncensored-leak,,https://surrit.com/f4501209-60e9-453b-bd70-2242ec42faa9/720p/video.m3u8,720p,surrit.com
https://missav123.com/dm34/en/tek-067-uncensored-leak,,https://surrit.com/f4501209-60e9-453b-bd70-2242ec42faa9/playlist.m3u8,playlist,surrit.com
https://missav123.com/dm36/en/ssni-799-uncensored-leak,,https://surrit.com/535e3314-fb11-48cd-bcdf-c5066bbc3265/1280x720/video.m3u8,720p,surrit.com
https://missav123.com/dm36/en/ssni-799-uncensored-leak,,https://surrit.com/535e3314-fb11-48cd-bcdf-c5066bbc3265/842x480/video.m3u8,480p,surrit.com
https://missav123.com/dm36/en/ssni-799-uncensored-leak,,https://surrit.com/535e3314-fb11-48cd-bcdf-c5066bbc3265/playlist.m3u8,playlist,surrit.com
https://missav123.com/dm39/en/ssis-116-uncensored-leak,,https://surrit.com/51dd0abc-b535-4cbb-a385-9a564fda9603/1280x720/video.m3u8,720p,surrit.com
https://missav123.com/dm39/en/ssis-116-uncensored-leak,,https://surrit.com/51dd0abc-b535-4cbb-a385-9a564fda9603/842x480/video.m3u8,480p,surrit.com
https://missav123.com/dm39/en/ssis-116-uncensored-leak,,https://surrit.com/51dd0abc-b535-4cbb-a385-9a564fda9603/playlist.m3u8,playlist,surrit.com
https://missav123.com/dm39/en/ssis-117-uncensored-leak,,https://surrit.com/c085d965-67aa-48e7-b9ec-5672d35117e2/1280x720/video.m3u8,720p,surrit.com
https://missav123.com/dm39/en/ssis-117-uncensored-leak,,https://surrit.com/c085d965-67aa-48e7-b9ec-5672d35117e2/842x480/video.m3u8,480p,surrit.com
https://missav123.com/dm39/en/ssis-117-uncensored-leak,,https://surrit.com/c085d965-67aa-48e7-b9ec-5672d35117e2/playlist.m3u8,playlist,surrit.com
https://missav123.com/dm40/en/jul-792-uncensored-leak,,https://surrit.com/23d6cd0b-e5cc-4e01-9b86-dd513c608980/1280x720/video.m3u8,720p,surrit.com
https://missav123.com/dm40/en/jul-792-uncensored-leak,,https://surrit.com/23d6cd0b-e5cc-4e01-9b86-dd513c608980/842x480/video.m3u8,480p,surrit.com
https://missav123.com/dm40/en/jul-792-uncensored-leak,,https://surrit.com/23d6cd0b-e5cc-4e01-9b86-dd513c608980/playlist.m3u8,playlist,surrit.com
https://missav123.com/dm41/en/miaa-430-uncensored-leak,,https://surrit.com/9191b376-a3e0-40b8-81f7-9caac78c24d7/720p/video.m3u8,720p,surrit.com
https://missav123.com/dm41/en/miaa-430-uncensored-leak,,https://surrit.com/9191b376-a3e0-40b8-81f7-9caac78c24d7/playlist.m3u8,playlist,surrit.com
https://missav123.com/dm41/en/ssni-466-uncensored-leak,,https://surrit.com/d4b63aba-bc73-4822-a7b4-29328656f4c5/1280x720/video.m3u8,720p,surrit.com
https://missav123.com/dm41/en/ssni-466-uncensored-leak,,https://surrit.com/d4b63aba-bc73-4822-a7b4-29328656f4c5/842x480/video.m3u8,480p,surrit.com
https://missav123.com/dm41/en/ssni-466-uncensored-leak,,https://surrit.com/d4b63aba-bc73-4822-a7b4-29328656f4c5/playlist.m3u8,playlist,surrit.com
https://missav123.com/dm42/en/adn-516-uncensored-leak,,https://surrit.com/41fa7b4d-95ec-47c8-9fe8-08cd10a7f1cc/1280x720/video.m3u8,720p,surrit.com
https://missav123.com/dm42/en/adn-516-uncensored-leak,,https://surrit.com/41fa7b4d-95ec-47c8-9fe8-08cd10a7f1cc/842x480/video.m3u8,480p,surrit.com
https://missav123.com/dm42/en/adn-516-uncensored-leak,,https://surrit.com/41fa7b4d-95ec-47c8-9fe8-08cd10a7f1cc/playlist.m3u8,playlist,surrit.com
https://missav123.com/dm42/en/dass-491-uncensored-leak,,https://surrit.com/03480528-5336-4a84-b0cf-6d8932f64bfe/1080p/video.m3u8,1080p,surrit.com
https://missav123.com/dm42/en/dass-491-uncensored-leak,,https://surrit.com/03480528-5336-4a84-b0cf-6d8932f64bfe/720p/video.m3u8,720p,surrit.com
https://missav123.com/dm42/en/dass-491-uncensored-leak,,https://surrit.com/03480528-5336-4a84-b0cf-6d8932f64bfe/playlist.m3u8,480p,surrit.com
https://missav123.com/dm42/en/miab-343-uncensored-leak,,https://surrit.com/d48d8a3f-3aa6-4385-9d88-67f4a7a53b46/1080p/video.m3u8,1080p,surrit.com
https://missav123.com/dm42/en/miab-343-uncensored-leak,,https://surrit.com/d48d8a3f-3aa6-4385-9d88-67f4a7a53b46/720p/video.m3u8,720p,surrit.com
https://missav123.com/dm42/en/miab-343-uncensored-leak,,https://surrit.com/d48d8a3f-3aa6-4385-9d88-67f4a7a53b46/playlist.m3u8,playlist,surrit.com
https://missav123.com/dm44/en/juq-797-uncensored-leak,,https://surrit.com/79b4d812-ba52-4849-a270-25b8557f557a/1080p/video.m3u8,1080p,surrit.com
https://missav123.com/dm44/en/juq-797-uncensored-leak,,https://surrit.com/79b4d812-ba52-4849-a270-25b8557f557a/720p/video.m3u8,720p,surrit.com
https://missav123.com/dm44/en/juq-797-uncensored-leak,,https://surrit.com/79b4d812-ba52-4849-a270-25b8557f557a/playlist.m3u8,playlist,surrit.com
https://missav123.com/dm44/en/same-090-uncensored-leak,,https://surrit.com/56855da2-32c7-4ef7-bdf4-3bbcd7f66b42/1280x720/video.m3u8,720p,surrit.com
https://missav123.com/dm44/en/same-090-uncensored-leak,,https://surrit.com/56855da2-32c7-4ef7-bdf4-3bbcd7f66b42/842x480/video.m3u8,480p,surrit.com
https://missav123.com/dm44/en/same-090-uncensored-leak,,https://surrit.com/56855da2-32c7-4ef7-bdf4-3bbcd7f66b42/playlist.m3u8,playlist,surrit.com
https://missav123.com/dm46/en/sone-499-uncensored-leak,,https://surrit.com/7a8e83b8-3e0b-4e5d-9ffc-d49e04f4493b/1080p/video.m3u8,1080p,surrit.com
https://missav123.com/dm46/en/sone-499-uncensored-leak,,https://surrit.com/7a8e83b8-3e0b-4e5d-9ffc-d49e04f4493b/720p/video.m3u8,720p,surrit.com
https://missav123.com/dm46/en/sone-499-uncensored-leak,,https://surrit.com/7a8e83b8-3e0b-4e5d-9ffc-d49e04f4493b/playlist.m3u8,playlist,surrit.com
https://missav123.com/dm49/en/ipzz-188-uncensored-leak,,https://surrit.com/135742e7-180f-48ff-9583-0c9d944c8fa7/1280x720/video.m3u8,720p,surrit.com
https://missav123.com/dm49/en/ipzz-188-uncensored-leak,,https://surrit.com/135742e7-180f-48ff-9583-0c9d944c8fa7/842x480/video.m3u8,480p,surrit.com
https://missav123.com/dm49/en/ipzz-188-uncensored-leak,,https://surrit.com/135742e7-180f-48ff-9583-0c9d944c8fa7/playlist.m3u8,playlist,surrit.com
https://missav123.com/dm5/en/homa-095-uncensored-leak,,https://surrit.com/9c548864-0bdf-48e4-ba88-55917d4672e1/1080p/video.m3u8,1080p,surrit.com
https://missav123.com/dm5/en/homa-095-uncensored-leak,,https://surrit.com/9c548864-0bdf-48e4-ba88-55917d4672e1/720p/video.m3u8,720p,surrit.com
https://missav123.com/dm5/en/homa-095-uncensored-leak,,https://surrit.com/9c548864-0bdf-48e4-ba88-55917d4672e1/playlist.m3u8,playlist,surrit.com
https://missav123.com/dm51/en/ure-055-uncensored-leak,,https://surrit.com/194b555f-fa50-443b-a478-5b2c1f45f858/1280x720/video.m3u8,720p,surrit.com
https://missav123.com/dm51/en/ure-055-uncensored-leak,,https://surrit.com/194b555f-fa50-443b-a478-5b2c1f45f858/842x480/video.m3u8,480p,surrit.com
https://missav123.com/dm51/en/ure-055-uncensored-leak,,https://surrit.com/194b555f-fa50-443b-a478-5b2c1f45f858/playlist.m3u8,playlist,surrit.com
https://missav123.com/dm52/en/ssis-211-uncensored-leak,,https://surrit.com/34a37cfb-b167-4fc5-a389-97f7af280a92/1280x720/video.m3u8,720p,surrit.com
https://missav123.com/dm52/en/ssis-211-uncensored-leak,,https://surrit.com/34a37cfb-b167-4fc5-a389-97f7af280a92/842x480/video.m3u8,480p,surrit.com
https://missav123.com/dm52/en/ssis-211-uncensored-leak,,https://surrit.com/34a37cfb-b167-4fc5-a389-97f7af280a92/playlist.m3u8,playlist,surrit.com
https://missav123.com/dm53/en/sone-248-uncensored-leak,,https://surrit.com/8ffc7c34-4712-48ab-9fee-66d8b148f33e/1080p/video.m3u8,1080p,surrit.com
https://missav123.com/dm53/en/sone-248-uncensored-leak,,https://surrit.com/8ffc7c34-4712-48ab-9fee-66d8b148f33e/720p/video.m3u8,720p,surrit.com
https://missav123.com/dm53/en/sone-248-uncensored-leak,,https://surrit.com/8ffc7c34-4712-48ab-9fee-66d8b148f33e/playlist.m3u8,playlist,surrit.com
https://missav123.com/dm53/en/ssis-978-uncensored-leak,,https://surrit.com/fe951eee-6213-4f90-a81a-ac947b0f2eb1/1280x720/video.m3u8,720p,surrit.com
https://missav123.com/dm53/en/ssis-978-uncensored-leak,,https://surrit.com/fe951eee-6213-4f90-a81a-ac947b0f2eb1/842x480/video.m3u8,480p,surrit.com
https://missav123.com/dm53/en/ssis-978-uncensored-leak,,https://surrit.com/fe951eee-6213-4f90-a81a-ac947b0f2eb1/playlist.m3u8,playlist,surrit.com
https://missav123.com/dm53/en/ssni-025-uncensored-leak,,https://surrit.com/521a046b-0772-48a1-ab7b-c40f5a259644/1280x720/video.m3u8,720p,surrit.com
https://missav123.com/dm53/en/ssni-025-uncensored-leak,,https://surrit.com/521a046b-0772-48a1-ab7b-c40f5a259644/842x480/video.m3u8,480p,surrit.com
https://missav123.com/dm53/en/ssni-025-uncensored-leak,,https://surrit.com/521a046b-0772-48a1-ab7b-c40f5a259644/playlist.m3u8,playlist,surrit.com
https://missav123.com/dm54/en/juny-106-uncensored-leak,,https://surrit.com/e3f1d02a-9313-4855-a325-2104c15d559f/1280x720/video.m3u8,720p,surrit.com
https://missav123.com/dm54/en/juny-106-uncensored-leak,,https://surrit.com/e3f1d02a-9313-4855-a325-2104c15d559f/842x480/video.m3u8,480p,surrit.com
https://missav123.com/dm54/en/juny-106-uncensored-leak,,https://surrit.com/e3f1d02a-9313-4855-a325-2104c15d559f/playlist.m3u8,playlist,surrit.com
https://missav123.com/dm54/en/juq-321-uncensored-leak,,https://surrit.com/da62e1fa-2e1a-451f-9db5-a85b64072a3c/1280x720/video.m3u8,720p,surrit.com
https://missav123.com/dm54/en/juq-321-uncensored-leak,,https://surrit.com/da62e1fa-2e1a-451f-9db5-a85b64072a3c/842x480/video.m3u8,480p,surrit.com
https://missav123.com/dm54/en/juq-321-uncensored-leak,,https://surrit.com/da62e1fa-2e1a-451f-9db5-a85b64072a3c/playlist.m3u8,playlist,surrit.com
https://missav123.com/dm54/en/pred-376-uncensored-leak,,https://surrit.com/9213fd56-899e-4f3c-8b7d-2282f56455a2/1280x720/video.m3u8,720p,surrit.com
https://missav123.com/dm54/en/pred-376-uncensored-leak,,https://surrit.com/9213fd56-899e-4f3c-8b7d-2282f56455a2/842x480/video.m3u8,480p,surrit.com
https://missav123.com/dm54/en/pred-376-uncensored-leak,,https://surrit.com/9213fd56-899e-4f3c-8b7d-2282f56455a2/playlist.m3u8,playlist,surrit.com
https://missav123.com/dm55/en/jul-880-uncensored-leak,,https://surrit.com/d0fb7eba-84fd-4702-8085-4384ea49bc09/1280x720/video.m3u8,720p,surrit.com
https://missav123.com/dm55/en/jul-880-uncensored-leak,,https://surrit.com/d0fb7eba-84fd-4702-8085-4384ea49bc09/842x480/video.m3u8,480p,surrit.com
https://missav123.com/dm55/en/jul-880-uncensored-leak,,https://surrit.com/d0fb7eba-84fd-4702-8085-4384ea49bc09/playlist.m3u8,playlist,surrit.com
https://missav123.com/dm56/en/cawd-658-uncensored-leak,,https://surrit.com/6371738f-3d77-46ce-9662-93135307e5b3/1080p/video.m3u8,1080p,surrit.com
https://missav123.com/dm56/en/cawd-658-uncensored-leak,,https://surrit.com/6371738f-3d77-46ce-9662-93135307e5b3/720p/video.m3u8,720p,surrit.com
https://missav123.com/dm56/en/cawd-658-uncensored-leak,,https://surrit.com/6371738f-3d77-46ce-9662-93135307e5b3/playlist.m3u8,playlist,surrit.com
https://missav123.com/dm56/en/midv-615-uncensored-leak,,https://surrit.com/43b4ebdc-997b-409c-8083-0426a3121a5e/1280x720/video.m3u8,720p,surrit.com
https://missav123.com/dm56/en/midv-615-uncensored-leak,,https://surrit.com/43b4ebdc-997b-409c-8083-0426a3121a5e/842x480/video.m3u8,480p,surrit.com
https://missav123.com/dm56/en/midv-615-uncensored-leak,,https://surrit.com/43b4ebdc-997b-409c-8083-0426a3121a5e/playlist.m3u8,playlist,surrit.com
https://missav123.com/dm57/en/ssni-977-uncensored-leak,,https://surrit.com/cd5c074a-0817-439c-b600-407a6a648103/1080p/video.m3u8,1080p,surrit.com
https://missav123.com/dm57/en/ssni-977-uncensored-leak,,https://surrit.com/cd5c074a-0817-439c-b600-407a6a648103/720p/video.m3u8,720p,surrit.com
https://missav123.com/dm57/en/ssni-977-uncensored-leak,,https://surrit.com/cd5c074a-0817-439c-b600-407a6a648103/playlist.m3u8,playlist,surrit.com
https://missav123.com/dm59/en/ipzz-162-uncensored-leak,,https://surrit.com/53fde770-53f9-4208-9121-9c816e9de46a/1280x720/video.m3u8,720p,surrit.com
https://missav123.com/dm59/en/ipzz-162-uncensored-leak,,https://surrit.com/53fde770-53f9-4208-9121-9c816e9de46a/842x480/video.m3u8,480p,surrit.com
https://missav123.com/dm59/en/ipzz-162-uncensored-leak,,https://surrit.com/53fde770-53f9-4208-9121-9c816e9de46a/playlist.m3u8,playlist,surrit.com
https://missav123.com/dm59/en/meyd-893-uncensored-leak,,https://surrit.com/bbb333b9-c2f9-45f6-acfc-0acfbeb92a22/1080p/video.m3u8,1080p,surrit.com
https://missav123.com/dm59/en/meyd-893-uncensored-leak,,https://surrit.com/bbb333b9-c2f9-45f6-acfc-0acfbeb92a22/720p/video.m3u8,720p,surrit.com
https://missav123.com/dm59/en/meyd-893-uncensored-leak,,https://surrit.com/bbb333b9-c2f9-45f6-acfc-0acfbeb92a22/playlist.m3u8,playlist,surrit.com
https://missav123.com/dm60/en/juq-982-uncensored-leak,,https://surrit.com/931eb7dc-8ae4-4fa3-868e-f1dd8046014c/720p/video.m3u8,720p,surrit.com
https://missav123.com/dm60/en/juq-982-uncensored-leak,,https://surrit.com/931eb7dc-8ae4-4fa3-868e-f1dd8046014c/playlist.m3u8,playlist,surrit.com
https://missav123.com/dm62/en/nima-030-uncensored-leak,,https://surrit.com/3f7f7b6e-2db7-4d15-9f1c-a15ac4937cca/1080p/video.m3u8,1080p,surrit.com
https://missav123.com/dm62/en/nima-030-uncensored-leak,,https://surrit.com/3f7f7b6e-2db7-4d15-9f1c-a15ac4937cca/720p/video.m3u8,720p,surrit.com
https://missav123.com/dm62/en/nima-030-uncensored-leak,,https://surrit.com/3f7f7b6e-2db7-4d15-9f1c-a15ac4937cca/playlist.m3u8,playlist,surrit.com
https://missav123.com/dm65/en/ipx-758-uncensored-leak,,https://surrit.com/a53c2489-24d6-48e5-aa5f-06085f18fed3/1280x720/video.m3u8,720p,surrit.com
https://missav123.com/dm65/en/ipx-758-uncensored-leak,,https://surrit.com/a53c2489-24d6-48e5-aa5f-06085f18fed3/842x480/video.m3u8,480p,surrit.com
https://missav123.com/dm65/en/ipx-758-uncensored-leak,,https://surrit.com/a53c2489-24d6-48e5-aa5f-06085f18fed3/playlist.m3u8,playlist,surrit.com
https://missav123.com/dm65/en/ssis-306-uncensored-leak,,https://surrit.com/30558968-a5f4-4608-ae8e-cf7134bc0ede/1280x720/video.m3u8,720p,surrit.com
https://missav123.com/dm65/en/ssis-306-uncensored-leak,,https://surrit.com/30558968-a5f4-4608-ae8e-cf7134bc0ede/842x480/video.m3u8,480p,surrit.com
https://missav123.com/dm65/en/ssis-306-uncensored-leak,,https://surrit.com/30558968-a5f4-4608-ae8e-cf7134bc0ede/playlist.m3u8,playlist,surrit.com
https://missav123.com/dm67/en/achj-005-uncensored-leak,,https://surrit.com/51e77f82-8d1f-4fde-8b41-53170f001aad/1280x720/video.m3u8,720p,surrit.com
https://missav123.com/dm67/en/achj-005-uncensored-leak,,https://surrit.com/51e77f82-8d1f-4fde-8b41-53170f001aad/842x480/video.m3u8,480p,surrit.com
https://missav123.com/dm67/en/achj-005-uncensored-leak,,https://surrit.com/51e77f82-8d1f-4fde-8b41-53170f001aad/playlist.m3u8,playlist,surrit.com
https://missav123.com/dm67/en/midv-643-uncensored-leak,,https://surrit.com/511e19ea-8d1c-4549-a47d-0f9f616c9e33/1080p/video.m3u8,1080p,surrit.com
https://missav123.com/dm67/en/midv-643-uncensored-leak,,https://surrit.com/511e19ea-8d1c-4549-a47d-0f9f616c9e33/720p/video.m3u8,720p,surrit.com
https://missav123.com/dm67/en/midv-643-uncensored-leak,,https://surrit.com/511e19ea-8d1c-4549-a47d-0f9f616c9e33/playlist.m3u8,playlist,surrit.com
https://missav123.com/dm69/en/cawd-621-uncensored-leak,,https://surrit.com/fdd9638e-28a0-4d75-9093-e80f0bdbc97f/1280x720/video.m3u8,720p,surrit.com
https://missav123.com/dm69/en/cawd-621-uncensored-leak,,https://surrit.com/fdd9638e-28a0-4d75-9093-e80f0bdbc97f/842x480/video.m3u8,480p,surrit.com
https://missav123.com/dm69/en/cawd-621-uncensored-leak,,https://surrit.com/fdd9638e-28a0-4d75-9093-e80f0bdbc97f/playlist.m3u8,playlist,surrit.com
https://missav123.com/dm69/en/mudr-285-uncensored-leak,,https://surrit.com/93e3a138-ce2a-47f4-b415-2d1ce65feb40/1080p/video.m3u8,1080p,surrit.com
https://missav123.com/dm69/en/mudr-285-uncensored-leak,,https://surrit.com/93e3a138-ce2a-47f4-b415-2d1ce65feb40/720p/video.m3u8,720p,surrit.com
https://missav123.com/dm69/en/mudr-285-uncensored-leak,,https://surrit.com/93e3a138-ce2a-47f4-b415-2d1ce65feb40/playlist.m3u8,playlist,surrit.com
https://missav123.com/dm69/en/ssis-509-uncensored-leak,,https://surrit.com/02966a00-04e2-44cb-b3ee-a57ce5bb9f99/1280x720/video.m3u8,720p,surrit.com
https://missav123.com/dm69/en/ssis-509-uncensored-leak,,https://surrit.com/02966a00-04e2-44cb-b3ee-a57ce5bb9f99/842x480/video.m3u8,480p,surrit.com
https://missav123.com/dm69/en/ssis-509-uncensored-leak,,https://surrit.com/02966a00-04e2-44cb-b3ee-a57ce5bb9f99/playlist.m3u8,playlist,surrit.com
https://missav123.com/dm70/en/ssis-615-uncensored-leak,,https://surrit.com/fa9ac0d8-dfe9-4813-87e0-e52821e4f6e2/1280x720/video.m3u8,720p,surrit.com
https://missav123.com/dm70/en/ssis-615-uncensored-leak,,https://surrit.com/fa9ac0d8-dfe9-4813-87e0-e52821e4f6e2/842x480/video.m3u8,480p,surrit.com
https://missav123.com/dm70/en/ssis-615-uncensored-leak,,https://surrit.com/fa9ac0d8-dfe9-4813-87e0-e52821e4f6e2/playlist.m3u8,playlist,surrit.com
https://missav123.com/dm75/en/mide-947-uncensored-leak,,https://surrit.com/fc7a4a9a-ccbd-4250-9bc7-118785f52126/1280x720/video.m3u8,720p,surrit.com
https://missav123.com/dm75/en/mide-947-uncensored-leak,,https://surrit.com/fc7a4a9a-ccbd-4250-9bc7-118785f52126/842x480/video.m3u8,480p,surrit.com
https://missav123.com/dm75/en/mide-947-uncensored-leak,,https://surrit.com/fc7a4a9a-ccbd-4250-9bc7-118785f52126/playlist.m3u8,playlist,surrit.com
https://missav123.com/dm77/en/midv-229-uncensored-leak,,https://surrit.com/07bae3f6-5c90-40a0-8993-7f49ef16216f/1280x720/video.m3u8,720p,surrit.com
https://missav123.com/dm77/en/midv-229-uncensored-leak,,https://surrit.com/07bae3f6-5c90-40a0-8993-7f49ef16216f/842x480/video.m3u8,480p,surrit.com
https://missav123.com/dm77/en/midv-229-uncensored-leak,,https://surrit.com/07bae3f6-5c90-40a0-8993-7f49ef16216f/playlist.m3u8,playlist,surrit.com
https://missav123.com/dm78/en/mide-113-uncensored-leak,,https://surrit.com/6ffc9749-30e2-4d0f-8d97-2b284cacf769/1280x720/video.m3u8,720p,surrit.com
https://missav123.com/dm78/en/mide-113-uncensored-leak,,https://surrit.com/6ffc9749-30e2-4d0f-8d97-2b284cacf769/842x480/video.m3u8,480p,surrit.com
https://missav123.com/dm78/en/mide-113-uncensored-leak,,https://surrit.com/6ffc9749-30e2-4d0f-8d97-2b284cacf769/playlist.m3u8,playlist,surrit.com
https://missav123.com/dm79/en/ssis-532-uncensored-leak,,https://surrit.com/3b55cdf2-43e7-45f3-9f2a-56ca9768ba8b/1280x720/video.m3u8,720p,surrit.com
https://missav123.com/dm79/en/ssis-532-uncensored-leak,,https://surrit.com/3b55cdf2-43e7-45f3-9f2a-56ca9768ba8b/842x480/video.m3u8,480p,surrit.com
https://missav123.com/dm79/en/ssis-532-uncensored-leak,,https://surrit.com/3b55cdf2-43e7-45f3-9f2a-56ca9768ba8b/playlist.m3u8,playlist,surrit.com
https://missav123.com/dm80/en/ipx-940-uncensored-leak,,https://surrit.com/f35fc5c6-6a97-4392-bb18-8f37b98b804f/1280x720/video.m3u8,720p,surrit.com
https://missav123.com/dm80/en/ipx-940-uncensored-leak,,https://surrit.com/f35fc5c6-6a97-4392-bb18-8f37b98b804f/842x480/video.m3u8,480p,surrit.com
https://missav123.com/dm80/en/ipx-940-uncensored-leak,,https://surrit.com/f35fc5c6-6a97-4392-bb18-8f37b98b804f/playlist.m3u8,playlist,surrit.com
https://missav123.com/dm81/en/ipx-883-uncensored-leak,,https://surrit.com/26758194-9358-4e41-8b9f-5bf3a4b65424/1280x720/video.m3u8,720p,surrit.com
https://missav123.com/dm81/en/ipx-883-uncensored-leak,,https://surrit.com/26758194-9358-4e41-8b9f-5bf3a4b65424/842x480/video.m3u8,480p,surrit.com
https://missav123.com/dm81/en/ipx-883-uncensored-leak,,https://surrit.com/26758194-9358-4e41-8b9f-5bf3a4b65424/playlist.m3u8,playlist,surrit.com
https://missav123.com/dm81/en/miaa-692-uncensored-leak,,https://surrit.com/79ab0abc-bce8-40ce-9dc8-ccecc91ec75d/1280x720/video.m3u8,720p,surrit.com
https://missav123.com/dm81/en/miaa-692-uncensored-leak,,https://surrit.com/79ab0abc-bce8-40ce-9dc8-ccecc91ec75d/842x480/video.m3u8,480p,surrit.com
https://missav123.com/dm81/en/miaa-692-uncensored-leak,,https://surrit.com/79ab0abc-bce8-40ce-9dc8-ccecc91ec75d/playlist.m3u8,playlist,surrit.com
https://missav123.com/dm81/en/midv-223-uncensored-leak,,https://surrit.com/684e5bc4-12f3-4bcc-b7c2-97a933e7ea12/1280x720/video.m3u8,720p,surrit.com
https://missav123.com/dm81/en/midv-223-uncensored-leak,,https://surrit.com/684e5bc4-12f3-4bcc-b7c2-97a933e7ea12/842x480/video.m3u8,480p,surrit.com
https://missav123.com/dm81/en/midv-223-uncensored-leak,,https://surrit.com/684e5bc4-12f3-4bcc-b7c2-97a933e7ea12/playlist.m3u8,playlist,surrit.com
https://missav123.com/dm81/en/ssis-834-uncensored-leak,,https://surrit.com/fa437f3d-228c-4952-ba19-c152e4dd86ef/1280x720/video.m3u8,720p,surrit.com
https://missav123.com/dm81/en/ssis-834-uncensored-leak,,https://surrit.com/fa437f3d-228c-4952-ba19-c152e4dd86ef/842x480/video.m3u8,480p,surrit.com
https://missav123.com/dm81/en/ssis-834-uncensored-leak,,https://surrit.com/fa437f3d-228c-4952-ba19-c152e4dd86ef/playlist.m3u8,playlist,surrit.com
https://missav123.com/dm82/en/ebod-895-uncensored-leak,,https://surrit.com/c5fd07a3-668f-4f4c-975a-be30178fe973/1280x720/video.m3u8,720p,surrit.com
https://missav123.com/dm82/en/ebod-895-uncensored-leak,,https://surrit.com/c5fd07a3-668f-4f4c-975a-be30178fe973/842x480/video.m3u8,480p,surrit.com
https://missav123.com/dm82/en/ebod-895-uncensored-leak,,https://surrit.com/c5fd07a3-668f-4f4c-975a-be30178fe973/playlist.m3u8,playlist,surrit.com
https://missav123.com/dm84/en/ipx-934-uncensored-leak,,https://surrit.com/cb8040db-9ccf-43d8-937e-4b1b507ea9f0/1280x720/video.m3u8,720p,surrit.com
https://missav123.com/dm84/en/ipx-934-uncensored-leak,,https://surrit.com/cb8040db-9ccf-43d8-937e-4b1b507ea9f0/842x480/video.m3u8,480p,surrit.com
https://missav123.com/dm84/en/ipx-934-uncensored-leak,,https://surrit.com/cb8040db-9ccf-43d8-937e-4b1b507ea9f0/playlist.m3u8,playlist,surrit.com
https://missav123.com/dm91/en/dasd-825,dasd-825,https://surrit.com/4db8e9e3-3358-46d9-ac43-6810444fdc92/1280x720/video.m3u8,720p,surrit.com
https://missav123.com/dm91/en/dasd-825,dasd-825,https://surrit.com/4db8e9e3-3358-46d9-ac43-6810444fdc92/842x480/video.m3u8,480p,surrit.com
https://missav123.com/dm91/en/dasd-825,dasd-825,https://surrit.com/4db8e9e3-3358-46d9-ac43-6810444fdc92/playlist.m3u8,playlist,surrit.com
https://missav123.com/dm99/en/ipx-974-uncensored-leak,,https://surrit.com/286bc129-e178-41e2-b91e-ecc882ec650d/1280x720/video.m3u8,720p,surrit.com
https://missav123.com/dm99/en/ipx-974-uncensored-leak,,https://surrit.com/286bc129-e178-41e2-b91e-ecc882ec650d/842x480/video.m3u8,480p,surrit.com
https://missav123.com/dm99/en/ipx-974-uncensored-leak,,https://surrit.com/286bc129-e178-41e2-b91e-ecc882ec650d/playlist.m3u8,playlist,surrit.com
https://missav123.com/en/abf-187-uncensored-leak,,https://surrit.com/b0748bca-40f7-4433-8d59-aea5a94fa20e/1080p/video.m3u8,1080p,surrit.com
https://missav123.com/en/abf-187-uncensored-leak,,https://surrit.com/b0748bca-40f7-4433-8d59-aea5a94fa20e/720p/video.m3u8,720p,surrit.com
https://missav123.com/en/abf-187-uncensored-leak,,https://surrit.com/b0748bca-40f7-4433-8d59-aea5a94fa20e/playlist.m3u8,playlist,surrit.com
https://missav123.com/en/abf-226-english-subtitle,,https://surrit.com/fff1c2af-e685-4bca-8aa4-9345e88c7bf2/1080p/video.m3u8,1080p,surrit.com
https://missav123.com/en/abf-226-english-subtitle,,https://surrit.com/fff1c2af-e685-4bca-8aa4-9345e88c7bf2/720p/video.m3u8,720p,surrit.com
https://missav123.com/en/abf-226-english-subtitle,,https://surrit.com/fff1c2af-e685-4bca-8aa4-9345e88c7bf2/playlist.m3u8,playlist,surrit.com
https://missav123.com/en/adn-655-english-subtitle,,https://surrit.com/4373b90e-012a-40bc-a4f4-014fd160155e/1080p/video.m3u8,1080p,surrit.com
https://missav123.com/en/adn-655-english-subtitle,,https://surrit.com/4373b90e-012a-40bc-a4f4-014fd160155e/720p/video.m3u8,720p,surrit.com
https://missav123.com/en/adn-655-english-subtitle,,https://surrit.com/4373b90e-012a-40bc-a4f4-014fd160155e/playlist.m3u8,playlist,surrit.com
https://missav123.com/en/adn-663-uncensored-leak,,https://surrit.com/e3e0878f-3607-42ee-95e1-1eda571d961a/1080p/video.m3u8,1080p,surrit.com
https://missav123.com/en/adn-663-uncensored-leak,,https://surrit.com/e3e0878f-3607-42ee-95e1-1eda571d961a/720p/video.m3u8,720p,surrit.com
https://missav123.com/en/adn-663-uncensored-leak,,https://surrit.com/e3e0878f-3607-42ee-95e1-1eda571d961a/playlist.m3u8,playlist,surrit.com
https://missav123.com/en/adn-664-english-subtitle,,https://surrit.com/ded092d8-a6ba-463d-9851-e2b9e38e711d/1080p/video.m3u8,1080p,surrit.com
https://missav123.com/en/adn-664-english-subtitle,,https://surrit.com/ded092d8-a6ba-463d-9851-e2b9e38e711d/720p/video.m3u8,720p,surrit.com
https://missav123.com/en/adn-664-english-subtitle,,https://surrit.com/ded092d8-a6ba-463d-9851-e2b9e38e711d/playlist.m3u8,playlist,surrit.com
https://missav123.com/en/adn-803-uncensored-leak,,https://surrit.com/8fba1e3d-c734-4523-81e2-868b1b72a98b/720p/video.m3u8,720p,surrit.com
https://missav123.com/en/adn-803-uncensored-leak,,https://surrit.com/8fba1e3d-c734-4523-81e2-868b1b72a98b/playlist.m3u8,playlist,surrit.com
https://missav123.com/en/adn-804-uncensored-leak,,https://surrit.com/d33bf319-ee0b-4ed6-b41f-17cc64255b4c/720p/video.m3u8,720p,surrit.com
https://missav123.com/en/adn-804-uncensored-leak,,https://surrit.com/d33bf319-ee0b-4ed6-b41f-17cc64255b4c/playlist.m3u8,playlist,surrit.com
https://missav123.com/en/adn-806-uncensored-leak,,https://surrit.com/1c2c5d11-19ac-46bc-9354-d53ab69028fc/1080p/video.m3u8,1080p,surrit.com
https://missav123.com/en/adn-806-uncensored-leak,,https://surrit.com/1c2c5d11-19ac-46bc-9354-d53ab69028fc/720p/video.m3u8,720p,surrit.com
https://missav123.com/en/adn-806-uncensored-leak,,https://surrit.com/1c2c5d11-19ac-46bc-9354-d53ab69028fc/playlist.m3u8,playlist,surrit.com
https://missav123.com/en/aed-264,aed-264,https://surrit.com/b1095468-9c6c-4643-bcbc-6fbf80c0f9ec/720p/video.m3u8,720p,surrit.com
https://missav123.com/en/aed-264,aed-264,https://surrit.com/b1095468-9c6c-4643-bcbc-6fbf80c0f9ec/playlist.m3u8,playlist,surrit.com
https://missav123.com/en/apak-336,apak-336,https://surrit.com/59552e28-04c3-492f-85e9-7b8ced966b9f/1080p/video.m3u8,1080p,surrit.com
https://missav123.com/en/apak-336,apak-336,https://surrit.com/59552e28-04c3-492f-85e9-7b8ced966b9f/720p/video.m3u8,720p,surrit.com
https://missav123.com/en/apak-336,apak-336,https://surrit.com/59552e28-04c3-492f-85e9-7b8ced966b9f/playlist.m3u8,playlist,surrit.com
https://missav123.com/en/apak-336-uncensored-leak,,https://surrit.com/4ef76922-83e2-433e-bc9e-98786c8a1a9d/1080p/video.m3u8,1080p,surrit.com
https://missav123.com/en/apak-336-uncensored-leak,,https://surrit.com/4ef76922-83e2-433e-bc9e-98786c8a1a9d/720p/video.m3u8,720p,surrit.com
https://missav123.com/en/apak-336-uncensored-leak,,https://surrit.com/4ef76922-83e2-433e-bc9e-98786c8a1a9d/playlist.m3u8,playlist,surrit.com
https://missav123.com/en/apkh-198-uncensored-leak,,https://surrit.com/9c2d6550-f65a-401c-8958-eaaebe309faa/1080p/video.m3u8,1080p,surrit.com
https://missav123.com/en/apkh-198-uncensored-leak,,https://surrit.com/9c2d6550-f65a-401c-8958-eaaebe309faa/720p/video.m3u8,720p,surrit.com
https://missav123.com/en/apkh-198-uncensored-leak,,https://surrit.com/9c2d6550-f65a-401c-8958-eaaebe309faa/playlist.m3u8,playlist,surrit.com
https://missav123.com/en/apns-419-uncensored-leak,,https://surrit.com/009c1652-e4ba-463e-bd1b-b08a9f35e5dd/1080p/video.m3u8,1080p,surrit.com
https://missav123.com/en/apns-419-uncensored-leak,,https://surrit.com/009c1652-e4ba-463e-bd1b-b08a9f35e5dd/720p/video.m3u8,720p,surrit.com
https://missav123.com/en/apns-419-uncensored-leak,,https://surrit.com/009c1652-e4ba-463e-bd1b-b08a9f35e5dd/playlist.m3u8,playlist,surrit.com
https://missav123.com/en/atid-655-uncensored-leak,,https://surrit.com/e6c24b1e-269a-4569-bd88-0a0a24546887/1080p/video.m3u8,1080p,surrit.com
https://missav123.com/en/atid-655-uncensored-leak,,https://surrit.com/e6c24b1e-269a-4569-bd88-0a0a24546887/720p/video.m3u8,720p,surrit.com
https://missav123.com/en/atid-655-uncensored-leak,,https://surrit.com/e6c24b1e-269a-4569-bd88-0a0a24546887/playlist.m3u8,playlist,surrit.com
https://missav123.com/en/atid-799-uncensored-leak,,https://surrit.com/3d49a847-9209-45e8-b67b-fcb80b0d7458/720p/video.m3u8,720p,surrit.com
https://missav123.com/en/atid-799-uncensored-leak,,https://surrit.com/3d49a847-9209-45e8-b67b-fcb80b0d7458/playlist.m3u8,playlist,surrit.com
https://missav123.com/en/beaf-226,beaf-226,https://surrit.com/2c8b8f01-80f6-41cb-b985-4bbedc834bcc/1080p/video.m3u8,1080p,surrit.com
https://missav123.com/en/beaf-226,beaf-226,https://surrit.com/2c8b8f01-80f6-41cb-b985-4bbedc834bcc/720p/video.m3u8,720p,surrit.com
https://missav123.com/en/beaf-226,beaf-226,https://surrit.com/2c8b8f01-80f6-41cb-b985-4bbedc834bcc/playlist.m3u8,playlist,surrit.com
https://missav123.com/en/cawb-006,cawb-006,https://surrit.com/6935b245-07e1-4d3b-940d-8a13972b4d5a/720p/video.m3u8,720p,surrit.com
https://missav123.com/en/cawb-006,cawb-006,https://surrit.com/6935b245-07e1-4d3b-940d-8a13972b4d5a/playlist.m3u8,playlist,surrit.com
https://missav123.com/en/chuc-186-uncensored-leak,,https://surrit.com/d189fc6f-d8ef-499c-9c1d-dd676b25ad11/1080p/video.m3u8,1080p,surrit.com
https://missav123.com/en/chuc-186-uncensored-leak,,https://surrit.com/d189fc6f-d8ef-499c-9c1d-dd676b25ad11/720p/video.m3u8,720p,surrit.com
https://missav123.com/en/chuc-186-uncensored-leak,,https://surrit.com/d189fc6f-d8ef-499c-9c1d-dd676b25ad11/playlist.m3u8,playlist,surrit.com
https://missav123.com/en/chuc-188-uncensored-leak,,https://surrit.com/d7d1c79b-0cc1-4f7b-a56d-a8f1615703b6/1080p/video.m3u8,1080p,surrit.com
https://missav123.com/en/chuc-188-uncensored-leak,,https://surrit.com/d7d1c79b-0cc1-4f7b-a56d-a8f1615703b6/720p/video.m3u8,720p,surrit.com
https://missav123.com/en/chuc-188-uncensored-leak,,https://surrit.com/d7d1c79b-0cc1-4f7b-a56d-a8f1615703b6/playlist.m3u8,playlist,surrit.com
https://missav123.com/en/club-933,club-933,https://surrit.com/3cd40078-535f-4823-aa73-642181ab01e6/720p/video.m3u8,720p,surrit.com
https://missav123.com/en/club-933,club-933,https://surrit.com/3cd40078-535f-4823-aa73-642181ab01e6/playlist.m3u8,playlist,surrit.com
https://missav123.com/en/dandy-201-uncensored-leak,,https://surrit.com/6beee3e5-fcfd-41e8-b109-13a0c361eb57/1080p/video.m3u8,1080p,surrit.com
https://missav123.com/en/dandy-201-uncensored-leak,,https://surrit.com/6beee3e5-fcfd-41e8-b109-13a0c361eb57/720p/video.m3u8,720p,surrit.com
https://missav123.com/en/dandy-201-uncensored-leak,,https://surrit.com/6beee3e5-fcfd-41e8-b109-13a0c361eb57/playlist.m3u8,playlist,surrit.com
https://missav123.com/en/dandya-047,dandya-047,https://surrit.com/eb713b3e-fd82-4abe-8446-455232bc514a/720p/video.m3u8,720p,surrit.com
https://missav123.com/en/dandya-047,dandya-047,https://surrit.com/eb713b3e-fd82-4abe-8446-455232bc514a/playlist.m3u8,playlist,surrit.com
https://missav123.com/en/dandya-048,dandya-048,https://surrit.com/23159454-5486-4423-9e61-2b8097927bc7/720p/video.m3u8,720p,surrit.com
https://missav123.com/en/dandya-048,dandya-048,https://surrit.com/23159454-5486-4423-9e61-2b8097927bc7/playlist.m3u8,playlist,surrit.com
https://missav123.com/en/dass-566-uncensored-leak,,https://surrit.com/c9582652-3bea-4ec6-b931-e668ba3bff7a/1080p/video.m3u8,1080p,surrit.com
https://missav123.com/en/dass-566-uncensored-leak,,https://surrit.com/c9582652-3bea-4ec6-b931-e668ba3bff7a/720p/video.m3u8,720p,surrit.com
https://missav123.com/en/dass-566-uncensored-leak,,https://surrit.com/c9582652-3bea-4ec6-b931-e668ba3bff7a/playlist.m3u8,playlist,surrit.com
https://missav123.com/en/dass-572-uncensored-leak,,https://surrit.com/cc43aeef-5a2e-4c77-bb17-998dea81ef9c/1080p/video.m3u8,1080p,surrit.com
https://missav123.com/en/dass-572-uncensored-leak,,https://surrit.com/cc43aeef-5a2e-4c77-bb17-998dea81ef9c/720p/video.m3u8,720p,surrit.com
https://missav123.com/en/dass-572-uncensored-leak,,https://surrit.com/cc43aeef-5a2e-4c77-bb17-998dea81ef9c/playlist.m3u8,playlist,surrit.com
https://missav123.com/en/dass-601-uncensored-leak,,https://surrit.com/d26c727e-4b85-44a1-b9c8-78e39246613c/1080p/video.m3u8,1080p,surrit.com
https://missav123.com/en/dass-601-uncensored-leak,,https://surrit.com/d26c727e-4b85-44a1-b9c8-78e39246613c/720p/video.m3u8,720p,surrit.com
https://missav123.com/en/dass-601-uncensored-leak,,https://surrit.com/d26c727e-4b85-44a1-b9c8-78e39246613c/playlist.m3u8,playlist,surrit.com
https://missav123.com/en/dfe-116,dfe-116,https://surrit.com/6ce36e5c-6104-4613-8d3f-4ea33f02cedc/720p/video.m3u8,720p,surrit.com
https://missav123.com/en/dfe-116,dfe-116,https://surrit.com/6ce36e5c-6104-4613-8d3f-4ea33f02cedc/playlist.m3u8,playlist,surrit.com
https://missav123.com/en/dldss-302-uncensored-leak,,https://surrit.com/63ec4656-d2d3-49e0-aa39-04eb794e2ed3/1080p/video.m3u8,1080p,surrit.com
https://missav123.com/en/dldss-302-uncensored-leak,,https://surrit.com/63ec4656-d2d3-49e0-aa39-04eb794e2ed3/720p/video.m3u8,720p,surrit.com
https://missav123.com/en/dldss-302-uncensored-leak,,https://surrit.com/63ec4656-d2d3-49e0-aa39-04eb794e2ed3/playlist.m3u8,playlist,surrit.com
https://missav123.com/en/dldss-343-uncensored-leak,,https://surrit.com/3303b244-68e0-4f3e-aafe-3a466e858047/1080p/video.m3u8,1080p,surrit.com
https://missav123.com/en/dldss-343-uncensored-leak,,https://surrit.com/3303b244-68e0-4f3e-aafe-3a466e858047/720p/video.m3u8,720p,surrit.com
https://missav123.com/en/dldss-343-uncensored-leak,,https://surrit.com/3303b244-68e0-4f3e-aafe-3a466e858047/playlist.m3u8,playlist,surrit.com
https://missav123.com/en/dldss-544,dldss-544,https://surrit.com/012e9070-675d-4eb3-9e75-5ff10c7e6d43/1080p/video.m3u8,1080p,surrit.com
https://missav123.com/en/dldss-544,dldss-544,https://surrit.com/012e9070-675d-4eb3-9e75-5ff10c7e6d43/720p/video.m3u8,720p,surrit.com
https://missav123.com/en/dldss-544,dldss-544,https://surrit.com/012e9070-675d-4eb3-9e75-5ff10c7e6d43/playlist.m3u8,playlist,surrit.com
https://missav123.com/en/drpt-112,drpt-112,https://surrit.com/b0206043-183d-41eb-a87a-a44dacbab6bb/720p/video.m3u8,720p,surrit.com
https://missav123.com/en/drpt-112,drpt-112,https://surrit.com/b0206043-183d-41eb-a87a-a44dacbab6bb/playlist.m3u8,playlist,surrit.com
https://missav123.com/en/drpt-120,drpt-120,https://surrit.com/88d9ba2e-650b-4b62-a7f0-918cd953fe7c/720p/video.m3u8,720p,surrit.com
https://missav123.com/en/drpt-120,drpt-120,https://surrit.com/88d9ba2e-650b-4b62-a7f0-918cd953fe7c/playlist.m3u8,playlist,surrit.com
https://missav123.com/en/dvaj-454-english-subtitle,,https://surrit.com/9d2aae8f-818a-45cf-8e98-7280a1811200/720p/video.m3u8,720p,surrit.com
https://missav123.com/en/dvaj-454-english-subtitle,,https://surrit.com/9d2aae8f-818a-45cf-8e98-7280a1811200/playlist.m3u8,playlist,surrit.com
https://missav123.com/en/dvaj-509-uncensored-leak,,https://surrit.com/d9eb3e1b-5fb0-4c33-bf03-795d587a804f/1080p/video.m3u8,1080p,surrit.com
https://missav123.com/en/dvaj-509-uncensored-leak,,https://surrit.com/d9eb3e1b-5fb0-4c33-bf03-795d587a804f/720p/video.m3u8,720p,surrit.com
https://missav123.com/en/dvaj-509-uncensored-leak,,https://surrit.com/d9eb3e1b-5fb0-4c33-bf03-795d587a804f/playlist.m3u8,playlist,surrit.com
https://missav123.com/en/ecb-171,ecb-171,https://surrit.com/6a837b77-dda1-414c-8bfe-910382f8f4b6/720p/video.m3u8,720p,surrit.com
https://missav123.com/en/ecb-171,ecb-171,https://surrit.com/6a837b77-dda1-414c-8bfe-910382f8f4b6/playlist.m3u8,playlist,surrit.com
https://missav123.com/en/fc2-ppv-4587943,,https://surrit.com/d8dfdb5c-fa36-4370-9032-65e1cf5a2b87/720p/video.m3u8,720p,surrit.com
https://missav123.com/en/fc2-ppv-4587943,,https://surrit.com/d8dfdb5c-fa36-4370-9032-65e1cf5a2b87/playlist.m3u8,playlist,surrit.com
https://missav123.com/en/fc2-ppv-4961345,,https://surrit.com/99750342-c9c4-4c1f-a5d5-97d283ebfc59/720p/video.m3u8,720p,surrit.com
https://missav123.com/en/fc2-ppv-4961345,,https://surrit.com/99750342-c9c4-4c1f-a5d5-97d283ebfc59/playlist.m3u8,playlist,surrit.com
https://missav123.com/en/fc2-ppv-4966648,,https://surrit.com/3987f192-9e3b-43b6-bd73-b8f176eaa49b/720p/video.m3u8,720p,surrit.com
https://missav123.com/en/fc2-ppv-4966648,,https://surrit.com/3987f192-9e3b-43b6-bd73-b8f176eaa49b/playlist.m3u8,playlist,surrit.com
https://missav123.com/en/fc2-ppv-4966713,,https://surrit.com/ea9546eb-ab20-4fbd-8a7e-2cc2efa6b729/720p/video.m3u8,720p,surrit.com
https://missav123.com/en/fc2-ppv-4966713,,https://surrit.com/ea9546eb-ab20-4fbd-8a7e-2cc2efa6b729/playlist.m3u8,playlist,surrit.com
https://missav123.com/en/fc2-ppv-4966748,,https://surrit.com/a2c91ae4-9a0d-4ba9-a7ac-63270c7b8f17/720p/video.m3u8,720p,surrit.com
https://missav123.com/en/fc2-ppv-4966748,,https://surrit.com/a2c91ae4-9a0d-4ba9-a7ac-63270c7b8f17/playlist.m3u8,playlist,surrit.com
https://missav123.com/en/fc2-ppv-4968460,,https://surrit.com/ede4fa1b-921d-4a5b-8454-6788ffa26d4f/720p/video.m3u8,720p,surrit.com
https://missav123.com/en/fc2-ppv-4968460,,https://surrit.com/ede4fa1b-921d-4a5b-8454-6788ffa26d4f/playlist.m3u8,playlist,surrit.com
https://missav123.com/en/fc2-ppv-4968470,,https://surrit.com/4d196f4f-d201-49d1-86cf-432dbbfe3233/720p/video.m3u8,720p,surrit.com
https://missav123.com/en/fc2-ppv-4968470,,https://surrit.com/4d196f4f-d201-49d1-86cf-432dbbfe3233/playlist.m3u8,playlist,surrit.com
https://missav123.com/en/fc2-ppv-4968504,,https://surrit.com/d034da07-45b7-44ba-80a7-402e21ce73e6/720p/video.m3u8,720p,surrit.com
https://missav123.com/en/fc2-ppv-4968504,,https://surrit.com/d034da07-45b7-44ba-80a7-402e21ce73e6/playlist.m3u8,playlist,surrit.com
https://missav123.com/en/fc2-ppv-4968513,,https://surrit.com/f4efadc2-1944-4930-b1e7-a8acdf55e799/720p/video.m3u8,720p,surrit.com
https://missav123.com/en/fc2-ppv-4968513,,https://surrit.com/f4efadc2-1944-4930-b1e7-a8acdf55e799/playlist.m3u8,playlist,surrit.com
https://missav123.com/en/fc2-ppv-4968567,,https://surrit.com/132e9759-14d4-431f-9515-62135d3aea7e/720p/video.m3u8,720p,surrit.com
https://missav123.com/en/fc2-ppv-4968567,,https://surrit.com/132e9759-14d4-431f-9515-62135d3aea7e/playlist.m3u8,playlist,surrit.com
https://missav123.com/en/fc2-ppv-4968579,,https://surrit.com/f65e09f8-af13-4153-a14b-fae6809f26a7/720p/video.m3u8,720p,surrit.com
https://missav123.com/en/fc2-ppv-4968579,,https://surrit.com/f65e09f8-af13-4153-a14b-fae6809f26a7/playlist.m3u8,playlist,surrit.com
https://missav123.com/en/fc2-ppv-4968593,,https://surrit.com/7b464ccd-80ec-4db8-a84a-1710bbda4e86/720p/video.m3u8,720p,surrit.com
https://missav123.com/en/fc2-ppv-4968593,,https://surrit.com/7b464ccd-80ec-4db8-a84a-1710bbda4e86/playlist.m3u8,playlist,surrit.com
https://missav123.com/en/fc2-ppv-4968610,,https://surrit.com/a263ab9c-f104-4ed1-9829-e3c2702bf127/720p/video.m3u8,720p,surrit.com
https://missav123.com/en/fc2-ppv-4968610,,https://surrit.com/a263ab9c-f104-4ed1-9829-e3c2702bf127/playlist.m3u8,playlist,surrit.com
https://missav123.com/en/fc2-ppv-4968730,,https://surrit.com/7261625e-617f-46e1-989a-8873f09cbacb/720p/video.m3u8,720p,surrit.com
https://missav123.com/en/fc2-ppv-4968730,,https://surrit.com/7261625e-617f-46e1-989a-8873f09cbacb/playlist.m3u8,playlist,surrit.com
https://missav123.com/en/fc2-ppv-4968748,,https://surrit.com/9369201e-0b04-4bce-bce3-0fc4094471ed/720p/video.m3u8,720p,surrit.com
https://missav123.com/en/fc2-ppv-4968748,,https://surrit.com/9369201e-0b04-4bce-bce3-0fc4094471ed/playlist.m3u8,playlist,surrit.com
https://missav123.com/en/fc2-ppv-4968908,,https://surrit.com/740b525a-25b9-4192-9074-06bab2c2b5fe/720p/video.m3u8,720p,surrit.com
https://missav123.com/en/fc2-ppv-4968908,,https://surrit.com/740b525a-25b9-4192-9074-06bab2c2b5fe/playlist.m3u8,playlist,surrit.com
https://missav123.com/en/fc2-ppv-4968961,,https://surrit.com/f14c66be-71a8-4f55-8a9c-4e02b18de03c/720p/video.m3u8,720p,surrit.com
https://missav123.com/en/fc2-ppv-4968961,,https://surrit.com/f14c66be-71a8-4f55-8a9c-4e02b18de03c/playlist.m3u8,playlist,surrit.com
https://missav123.com/en/fns-247,fns-247,https://surrit.com/9e8a632c-c02a-4a00-9bf5-00672067438f/1080p/video.m3u8,1080p,surrit.com
https://missav123.com/en/fns-247,fns-247,https://surrit.com/9e8a632c-c02a-4a00-9bf5-00672067438f/720p/video.m3u8,720p,surrit.com
https://missav123.com/en/fns-247,fns-247,https://surrit.com/9e8a632c-c02a-4a00-9bf5-00672067438f/playlist.m3u8,720p,surrit.com
https://missav123.com/en/fsdss-687-uncensored-leak,,https://surrit.com/ed2f60af-e8b6-4761-bba0-5a0e5863e2a3/1280x720/video.m3u8,720p,surrit.com
https://missav123.com/en/fsdss-687-uncensored-leak,,https://surrit.com/ed2f60af-e8b6-4761-bba0-5a0e5863e2a3/842x480/video.m3u8,480p,surrit.com
https://missav123.com/en/fsdss-687-uncensored-leak,,https://surrit.com/ed2f60af-e8b6-4761-bba0-5a0e5863e2a3/playlist.m3u8,playlist,surrit.com
https://missav123.com/en/fsdss-856-uncensored-leak,,https://surrit.com/2c4bd602-2cfe-4b6a-b76f-301cdf59e8b5/1080p/video.m3u8,1080p,surrit.com
https://missav123.com/en/fsdss-856-uncensored-leak,,https://surrit.com/2c4bd602-2cfe-4b6a-b76f-301cdf59e8b5/720p/video.m3u8,720p,surrit.com
https://missav123.com/en/fsdss-856-uncensored-leak,,https://surrit.com/2c4bd602-2cfe-4b6a-b76f-301cdf59e8b5/playlist.m3u8,playlist,surrit.com
https://missav123.com/en/fthtd-192,fthtd-192,https://surrit.com/eae8b7ca-a049-403b-92ee-fbb0f3d59408/720p/video.m3u8,720p,surrit.com
https://missav123.com/en/fthtd-192,fthtd-192,https://surrit.com/eae8b7ca-a049-403b-92ee-fbb0f3d59408/playlist.m3u8,playlist,surrit.com
https://missav123.com/en/fthtd-193,fthtd-193,https://surrit.com/4ce5bd96-92f4-4f47-8b51-7861dfc3dc51/720p/video.m3u8,720p,surrit.com
https://missav123.com/en/fthtd-193,fthtd-193,https://surrit.com/4ce5bd96-92f4-4f47-8b51-7861dfc3dc51/playlist.m3u8,playlist,surrit.com
https://missav123.com/en/fthtd-216,fthtd-216,https://surrit.com/bf88775c-fcda-4bdd-aab4-6be1e5480de1/720p/video.m3u8,720p,surrit.com
https://missav123.com/en/fthtd-216,fthtd-216,https://surrit.com/bf88775c-fcda-4bdd-aab4-6be1e5480de1/playlist.m3u8,480p,surrit.com
https://missav123.com/en/fthtd-221,fthtd-221,https://surrit.com/1250bd8f-6baf-4b28-9c8f-4012919c4ff6/720p/video.m3u8,720p,surrit.com
https://missav123.com/en/fthtd-221,fthtd-221,https://surrit.com/1250bd8f-6baf-4b28-9c8f-4012919c4ff6/playlist.m3u8,playlist,surrit.com
https://missav123.com/en/fthtd-229,fthtd-229,https://surrit.com/909e46a4-7daa-44b9-83b6-3b91c203a569/720p/video.m3u8,720p,surrit.com
https://missav123.com/en/fthtd-229,fthtd-229,https://surrit.com/909e46a4-7daa-44b9-83b6-3b91c203a569/playlist.m3u8,playlist,surrit.com
https://missav123.com/en/gana-3437,gana-3437,https://surrit.com/5d7aa31a-b2f5-4bd5-ab3a-e86d84864bc4/720p/video.m3u8,720p,surrit.com
https://missav123.com/en/gana-3437,gana-3437,https://surrit.com/5d7aa31a-b2f5-4bd5-ab3a-e86d84864bc4/playlist.m3u8,playlist,surrit.com
https://missav123.com/en/gvh-873-uncensored-leak,,https://surrit.com/b4b7892d-4238-4de7-b9b3-77edd129fe0a/1080p/video.m3u8,1080p,surrit.com
https://missav123.com/en/gvh-873-uncensored-leak,,https://surrit.com/b4b7892d-4238-4de7-b9b3-77edd129fe0a/720p/video.m3u8,720p,surrit.com
https://missav123.com/en/gvh-873-uncensored-leak,,https://surrit.com/b4b7892d-4238-4de7-b9b3-77edd129fe0a/playlist.m3u8,playlist,surrit.com
https://missav123.com/en/gvh-874,gvh-874,https://surrit.com/65b7045e-482d-4f47-8e55-b7217303d070/720p/video.m3u8,720p,surrit.com
https://missav123.com/en/gvh-874,gvh-874,https://surrit.com/65b7045e-482d-4f47-8e55-b7217303d070/playlist.m3u8,playlist,surrit.com
https://missav123.com/en/gvh-875,gvh-875,https://surrit.com/2bbc5194-b676-4fdc-a7d7-eaf5c8cea32f/1080p/video.m3u8,1080p,surrit.com
https://missav123.com/en/gvh-875,gvh-875,https://surrit.com/2bbc5194-b676-4fdc-a7d7-eaf5c8cea32f/720p/video.m3u8,720p,surrit.com
https://missav123.com/en/gvh-875,gvh-875,https://surrit.com/2bbc5194-b676-4fdc-a7d7-eaf5c8cea32f/playlist.m3u8,playlist,surrit.com
https://missav123.com/en/gvh-876,gvh-876,https://surrit.com/acf81965-6bc5-4fe2-b7dc-1df66518d152/720p/video.m3u8,720p,surrit.com
https://missav123.com/en/gvh-876,gvh-876,https://surrit.com/acf81965-6bc5-4fe2-b7dc-1df66518d152/playlist.m3u8,playlist,surrit.com
https://missav123.com/en/hawa-385,hawa-385,https://surrit.com/7d2851bc-857f-4216-86ff-a178ba5de2d9/720p/video.m3u8,720p,surrit.com
https://missav123.com/en/hawa-385,hawa-385,https://surrit.com/7d2851bc-857f-4216-86ff-a178ba5de2d9/playlist.m3u8,playlist,surrit.com
https://missav123.com/en/heyzo-3927,heyzo-3927,https://surrit.com/dfcb9396-c88e-48d6-81c3-b6ea3dcf3896/720p/video.m3u8,720p,surrit.com
https://missav123.com/en/heyzo-3927,heyzo-3927,https://surrit.com/dfcb9396-c88e-48d6-81c3-b6ea3dcf3896/playlist.m3u8,playlist,surrit.com
https://missav123.com/en/hjmo-676-uncensored-leak,,https://surrit.com/95c3e188-f3ab-438f-93e7-287646a6ad1f/1080p/video.m3u8,1080p,surrit.com
https://missav123.com/en/hjmo-676-uncensored-leak,,https://surrit.com/95c3e188-f3ab-438f-93e7-287646a6ad1f/720p/video.m3u8,720p,surrit.com
https://missav123.com/en/hjmo-676-uncensored-leak,,https://surrit.com/95c3e188-f3ab-438f-93e7-287646a6ad1f/playlist.m3u8,playlist,surrit.com
https://missav123.com/en/hmn-697-english-subtitle,,https://surrit.com/846e36c9-f258-433e-b09d-c938a178ea6d/1080p/video.m3u8,1080p,surrit.com
https://missav123.com/en/hmn-697-english-subtitle,,https://surrit.com/846e36c9-f258-433e-b09d-c938a178ea6d/720p/video.m3u8,720p,surrit.com
https://missav123.com/en/hmn-697-english-subtitle,,https://surrit.com/846e36c9-f258-433e-b09d-c938a178ea6d/playlist.m3u8,playlist,surrit.com
https://missav123.com/en/hodv-22101-uncensored-leak,,https://surrit.com/a85bdcc4-028e-4b4b-9a6e-7326aaa13db4/1080p/video.m3u8,1080p,surrit.com
https://missav123.com/en/hodv-22101-uncensored-leak,,https://surrit.com/a85bdcc4-028e-4b4b-9a6e-7326aaa13db4/720p/video.m3u8,720p,surrit.com
https://missav123.com/en/hodv-22101-uncensored-leak,,https://surrit.com/a85bdcc4-028e-4b4b-9a6e-7326aaa13db4/playlist.m3u8,playlist,surrit.com
https://missav123.com/en/hoks-233,hoks-233,https://surrit.com/147edfc0-b250-4f03-8c3a-a1d5081d9e97/720p/video.m3u8,720p,surrit.com
https://missav123.com/en/hoks-233,hoks-233,https://surrit.com/147edfc0-b250-4f03-8c3a-a1d5081d9e97/playlist.m3u8,playlist,surrit.com
https://missav123.com/en/hsoda-060-uncensored-leak,,https://surrit.com/39d38d75-c119-4b35-8457-d919e49801ba/1080p/video.m3u8,1080p,surrit.com
https://missav123.com/en/hsoda-060-uncensored-leak,,https://surrit.com/39d38d75-c119-4b35-8457-d919e49801ba/720p/video.m3u8,720p,surrit.com
https://missav123.com/en/hsoda-060-uncensored-leak,,https://surrit.com/39d38d75-c119-4b35-8457-d919e49801ba/playlist.m3u8,playlist,surrit.com
https://missav123.com/en/hsoda-061-uncensored-leak,,https://surrit.com/4b3a5644-973b-4353-815d-10b702057919/1080p/video.m3u8,1080p,surrit.com
https://missav123.com/en/hsoda-061-uncensored-leak,,https://surrit.com/4b3a5644-973b-4353-815d-10b702057919/720p/video.m3u8,720p,surrit.com
https://missav123.com/en/hsoda-061-uncensored-leak,,https://surrit.com/4b3a5644-973b-4353-815d-10b702057919/playlist.m3u8,playlist,surrit.com
https://missav123.com/en/htms-119-english-subtitle,,https://surrit.com/733db06a-fb7d-4e66-b3f4-b6435f1f0f79/1080p/video.m3u8,1080p,surrit.com
https://missav123.com/en/htms-119-english-subtitle,,https://surrit.com/733db06a-fb7d-4e66-b3f4-b6435f1f0f79/720p/video.m3u8,720p,surrit.com
https://missav123.com/en/htms-119-english-subtitle,,https://surrit.com/733db06a-fb7d-4e66-b3f4-b6435f1f0f79/playlist.m3u8,playlist,surrit.com
https://missav123.com/en/huntc-278-uncensored-leak,,https://surrit.com/8fa6035f-4a57-4b42-9fd0-ac4c2adcec57/1080p/video.m3u8,1080p,surrit.com
https://missav123.com/en/huntc-278-uncensored-leak,,https://surrit.com/8fa6035f-4a57-4b42-9fd0-ac4c2adcec57/720p/video.m3u8,720p,surrit.com
https://missav123.com/en/huntc-278-uncensored-leak,,https://surrit.com/8fa6035f-4a57-4b42-9fd0-ac4c2adcec57/playlist.m3u8,playlist,surrit.com
https://missav123.com/en/huntc-425-uncensored-leak,,https://surrit.com/d8229a46-8ab9-49bd-95a8-afb2a0a562a4/1080p/video.m3u8,1080p,surrit.com
https://missav123.com/en/huntc-425-uncensored-leak,,https://surrit.com/d8229a46-8ab9-49bd-95a8-afb2a0a562a4/720p/video.m3u8,720p,surrit.com
https://missav123.com/en/huntc-425-uncensored-leak,,https://surrit.com/d8229a46-8ab9-49bd-95a8-afb2a0a562a4/playlist.m3u8,playlist,surrit.com
https://missav123.com/en/huntc-518-uncensored-leak,,https://surrit.com/8af6a64b-a602-4d6a-80b8-f12acd75ec0e/1080p/video.m3u8,1080p,surrit.com
https://missav123.com/en/huntc-518-uncensored-leak,,https://surrit.com/8af6a64b-a602-4d6a-80b8-f12acd75ec0e/720p/video.m3u8,720p,surrit.com
https://missav123.com/en/huntc-518-uncensored-leak,,https://surrit.com/8af6a64b-a602-4d6a-80b8-f12acd75ec0e/playlist.m3u8,playlist,surrit.com
https://missav123.com/en/hzgd-299-uncensored-leak,,https://surrit.com/bed0c5c6-1cf9-40a9-b823-b54eb8de90f8/1080p/video.m3u8,1080p,surrit.com
https://missav123.com/en/hzgd-299-uncensored-leak,,https://surrit.com/bed0c5c6-1cf9-40a9-b823-b54eb8de90f8/720p/video.m3u8,720p,surrit.com
https://missav123.com/en/hzgd-299-uncensored-leak,,https://surrit.com/bed0c5c6-1cf9-40a9-b823-b54eb8de90f8/playlist.m3u8,playlist,surrit.com
https://missav123.com/en/ipzz-478-uncensored-leak,,https://surrit.com/247b9fd8-276d-41b9-8f9c-b6df6609ddc8/1080p/video.m3u8,1080p,surrit.com
https://missav123.com/en/ipzz-478-uncensored-leak,,https://surrit.com/247b9fd8-276d-41b9-8f9c-b6df6609ddc8/720p/video.m3u8,720p,surrit.com
https://missav123.com/en/ipzz-478-uncensored-leak,,https://surrit.com/247b9fd8-276d-41b9-8f9c-b6df6609ddc8/playlist.m3u8,playlist,surrit.com
https://missav123.com/en/ipzz-497-uncensored-leak,,https://surrit.com/8a45920b-03b1-451a-a0eb-821810a57737/1080p/video.m3u8,1080p,surrit.com
https://missav123.com/en/ipzz-497-uncensored-leak,,https://surrit.com/8a45920b-03b1-451a-a0eb-821810a57737/720p/video.m3u8,720p,surrit.com
https://missav123.com/en/ipzz-497-uncensored-leak,,https://surrit.com/8a45920b-03b1-451a-a0eb-821810a57737/playlist.m3u8,playlist,surrit.com
https://missav123.com/en/ipzz-499-uncensored-leak,,https://surrit.com/3529fbb6-f1fd-48b7-8ab5-f4f93d9c472a/1080p/video.m3u8,1080p,surrit.com
https://missav123.com/en/ipzz-499-uncensored-leak,,https://surrit.com/3529fbb6-f1fd-48b7-8ab5-f4f93d9c472a/720p/video.m3u8,720p,surrit.com
https://missav123.com/en/ipzz-499-uncensored-leak,,https://surrit.com/3529fbb6-f1fd-48b7-8ab5-f4f93d9c472a/playlist.m3u8,playlist,surrit.com
https://missav123.com/en/ipzz-502-uncensored-leak,,https://surrit.com/88f3037d-73e1-4334-99cf-b361d28775c6/1080p/video.m3u8,1080p,surrit.com
https://missav123.com/en/ipzz-502-uncensored-leak,,https://surrit.com/88f3037d-73e1-4334-99cf-b361d28775c6/720p/video.m3u8,720p,surrit.com
https://missav123.com/en/ipzz-502-uncensored-leak,,https://surrit.com/88f3037d-73e1-4334-99cf-b361d28775c6/playlist.m3u8,playlist,surrit.com
https://missav123.com/en/ipzz-505-uncensored-leak,,https://surrit.com/6483b852-525b-4031-ac91-02637c063770/1080p/video.m3u8,1080p,surrit.com
https://missav123.com/en/ipzz-505-uncensored-leak,,https://surrit.com/6483b852-525b-4031-ac91-02637c063770/720p/video.m3u8,720p,surrit.com
https://missav123.com/en/ipzz-505-uncensored-leak,,https://surrit.com/6483b852-525b-4031-ac91-02637c063770/playlist.m3u8,playlist,surrit.com
https://missav123.com/en/ipzz-506-uncensored-leak,,https://surrit.com/e9fe4d81-df0c-4381-b1ae-dbafadf2150b/1080p/video.m3u8,1080p,surrit.com
https://missav123.com/en/ipzz-506-uncensored-leak,,https://surrit.com/e9fe4d81-df0c-4381-b1ae-dbafadf2150b/720p/video.m3u8,720p,surrit.com
https://missav123.com/en/ipzz-506-uncensored-leak,,https://surrit.com/e9fe4d81-df0c-4381-b1ae-dbafadf2150b/playlist.m3u8,playlist,surrit.com
https://missav123.com/en/ipzz-507-uncensored-leak,,https://surrit.com/cb8d49c1-0441-4965-8c0c-f15e87a1c07c/1080p/video.m3u8,1080p,surrit.com
https://missav123.com/en/ipzz-507-uncensored-leak,,https://surrit.com/cb8d49c1-0441-4965-8c0c-f15e87a1c07c/720p/video.m3u8,720p,surrit.com
https://missav123.com/en/ipzz-507-uncensored-leak,,https://surrit.com/cb8d49c1-0441-4965-8c0c-f15e87a1c07c/playlist.m3u8,playlist,surrit.com
https://missav123.com/en/ipzz-519-uncensored-leak,,https://surrit.com/1805bdaf-a6c3-4621-9967-8ab283087221/1080p/video.m3u8,1080p,surrit.com
https://missav123.com/en/ipzz-519-uncensored-leak,,https://surrit.com/1805bdaf-a6c3-4621-9967-8ab283087221/720p/video.m3u8,720p,surrit.com
https://missav123.com/en/ipzz-519-uncensored-leak,,https://surrit.com/1805bdaf-a6c3-4621-9967-8ab283087221/playlist.m3u8,playlist,surrit.com
https://missav123.com/en/ipzz-564-uncensored-leak,,https://surrit.com/596cffd8-065c-4e2a-a0e2-20affea1f39c/1080p/video.m3u8,1080p,surrit.com
https://missav123.com/en/ipzz-564-uncensored-leak,,https://surrit.com/596cffd8-065c-4e2a-a0e2-20affea1f39c/720p/video.m3u8,720p,surrit.com
https://missav123.com/en/ipzz-564-uncensored-leak,,https://surrit.com/596cffd8-065c-4e2a-a0e2-20affea1f39c/playlist.m3u8,playlist,surrit.com
https://missav123.com/en/ipzz-934-uncensored-leak,,https://surrit.com/c23475f6-f73c-44d0-9509-59bdcbe19537/1080p/video.m3u8,1080p,surrit.com
https://missav123.com/en/ipzz-934-uncensored-leak,,https://surrit.com/c23475f6-f73c-44d0-9509-59bdcbe19537/720p/video.m3u8,720p,surrit.com
https://missav123.com/en/ipzz-934-uncensored-leak,,https://surrit.com/c23475f6-f73c-44d0-9509-59bdcbe19537/playlist.m3u8,playlist,surrit.com
https://missav123.com/en/ipzz-938-uncensored-leak,,https://surrit.com/037943e9-a344-433e-96a1-9e17ebc6cf79/1080p/video.m3u8,1080p,surrit.com
https://missav123.com/en/ipzz-938-uncensored-leak,,https://surrit.com/037943e9-a344-433e-96a1-9e17ebc6cf79/720p/video.m3u8,720p,surrit.com
https://missav123.com/en/ipzz-938-uncensored-leak,,https://surrit.com/037943e9-a344-433e-96a1-9e17ebc6cf79/playlist.m3u8,playlist,surrit.com
https://missav123.com/en/ipzz-939,ipzz-939,https://surrit.com/327d2a0b-a12b-48b4-ba89-a8ddc557dd3b/720p/video.m3u8,720p,surrit.com
https://missav123.com/en/ipzz-939,ipzz-939,https://surrit.com/327d2a0b-a12b-48b4-ba89-a8ddc557dd3b/playlist.m3u8,playlist,surrit.com
https://missav123.com/en/ipzz-939-uncensored-leak,,https://surrit.com/8701c69a-ec5d-4201-84dd-9322d11a444d/1080p/video.m3u8,1080p,surrit.com
https://missav123.com/en/ipzz-939-uncensored-leak,,https://surrit.com/8701c69a-ec5d-4201-84dd-9322d11a444d/720p/video.m3u8,720p,surrit.com
https://missav123.com/en/ipzz-939-uncensored-leak,,https://surrit.com/8701c69a-ec5d-4201-84dd-9322d11a444d/playlist.m3u8,playlist,surrit.com
https://missav123.com/en/ipzz-947-uncensored-leak,,https://surrit.com/d6bb1e00-0ff2-41ca-b79c-c4bae2d44cfc/1080p/video.m3u8,1080p,surrit.com
https://missav123.com/en/ipzz-947-uncensored-leak,,https://surrit.com/d6bb1e00-0ff2-41ca-b79c-c4bae2d44cfc/720p/video.m3u8,720p,surrit.com
https://missav123.com/en/ipzz-947-uncensored-leak,,https://surrit.com/d6bb1e00-0ff2-41ca-b79c-c4bae2d44cfc/playlist.m3u8,playlist,surrit.com
https://missav123.com/en/ipzz-952-uncensored-leak,,https://surrit.com/a3c4ca41-69d3-4e7c-b1f5-fc4a0c564d80/1080p/video.m3u8,1080p,surrit.com
https://missav123.com/en/ipzz-952-uncensored-leak,,https://surrit.com/a3c4ca41-69d3-4e7c-b1f5-fc4a0c564d80/720p/video.m3u8,720p,surrit.com
https://missav123.com/en/ipzz-952-uncensored-leak,,https://surrit.com/a3c4ca41-69d3-4e7c-b1f5-fc4a0c564d80/playlist.m3u8,playlist,surrit.com
https://missav123.com/en/ipzz-957-uncensored-leak,,https://surrit.com/d6cf24c3-6e05-4f2f-8a4c-e036eeac5dfa/1080p/video.m3u8,1080p,surrit.com
https://missav123.com/en/ipzz-957-uncensored-leak,,https://surrit.com/d6cf24c3-6e05-4f2f-8a4c-e036eeac5dfa/720p/video.m3u8,720p,surrit.com
https://missav123.com/en/ipzz-957-uncensored-leak,,https://surrit.com/d6cf24c3-6e05-4f2f-8a4c-e036eeac5dfa/playlist.m3u8,playlist,surrit.com
https://missav123.com/en/jjda-078,jjda-078,https://surrit.com/349d0c75-cf25-46d4-8bc6-b1801cec7f18/720p/video.m3u8,720p,surrit.com
https://missav123.com/en/jjda-078,jjda-078,https://surrit.com/349d0c75-cf25-46d4-8bc6-b1801cec7f18/playlist.m3u8,playlist,surrit.com
https://missav123.com/en/jjda-079,jjda-079,https://surrit.com/1fd95c4a-82c7-4c53-aa37-4b515813547d/720p/video.m3u8,720p,surrit.com
https://missav123.com/en/jjda-079,jjda-079,https://surrit.com/1fd95c4a-82c7-4c53-aa37-4b515813547d/playlist.m3u8,playlist,surrit.com
https://missav123.com/en/jufe-625,jufe-625,https://surrit.com/cdc65a97-0c32-4630-8f2a-56f6aa36006b/720p/video.m3u8,720p,surrit.com
https://missav123.com/en/jufe-625,jufe-625,https://surrit.com/cdc65a97-0c32-4630-8f2a-56f6aa36006b/playlist.m3u8,playlist,surrit.com
https://missav123.com/en/jufe-629,jufe-629,https://surrit.com/8a6f3347-13e1-44ae-a7c2-b555a2ec7ef1/720p/video.m3u8,720p,surrit.com
https://missav123.com/en/jufe-629,jufe-629,https://surrit.com/8a6f3347-13e1-44ae-a7c2-b555a2ec7ef1/playlist.m3u8,playlist,surrit.com
https://missav123.com/en/jul-211-uncensored-leak,,https://surrit.com/722b4fe7-2b03-4a73-b7aa-2d6d360274ff/1080p/video.m3u8,1080p,surrit.com
https://missav123.com/en/jul-211-uncensored-leak,,https://surrit.com/722b4fe7-2b03-4a73-b7aa-2d6d360274ff/720p/video.m3u8,720p,surrit.com
https://missav123.com/en/jul-211-uncensored-leak,,https://surrit.com/722b4fe7-2b03-4a73-b7aa-2d6d360274ff/playlist.m3u8,playlist,surrit.com
https://missav123.com/en/jul-273-uncensored-leak,,https://surrit.com/9094d644-f030-4695-97ce-988723d2219c/1080p/video.m3u8,1080p,surrit.com
https://missav123.com/en/jul-273-uncensored-leak,,https://surrit.com/9094d644-f030-4695-97ce-988723d2219c/720p/video.m3u8,720p,surrit.com
https://missav123.com/en/jul-273-uncensored-leak,,https://surrit.com/9094d644-f030-4695-97ce-988723d2219c/playlist.m3u8,playlist,surrit.com
https://missav123.com/en/jur-024-uncensored-leak,,https://surrit.com/456eff49-dd29-4ccc-b50b-c832525c94a4/1080p/video.m3u8,1080p,surrit.com
https://missav123.com/en/jur-024-uncensored-leak,,https://surrit.com/456eff49-dd29-4ccc-b50b-c832525c94a4/720p/video.m3u8,720p,surrit.com
https://missav123.com/en/jur-024-uncensored-leak,,https://surrit.com/456eff49-dd29-4ccc-b50b-c832525c94a4/playlist.m3u8,playlist,surrit.com
https://missav123.com/en/jur-033-uncensored-leak,,https://surrit.com/d7143a6a-72e9-49d0-aa16-f605c65d554d/1080p/video.m3u8,1080p,surrit.com
https://missav123.com/en/jur-033-uncensored-leak,,https://surrit.com/d7143a6a-72e9-49d0-aa16-f605c65d554d/720p/video.m3u8,720p,surrit.com
https://missav123.com/en/jur-033-uncensored-leak,,https://surrit.com/d7143a6a-72e9-49d0-aa16-f605c65d554d/playlist.m3u8,playlist,surrit.com
https://missav123.com/en/jur-161-uncensored-leak,,https://surrit.com/112eb181-2336-4f61-9613-85651f328211/1080p/video.m3u8,1080p,surrit.com
https://missav123.com/en/jur-161-uncensored-leak,,https://surrit.com/112eb181-2336-4f61-9613-85651f328211/720p/video.m3u8,720p,surrit.com
https://missav123.com/en/jur-161-uncensored-leak,,https://surrit.com/112eb181-2336-4f61-9613-85651f328211/playlist.m3u8,playlist,surrit.com
https://missav123.com/en/jur-186-uncensored-leak,,https://surrit.com/5072e85a-8a72-454f-80f0-cb2f7b813557/720p/video.m3u8,720p,surrit.com
https://missav123.com/en/jur-186-uncensored-leak,,https://surrit.com/5072e85a-8a72-454f-80f0-cb2f7b813557/playlist.m3u8,playlist,surrit.com
https://missav123.com/en/jur-237-uncensored-leak,,https://surrit.com/15c52183-b549-473c-85c7-dd834c2d3f5c/1080p/video.m3u8,1080p,surrit.com
https://missav123.com/en/jur-237-uncensored-leak,,https://surrit.com/15c52183-b549-473c-85c7-dd834c2d3f5c/720p/video.m3u8,720p,surrit.com
https://missav123.com/en/jur-237-uncensored-leak,,https://surrit.com/15c52183-b549-473c-85c7-dd834c2d3f5c/playlist.m3u8,playlist,surrit.com
https://missav123.com/en/jur-240-uncensored-leak,,https://surrit.com/dbbd501c-59ec-4dfe-a4ae-9156102c0965/1080p/video.m3u8,1080p,surrit.com
https://missav123.com/en/jur-240-uncensored-leak,,https://surrit.com/dbbd501c-59ec-4dfe-a4ae-9156102c0965/720p/video.m3u8,720p,surrit.com
https://missav123.com/en/jur-240-uncensored-leak,,https://surrit.com/dbbd501c-59ec-4dfe-a4ae-9156102c0965/playlist.m3u8,playlist,surrit.com
https://missav123.com/en/jur-244-uncensored-leak,,https://surrit.com/b23cfb71-a34c-4dfb-846f-acf8e4b9a470/1080p/video.m3u8,1080p,surrit.com
https://missav123.com/en/jur-244-uncensored-leak,,https://surrit.com/b23cfb71-a34c-4dfb-846f-acf8e4b9a470/720p/video.m3u8,720p,surrit.com
https://missav123.com/en/jur-244-uncensored-leak,,https://surrit.com/b23cfb71-a34c-4dfb-846f-acf8e4b9a470/playlist.m3u8,playlist,surrit.com
https://missav123.com/en/jur-263-uncensored-leak,,https://surrit.com/d483b855-4121-4a52-b684-d9ef4778653d/1080p/video.m3u8,1080p,surrit.com
https://missav123.com/en/jur-263-uncensored-leak,,https://surrit.com/d483b855-4121-4a52-b684-d9ef4778653d/720p/video.m3u8,720p,surrit.com
https://missav123.com/en/jur-263-uncensored-leak,,https://surrit.com/d483b855-4121-4a52-b684-d9ef4778653d/playlist.m3u8,playlist,surrit.com
https://missav123.com/en/jur-502-english-subtitle,,https://surrit.com/b096c3f8-c866-4238-b3e1-000c0574f285/1080p/video.m3u8,1080p,surrit.com
https://missav123.com/en/jur-502-english-subtitle,,https://surrit.com/b096c3f8-c866-4238-b3e1-000c0574f285/720p/video.m3u8,720p,surrit.com
https://missav123.com/en/jur-502-english-subtitle,,https://surrit.com/b096c3f8-c866-4238-b3e1-000c0574f285/playlist.m3u8,playlist,surrit.com
https://missav123.com/en/juta-197,juta-197,https://surrit.com/43d26b56-41b2-4cae-9786-f932b7601c3d/720p/video.m3u8,720p,surrit.com
https://missav123.com/en/juta-197,juta-197,https://surrit.com/43d26b56-41b2-4cae-9786-f932b7601c3d/playlist.m3u8,playlist,surrit.com
https://missav123.com/en/ksbj-444,ksbj-444,https://surrit.com/b2c27e40-8b0a-41e3-85fc-4aafcbe8f42b/720p/video.m3u8,720p,surrit.com
https://missav123.com/en/ksbj-444,ksbj-444,https://surrit.com/b2c27e40-8b0a-41e3-85fc-4aafcbe8f42b/playlist.m3u8,playlist,surrit.com
https://missav123.com/en/lulu-450,lulu-450,https://surrit.com/67f84e3e-ad6f-49b4-9abb-f3f66cc32a49/720p/video.m3u8,720p,surrit.com
https://missav123.com/en/lulu-450,lulu-450,https://surrit.com/67f84e3e-ad6f-49b4-9abb-f3f66cc32a49/playlist.m3u8,playlist,surrit.com
https://missav123.com/en/lulu-452,lulu-452,https://surrit.com/ae735a0f-f5dd-4471-9f20-e520743f77cb/720p/video.m3u8,720p,surrit.com
https://missav123.com/en/lulu-452,lulu-452,https://surrit.com/ae735a0f-f5dd-4471-9f20-e520743f77cb/playlist.m3u8,playlist,surrit.com
https://missav123.com/en/maan-1192,maan-1192,https://surrit.com/5a9595a0-49c4-49e3-a848-5c71bf822b73/720p/video.m3u8,720p,surrit.com
https://missav123.com/en/maan-1192,maan-1192,https://surrit.com/5a9595a0-49c4-49e3-a848-5c71bf822b73/playlist.m3u8,playlist,surrit.com
https://missav123.com/en/meyd-985-uncensored-leak,,https://surrit.com/b1ea1265-3046-4b40-8a0c-e7d95c514575/1080p/video.m3u8,1080p,surrit.com
https://missav123.com/en/meyd-985-uncensored-leak,,https://surrit.com/b1ea1265-3046-4b40-8a0c-e7d95c514575/720p/video.m3u8,720p,surrit.com
https://missav123.com/en/meyd-985-uncensored-leak,,https://surrit.com/b1ea1265-3046-4b40-8a0c-e7d95c514575/playlist.m3u8,playlist,surrit.com
https://missav123.com/en/meyd-988-uncensored-leak,,https://surrit.com/9ca4ee00-45b4-4a9c-8f64-5f9e579a0d1c/1080p/video.m3u8,1080p,surrit.com
https://missav123.com/en/meyd-988-uncensored-leak,,https://surrit.com/9ca4ee00-45b4-4a9c-8f64-5f9e579a0d1c/720p/video.m3u8,720p,surrit.com
https://missav123.com/en/meyd-988-uncensored-leak,,https://surrit.com/9ca4ee00-45b4-4a9c-8f64-5f9e579a0d1c/playlist.m3u8,playlist,surrit.com
https://missav123.com/en/mfcg-009,mfcg-009,https://surrit.com/13155dcd-85ee-4bd7-a156-e35ca4400014/1080p/video.m3u8,1080p,surrit.com
https://missav123.com/en/mfcg-009,mfcg-009,https://surrit.com/13155dcd-85ee-4bd7-a156-e35ca4400014/720p/video.m3u8,720p,surrit.com
https://missav123.com/en/mfcg-009,mfcg-009,https://surrit.com/13155dcd-85ee-4bd7-a156-e35ca4400014/playlist.m3u8,playlist,surrit.com
https://missav123.com/en/mgnl-181,mgnl-181,https://surrit.com/a58e074b-6f15-42cd-bbf4-ef2b3dd64be0/720p/video.m3u8,720p,surrit.com
https://missav123.com/en/mgnl-181,mgnl-181,https://surrit.com/a58e074b-6f15-42cd-bbf4-ef2b3dd64be0/playlist.m3u8,playlist,surrit.com
https://missav123.com/en/miaa-383-uncensored-leak,,https://surrit.com/a008923d-697d-41b5-9629-6094d3ccf100/1080p/video.m3u8,1080p,surrit.com
https://missav123.com/en/miaa-383-uncensored-leak,,https://surrit.com/a008923d-697d-41b5-9629-6094d3ccf100/720p/video.m3u8,720p,surrit.com
https://missav123.com/en/miaa-383-uncensored-leak,,https://surrit.com/a008923d-697d-41b5-9629-6094d3ccf100/playlist.m3u8,playlist,surrit.com
https://missav123.com/en/miab-678-uncensored-leak,,https://surrit.com/c82baca5-009c-47e9-bb55-e194329078fa/1080p/video.m3u8,1080p,surrit.com
https://missav123.com/en/miab-678-uncensored-leak,,https://surrit.com/c82baca5-009c-47e9-bb55-e194329078fa/720p/video.m3u8,720p,surrit.com
https://missav123.com/en/miab-678-uncensored-leak,,https://surrit.com/c82baca5-009c-47e9-bb55-e194329078fa/playlist.m3u8,playlist,surrit.com
https://missav123.com/en/mida-761-uncensored-leak,,https://surrit.com/98f664c3-1bb9-4678-9fc4-fbc05f3e60b4/1080p/video.m3u8,1080p,surrit.com
https://missav123.com/en/mida-761-uncensored-leak,,https://surrit.com/98f664c3-1bb9-4678-9fc4-fbc05f3e60b4/720p/video.m3u8,720p,surrit.com
https://missav123.com/en/mida-761-uncensored-leak,,https://surrit.com/98f664c3-1bb9-4678-9fc4-fbc05f3e60b4/playlist.m3u8,playlist,surrit.com
https://missav123.com/en/mida-763-uncensored-leak,,https://surrit.com/07d45705-c0b0-4fc5-9e2b-2424dc142ff9/1080p/video.m3u8,1080p,surrit.com
https://missav123.com/en/mida-763-uncensored-leak,,https://surrit.com/07d45705-c0b0-4fc5-9e2b-2424dc142ff9/720p/video.m3u8,720p,surrit.com
https://missav123.com/en/mida-763-uncensored-leak,,https://surrit.com/07d45705-c0b0-4fc5-9e2b-2424dc142ff9/playlist.m3u8,playlist,surrit.com
https://missav123.com/en/mida-764-uncensored-leak,,https://surrit.com/9a224113-cfe0-4a85-bc92-f60d66ea45dc/1080p/video.m3u8,1080p,surrit.com
https://missav123.com/en/mida-764-uncensored-leak,,https://surrit.com/9a224113-cfe0-4a85-bc92-f60d66ea45dc/720p/video.m3u8,720p,surrit.com
https://missav123.com/en/mida-764-uncensored-leak,,https://surrit.com/9a224113-cfe0-4a85-bc92-f60d66ea45dc/playlist.m3u8,playlist,surrit.com
https://missav123.com/en/mida-765-uncensored-leak,,https://surrit.com/0f605831-20a9-4aa8-ad32-ef4befef2526/1080p/video.m3u8,1080p,surrit.com
https://missav123.com/en/mida-765-uncensored-leak,,https://surrit.com/0f605831-20a9-4aa8-ad32-ef4befef2526/720p/video.m3u8,720p,surrit.com
https://missav123.com/en/mida-765-uncensored-leak,,https://surrit.com/0f605831-20a9-4aa8-ad32-ef4befef2526/playlist.m3u8,playlist,surrit.com
https://missav123.com/en/mida-770-uncensored-leak,,https://surrit.com/1dce49a1-f59d-4724-acb1-efc618c69558/1080p/video.m3u8,1080p,surrit.com
https://missav123.com/en/mida-770-uncensored-leak,,https://surrit.com/1dce49a1-f59d-4724-acb1-efc618c69558/720p/video.m3u8,720p,surrit.com
https://missav123.com/en/mida-770-uncensored-leak,,https://surrit.com/1dce49a1-f59d-4724-acb1-efc618c69558/playlist.m3u8,playlist,surrit.com
https://missav123.com/en/mida-772-uncensored-leak,,https://surrit.com/3ab506b1-d27d-4edc-8b1a-52661f9157fb/1080p/video.m3u8,1080p,surrit.com
https://missav123.com/en/mida-772-uncensored-leak,,https://surrit.com/3ab506b1-d27d-4edc-8b1a-52661f9157fb/720p/video.m3u8,720p,surrit.com
https://missav123.com/en/mida-772-uncensored-leak,,https://surrit.com/3ab506b1-d27d-4edc-8b1a-52661f9157fb/playlist.m3u8,playlist,surrit.com
https://missav123.com/en/mida-774-uncensored-leak,,https://surrit.com/4cce4379-77f9-4c98-81a3-de02e7eb6dec/1080p/video.m3u8,1080p,surrit.com
https://missav123.com/en/mida-774-uncensored-leak,,https://surrit.com/4cce4379-77f9-4c98-81a3-de02e7eb6dec/720p/video.m3u8,720p,surrit.com
https://missav123.com/en/mida-774-uncensored-leak,,https://surrit.com/4cce4379-77f9-4c98-81a3-de02e7eb6dec/playlist.m3u8,playlist,surrit.com
https://missav123.com/en/mida-778-uncensored-leak,,https://surrit.com/49a4c290-4f75-410b-bc65-d0ae970216e1/1080p/video.m3u8,1080p,surrit.com
https://missav123.com/en/mida-778-uncensored-leak,,https://surrit.com/49a4c290-4f75-410b-bc65-d0ae970216e1/720p/video.m3u8,720p,surrit.com
https://missav123.com/en/mida-778-uncensored-leak,,https://surrit.com/49a4c290-4f75-410b-bc65-d0ae970216e1/playlist.m3u8,playlist,surrit.com
https://missav123.com/en/mida-796,mida-796,https://surrit.com/6ce1b6dd-412c-43e7-a629-715978c18042/720p/video.m3u8,720p,surrit.com
https://missav123.com/en/mida-796,mida-796,https://surrit.com/6ce1b6dd-412c-43e7-a629-715978c18042/playlist.m3u8,playlist,surrit.com
https://missav123.com/en/mida-798-uncensored-leak,,https://surrit.com/1c6c87ac-d9f3-48b9-a8a0-f5d7238a3e77/1080p/video.m3u8,1080p,surrit.com
https://missav123.com/en/mida-798-uncensored-leak,,https://surrit.com/1c6c87ac-d9f3-48b9-a8a0-f5d7238a3e77/720p/video.m3u8,720p,surrit.com
https://missav123.com/en/mida-798-uncensored-leak,,https://surrit.com/1c6c87ac-d9f3-48b9-a8a0-f5d7238a3e77/playlist.m3u8,playlist,surrit.com
https://missav123.com/en/mida-814-uncensored-leak,,https://surrit.com/938a7304-6d9b-4183-b7c5-b4a81ba74508/720p/video.m3u8,720p,surrit.com
https://missav123.com/en/mida-814-uncensored-leak,,https://surrit.com/938a7304-6d9b-4183-b7c5-b4a81ba74508/playlist.m3u8,playlist,surrit.com
https://missav123.com/en/mikr-118-uncensored-leak,,https://surrit.com/5cb96869-b637-4ad1-9cf0-9af4f4cfa38d/1080p/video.m3u8,1080p,surrit.com
https://missav123.com/en/mikr-118-uncensored-leak,,https://surrit.com/5cb96869-b637-4ad1-9cf0-9af4f4cfa38d/720p/video.m3u8,720p,surrit.com
https://missav123.com/en/mikr-118-uncensored-leak,,https://surrit.com/5cb96869-b637-4ad1-9cf0-9af4f4cfa38d/playlist.m3u8,playlist,surrit.com
https://missav123.com/en/mimk-292-uncensored-leak,,https://surrit.com/2ad95161-c5b3-4a22-8e6b-9485288a5654/1080p/video.m3u8,1080p,surrit.com
https://missav123.com/en/mimk-292-uncensored-leak,,https://surrit.com/2ad95161-c5b3-4a22-8e6b-9485288a5654/720p/video.m3u8,720p,surrit.com
https://missav123.com/en/mimk-292-uncensored-leak,,https://surrit.com/2ad95161-c5b3-4a22-8e6b-9485288a5654/playlist.m3u8,playlist,surrit.com
https://missav123.com/en/mium-1483,mium-1483,https://surrit.com/9357d3ab-1d22-4c4d-8483-3f9bc3a6f4d2/720p/video.m3u8,720p,surrit.com
https://missav123.com/en/mium-1483,mium-1483,https://surrit.com/9357d3ab-1d22-4c4d-8483-3f9bc3a6f4d2/playlist.m3u8,playlist,surrit.com
https://missav123.com/en/mrxd-047-uncensored-leak,,https://surrit.com/aee708c3-269d-4c82-8963-49eccfd92150/1080p/video.m3u8,1080p,surrit.com
https://missav123.com/en/mrxd-047-uncensored-leak,,https://surrit.com/aee708c3-269d-4c82-8963-49eccfd92150/720p/video.m3u8,720p,surrit.com
https://missav123.com/en/mrxd-047-uncensored-leak,,https://surrit.com/aee708c3-269d-4c82-8963-49eccfd92150/playlist.m3u8,playlist,surrit.com
https://missav123.com/en/mvg-171-uncensored-leak,,https://surrit.com/048b37ba-9d40-467e-a9d3-63f41d31f051/1080p/video.m3u8,1080p,surrit.com
https://missav123.com/en/mvg-171-uncensored-leak,,https://surrit.com/048b37ba-9d40-467e-a9d3-63f41d31f051/720p/video.m3u8,720p,surrit.com
https://missav123.com/en/mvg-171-uncensored-leak,,https://surrit.com/048b37ba-9d40-467e-a9d3-63f41d31f051/playlist.m3u8,playlist,surrit.com
https://missav123.com/en/ngod-253-uncensored-leak,,https://surrit.com/7414d12e-1b46-4939-8f5f-4b3e487f0d93/1080p/video.m3u8,1080p,surrit.com
https://missav123.com/en/ngod-253-uncensored-leak,,https://surrit.com/7414d12e-1b46-4939-8f5f-4b3e487f0d93/720p/video.m3u8,720p,surrit.com
https://missav123.com/en/ngod-253-uncensored-leak,,https://surrit.com/7414d12e-1b46-4939-8f5f-4b3e487f0d93/playlist.m3u8,playlist,surrit.com
https://missav123.com/en/ngod-255-uncensored-leak,,https://surrit.com/8ddfc2ac-81a1-4166-816d-c791ce788239/1080p/video.m3u8,1080p,surrit.com
https://missav123.com/en/ngod-255-uncensored-leak,,https://surrit.com/8ddfc2ac-81a1-4166-816d-c791ce788239/720p/video.m3u8,720p,surrit.com
https://missav123.com/en/ngod-255-uncensored-leak,,https://surrit.com/8ddfc2ac-81a1-4166-816d-c791ce788239/playlist.m3u8,playlist,surrit.com
https://missav123.com/en/nhdtc-250,nhdtc-250,https://surrit.com/51d7ce35-6a0e-4b0b-be59-75b98aaa2684/720p/video.m3u8,720p,surrit.com
https://missav123.com/en/nhdtc-250,nhdtc-250,https://surrit.com/51d7ce35-6a0e-4b0b-be59-75b98aaa2684/playlist.m3u8,playlist,surrit.com
https://missav123.com/en/npjs-272,npjs-272,https://surrit.com/93d5493a-f7bb-4c1a-b208-2c29de7e964d/720p/video.m3u8,720p,surrit.com
https://missav123.com/en/npjs-272,npjs-272,https://surrit.com/93d5493a-f7bb-4c1a-b208-2c29de7e964d/playlist.m3u8,playlist,surrit.com
https://missav123.com/en/nsfs-143-uncensored-leak,,https://surrit.com/ff9d9ef9-b40b-43de-8b6d-1eef506bd97f/1080p/video.m3u8,1080p,surrit.com
https://missav123.com/en/nsfs-143-uncensored-leak,,https://surrit.com/ff9d9ef9-b40b-43de-8b6d-1eef506bd97f/720p/video.m3u8,720p,surrit.com
https://missav123.com/en/nsfs-143-uncensored-leak,,https://surrit.com/ff9d9ef9-b40b-43de-8b6d-1eef506bd97f/playlist.m3u8,playlist,surrit.com
https://missav123.com/en/pondo-082926_001,,https://surrit.com/b53c20c3-0051-475d-b434-e54cbbb23bbf/720p/video.m3u8,720p,surrit.com
https://missav123.com/en/pondo-082926_001,,https://surrit.com/b53c20c3-0051-475d-b434-e54cbbb23bbf/playlist.m3u8,playlist,surrit.com
https://missav123.com/en/ps-132,ps-132,https://surrit.com/eb3b39e8-c278-4d2f-ab2f-23fe0115d17e/720p/video.m3u8,720p,surrit.com
https://missav123.com/en/ps-132,ps-132,https://surrit.com/eb3b39e8-c278-4d2f-ab2f-23fe0115d17e/playlist.m3u8,playlist,surrit.com
https://missav123.com/en/pym-576,pym-576,https://surrit.com/8ddd9b4d-02f4-4416-b47d-199d8ce46cb6/720p/video.m3u8,720p,surrit.com
https://missav123.com/en/pym-576,pym-576,https://surrit.com/8ddd9b4d-02f4-4416-b47d-199d8ce46cb6/playlist.m3u8,playlist,surrit.com
https://missav123.com/en/rbk-132-uncensored-leak,,https://surrit.com/55eff28e-ab61-43b9-9bc7-dfd14ecabe09/1080p/video.m3u8,1080p,surrit.com
https://missav123.com/en/rbk-132-uncensored-leak,,https://surrit.com/55eff28e-ab61-43b9-9bc7-dfd14ecabe09/720p/video.m3u8,720p,surrit.com
https://missav123.com/en/rbk-132-uncensored-leak,,https://surrit.com/55eff28e-ab61-43b9-9bc7-dfd14ecabe09/playlist.m3u8,playlist,surrit.com
https://missav123.com/en/real-875-uncensored-leak,,https://surrit.com/f3a69b7c-fb73-43be-aee7-984fd6fe7cc4/1080p/video.m3u8,1080p,surrit.com
https://missav123.com/en/real-875-uncensored-leak,,https://surrit.com/f3a69b7c-fb73-43be-aee7-984fd6fe7cc4/720p/video.m3u8,720p,surrit.com
https://missav123.com/en/real-875-uncensored-leak,,https://surrit.com/f3a69b7c-fb73-43be-aee7-984fd6fe7cc4/playlist.m3u8,playlist,surrit.com
https://missav123.com/en/roe-356-english-subtitle,,https://surrit.com/c09dfa46-3afb-4c71-860f-d1994fed119c/1080p/video.m3u8,1080p,surrit.com
https://missav123.com/en/roe-356-english-subtitle,,https://surrit.com/c09dfa46-3afb-4c71-860f-d1994fed119c/720p/video.m3u8,720p,surrit.com
https://missav123.com/en/roe-356-english-subtitle,,https://surrit.com/c09dfa46-3afb-4c71-860f-d1994fed119c/playlist.m3u8,playlist,surrit.com
https://missav123.com/en/roe-450-english-subtitle,,https://surrit.com/dd9eced1-08b9-40e1-a32f-dea1bf6f1e3c/1080p/video.m3u8,1080p,surrit.com
https://missav123.com/en/roe-450-english-subtitle,,https://surrit.com/dd9eced1-08b9-40e1-a32f-dea1bf6f1e3c/720p/video.m3u8,720p,surrit.com
https://missav123.com/en/roe-450-english-subtitle,,https://surrit.com/dd9eced1-08b9-40e1-a32f-dea1bf6f1e3c/playlist.m3u8,playlist,surrit.com
https://missav123.com/en/roe-459-english-subtitle,,https://surrit.com/9bf9d376-d1d5-4626-a4e9-ce5b90d86dea/480p/video.m3u8,480p,surrit.com
https://missav123.com/en/roe-459-english-subtitle,,https://surrit.com/9bf9d376-d1d5-4626-a4e9-ce5b90d86dea/playlist.m3u8,playlist,surrit.com
https://missav123.com/en/roe-468-english-subtitle,,https://surrit.com/770baa4a-bb99-437a-877e-49a29b3e9b14/480p/video.m3u8,480p,surrit.com
https://missav123.com/en/roe-468-english-subtitle,,https://surrit.com/770baa4a-bb99-437a-877e-49a29b3e9b14/playlist.m3u8,playlist,surrit.com
https://missav123.com/en/royd-224-uncensored-leak,,https://surrit.com/a32bee3f-f8d3-4ba5-b4b5-2a7d8e7c1137/1080p/video.m3u8,1080p,surrit.com
https://missav123.com/en/royd-224-uncensored-leak,,https://surrit.com/a32bee3f-f8d3-4ba5-b4b5-2a7d8e7c1137/720p/video.m3u8,720p,surrit.com
https://missav123.com/en/royd-224-uncensored-leak,,https://surrit.com/a32bee3f-f8d3-4ba5-b4b5-2a7d8e7c1137/playlist.m3u8,playlist,surrit.com
https://missav123.com/en/same-158-english-subtitle,,https://surrit.com/0322b79b-5a67-4e0e-a851-a8f445a9d954/1080p/video.m3u8,1080p,surrit.com
https://missav123.com/en/same-158-english-subtitle,,https://surrit.com/0322b79b-5a67-4e0e-a851-a8f445a9d954/720p/video.m3u8,720p,surrit.com
https://missav123.com/en/same-158-english-subtitle,,https://surrit.com/0322b79b-5a67-4e0e-a851-a8f445a9d954/playlist.m3u8,playlist,surrit.com
https://missav123.com/en/siro-5701,siro-5701,https://surrit.com/9245ee65-40da-45cb-83d6-ab59dcf90c94/720p/video.m3u8,720p,surrit.com
https://missav123.com/en/siro-5701,siro-5701,https://surrit.com/9245ee65-40da-45cb-83d6-ab59dcf90c94/playlist.m3u8,playlist,surrit.com
https://missav123.com/en/smok-044,smok-044,https://surrit.com/52b69340-287f-4e69-bac8-a2f82e978f5c/720p/video.m3u8,720p,surrit.com
https://missav123.com/en/smok-044,smok-044,https://surrit.com/52b69340-287f-4e69-bac8-a2f82e978f5c/playlist.m3u8,playlist,surrit.com
https://missav123.com/en/smok-045,smok-045,https://surrit.com/7ad81405-97c9-401d-8852-498791d116ff/720p/video.m3u8,720p,surrit.com
https://missav123.com/en/smok-045,smok-045,https://surrit.com/7ad81405-97c9-401d-8852-498791d116ff/playlist.m3u8,playlist,surrit.com
https://missav123.com/en/snos-163-english-subtitle,,https://surrit.com/308853d1-cd51-451d-a391-8d35a22855a9/480p/video.m3u8,480p,surrit.com
https://missav123.com/en/snos-163-english-subtitle,,https://surrit.com/308853d1-cd51-451d-a391-8d35a22855a9/playlist.m3u8,playlist,surrit.com
https://missav123.com/en/soav-140,soav-140,https://surrit.com/6bf45b24-f5ee-4404-a651-c7eca9f550e6/720p/video.m3u8,720p,surrit.com
https://missav123.com/en/soav-140,soav-140,https://surrit.com/6bf45b24-f5ee-4404-a651-c7eca9f550e6/playlist.m3u8,playlist,surrit.com
https://missav123.com/en/sone-582-uncensored-leak,,https://surrit.com/6781ea7a-41fb-4a8c-9794-c9e6e561f1c6/1080p/video.m3u8,1080p,surrit.com
https://missav123.com/en/sone-582-uncensored-leak,,https://surrit.com/6781ea7a-41fb-4a8c-9794-c9e6e561f1c6/720p/video.m3u8,720p,surrit.com
https://missav123.com/en/sone-582-uncensored-leak,,https://surrit.com/6781ea7a-41fb-4a8c-9794-c9e6e561f1c6/playlist.m3u8,playlist,surrit.com
https://missav123.com/en/sone-607-uncensored-leak,,https://surrit.com/a0c42846-686d-4349-9654-1a7c9ab76a35/1080p/video.m3u8,1080p,surrit.com
https://missav123.com/en/sone-607-uncensored-leak,,https://surrit.com/a0c42846-686d-4349-9654-1a7c9ab76a35/720p/video.m3u8,720p,surrit.com
https://missav123.com/en/sone-607-uncensored-leak,,https://surrit.com/a0c42846-686d-4349-9654-1a7c9ab76a35/playlist.m3u8,playlist,surrit.com
https://missav123.com/en/sone-620-uncensored-leak,,https://surrit.com/8fb4400a-3b2a-441a-94f4-762b4d4c020c/1080p/video.m3u8,1080p,surrit.com
https://missav123.com/en/sone-620-uncensored-leak,,https://surrit.com/8fb4400a-3b2a-441a-94f4-762b4d4c020c/720p/video.m3u8,720p,surrit.com
https://missav123.com/en/sone-620-uncensored-leak,,https://surrit.com/8fb4400a-3b2a-441a-94f4-762b4d4c020c/playlist.m3u8,playlist,surrit.com
https://missav123.com/en/sone-621-uncensored-leak,,https://surrit.com/9b64c907-5c30-444e-b2dd-70bc53a01504/1080p/video.m3u8,1080p,surrit.com
https://missav123.com/en/sone-621-uncensored-leak,,https://surrit.com/9b64c907-5c30-444e-b2dd-70bc53a01504/720p/video.m3u8,720p,surrit.com
https://missav123.com/en/sone-621-uncensored-leak,,https://surrit.com/9b64c907-5c30-444e-b2dd-70bc53a01504/playlist.m3u8,playlist,surrit.com
https://missav123.com/en/sone-634-uncensored-leak,,https://surrit.com/845adbef-b1b3-40d0-a7ee-d36dd34a6e39/1080p/video.m3u8,1080p,surrit.com
https://missav123.com/en/sone-634-uncensored-leak,,https://surrit.com/845adbef-b1b3-40d0-a7ee-d36dd34a6e39/720p/video.m3u8,720p,surrit.com
https://missav123.com/en/sone-634-uncensored-leak,,https://surrit.com/845adbef-b1b3-40d0-a7ee-d36dd34a6e39/playlist.m3u8,playlist,surrit.com
https://missav123.com/en/sone-635-uncensored-leak,,https://surrit.com/5f61c950-9dfa-4781-9dda-cd01c9e7454c/1080p/video.m3u8,1080p,surrit.com
https://missav123.com/en/sone-635-uncensored-leak,,https://surrit.com/5f61c950-9dfa-4781-9dda-cd01c9e7454c/720p/video.m3u8,720p,surrit.com
https://missav123.com/en/sone-635-uncensored-leak,,https://surrit.com/5f61c950-9dfa-4781-9dda-cd01c9e7454c/playlist.m3u8,playlist,surrit.com
https://missav123.com/en/sone-639-uncensored-leak,,https://surrit.com/9e04e339-be52-4272-81db-5a82ac74fbcb/1080p/video.m3u8,1080p,surrit.com
https://missav123.com/en/sone-639-uncensored-leak,,https://surrit.com/9e04e339-be52-4272-81db-5a82ac74fbcb/720p/video.m3u8,720p,surrit.com
https://missav123.com/en/sone-639-uncensored-leak,,https://surrit.com/9e04e339-be52-4272-81db-5a82ac74fbcb/playlist.m3u8,playlist,surrit.com
https://missav123.com/en/sora-645,sora-645,https://surrit.com/5de5d71d-dc42-48c8-a1ee-72bf7ce916b2/1080p/video.m3u8,1080p,surrit.com
https://missav123.com/en/sora-645,sora-645,https://surrit.com/5de5d71d-dc42-48c8-a1ee-72bf7ce916b2/720p/video.m3u8,720p,surrit.com
https://missav123.com/en/sora-645,sora-645,https://surrit.com/5de5d71d-dc42-48c8-a1ee-72bf7ce916b2/playlist.m3u8,playlist,surrit.com
https://missav123.com/en/sora-648,sora-648,https://surrit.com/49860a89-0296-4233-bf8f-99382d5136b0/720p/video.m3u8,720p,surrit.com
https://missav123.com/en/sora-648,sora-648,https://surrit.com/49860a89-0296-4233-bf8f-99382d5136b0/playlist.m3u8,playlist,surrit.com
https://missav123.com/en/sqte-573-uncensored-leak,,https://surrit.com/2ec65f5f-e7ab-4752-88cf-0f61684753e9/1080p/video.m3u8,1080p,surrit.com
https://missav123.com/en/sqte-573-uncensored-leak,,https://surrit.com/2ec65f5f-e7ab-4752-88cf-0f61684753e9/720p/video.m3u8,720p,surrit.com
https://missav123.com/en/sqte-573-uncensored-leak,,https://surrit.com/2ec65f5f-e7ab-4752-88cf-0f61684753e9/playlist.m3u8,playlist,surrit.com
https://missav123.com/en/stars-342-uncensored-leak,,https://surrit.com/4373901e-8cf6-4b67-833c-048d6ef9f87e/720p/video.m3u8,720p,surrit.com
https://missav123.com/en/stars-342-uncensored-leak,,https://surrit.com/4373901e-8cf6-4b67-833c-048d6ef9f87e/playlist.m3u8,playlist,surrit.com
https://missav123.com/en/start-023-uncensored-leak,,https://surrit.com/ac932ff4-3540-41f6-917d-953f9a4fb6ef/1080p/video.m3u8,1080p,surrit.com
https://missav123.com/en/start-023-uncensored-leak,,https://surrit.com/ac932ff4-3540-41f6-917d-953f9a4fb6ef/720p/video.m3u8,720p,surrit.com
https://missav123.com/en/start-023-uncensored-leak,,https://surrit.com/ac932ff4-3540-41f6-917d-953f9a4fb6ef/playlist.m3u8,playlist,surrit.com
https://missav123.com/en/start-242-uncensored-leak,,https://surrit.com/bf8df2db-8e96-41e7-a8a9-b89fa796f22c/720p/video.m3u8,720p,surrit.com
https://missav123.com/en/start-242-uncensored-leak,,https://surrit.com/bf8df2db-8e96-41e7-a8a9-b89fa796f22c/playlist.m3u8,playlist,surrit.com
https://missav123.com/en/start-262-uncensored-leak,,https://surrit.com/0cec3826-094c-4179-95db-3cbcc1b8cb4c/1080p/video.m3u8,1080p,surrit.com
https://missav123.com/en/start-262-uncensored-leak,,https://surrit.com/0cec3826-094c-4179-95db-3cbcc1b8cb4c/720p/video.m3u8,720p,surrit.com
https://missav123.com/en/start-262-uncensored-leak,,https://surrit.com/0cec3826-094c-4179-95db-3cbcc1b8cb4c/playlist.m3u8,playlist,surrit.com
https://missav123.com/en/sy-226,sy-226,https://surrit.com/358f3015-6763-42e0-8a59-b92190de4a39/720p/video.m3u8,720p,surrit.com
https://missav123.com/en/sy-226,sy-226,https://surrit.com/358f3015-6763-42e0-8a59-b92190de4a39/playlist.m3u8,playlist,surrit.com
https://missav123.com/en/vagu-294,vagu-294,https://surrit.com/81c0c463-c51e-48b5-afd8-1afb1ac52633/720p/video.m3u8,720p,surrit.com
https://missav123.com/en/vagu-294,vagu-294,https://surrit.com/81c0c463-c51e-48b5-afd8-1afb1ac52633/playlist.m3u8,playlist,surrit.com
https://missav123.com/en/vec-687-uncensored-leak,,https://surrit.com/46d0a29a-2a9c-4505-9dcd-49d645009882/1080p/video.m3u8,1080p,surrit.com
https://missav123.com/en/vec-687-uncensored-leak,,https://surrit.com/46d0a29a-2a9c-4505-9dcd-49d645009882/720p/video.m3u8,720p,surrit.com
https://missav123.com/en/vec-687-uncensored-leak,,https://surrit.com/46d0a29a-2a9c-4505-9dcd-49d645009882/playlist.m3u8,playlist,surrit.com
https://missav123.com/en/vema-264,vema-264,https://surrit.com/891a4bb0-9c04-4de9-86d0-56d804024351/720p/video.m3u8,720p,surrit.com
https://missav123.com/en/vema-264,vema-264,https://surrit.com/891a4bb0-9c04-4de9-86d0-56d804024351/playlist.m3u8,playlist,surrit.com
https://missav123.com/en/vod-064,vod-064,https://surrit.com/b70d495c-fe36-4496-b463-841a8ac3baa0/720p/video.m3u8,720p,surrit.com
https://missav123.com/en/vod-064,vod-064,https://surrit.com/b70d495c-fe36-4496-b463-841a8ac3baa0/playlist.m3u8,playlist,surrit.com
https://missav123.com/en/vrnc-043-uncensored-leak,,https://surrit.com/8951440a-2d58-4345-9065-d68af1d614f7/720p/video.m3u8,720p,surrit.com
https://missav123.com/en/vrnc-043-uncensored-leak,,https://surrit.com/8951440a-2d58-4345-9065-d68af1d614f7/playlist.m3u8,playlist,surrit.com
https://missav123.com/en/waaa-677,waaa-677,https://surrit.com/30a728c2-3b3d-4a0f-b0fc-37d8702f54f3/720p/video.m3u8,720p,surrit.com
https://missav123.com/en/waaa-677,waaa-677,https://surrit.com/30a728c2-3b3d-4a0f-b0fc-37d8702f54f3/playlist.m3u8,playlist,surrit.com
https://missav123.com/en/xvsr-893,xvsr-893,https://surrit.com/6e960f45-d6b5-47b3-bf13-4f1025ca3b01/1080p/video.m3u8,1080p,surrit.com
https://missav123.com/en/xvsr-893,xvsr-893,https://surrit.com/6e960f45-d6b5-47b3-bf13-4f1025ca3b01/720p/video.m3u8,720p,surrit.com
https://missav123.com/en/xvsr-893,xvsr-893,https://surrit.com/6e960f45-d6b5-47b3-bf13-4f1025ca3b01/playlist.m3u8,playlist,surrit.com
https://missav123.com/en/xvsr-897,xvsr-897,https://surrit.com/24f51fba-bd27-4791-ad6b-af6455e167ce/1080p/video.m3u8,1080p,surrit.com
https://missav123.com/en/xvsr-897,xvsr-897,https://surrit.com/24f51fba-bd27-4791-ad6b-af6455e167ce/720p/video.m3u8,720p,surrit.com
https://missav123.com/en/xvsr-897,xvsr-897,https://surrit.com/24f51fba-bd27-4791-ad6b-af6455e167ce/playlist.m3u8,playlist,surrit.com
https://missav123.com/en/yuj-073-uncensored-leak,,https://surrit.com/8acb2cee-9e54-4071-a6b3-932b4691bdee/1080p/video.m3u8,1080p,surrit.com
https://missav123.com/en/yuj-073-uncensored-leak,,https://surrit.com/8acb2cee-9e54-4071-a6b3-932b4691bdee/720p/video.m3u8,720p,surrit.com
https://missav123.com/en/yuj-073-uncensored-leak,,https://surrit.com/8acb2cee-9e54-4071-a6b3-932b4691bdee/playlist.m3u8,playlist,surrit.com
