page_url,video_code,playlist_url,quality,source
https://missav123.com/dm1/en/hmn-653-uncensored-leak,,https://surrit.com/da50b557-2666-4e59-891a-b304bd5a45fa/1080p/video.m3u8,1080p,surrit.com
https://missav123.com/dm1/en/hmn-653-uncensored-leak,,https://surrit.com/da50b557-2666-4e59-891a-b304bd5a45fa/720p/video.m3u8,720p,surrit.com
https://missav123.com/dm1/en/hmn-653-uncensored-leak,,https://surrit.com/da50b557-2666-4e59-891a-b304bd5a45fa/playlist.m3u8,playlist,surrit.com
https://missav123.com/dm1/en/jur-128-uncensored-leak,,https://surrit.com/609fc0c0-9f8a-4e8a-bce3-aba72c6c0437/1080p/video.m3u8,1080p,surrit.com
https://missav123.com/dm1/en/jur-128-uncensored-leak,,https://surrit.com/609fc0c0-9f8a-4e8a-bce3-aba72c6c0437/720p/video.m3u8,720p,surrit.com
https://missav123.com/dm1/en/jur-128-uncensored-leak,,https://surrit.com/609fc0c0-9f8a-4e8a-bce3-aba72c6c0437/playlist.m3u8,playlist,surrit.com
https://missav123.com/dm1/en/juy-925-english-subtitle,,https://surrit.com/2998453e-9a0e-41de-a49e-43df46f2eacf/720p/video.m3u8,720p,surrit.com
https://missav123.com/dm1/en/juy-925-english-subtitle,,https://surrit.com/2998453e-9a0e-41de-a49e-43df46f2eacf/playlist.m3u8,playlist,surrit.com
https://missav123.com/dm1/en/pppd-451-uncensored-leak,,https://surrit.com/8cb85228-5bd0-48f9-946f-9d5a4885b9ef/1080p/video.m3u8,1080p,surrit.com
https://missav123.com/dm1/en/pppd-451-uncensored-leak,,https://surrit.com/8cb85228-5bd0-48f9-946f-9d5a4885b9ef/720p/video.m3u8,720p,surrit.com
https://missav123.com/dm1/en/pppd-451-uncensored-leak,,https://surrit.com/8cb85228-5bd0-48f9-946f-9d5a4885b9ef/playlist.m3u8,playlist,surrit.com
https://missav123.com/dm1/en/real-885-uncensored-leak,,https://surrit.com/8a823f3d-9dac-456e-ad74-c4907faf0e84/1080p/video.m3u8,1080p,surrit.com
https://missav123.com/dm1/en/real-885-uncensored-leak,,https://surrit.com/8a823f3d-9dac-456e-ad74-c4907faf0e84/720p/video.m3u8,720p,surrit.com
https://missav123.com/dm1/en/real-885-uncensored-leak,,https://surrit.com/8a823f3d-9dac-456e-ad74-c4907faf0e84/playlist.m3u8,playlist,surrit.com
https://missav123.com/dm1/en/sone-562-uncensored-leak,,https://surrit.com/e627c638-4f21-4057-bfa5-15ecf6f37652/1080p/video.m3u8,1080p,surrit.com
https://missav123.com/dm1/en/sone-562-uncensored-leak,,https://surrit.com/e627c638-4f21-4057-bfa5-15ecf6f37652/720p/video.m3u8,720p,surrit.com
https://missav123.com/dm1/en/sone-562-uncensored-leak,,https://surrit.com/e627c638-4f21-4057-bfa5-15ecf6f37652/playlist.m3u8,playlist,surrit.com
https://missav123.com/dm1/en/sone-615-uncensored-leak,,https://surrit.com/34ca45c2-ea04-4496-b90f-a40ee128a6b2/720p/video.m3u8,720p,surrit.com
https://missav123.com/dm1/en/sone-615-uncensored-leak,,https://surrit.com/34ca45c2-ea04-4496-b90f-a40ee128a6b2/playlist.m3u8,playlist,surrit.com
https://missav123.com/dm1/en/start-169-uncensored-leak,,https://surrit.com/2edb5134-ece4-4049-9e0c-9ac9db69f57d/1080p/video.m3u8,1080p,surrit.com
https://missav123.com/dm1/en/start-169-uncensored-leak,,https://surrit.com/2edb5134-ece4-4049-9e0c-9ac9db69f57d/720p/video.m3u8,720p,surrit.com
https://missav123.com/dm1/en/start-169-uncensored-leak,,https://surrit.com/2edb5134-ece4-4049-9e0c-9ac9db69f57d/playlist.m3u8,playlist,surrit.com
https://missav123.com/dm107/en/adn-396-uncensored-leak,,https://surrit.com/e7b72c94-297c-424e-b65d-f73f3153f753/1280x720/video.m3u8,720p,surrit.com
https://missav123.com/dm107/en/adn-396-uncensored-leak,,https://surrit.com/e7b72c94-297c-424e-b65d-f73f3153f753/842x480/video.m3u8,480p,surrit.com
https://missav123.com/dm107/en/adn-396-uncensored-leak,,https://surrit.com/e7b72c94-297c-424e-b65d-f73f3153f753/playlist.m3u8,playlist,surrit.com
https://missav123.com/dm14/en/ipzz-301-uncensored-leak,,https://surrit.com/79517f66-e779-424c-94a9-c3745b65224f/1080p/video.m3u8,1080p,surrit.com
https://missav123.com/dm14/en/ipzz-301-uncensored-leak,,https://surrit.com/79517f66-e779-424c-94a9-c3745b65224f/720p/video.m3u8,720p,surrit.com
https://missav123.com/dm14/en/ipzz-301-uncensored-leak,,https://surrit.com/79517f66-e779-424c-94a9-c3745b65224f/playlist.m3u8,playlist,surrit.com
https://missav123.com/dm14/en/mudr-235-uncensored-leak,,https://surrit.com/0dc6630c-e5cb-4d1c-ba2a-4d601868e71f/1280x720/video.m3u8,720p,surrit.com
https://missav123.com/dm14/en/mudr-235-uncensored-leak,,https://surrit.com/0dc6630c-e5cb-4d1c-ba2a-4d601868e71f/842x480/video.m3u8,480p,surrit.com
https://missav123.com/dm14/en/mudr-235-uncensored-leak,,https://surrit.com/0dc6630c-e5cb-4d1c-ba2a-4d601868e71f/playlist.m3u8,playlist,surrit.com
https://missav123.com/dm14/en/sone-341-uncensored-leak,,https://surrit.com/8edbd1ea-b392-4c1b-b91a-d66fe45adb29/1080p/video.m3u8,1080p,surrit.com
https://missav123.com/dm14/en/sone-341-uncensored-leak,,https://surrit.com/8edbd1ea-b392-4c1b-b91a-d66fe45adb29/720p/video.m3u8,720p,surrit.com
https://missav123.com/dm14/en/sone-341-uncensored-leak,,https://surrit.com/8edbd1ea-b392-4c1b-b91a-d66fe45adb29/playlist.m3u8,playlist,surrit.com
https://missav123.com/dm15/en/dass-468-uncensored-leak,,https://surrit.com/70c7a77d-aa00-4ebe-8bda-4c31f48f92e6/1080p/video.m3u8,1080p,surrit.com
https://missav123.com/dm15/en/dass-468-uncensored-leak,,https://surrit.com/70c7a77d-aa00-4ebe-8bda-4c31f48f92e6/720p/video.m3u8,720p,surrit.com
https://missav123.com/dm15/en/dass-468-uncensored-leak,,https://surrit.com/70c7a77d-aa00-4ebe-8bda-4c31f48f92e6/playlist.m3u8,playlist,surrit.com
https://missav123.com/dm15/en/mimk-138-uncensored-leak,,https://surrit.com/a0e76827-a962-45d1-936e-cd877c37befc/1280x720/video.m3u8,720p,surrit.com
https://missav123.com/dm15/en/mimk-138-uncensored-leak,,https://surrit.com/a0e76827-a962-45d1-936e-cd877c37befc/842x480/video.m3u8,480p,surrit.com
https://missav123.com/dm15/en/mimk-138-uncensored-leak,,https://surrit.com/a0e76827-a962-45d1-936e-cd877c37befc/playlist.m3u8,playlist,surrit.com
https://missav123.com/dm15/en/ssis-870-uncensored-leak,,https://surrit.com/d6c1086d-23c5-4cda-a146-97878330ae09/720p/video.m3u8,720p,surrit.com
https://missav123.com/dm15/en/ssis-870-uncensored-leak,,https://surrit.com/d6c1086d-23c5-4cda-a146-97878330ae09/playlist.m3u8,playlist,surrit.com
https://missav123.com/dm15/en/ssis-951-uncensored-leak,,https://surrit.com/7010314a-0098-4094-ba6d-1e2516b5dac4/1280x720/video.m3u8,720p,surrit.com
https://missav123.com/dm15/en/ssis-951-uncensored-leak,,https://surrit.com/7010314a-0098-4094-ba6d-1e2516b5dac4/842x480/video.m3u8,480p,surrit.com
https://missav123.com/dm15/en/ssis-951-uncensored-leak,,https://surrit.com/7010314a-0098-4094-ba6d-1e2516b5dac4/playlist.m3u8,playlist,surrit.com
https://missav123.com/dm16/en/hnd-765-uncensored-leak,,https://surrit.com/230101f7-5cad-41fd-bce0-5803933f054f/1280x720/video.m3u8,720p,surrit.com
https://missav123.com/dm16/en/hnd-765-uncensored-leak,,https://surrit.com/230101f7-5cad-41fd-bce0-5803933f054f/842x480/video.m3u8,480p,surrit.com
https://missav123.com/dm16/en/hnd-765-uncensored-leak,,https://surrit.com/230101f7-5cad-41fd-bce0-5803933f054f/playlist.m3u8,playlist,surrit.com
https://missav123.com/dm16/en/jul-876-uncensored-leak,,https://surrit.com/b1b00bb1-fdde-4f88-830c-33e63242f3f0/720p/video.m3u8,720p,surrit.com
https://missav123.com/dm16/en/jul-876-uncensored-leak,,https://surrit.com/b1b00bb1-fdde-4f88-830c-33e63242f3f0/playlist.m3u8,playlist,surrit.com
https://missav123.com/dm17/en/sone-525-uncensored-leak,,https://surrit.com/6f7ddfca-eff2-4cbb-b49b-94bac9d9c582/1080p/video.m3u8,1080p,surrit.com
https://missav123.com/dm17/en/sone-525-uncensored-leak,,https://surrit.com/6f7ddfca-eff2-4cbb-b49b-94bac9d9c582/720p/video.m3u8,720p,surrit.com
https://missav123.com/dm17/en/sone-525-uncensored-leak,,https://surrit.com/6f7ddfca-eff2-4cbb-b49b-94bac9d9c582/playlist.m3u8,playlist,surrit.com
https://missav123.com/dm19/en/meyd-928-uncensored-leak,,https://surrit.com/11a26896-d178-4e42-82cf-6528a70fb572/1080p/video.m3u8,1080p,surrit.com
https://missav123.com/dm19/en/meyd-928-uncensored-leak,,https://surrit.com/11a26896-d178-4e42-82cf-6528a70fb572/720p/video.m3u8,720p,surrit.com
https://missav123.com/dm19/en/meyd-928-uncensored-leak,,https://surrit.com/11a26896-d178-4e42-82cf-6528a70fb572/playlist.m3u8,playlist,surrit.com
https://missav123.com/dm2/en/hmn-217-uncensored-leak,,https://surrit.com/312c715a-4fef-447d-9c49-8cc88a61eb9b/720p/video.m3u8,720p,surrit.com
https://missav123.com/dm2/en/hmn-217-uncensored-leak,,https://surrit.com/312c715a-4fef-447d-9c49-8cc88a61eb9b/playlist.m3u8,playlist,surrit.com
https://missav123.com/dm2/en/juy-837-uncensored-leak,,https://surrit.com/0abe5b29-879b-4622-ab70-5625bdbb8796/1080p/video.m3u8,1080p,surrit.com
https://missav123.com/dm2/en/juy-837-uncensored-leak,,https://surrit.com/0abe5b29-879b-4622-ab70-5625bdbb8796/720p/video.m3u8,720p,surrit.com
https://missav123.com/dm2/en/juy-837-uncensored-leak,,https://surrit.com/0abe5b29-879b-4622-ab70-5625bdbb8796/playlist.m3u8,playlist,surrit.com
https://missav123.com/dm2/en/mide-903-uncensored-leak,,https://surrit.com/206bb723-d53b-446f-a607-58208408d313/720p/video.m3u8,720p,surrit.com
https://missav123.com/dm2/en/mide-903-uncensored-leak,,https://surrit.com/206bb723-d53b-446f-a607-58208408d313/playlist.m3u8,playlist,surrit.com
https://missav123.com/dm2/en/mimk-044-uncensored-leak,,https://surrit.com/469ee206-b8c6-4abc-96df-9fc36ebb5b2c/1080p/video.m3u8,1080p,surrit.com
https://missav123.com/dm2/en/mimk-044-uncensored-leak,,https://surrit.com/469ee206-b8c6-4abc-96df-9fc36ebb5b2c/720p/video.m3u8,720p,surrit.com
https://missav123.com/dm2/en/mimk-044-uncensored-leak,,https://surrit.com/469ee206-b8c6-4abc-96df-9fc36ebb5b2c/playlist.m3u8,playlist,surrit.com
https://missav123.com/dm2/en/ssni-727-uncensored-leak,,https://surrit.com/695932e8-5220-4adc-b455-7929606ce2a3/1080p/video.m3u8,1080p,surrit.com
https://missav123.com/dm2/en/ssni-727-uncensored-leak,,https://surrit.com/695932e8-5220-4adc-b455-7929606ce2a3/720p/video.m3u8,720p,surrit.com
https://missav123.com/dm2/en/ssni-727-uncensored-leak,,https://surrit.com/695932e8-5220-4adc-b455-7929606ce2a3/playlist.m3u8,playlist,surrit.com
https://missav123.com/dm26/en/cjod-408-uncensored-leak,,https://surrit.com/a5331ac3-b9af-48b2-941c-7d0fd9f371e7/1080p/video.m3u8,1080p,surrit.com
https://missav123.com/dm26/en/cjod-408-uncensored-leak,,https://surrit.com/a5331ac3-b9af-48b2-941c-7d0fd9f371e7/720p/video.m3u8,720p,surrit.com
https://missav123.com/dm26/en/cjod-408-uncensored-leak,,https://surrit.com/a5331ac3-b9af-48b2-941c-7d0fd9f371e7/playlist.m3u8,playlist,surrit.com
https://missav123.com/dm26/en/jul-208-uncensored-leak,,https://surrit.com/b1dc8bf0-e87f-48b7-b872-870ec4ea60b2/480p/video.m3u8,480p,surrit.com
https://missav123.com/dm26/en/jul-208-uncensored-leak,,https://surrit.com/b1dc8bf0-e87f-48b7-b872-870ec4ea60b2/playlist.m3u8,playlist,surrit.com
https://missav123.com/dm26/en/jul-305-uncensored-leak,,https://surrit.com/0b7fc776-79ed-4560-a514-06d0fde1ed2e/1080p/video.m3u8,1080p,surrit.com
https://missav123.com/dm26/en/jul-305-uncensored-leak,,https://surrit.com/0b7fc776-79ed-4560-a514-06d0fde1ed2e/720p/video.m3u8,720p,surrit.com
https://missav123.com/dm26/en/jul-305-uncensored-leak,,https://surrit.com/0b7fc776-79ed-4560-a514-06d0fde1ed2e/playlist.m3u8,playlist,surrit.com
https://missav123.com/dm27/en/mide-781-uncensored-leak,,https://surrit.com/056f2df3-29e0-4676-8aa4-8876c4b2a1df/1080p/video.m3u8,1080p,surrit.com
https://missav123.com/dm27/en/mide-781-uncensored-leak,,https://surrit.com/056f2df3-29e0-4676-8aa4-8876c4b2a1df/720p/video.m3u8,720p,surrit.com
https://missav123.com/dm27/en/mide-781-uncensored-leak,,https://surrit.com/056f2df3-29e0-4676-8aa4-8876c4b2a1df/playlist.m3u8,playlist,surrit.com
https://missav123.com/dm28/en/jul-859-uncensored-leak,,https://surrit.com/8c20fe2b-9d48-4295-a0cd-f7dc93a585d9/1280x720/video.m3u8,720p,surrit.com
https://missav123.com/dm28/en/jul-859-uncensored-leak,,https://surrit.com/8c20fe2b-9d48-4295-a0cd-f7dc93a585d9/842x480/video.m3u8,480p,surrit.com
https://missav123.com/dm28/en/jul-859-uncensored-leak,,https://surrit.com/8c20fe2b-9d48-4295-a0cd-f7dc93a585d9/playlist.m3u8,playlist,surrit.com
https://missav123.com/dm28/en/miab-170-uncensored-leak,,https://surrit.com/4f301670-0ad7-4194-abce-f93efc76061a/1080p/video.m3u8,1080p,surrit.com
https://missav123.com/dm28/en/miab-170-uncensored-leak,,https://surrit.com/4f301670-0ad7-4194-abce-f93efc76061a/720p/video.m3u8,720p,surrit.com
https://missav123.com/dm28/en/miab-170-uncensored-leak,,https://surrit.com/4f301670-0ad7-4194-abce-f93efc76061a/playlist.m3u8,playlist,surrit.com
https://missav123.com/dm29/en/waaa-462-uncensored-leak,,https://surrit.com/cca75677-5a8a-453b-85d2-51d75e6c59b3/1080p/video.m3u8,1080p,surrit.com
https://missav123.com/dm29/en/waaa-462-uncensored-leak,,https://surrit.com/cca75677-5a8a-453b-85d2-51d75e6c59b3/720p/video.m3u8,720p,surrit.com
https://missav123.com/dm29/en/waaa-462-uncensored-leak,,https://surrit.com/cca75677-5a8a-453b-85d2-51d75e6c59b3/playlist.m3u8,playlist,surrit.com
https://missav123.com/dm3/en/sone-228-uncensored-leak,,https://surrit.com/8882e326-0ddb-4924-a481-d84f823a1b38/1080p/video.m3u8,1080p,surrit.com
https://missav123.com/dm3/en/sone-228-uncensored-leak,,https://surrit.com/8882e326-0ddb-4924-a481-d84f823a1b38/720p/video.m3u8,720p,surrit.com
https://missav123.com/dm3/en/sone-228-uncensored-leak,,https://surrit.com/8882e326-0ddb-4924-a481-d84f823a1b38/playlist.m3u8,playlist,surrit.com
https://missav123.com/dm30/en/sone-479-uncensored-leak,,https://surrit.com/0b7b1e14-8dec-4290-9a7d-ae8a32942aee/1080p/video.m3u8,1080p,surrit.com
https://missav123.com/dm30/en/sone-479-uncensored-leak,,https://surrit.com/0b7b1e14-8dec-4290-9a7d-ae8a32942aee/720p/video.m3u8,720p,surrit.com
https://missav123.com/dm30/en/sone-479-uncensored-leak,,https://surrit.com/0b7b1e14-8dec-4290-9a7d-ae8a32942aee/playlist.m3u8,playlist,surrit.com
https://missav123.com/dm31/en/ebwh-084-uncensored-leak,,https://surrit.com/3b98cab6-237f-4e3d-9bdb-559a9d8e8eec/1080p/video.m3u8,1080p,surrit.com
https://missav123.com/dm31/en/ebwh-084-uncensored-leak,,https://surrit.com/3b98cab6-237f-4e3d-9bdb-559a9d8e8eec/720p/video.m3u8,720p,surrit.com
https://missav123.com/dm31/en/ebwh-084-uncensored-leak,,https://surrit.com/3b98cab6-237f-4e3d-9bdb-559a9d8e8eec/playlist.m3u8,playlist,surrit.com
https://missav123.com/dm31/en/fc2-ppv-2430778,,https://surrit.com/2951af4d-d04e-42fc-8ed6-a1665599fc51/1280x720/video.m3u8,720p,surrit.com
https://missav123.com/dm31/en/fc2-ppv-2430778,,https://surrit.com/2951af4d-d04e-42fc-8ed6-a1665599fc51/842x480/video.m3u8,480p,surrit.com
https://missav123.com/dm31/en/fc2-ppv-2430778,,https://surrit.com/2951af4d-d04e-42fc-8ed6-a1665599fc51/playlist.m3u8,playlist,surrit.com
https://missav123.com/dm31/en/meyd-568-uncensored-leak,,https://surrit.com/998feecc-9bdd-48f1-82ff-ae5ba659cc04/1080p/video.m3u8,1080p,surrit.com
https://missav123.com/dm31/en/meyd-568-uncensored-leak,,https://surrit.com/998feecc-9bdd-48f1-82ff-ae5ba659cc04/720p/video.m3u8,720p,surrit.com
https://missav123.com/dm31/en/meyd-568-uncensored-leak,,https://surrit.com/998feecc-9bdd-48f1-82ff-ae5ba659cc04/playlist.m3u8,playlist,surrit.com
https://missav123.com/dm32/en/juq-988-uncensored-leak,,https://surrit.com/91a89dce-305b-4c24-bfa0-2e87cb39b465/1080p/video.m3u8,1080p,surrit.com
https://missav123.com/dm32/en/juq-988-uncensored-leak,,https://surrit.com/91a89dce-305b-4c24-bfa0-2e87cb39b465/720p/video.m3u8,720p,surrit.com
https://missav123.com/dm32/en/juq-988-uncensored-leak,,https://surrit.com/91a89dce-305b-4c24-bfa0-2e87cb39b465/playlist.m3u8,playlist,surrit.com
https://missav123.com/dm34/en/tek-067-uncensored-leak,,https://surrit.com/f4501209-60e9-453b-bd70-2242ec42faa9/1080p/video.m3u8,1080p,surrit.com
https://missav123.com/dm34/en/tek-067-uncensored-leak,,https://surrit.com/f4501209-60e9-453b-bd70-2242ec42faa9/720p/video.m3u8,720p,surrit.com
https://missav123.com/dm34/en/tek-067-uncensored-leak,,https://surrit.com/f4501209-60e9-453b-bd70-2242ec42faa9/playlist.m3u8,playlist,surrit.com
https://missav123.com/dm39/en/ssis-117-uncensored-leak,,https://surrit.com/c085d965-67aa-48e7-b9ec-5672d35117e2/1280x720/video.m3u8,720p,surrit.com
https://missav123.com/dm39/en/ssis-117-uncensored-leak,,https://surrit.com/c085d965-67aa-48e7-b9ec-5672d35117e2/842x480/video.m3u8,480p,surrit.com
https://missav123.com/dm39/en/ssis-117-uncensored-leak,,https://surrit.com/c085d965-67aa-48e7-b9ec-5672d35117e2/playlist.m3u8,playlist,surrit.com
https://missav123.com/dm40/en/jul-792-uncensored-leak,,https://surrit.com/23d6cd0b-e5cc-4e01-9b86-dd513c608980/1280x720/video.m3u8,720p,surrit.com
https://missav123.com/dm40/en/jul-792-uncensored-leak,,https://surrit.com/23d6cd0b-e5cc-4e01-9b86-dd513c608980/842x480/video.m3u8,480p,surrit.com
https://missav123.com/dm40/en/jul-792-uncensored-leak,,https://surrit.com/23d6cd0b-e5cc-4e01-9b86-dd513c608980/playlist.m3u8,playlist,surrit.com
https://missav123.com/dm41/en/miaa-430-uncensored-leak,,https://surrit.com/9191b376-a3e0-40b8-81f7-9caac78c24d7/720p/video.m3u8,720p,surrit.com
https://missav123.com/dm41/en/miaa-430-uncensored-leak,,https://surrit.com/9191b376-a3e0-40b8-81f7-9caac78c24d7/playlist.m3u8,playlist,surrit.com
https://missav123.com/dm44/en/juq-797-uncensored-leak,,https://surrit.com/79b4d812-ba52-4849-a270-25b8557f557a/1080p/video.m3u8,1080p,surrit.com
https://missav123.com/dm44/en/juq-797-uncensored-leak,,https://surrit.com/79b4d812-ba52-4849-a270-25b8557f557a/720p/video.m3u8,720p,surrit.com
https://missav123.com/dm44/en/juq-797-uncensored-leak,,https://surrit.com/79b4d812-ba52-4849-a270-25b8557f557a/playlist.m3u8,playlist,surrit.com
https://missav123.com/dm44/en/same-090-uncensored-leak,,https://surrit.com/56855da2-32c7-4ef7-bdf4-3bbcd7f66b42/1280x720/video.m3u8,720p,surrit.com
https://missav123.com/dm44/en/same-090-uncensored-leak,,https://surrit.com/56855da2-32c7-4ef7-bdf4-3bbcd7f66b42/842x480/video.m3u8,480p,surrit.com
https://missav123.com/dm44/en/same-090-uncensored-leak,,https://surrit.com/56855da2-32c7-4ef7-bdf4-3bbcd7f66b42/playlist.m3u8,playlist,surrit.com
https://missav123.com/dm46/en/sone-499-uncensored-leak,,https://surrit.com/7a8e83b8-3e0b-4e5d-9ffc-d49e04f4493b/1080p/video.m3u8,1080p,surrit.com
https://missav123.com/dm46/en/sone-499-uncensored-leak,,https://surrit.com/7a8e83b8-3e0b-4e5d-9ffc-d49e04f4493b/720p/video.m3u8,720p,surrit.com
https://missav123.com/dm46/en/sone-499-uncensored-leak,,https://surrit.com/7a8e83b8-3e0b-4e5d-9ffc-d49e04f4493b/playlist.m3u8,playlist,surrit.com
https://missav123.com/dm49/en/ipzz-188-uncensored-leak,,https://surrit.com/135742e7-180f-48ff-9583-0c9d944c8fa7/1280x720/video.m3u8,720p,surrit.com
https://missav123.com/dm49/en/ipzz-188-uncensored-leak,,https://surrit.com/135742e7-180f-48ff-9583-0c9d944c8fa7/842x480/video.m3u8,480p,surrit.com
https://missav123.com/dm49/en/ipzz-188-uncensored-leak,,https://surrit.com/135742e7-180f-48ff-9583-0c9d944c8fa7/playlist.m3u8,playlist,surrit.com
https://missav123.com/dm5/en/fjin-058-uncensored-leak,,https://surrit.com/49194005-09fc-46a4-a188-5e67b4bde9f7/1080p/video.m3u8,1080p,surrit.com
https://missav123.com/dm5/en/fjin-058-uncensored-leak,,https://surrit.com/49194005-09fc-46a4-a188-5e67b4bde9f7/720p/video.m3u8,720p,surrit.com
https://missav123.com/dm5/en/fjin-058-uncensored-leak,,https://surrit.com/49194005-09fc-46a4-a188-5e67b4bde9f7/playlist.m3u8,playlist,surrit.com
https://missav123.com/dm5/en/homa-095-uncensored-leak,,https://surrit.com/9c548864-0bdf-48e4-ba88-55917d4672e1/1080p/video.m3u8,1080p,surrit.com
https://missav123.com/dm5/en/homa-095-uncensored-leak,,https://surrit.com/9c548864-0bdf-48e4-ba88-55917d4672e1/720p/video.m3u8,720p,surrit.com
https://missav123.com/dm5/en/homa-095-uncensored-leak,,https://surrit.com/9c548864-0bdf-48e4-ba88-55917d4672e1/playlist.m3u8,playlist,surrit.com
https://missav123.com/dm51/en/ure-055-uncensored-leak,,https://surrit.com/194b555f-fa50-443b-a478-5b2c1f45f858/1280x720/video.m3u8,720p,surrit.com
https://missav123.com/dm51/en/ure-055-uncensored-leak,,https://surrit.com/194b555f-fa50-443b-a478-5b2c1f45f858/842x480/video.m3u8,480p,surrit.com
https://missav123.com/dm51/en/ure-055-uncensored-leak,,https://surrit.com/194b555f-fa50-443b-a478-5b2c1f45f858/playlist.m3u8,playlist,surrit.com
https://missav123.com/dm52/en/ssis-211-uncensored-leak,,https://surrit.com/34a37cfb-b167-4fc5-a389-97f7af280a92/1280x720/video.m3u8,720p,surrit.com
https://missav123.com/dm52/en/ssis-211-uncensored-leak,,https://surrit.com/34a37cfb-b167-4fc5-a389-97f7af280a92/842x480/video.m3u8,480p,surrit.com
https://missav123.com/dm52/en/ssis-211-uncensored-leak,,https://surrit.com/34a37cfb-b167-4fc5-a389-97f7af280a92/playlist.m3u8,playlist,surrit.com
https://missav123.com/dm53/en/sone-248-uncensored-leak,,https://surrit.com/8ffc7c34-4712-48ab-9fee-66d8b148f33e/1080p/video.m3u8,1080p,surrit.com
https://missav123.com/dm53/en/sone-248-uncensored-leak,,https://surrit.com/8ffc7c34-4712-48ab-9fee-66d8b148f33e/720p/video.m3u8,720p,surrit.com
https://missav123.com/dm53/en/sone-248-uncensored-leak,,https://surrit.com/8ffc7c34-4712-48ab-9fee-66d8b148f33e/playlist.m3u8,playlist,surrit.com
https://missav123.com/dm54/en/juq-321-uncensored-leak,,https://surrit.com/da62e1fa-2e1a-451f-9db5-a85b64072a3c/1280x720/video.m3u8,720p,surrit.com
https://missav123.com/dm54/en/juq-321-uncensored-leak,,https://surrit.com/da62e1fa-2e1a-451f-9db5-a85b64072a3c/842x480/video.m3u8,480p,surrit.com
https://missav123.com/dm54/en/juq-321-uncensored-leak,,https://surrit.com/da62e1fa-2e1a-451f-9db5-a85b64072a3c/playlist.m3u8,playlist,surrit.com
https://missav123.com/dm54/en/pred-376-uncensored-leak,,https://surrit.com/9213fd56-899e-4f3c-8b7d-2282f56455a2/1280x720/video.m3u8,720p,surrit.com
https://missav123.com/dm54/en/pred-376-uncensored-leak,,https://surrit.com/9213fd56-899e-4f3c-8b7d-2282f56455a2/842x480/video.m3u8,480p,surrit.com
https://missav123.com/dm54/en/pred-376-uncensored-leak,,https://surrit.com/9213fd56-899e-4f3c-8b7d-2282f56455a2/playlist.m3u8,playlist,surrit.com
https://missav123.com/dm56/en/cawd-658-uncensored-leak,,https://surrit.com/6371738f-3d77-46ce-9662-93135307e5b3/1080p/video.m3u8,1080p,surrit.com
https://missav123.com/dm56/en/cawd-658-uncensored-leak,,https://surrit.com/6371738f-3d77-46ce-9662-93135307e5b3/720p/video.m3u8,720p,surrit.com
https://missav123.com/dm56/en/cawd-658-uncensored-leak,,https://surrit.com/6371738f-3d77-46ce-9662-93135307e5b3/playlist.m3u8,playlist,surrit.com
https://missav123.com/dm56/en/midv-615-uncensored-leak,,https://surrit.com/43b4ebdc-997b-409c-8083-0426a3121a5e/1280x720/video.m3u8,720p,surrit.com
https://missav123.com/dm56/en/midv-615-uncensored-leak,,https://surrit.com/43b4ebdc-997b-409c-8083-0426a3121a5e/842x480/video.m3u8,480p,surrit.com
https://missav123.com/dm56/en/midv-615-uncensored-leak,,https://surrit.com/43b4ebdc-997b-409c-8083-0426a3121a5e/playlist.m3u8,playlist,surrit.com
https://missav123.com/dm57/en/ssni-977-uncensored-leak,,https://surrit.com/cd5c074a-0817-439c-b600-407a6a648103/1080p/video.m3u8,1080p,surrit.com
https://missav123.com/dm57/en/ssni-977-uncensored-leak,,https://surrit.com/cd5c074a-0817-439c-b600-407a6a648103/720p/video.m3u8,720p,surrit.com
https://missav123.com/dm57/en/ssni-977-uncensored-leak,,https://surrit.com/cd5c074a-0817-439c-b600-407a6a648103/playlist.m3u8,playlist,surrit.com
https://missav123.com/dm59/en/ipzz-162-uncensored-leak,,https://surrit.com/53fde770-53f9-4208-9121-9c816e9de46a/1280x720/video.m3u8,720p,surrit.com
https://missav123.com/dm59/en/ipzz-162-uncensored-leak,,https://surrit.com/53fde770-53f9-4208-9121-9c816e9de46a/842x480/video.m3u8,480p,surrit.com
https://missav123.com/dm59/en/ipzz-162-uncensored-leak,,https://surrit.com/53fde770-53f9-4208-9121-9c816e9de46a/playlist.m3u8,playlist,surrit.com
https://missav123.com/dm59/en/meyd-893-uncensored-leak,,https://surrit.com/bbb333b9-c2f9-45f6-acfc-0acfbeb92a22/1080p/video.m3u8,1080p,surrit.com
https://missav123.com/dm59/en/meyd-893-uncensored-leak,,https://surrit.com/bbb333b9-c2f9-45f6-acfc-0acfbeb92a22/720p/video.m3u8,720p,surrit.com
https://missav123.com/dm59/en/meyd-893-uncensored-leak,,https://surrit.com/bbb333b9-c2f9-45f6-acfc-0acfbeb92a22/playlist.m3u8,playlist,surrit.com
https://missav123.com/dm62/en/nima-030-uncensored-leak,,https://surrit.com/3f7f7b6e-2db7-4d15-9f1c-a15ac4937cca/1080p/video.m3u8,1080p,surrit.com
https://missav123.com/dm62/en/nima-030-uncensored-leak,,https://surrit.com/3f7f7b6e-2db7-4d15-9f1c-a15ac4937cca/720p/video.m3u8,720p,surrit.com
https://missav123.com/dm62/en/nima-030-uncensored-leak,,https://surrit.com/3f7f7b6e-2db7-4d15-9f1c-a15ac4937cca/playlist.m3u8,playlist,surrit.com
https://missav123.com/dm65/en/ipx-758-uncensored-leak,,https://surrit.com/a53c2489-24d6-48e5-aa5f-06085f18fed3/1280x720/video.m3u8,720p,surrit.com
https://missav123.com/dm65/en/ipx-758-uncensored-leak,,https://surrit.com/a53c2489-24d6-48e5-aa5f-06085f18fed3/842x480/video.m3u8,480p,surrit.com
https://missav123.com/dm65/en/ipx-758-uncensored-leak,,https://surrit.com/a53c2489-24d6-48e5-aa5f-06085f18fed3/playlist.m3u8,playlist,surrit.com
https://missav123.com/dm67/en/achj-005-uncensored-leak,,https://surrit.com/51e77f82-8d1f-4fde-8b41-53170f001aad/1280x720/video.m3u8,720p,surrit.com
https://missav123.com/dm67/en/achj-005-uncensored-leak,,https://surrit.com/51e77f82-8d1f-4fde-8b41-53170f001aad/842x480/video.m3u8,480p,surrit.com
https://missav123.com/dm67/en/achj-005-uncensored-leak,,https://surrit.com/51e77f82-8d1f-4fde-8b41-53170f001aad/playlist.m3u8,playlist,surrit.com
https://missav123.com/dm69/en/cawd-621-uncensored-leak,,https://surrit.com/fdd9638e-28a0-4d75-9093-e80f0bdbc97f/1280x720/video.m3u8,720p,surrit.com
https://missav123.com/dm69/en/cawd-621-uncensored-leak,,https://surrit.com/fdd9638e-28a0-4d75-9093-e80f0bdbc97f/842x480/video.m3u8,480p,surrit.com
https://missav123.com/dm69/en/cawd-621-uncensored-leak,,https://surrit.com/fdd9638e-28a0-4d75-9093-e80f0bdbc97f/playlist.m3u8,playlist,surrit.com
https://missav123.com/dm69/en/ssis-509-uncensored-leak,,https://surrit.com/02966a00-04e2-44cb-b3ee-a57ce5bb9f99/1280x720/video.m3u8,720p,surrit.com
https://missav123.com/dm69/en/ssis-509-uncensored-leak,,https://surrit.com/02966a00-04e2-44cb-b3ee-a57ce5bb9f99/842x480/video.m3u8,480p,surrit.com
https://missav123.com/dm69/en/ssis-509-uncensored-leak,,https://surrit.com/02966a00-04e2-44cb-b3ee-a57ce5bb9f99/playlist.m3u8,playlist,surrit.com
https://missav123.com/dm70/en/ssis-615-uncensored-leak,,https://surrit.com/fa9ac0d8-dfe9-4813-87e0-e52821e4f6e2/1280x720/video.m3u8,720p,surrit.com
https://missav123.com/dm70/en/ssis-615-uncensored-leak,,https://surrit.com/fa9ac0d8-dfe9-4813-87e0-e52821e4f6e2/842x480/video.m3u8,480p,surrit.com
https://missav123.com/dm70/en/ssis-615-uncensored-leak,,https://surrit.com/fa9ac0d8-dfe9-4813-87e0-e52821e4f6e2/playlist.m3u8,playlist,surrit.com
https://missav123.com/dm77/en/midv-229-uncensored-leak,,https://surrit.com/07bae3f6-5c90-40a0-8993-7f49ef16216f/1280x720/video.m3u8,720p,surrit.com
https://missav123.com/dm77/en/midv-229-uncensored-leak,,https://surrit.com/07bae3f6-5c90-40a0-8993-7f49ef16216f/842x480/video.m3u8,480p,surrit.com
https://missav123.com/dm77/en/midv-229-uncensored-leak,,https://surrit.com/07bae3f6-5c90-40a0-8993-7f49ef16216f/playlist.m3u8,playlist,surrit.com
https://missav123.com/dm78/en/mide-113-uncensored-leak,,https://surrit.com/6ffc9749-30e2-4d0f-8d97-2b284cacf769/1280x720/video.m3u8,720p,surrit.com
https://missav123.com/dm78/en/mide-113-uncensored-leak,,https://surrit.com/6ffc9749-30e2-4d0f-8d97-2b284cacf769/842x480/video.m3u8,480p,surrit.com
https://missav123.com/dm78/en/mide-113-uncensored-leak,,https://surrit.com/6ffc9749-30e2-4d0f-8d97-2b284cacf769/playlist.m3u8,playlist,surrit.com
https://missav123.com/dm79/en/ssis-532-uncensored-leak,,https://surrit.com/3b55cdf2-43e7-45f3-9f2a-56ca9768ba8b/1280x720/video.m3u8,720p,surrit.com
https://missav123.com/dm79/en/ssis-532-uncensored-leak,,https://surrit.com/3b55cdf2-43e7-45f3-9f2a-56ca9768ba8b/842x480/video.m3u8,480p,surrit.com
https://missav123.com/dm79/en/ssis-532-uncensored-leak,,https://surrit.com/3b55cdf2-43e7-45f3-9f2a-56ca9768ba8b/playlist.m3u8,playlist,surrit.com
https://missav123.com/dm80/en/ipx-940-uncensored-leak,,https://surrit.com/f35fc5c6-6a97-4392-bb18-8f37b98b804f/1280x720/video.m3u8,720p,surrit.com
https://missav123.com/dm80/en/ipx-940-uncensored-leak,,https://surrit.com/f35fc5c6-6a97-4392-bb18-8f37b98b804f/842x480/video.m3u8,480p,surrit.com
https://missav123.com/dm80/en/ipx-940-uncensored-leak,,https://surrit.com/f35fc5c6-6a97-4392-bb18-8f37b98b804f/playlist.m3u8,playlist,surrit.com
https://missav123.com/dm81/en/ipx-883-uncensored-leak,,https://surrit.com/26758194-9358-4e41-8b9f-5bf3a4b65424/1280x720/video.m3u8,720p,surrit.com
https://missav123.com/dm81/en/ipx-883-uncensored-leak,,https://surrit.com/26758194-9358-4e41-8b9f-5bf3a4b65424/842x480/video.m3u8,480p,surrit.com
https://missav123.com/dm81/en/ipx-883-uncensored-leak,,https://surrit.com/26758194-9358-4e41-8b9f-5bf3a4b65424/playlist.m3u8,playlist,surrit.com
https://missav123.com/dm82/en/ebod-895-uncensored-leak,,https://surrit.com/c5fd07a3-668f-4f4c-975a-be30178fe973/1280x720/video.m3u8,720p,surrit.com
https://missav123.com/dm82/en/ebod-895-uncensored-leak,,https://surrit.com/c5fd07a3-668f-4f4c-975a-be30178fe973/842x480/video.m3u8,480p,surrit.com
https://missav123.com/dm82/en/ebod-895-uncensored-leak,,https://surrit.com/c5fd07a3-668f-4f4c-975a-be30178fe973/playlist.m3u8,playlist,surrit.com
https://missav123.com/dm84/en/ipx-934-uncensored-leak,,https://surrit.com/cb8040db-9ccf-43d8-937e-4b1b507ea9f0/1280x720/video.m3u8,720p,surrit.com
https://missav123.com/dm84/en/ipx-934-uncensored-leak,,https://surrit.com/cb8040db-9ccf-43d8-937e-4b1b507ea9f0/842x480/video.m3u8,480p,surrit.com
https://missav123.com/dm84/en/ipx-934-uncensored-leak,,https://surrit.com/cb8040db-9ccf-43d8-937e-4b1b507ea9f0/playlist.m3u8,playlist,surrit.com
https://missav123.com/dm9/en/hez-756-uncensored-leak,,https://surrit.com/f2b30bf8-a855-40cf-b243-31ee67be28bb/1080p/video.m3u8,1080p,surrit.com
https://missav123.com/dm9/en/hez-756-uncensored-leak,,https://surrit.com/f2b30bf8-a855-40cf-b243-31ee67be28bb/720p/video.m3u8,720p,surrit.com
https://missav123.com/dm9/en/hez-756-uncensored-leak,,https://surrit.com/f2b30bf8-a855-40cf-b243-31ee67be28bb/playlist.m3u8,playlist,surrit.com
https://missav123.com/dm99/en/ipx-974-uncensored-leak,,https://surrit.com/286bc129-e178-41e2-b91e-ecc882ec650d/1280x720/video.m3u8,720p,surrit.com
https://missav123.com/dm99/en/ipx-974-uncensored-leak,,https://surrit.com/286bc129-e178-41e2-b91e-ecc882ec650d/842x480/video.m3u8,480p,surrit.com
https://missav123.com/dm99/en/ipx-974-uncensored-leak,,https://surrit.com/286bc129-e178-41e2-b91e-ecc882ec650d/playlist.m3u8,playlist,surrit.com
https://missav123.com/en/aarm-360-uncensored-leak,,https://surrit.com/4218e5a7-d15b-49fa-8e45-82a2608061dc/1080p/video.m3u8,1080p,surrit.com
https://missav123.com/en/aarm-360-uncensored-leak,,https://surrit.com/4218e5a7-d15b-49fa-8e45-82a2608061dc/720p/video.m3u8,720p,surrit.com
https://missav123.com/en/aarm-360-uncensored-leak,,https://surrit.com/4218e5a7-d15b-49fa-8e45-82a2608061dc/playlist.m3u8,playlist,surrit.com
https://missav123.com/en/abf-187-uncensored-leak,,https://surrit.com/b0748bca-40f7-4433-8d59-aea5a94fa20e/1080p/video.m3u8,1080p,surrit.com
https://missav123.com/en/abf-187-uncensored-leak,,https://surrit.com/b0748bca-40f7-4433-8d59-aea5a94fa20e/720p/video.m3u8,720p,surrit.com
https://missav123.com/en/abf-187-uncensored-leak,,https://surrit.com/b0748bca-40f7-4433-8d59-aea5a94fa20e/playlist.m3u8,playlist,surrit.com
https://missav123.com/en/abf-226-english-subtitle,,https://surrit.com/fff1c2af-e685-4bca-8aa4-9345e88c7bf2/1080p/video.m3u8,1080p,surrit.com
https://missav123.com/en/abf-226-english-subtitle,,https://surrit.com/fff1c2af-e685-4bca-8aa4-9345e88c7bf2/720p/video.m3u8,720p,surrit.com
https://missav123.com/en/abf-226-english-subtitle,,https://surrit.com/fff1c2af-e685-4bca-8aa4-9345e88c7bf2/playlist.m3u8,playlist,surrit.com
https://missav123.com/en/adn-655-english-subtitle,,https://surrit.com/4373b90e-012a-40bc-a4f4-014fd160155e/1080p/video.m3u8,1080p,surrit.com
https://missav123.com/en/adn-655-english-subtitle,,https://surrit.com/4373b90e-012a-40bc-a4f4-014fd160155e/720p/video.m3u8,720p,surrit.com
https://missav123.com/en/adn-655-english-subtitle,,https://surrit.com/4373b90e-012a-40bc-a4f4-014fd160155e/playlist.m3u8,playlist,surrit.com
https://missav123.com/en/adn-663-uncensored-leak,,https://surrit.com/e3e0878f-3607-42ee-95e1-1eda571d961a/1080p/video.m3u8,1080p,surrit.com
https://missav123.com/en/adn-663-uncensored-leak,,https://surrit.com/e3e0878f-3607-42ee-95e1-1eda571d961a/720p/video.m3u8,720p,surrit.com
https://missav123.com/en/adn-663-uncensored-leak,,https://surrit.com/e3e0878f-3607-42ee-95e1-1eda571d961a/playlist.m3u8,playlist,surrit.com
https://missav123.com/en/adn-664-english-subtitle,,https://surrit.com/ded092d8-a6ba-463d-9851-e2b9e38e711d/1080p/video.m3u8,1080p,surrit.com
https://missav123.com/en/adn-664-english-subtitle,,https://surrit.com/ded092d8-a6ba-463d-9851-e2b9e38e711d/720p/video.m3u8,720p,surrit.com
https://missav123.com/en/adn-664-english-subtitle,,https://surrit.com/ded092d8-a6ba-463d-9851-e2b9e38e711d/playlist.m3u8,playlist,surrit.com
https://missav123.com/en/aldn-603,aldn-603,https://surrit.com/060cf900-c2a4-4b25-99e3-3af6dec375d9/720p/video.m3u8,720p,surrit.com
https://missav123.com/en/aldn-603,aldn-603,https://surrit.com/060cf900-c2a4-4b25-99e3-3af6dec375d9/playlist.m3u8,playlist,surrit.com
https://missav123.com/en/aldn-604,aldn-604,https://surrit.com/0b666727-018b-4d46-b2e3-ce8c7802a41f/1080p/video.m3u8,1080p,surrit.com
https://missav123.com/en/aldn-604,aldn-604,https://surrit.com/0b666727-018b-4d46-b2e3-ce8c7802a41f/720p/video.m3u8,720p,surrit.com
https://missav123.com/en/aldn-604,aldn-604,https://surrit.com/0b666727-018b-4d46-b2e3-ce8c7802a41f/playlist.m3u8,playlist,surrit.com
https://missav123.com/en/apak-335,apak-335,https://surrit.com/e3910f52-11c4-4373-8b76-98a5026a1f3b/1080p/video.m3u8,1080p,surrit.com
https://missav123.com/en/apak-335,apak-335,https://surrit.com/e3910f52-11c4-4373-8b76-98a5026a1f3b/720p/video.m3u8,720p,surrit.com
https://missav123.com/en/apak-335,apak-335,https://surrit.com/e3910f52-11c4-4373-8b76-98a5026a1f3b/playlist.m3u8,playlist,surrit.com
https://missav123.com/en/apns-417,apns-417,https://surrit.com/3476c585-14ea-41f0-bbe1-cf3aa3057d29/1080p/video.m3u8,1080p,surrit.com
https://missav123.com/en/apns-417,apns-417,https://surrit.com/3476c585-14ea-41f0-bbe1-cf3aa3057d29/720p/video.m3u8,720p,surrit.com
https://missav123.com/en/apns-417,apns-417,https://surrit.com/3476c585-14ea-41f0-bbe1-cf3aa3057d29/playlist.m3u8,playlist,surrit.com
https://missav123.com/en/apns-418,apns-418,https://surrit.com/c09acfff-721a-4a00-a76e-20e453abbffb/1080p/video.m3u8,1080p,surrit.com
https://missav123.com/en/apns-418,apns-418,https://surrit.com/c09acfff-721a-4a00-a76e-20e453abbffb/720p/video.m3u8,720p,surrit.com
https://missav123.com/en/apns-418,apns-418,https://surrit.com/c09acfff-721a-4a00-a76e-20e453abbffb/playlist.m3u8,playlist,surrit.com
https://missav123.com/en/avsa-449,avsa-449,https://surrit.com/a2370f8b-1e1f-4e60-b3f0-803f75c2ebcd/1080p/video.m3u8,1080p,surrit.com
https://missav123.com/en/avsa-449,avsa-449,https://surrit.com/a2370f8b-1e1f-4e60-b3f0-803f75c2ebcd/720p/video.m3u8,720p,surrit.com
https://missav123.com/en/avsa-449,avsa-449,https://surrit.com/a2370f8b-1e1f-4e60-b3f0-803f75c2ebcd/playlist.m3u8,playlist,surrit.com
https://missav123.com/en/avsa-450,avsa-450,https://surrit.com/040bb416-f4a1-4e88-ac57-8191c85c0578/1080p/video.m3u8,1080p,surrit.com
https://missav123.com/en/avsa-450,avsa-450,https://surrit.com/040bb416-f4a1-4e88-ac57-8191c85c0578/720p/video.m3u8,720p,surrit.com
https://missav123.com/en/avsa-450,avsa-450,https://surrit.com/040bb416-f4a1-4e88-ac57-8191c85c0578/playlist.m3u8,playlist,surrit.com
https://missav123.com/en/avsa-451,avsa-451,https://surrit.com/84cf7b33-c64a-48de-8a13-73365b76e3b0/1080p/video.m3u8,1080p,surrit.com
https://missav123.com/en/avsa-451,avsa-451,https://surrit.com/84cf7b33-c64a-48de-8a13-73365b76e3b0/720p/video.m3u8,720p,surrit.com
https://missav123.com/en/avsa-451,avsa-451,https://surrit.com/84cf7b33-c64a-48de-8a13-73365b76e3b0/playlist.m3u8,playlist,surrit.com
https://missav123.com/en/bab-195-uncensored-leak,,https://surrit.com/351685d6-bbfb-4927-9dac-65bbc751d7fd/1080p/video.m3u8,1080p,surrit.com
https://missav123.com/en/bab-195-uncensored-leak,,https://surrit.com/351685d6-bbfb-4927-9dac-65bbc751d7fd/720p/video.m3u8,720p,surrit.com
https://missav123.com/en/bab-195-uncensored-leak,,https://surrit.com/351685d6-bbfb-4927-9dac-65bbc751d7fd/playlist.m3u8,playlist,surrit.com
https://missav123.com/en/bacj-189,bacj-189,https://surrit.com/6bddc78f-c98f-4a17-854e-c327e52ed141/1080p/video.m3u8,1080p,surrit.com
https://missav123.com/en/bacj-189,bacj-189,https://surrit.com/6bddc78f-c98f-4a17-854e-c327e52ed141/720p/video.m3u8,720p,surrit.com
https://missav123.com/en/bacj-189,bacj-189,https://surrit.com/6bddc78f-c98f-4a17-854e-c327e52ed141/playlist.m3u8,playlist,surrit.com
https://missav123.com/en/beaf-224-uncensored-leak,,https://surrit.com/5fe92136-1dff-451e-b919-5300e376f71b/1080p/video.m3u8,1080p,surrit.com
https://missav123.com/en/beaf-224-uncensored-leak,,https://surrit.com/5fe92136-1dff-451e-b919-5300e376f71b/720p/video.m3u8,720p,surrit.com
https://missav123.com/en/beaf-224-uncensored-leak,,https://surrit.com/5fe92136-1dff-451e-b919-5300e376f71b/playlist.m3u8,playlist,surrit.com
https://missav123.com/en/bijn-287-uncensored-leak,,https://surrit.com/aedb8ab1-8d52-44c3-b77f-ea4ddedf6a04/1080p/video.m3u8,1080p,surrit.com
https://missav123.com/en/bijn-287-uncensored-leak,,https://surrit.com/aedb8ab1-8d52-44c3-b77f-ea4ddedf6a04/720p/video.m3u8,720p,surrit.com
https://missav123.com/en/bijn-287-uncensored-leak,,https://surrit.com/aedb8ab1-8d52-44c3-b77f-ea4ddedf6a04/playlist.m3u8,playlist,surrit.com
https://missav123.com/en/bmw-360-uncensored-leak,,https://surrit.com/d7ed1b9c-f24a-4892-beea-45b3c33cb074/1080p/video.m3u8,1080p,surrit.com
https://missav123.com/en/bmw-360-uncensored-leak,,https://surrit.com/d7ed1b9c-f24a-4892-beea-45b3c33cb074/720p/video.m3u8,720p,surrit.com
https://missav123.com/en/bmw-360-uncensored-leak,,https://surrit.com/d7ed1b9c-f24a-4892-beea-45b3c33cb074/playlist.m3u8,playlist,surrit.com
https://missav123.com/en/bmw-361,bmw-361,https://surrit.com/80e35d78-33d1-4d57-9ee9-447bfb5a1809/720p/video.m3u8,720p,surrit.com
https://missav123.com/en/bmw-361,bmw-361,https://surrit.com/80e35d78-33d1-4d57-9ee9-447bfb5a1809/playlist.m3u8,playlist,surrit.com
https://missav123.com/en/bur-652-uncensored-leak,,https://surrit.com/f5db18d0-2a13-464b-b56f-a2e23a848447/1080p/video.m3u8,1080p,surrit.com
https://missav123.com/en/bur-652-uncensored-leak,,https://surrit.com/f5db18d0-2a13-464b-b56f-a2e23a848447/720p/video.m3u8,720p,surrit.com
https://missav123.com/en/bur-652-uncensored-leak,,https://surrit.com/f5db18d0-2a13-464b-b56f-a2e23a848447/playlist.m3u8,playlist,surrit.com
https://missav123.com/en/cead-762,cead-762,https://surrit.com/28713229-a7d8-48e1-9ba3-406d80ecea10/1080p/video.m3u8,1080p,surrit.com
https://missav123.com/en/cead-762,cead-762,https://surrit.com/28713229-a7d8-48e1-9ba3-406d80ecea10/720p/video.m3u8,720p,surrit.com
https://missav123.com/en/cead-762,cead-762,https://surrit.com/28713229-a7d8-48e1-9ba3-406d80ecea10/playlist.m3u8,playlist,surrit.com
https://missav123.com/en/cemd-877,cemd-877,https://surrit.com/d5b3a909-5110-4c62-bfd3-13fd974b17a0/1080p/video.m3u8,1080p,surrit.com
https://missav123.com/en/cemd-877,cemd-877,https://surrit.com/d5b3a909-5110-4c62-bfd3-13fd974b17a0/720p/video.m3u8,720p,surrit.com
https://missav123.com/en/cemd-877,cemd-877,https://surrit.com/d5b3a909-5110-4c62-bfd3-13fd974b17a0/playlist.m3u8,playlist,surrit.com
https://missav123.com/en/cmv-210,cmv-210,https://surrit.com/69ad0f59-f4c4-4c15-b34e-58e787ac6706/1080p/video.m3u8,1080p,surrit.com
https://missav123.com/en/cmv-210,cmv-210,https://surrit.com/69ad0f59-f4c4-4c15-b34e-58e787ac6706/720p/video.m3u8,720p,surrit.com
https://missav123.com/en/cmv-210,cmv-210,https://surrit.com/69ad0f59-f4c4-4c15-b34e-58e787ac6706/playlist.m3u8,playlist,surrit.com
https://missav123.com/en/dandya-042-uncensored-leak,,https://surrit.com/f5af4e14-4fb9-4564-8a2e-02c095cdb64e/1080p/video.m3u8,1080p,surrit.com
https://missav123.com/en/dandya-042-uncensored-leak,,https://surrit.com/f5af4e14-4fb9-4564-8a2e-02c095cdb64e/720p/video.m3u8,720p,surrit.com
https://missav123.com/en/dandya-042-uncensored-leak,,https://surrit.com/f5af4e14-4fb9-4564-8a2e-02c095cdb64e/playlist.m3u8,playlist,surrit.com
https://missav123.com/en/dandya-044-uncensored-leak,,https://surrit.com/78b738b7-a89f-4b13-ade2-2d7775cb4158/1080p/video.m3u8,1080p,surrit.com
https://missav123.com/en/dandya-044-uncensored-leak,,https://surrit.com/78b738b7-a89f-4b13-ade2-2d7775cb4158/720p/video.m3u8,720p,surrit.com
https://missav123.com/en/dandya-044-uncensored-leak,,https://surrit.com/78b738b7-a89f-4b13-ade2-2d7775cb4158/playlist.m3u8,playlist,surrit.com
https://missav123.com/en/dass-566-uncensored-leak,,https://surrit.com/c9582652-3bea-4ec6-b931-e668ba3bff7a/1080p/video.m3u8,1080p,surrit.com
https://missav123.com/en/dass-566-uncensored-leak,,https://surrit.com/c9582652-3bea-4ec6-b931-e668ba3bff7a/720p/video.m3u8,720p,surrit.com
https://missav123.com/en/dass-566-uncensored-leak,,https://surrit.com/c9582652-3bea-4ec6-b931-e668ba3bff7a/playlist.m3u8,playlist,surrit.com
https://missav123.com/en/dass-601-uncensored-leak,,https://surrit.com/d26c727e-4b85-44a1-b9c8-78e39246613c/1080p/video.m3u8,1080p,surrit.com
https://missav123.com/en/dass-601-uncensored-leak,,https://surrit.com/d26c727e-4b85-44a1-b9c8-78e39246613c/720p/video.m3u8,720p,surrit.com
https://missav123.com/en/dass-601-uncensored-leak,,https://surrit.com/d26c727e-4b85-44a1-b9c8-78e39246613c/playlist.m3u8,playlist,surrit.com
https://missav123.com/en/dldss-343-uncensored-leak,,https://surrit.com/3303b244-68e0-4f3e-aafe-3a466e858047/1080p/video.m3u8,1080p,surrit.com
https://missav123.com/en/dldss-343-uncensored-leak,,https://surrit.com/3303b244-68e0-4f3e-aafe-3a466e858047/720p/video.m3u8,720p,surrit.com
https://missav123.com/en/dldss-343-uncensored-leak,,https://surrit.com/3303b244-68e0-4f3e-aafe-3a466e858047/playlist.m3u8,playlist,surrit.com
https://missav123.com/en/dldss-530-uncensored-leak,,https://surrit.com/251424d5-68b3-462d-826e-c78c6a734c02/1080p/video.m3u8,1080p,surrit.com
https://missav123.com/en/dldss-530-uncensored-leak,,https://surrit.com/251424d5-68b3-462d-826e-c78c6a734c02/720p/video.m3u8,720p,surrit.com
https://missav123.com/en/dldss-530-uncensored-leak,,https://surrit.com/251424d5-68b3-462d-826e-c78c6a734c02/playlist.m3u8,playlist,surrit.com
https://missav123.com/en/dsod-051,dsod-051,https://surrit.com/78e114f2-7335-456c-8f08-cdc44d92c831/1080p/video.m3u8,1080p,surrit.com
https://missav123.com/en/dsod-051,dsod-051,https://surrit.com/78e114f2-7335-456c-8f08-cdc44d92c831/720p/video.m3u8,720p,surrit.com
https://missav123.com/en/dsod-051,dsod-051,https://surrit.com/78e114f2-7335-456c-8f08-cdc44d92c831/playlist.m3u8,playlist,surrit.com
https://missav123.com/en/dsod-056,dsod-056,https://surrit.com/82dd93e6-0b08-4cd0-862e-25279709e8db/720p/video.m3u8,720p,surrit.com
https://missav123.com/en/dsod-056,dsod-056,https://surrit.com/82dd93e6-0b08-4cd0-862e-25279709e8db/playlist.m3u8,playlist,surrit.com
https://missav123.com/en/dvaj-454-english-subtitle,,https://surrit.com/9d2aae8f-818a-45cf-8e98-7280a1811200/720p/video.m3u8,720p,surrit.com
https://missav123.com/en/dvaj-454-english-subtitle,,https://surrit.com/9d2aae8f-818a-45cf-8e98-7280a1811200/playlist.m3u8,playlist,surrit.com
https://missav123.com/en/dvaj-750,dvaj-750,https://surrit.com/cf6f7d74-39f9-402c-88c6-c1c9ee2a6035/1080p/video.m3u8,1080p,surrit.com
https://missav123.com/en/dvaj-750,dvaj-750,https://surrit.com/cf6f7d74-39f9-402c-88c6-c1c9ee2a6035/720p/video.m3u8,720p,surrit.com
https://missav123.com/en/dvaj-750,dvaj-750,https://surrit.com/cf6f7d74-39f9-402c-88c6-c1c9ee2a6035/playlist.m3u8,playlist,surrit.com
https://missav123.com/en/dvaj-751,dvaj-751,https://surrit.com/52220d20-de27-4e9b-ad55-49a4f898f8b5/1080p/video.m3u8,1080p,surrit.com
https://missav123.com/en/dvaj-751,dvaj-751,https://surrit.com/52220d20-de27-4e9b-ad55-49a4f898f8b5/720p/video.m3u8,720p,surrit.com
https://missav123.com/en/dvaj-751,dvaj-751,https://surrit.com/52220d20-de27-4e9b-ad55-49a4f898f8b5/playlist.m3u8,playlist,surrit.com
https://missav123.com/en/dvaj-752,dvaj-752,https://surrit.com/8b633e4b-a422-4047-900f-7cd573e41462/1080p/video.m3u8,1080p,surrit.com
https://missav123.com/en/dvaj-752,dvaj-752,https://surrit.com/8b633e4b-a422-4047-900f-7cd573e41462/720p/video.m3u8,720p,surrit.com
https://missav123.com/en/dvaj-752,dvaj-752,https://surrit.com/8b633e4b-a422-4047-900f-7cd573e41462/playlist.m3u8,playlist,surrit.com
https://missav123.com/en/dvaj-753,dvaj-753,https://surrit.com/3aaea88a-18b7-4da9-a784-2ed963218efc/1080p/video.m3u8,1080p,surrit.com
https://missav123.com/en/dvaj-753,dvaj-753,https://surrit.com/3aaea88a-18b7-4da9-a784-2ed963218efc/720p/video.m3u8,720p,surrit.com
https://missav123.com/en/dvaj-753,dvaj-753,https://surrit.com/3aaea88a-18b7-4da9-a784-2ed963218efc/playlist.m3u8,playlist,surrit.com
https://missav123.com/en/fc2-ppv-4587943,,https://surrit.com/d8dfdb5c-fa36-4370-9032-65e1cf5a2b87/720p/video.m3u8,720p,surrit.com
https://missav123.com/en/fc2-ppv-4587943,,https://surrit.com/d8dfdb5c-fa36-4370-9032-65e1cf5a2b87/playlist.m3u8,playlist,surrit.com
https://missav123.com/en/fc2-ppv-4927208,,https://surrit.com/52c00e54-e6cd-47fe-b43c-868e14b97499/720p/video.m3u8,720p,surrit.com
https://missav123.com/en/fc2-ppv-4927208,,https://surrit.com/52c00e54-e6cd-47fe-b43c-868e14b97499/playlist.m3u8,playlist,surrit.com
https://missav123.com/en/fc2-ppv-4935910,,https://surrit.com/8aa42107-34a5-48d8-9d18-4791c3892157/720p/video.m3u8,720p,surrit.com
https://missav123.com/en/fc2-ppv-4935910,,https://surrit.com/8aa42107-34a5-48d8-9d18-4791c3892157/playlist.m3u8,playlist,surrit.com
https://missav123.com/en/fc2-ppv-4938999,,https://surrit.com/a7b60711-41b0-4519-92e6-5feaa3dca56d/1080p/video.m3u8,1080p,surrit.com
https://missav123.com/en/fc2-ppv-4938999,,https://surrit.com/a7b60711-41b0-4519-92e6-5feaa3dca56d/720p/video.m3u8,720p,surrit.com
https://missav123.com/en/fc2-ppv-4938999,,https://surrit.com/a7b60711-41b0-4519-92e6-5feaa3dca56d/playlist.m3u8,playlist,surrit.com
https://missav123.com/en/fc2-ppv-4944559,,https://surrit.com/cf295a9a-589d-4470-8d32-54549598384e/720p/video.m3u8,720p,surrit.com
https://missav123.com/en/fc2-ppv-4944559,,https://surrit.com/cf295a9a-589d-4470-8d32-54549598384e/playlist.m3u8,playlist,surrit.com
https://missav123.com/en/fc2-ppv-4945540,,https://surrit.com/ccf895cd-2fe9-4062-bdfd-7a4eb3a48a64/1080p/video.m3u8,1080p,surrit.com
https://missav123.com/en/fc2-ppv-4945540,,https://surrit.com/ccf895cd-2fe9-4062-bdfd-7a4eb3a48a64/720p/video.m3u8,720p,surrit.com
https://missav123.com/en/fc2-ppv-4945540,,https://surrit.com/ccf895cd-2fe9-4062-bdfd-7a4eb3a48a64/playlist.m3u8,playlist,surrit.com
https://missav123.com/en/fc2-ppv-4947807,,https://surrit.com/979c319f-176e-409f-b92e-95dc1c7d222f/1080p/video.m3u8,1080p,surrit.com
https://missav123.com/en/fc2-ppv-4947807,,https://surrit.com/979c319f-176e-409f-b92e-95dc1c7d222f/720p/video.m3u8,720p,surrit.com
https://missav123.com/en/fc2-ppv-4947807,,https://surrit.com/979c319f-176e-409f-b92e-95dc1c7d222f/playlist.m3u8,playlist,surrit.com
https://missav123.com/en/fc2-ppv-4947990,,https://surrit.com/a12b7c94-f8ad-488b-b612-bc2089177566/1080p/video.m3u8,1080p,surrit.com
https://missav123.com/en/fc2-ppv-4947990,,https://surrit.com/a12b7c94-f8ad-488b-b612-bc2089177566/720p/video.m3u8,720p,surrit.com
https://missav123.com/en/fc2-ppv-4947990,,https://surrit.com/a12b7c94-f8ad-488b-b612-bc2089177566/playlist.m3u8,playlist,surrit.com
https://missav123.com/en/fc2-ppv-4948206,,https://surrit.com/4d52108a-9c64-4e8f-9e1e-9da77d651d96/720p/video.m3u8,720p,surrit.com
https://missav123.com/en/fc2-ppv-4948206,,https://surrit.com/4d52108a-9c64-4e8f-9e1e-9da77d651d96/playlist.m3u8,playlist,surrit.com
https://missav123.com/en/fc2-ppv-4949177,,https://surrit.com/69d845e7-ef60-4625-81a6-cf2142a8eaca/720p/video.m3u8,720p,surrit.com
https://missav123.com/en/fc2-ppv-4949177,,https://surrit.com/69d845e7-ef60-4625-81a6-cf2142a8eaca/playlist.m3u8,playlist,surrit.com
https://missav123.com/en/fc2-ppv-4949495,,https://surrit.com/6d38fb62-3188-4863-9dd8-91d18509836a/720p/video.m3u8,720p,surrit.com
https://missav123.com/en/fc2-ppv-4949495,,https://surrit.com/6d38fb62-3188-4863-9dd8-91d18509836a/playlist.m3u8,playlist,surrit.com
https://missav123.com/en/fc2-ppv-4949847,,https://surrit.com/4e0eacd0-7c9d-470c-82aa-588684cb08b6/720p/video.m3u8,720p,surrit.com
https://missav123.com/en/fc2-ppv-4949847,,https://surrit.com/4e0eacd0-7c9d-470c-82aa-588684cb08b6/playlist.m3u8,playlist,surrit.com
https://missav123.com/en/fc2-ppv-4949940,,https://surrit.com/e9c8b0f7-a28e-45e3-b659-bdd462aac30b/720p/video.m3u8,720p,surrit.com
https://missav123.com/en/fc2-ppv-4949940,,https://surrit.com/e9c8b0f7-a28e-45e3-b659-bdd462aac30b/playlist.m3u8,playlist,surrit.com
https://missav123.com/en/fc2-ppv-4950084,,https://surrit.com/5ce338bc-6650-424a-bfe8-0c94fa35c7b7/720p/video.m3u8,720p,surrit.com
https://missav123.com/en/fc2-ppv-4950084,,https://surrit.com/5ce338bc-6650-424a-bfe8-0c94fa35c7b7/playlist.m3u8,playlist,surrit.com
https://missav123.com/en/fc2-ppv-4950168,,https://surrit.com/2b9cf47e-8166-4a42-b425-cf452d3cc518/720p/video.m3u8,720p,surrit.com
https://missav123.com/en/fc2-ppv-4950168,,https://surrit.com/2b9cf47e-8166-4a42-b425-cf452d3cc518/playlist.m3u8,playlist,surrit.com
https://missav123.com/en/fc2-ppv-4950205,,https://surrit.com/16e118e0-28cb-44f0-9207-adff619e295c/1080p/video.m3u8,1080p,surrit.com
https://missav123.com/en/fc2-ppv-4950205,,https://surrit.com/16e118e0-28cb-44f0-9207-adff619e295c/720p/video.m3u8,720p,surrit.com
https://missav123.com/en/fc2-ppv-4950205,,https://surrit.com/16e118e0-28cb-44f0-9207-adff619e295c/playlist.m3u8,playlist,surrit.com
https://missav123.com/en/fc2-ppv-4950243,,https://surrit.com/b9ea8b2d-e600-4170-9cb0-c9640993894c/720p/video.m3u8,720p,surrit.com
https://missav123.com/en/fc2-ppv-4950243,,https://surrit.com/b9ea8b2d-e600-4170-9cb0-c9640993894c/playlist.m3u8,playlist,surrit.com
https://missav123.com/en/fc2-ppv-4950393,,https://surrit.com/57cd46e9-a5c6-4733-a2f0-94cec44bf673/720p/video.m3u8,720p,surrit.com
https://missav123.com/en/fc2-ppv-4950393,,https://surrit.com/57cd46e9-a5c6-4733-a2f0-94cec44bf673/playlist.m3u8,playlist,surrit.com
https://missav123.com/en/fc2-ppv-4952194,,https://surrit.com/62ed14cc-9796-4a7d-b629-04ac2cc9b446/720p/video.m3u8,720p,surrit.com
https://missav123.com/en/fc2-ppv-4952194,,https://surrit.com/62ed14cc-9796-4a7d-b629-04ac2cc9b446/playlist.m3u8,playlist,surrit.com
https://missav123.com/en/fc2-ppv-4953622,,https://surrit.com/ca6eea8e-a81e-48f9-b96e-6a3a9aec60e4/480p/video.m3u8,480p,surrit.com
https://missav123.com/en/fc2-ppv-4953622,,https://surrit.com/ca6eea8e-a81e-48f9-b96e-6a3a9aec60e4/playlist.m3u8,playlist,surrit.com
https://missav123.com/en/fc2-ppv-4954902,,https://surrit.com/6b5e585a-7d55-471a-a8a2-9971656abd57/720p/video.m3u8,720p,surrit.com
https://missav123.com/en/fc2-ppv-4954902,,https://surrit.com/6b5e585a-7d55-471a-a8a2-9971656abd57/playlist.m3u8,playlist,surrit.com
https://missav123.com/en/fc2-ppv-4955168,,https://surrit.com/7bb7e6b3-1377-4503-81ac-ca4f2d415b2b/720p/video.m3u8,720p,surrit.com
https://missav123.com/en/fc2-ppv-4955168,,https://surrit.com/7bb7e6b3-1377-4503-81ac-ca4f2d415b2b/playlist.m3u8,playlist,surrit.com
https://missav123.com/en/fc2-ppv-4955287,,https://surrit.com/974d1880-3982-4b59-9a1a-45d659ab8611/1080p/video.m3u8,1080p,surrit.com
https://missav123.com/en/fc2-ppv-4955287,,https://surrit.com/974d1880-3982-4b59-9a1a-45d659ab8611/720p/video.m3u8,720p,surrit.com
https://missav123.com/en/fc2-ppv-4955287,,https://surrit.com/974d1880-3982-4b59-9a1a-45d659ab8611/playlist.m3u8,playlist,surrit.com
https://missav123.com/en/fc2-ppv-4955707,,https://surrit.com/3b47ec3c-4862-4376-8ba8-e3e9c18b2e7f/720p/video.m3u8,720p,surrit.com
https://missav123.com/en/fc2-ppv-4955707,,https://surrit.com/3b47ec3c-4862-4376-8ba8-e3e9c18b2e7f/playlist.m3u8,playlist,surrit.com
https://missav123.com/en/fc2-ppv-4955836,,https://surrit.com/b395bfce-b81b-48e4-a11b-7024a38ada90/720p/video.m3u8,720p,surrit.com
https://missav123.com/en/fc2-ppv-4955836,,https://surrit.com/b395bfce-b81b-48e4-a11b-7024a38ada90/playlist.m3u8,playlist,surrit.com
https://missav123.com/en/fjin-154-uncensored-leak,,https://surrit.com/3b04334a-a484-44a8-a932-f788110d770e/1080p/video.m3u8,1080p,surrit.com
https://missav123.com/en/fjin-154-uncensored-leak,,https://surrit.com/3b04334a-a484-44a8-a932-f788110d770e/720p/video.m3u8,720p,surrit.com
https://missav123.com/en/fjin-154-uncensored-leak,,https://surrit.com/3b04334a-a484-44a8-a932-f788110d770e/playlist.m3u8,playlist,surrit.com
https://missav123.com/en/flav-425,flav-425,https://surrit.com/f5bf7924-c782-43d2-8837-477e44e7c40a/1080p/video.m3u8,1080p,surrit.com
https://missav123.com/en/flav-425,flav-425,https://surrit.com/f5bf7924-c782-43d2-8837-477e44e7c40a/720p/video.m3u8,720p,surrit.com
https://missav123.com/en/flav-425,flav-425,https://surrit.com/f5bf7924-c782-43d2-8837-477e44e7c40a/playlist.m3u8,playlist,surrit.com
https://missav123.com/en/fns-243,fns-243,https://surrit.com/48ec0fd2-2afd-483a-aa6b-fc78ff49222b/1080p/video.m3u8,1080p,surrit.com
https://missav123.com/en/fns-243,fns-243,https://surrit.com/48ec0fd2-2afd-483a-aa6b-fc78ff49222b/720p/video.m3u8,720p,surrit.com
https://missav123.com/en/fns-243,fns-243,https://surrit.com/48ec0fd2-2afd-483a-aa6b-fc78ff49222b/playlist.m3u8,playlist,surrit.com
https://missav123.com/en/fsdss-687-uncensored-leak,,https://surrit.com/ed2f60af-e8b6-4761-bba0-5a0e5863e2a3/1280x720/video.m3u8,720p,surrit.com
https://missav123.com/en/fsdss-687-uncensored-leak,,https://surrit.com/ed2f60af-e8b6-4761-bba0-5a0e5863e2a3/842x480/video.m3u8,480p,surrit.com
https://missav123.com/en/fsdss-687-uncensored-leak,,https://surrit.com/ed2f60af-e8b6-4761-bba0-5a0e5863e2a3/playlist.m3u8,playlist,surrit.com
https://missav123.com/en/fsdss-856-uncensored-leak,,https://surrit.com/2c4bd602-2cfe-4b6a-b76f-301cdf59e8b5/1080p/video.m3u8,1080p,surrit.com
https://missav123.com/en/fsdss-856-uncensored-leak,,https://surrit.com/2c4bd602-2cfe-4b6a-b76f-301cdf59e8b5/720p/video.m3u8,720p,surrit.com
https://missav123.com/en/fsdss-856-uncensored-leak,,https://surrit.com/2c4bd602-2cfe-4b6a-b76f-301cdf59e8b5/playlist.m3u8,playlist,surrit.com
https://missav123.com/en/fsdss-913-uncensored-leak,,https://surrit.com/0313dd4f-b969-45a2-8762-0c9c1b67dd7a/1080p/video.m3u8,1080p,surrit.com
https://missav123.com/en/fsdss-913-uncensored-leak,,https://surrit.com/0313dd4f-b969-45a2-8762-0c9c1b67dd7a/720p/video.m3u8,720p,surrit.com
https://missav123.com/en/fsdss-913-uncensored-leak,,https://surrit.com/0313dd4f-b969-45a2-8762-0c9c1b67dd7a/playlist.m3u8,playlist,surrit.com
https://missav123.com/en/fwtr-031-uncensored-leak,,https://surrit.com/68c9a39d-6461-464e-b888-e86afd40084b/1080p/video.m3u8,1080p,surrit.com
https://missav123.com/en/fwtr-031-uncensored-leak,,https://surrit.com/68c9a39d-6461-464e-b888-e86afd40084b/720p/video.m3u8,720p,surrit.com
https://missav123.com/en/fwtr-031-uncensored-leak,,https://surrit.com/68c9a39d-6461-464e-b888-e86afd40084b/playlist.m3u8,playlist,surrit.com
https://missav123.com/en/gajk-038,gajk-038,https://surrit.com/c7d15c7d-e8ca-43eb-951d-a0366198eb96/1080p/video.m3u8,1080p,surrit.com
https://missav123.com/en/gajk-038,gajk-038,https://surrit.com/c7d15c7d-e8ca-43eb-951d-a0366198eb96/720p/video.m3u8,720p,surrit.com
https://missav123.com/en/gajk-038,gajk-038,https://surrit.com/c7d15c7d-e8ca-43eb-951d-a0366198eb96/playlist.m3u8,playlist,surrit.com
https://missav123.com/en/gana-3421-uncensored-leak,,https://surrit.com/7216f609-c548-4337-b9c2-f96a0064a900/1080p/video.m3u8,1080p,surrit.com
https://missav123.com/en/gana-3421-uncensored-leak,,https://surrit.com/7216f609-c548-4337-b9c2-f96a0064a900/720p/video.m3u8,720p,surrit.com
https://missav123.com/en/gana-3421-uncensored-leak,,https://surrit.com/7216f609-c548-4337-b9c2-f96a0064a900/playlist.m3u8,playlist,surrit.com
https://missav123.com/en/gara-025,gara-025,https://surrit.com/a959f879-caa2-4d21-8e9b-057e1c061ac6/1080p/video.m3u8,1080p,surrit.com
https://missav123.com/en/gara-025,gara-025,https://surrit.com/a959f879-caa2-4d21-8e9b-057e1c061ac6/720p/video.m3u8,720p,surrit.com
https://missav123.com/en/gara-025,gara-025,https://surrit.com/a959f879-caa2-4d21-8e9b-057e1c061ac6/playlist.m3u8,playlist,surrit.com
https://missav123.com/en/gebb-054-uncensored-leak,,https://surrit.com/458bc951-498d-42e9-a9f6-b0b0aad3c1a8/1080p/video.m3u8,1080p,surrit.com
https://missav123.com/en/gebb-054-uncensored-leak,,https://surrit.com/458bc951-498d-42e9-a9f6-b0b0aad3c1a8/720p/video.m3u8,720p,surrit.com
https://missav123.com/en/gebb-054-uncensored-leak,,https://surrit.com/458bc951-498d-42e9-a9f6-b0b0aad3c1a8/playlist.m3u8,playlist,surrit.com
https://missav123.com/en/gma-101,gma-101,https://surrit.com/6f593b5f-8dde-40ee-ba6f-e68660077f38/1080p/video.m3u8,1080p,surrit.com
https://missav123.com/en/gma-101,gma-101,https://surrit.com/6f593b5f-8dde-40ee-ba6f-e68660077f38/720p/video.m3u8,720p,surrit.com
https://missav123.com/en/gma-101,gma-101,https://surrit.com/6f593b5f-8dde-40ee-ba6f-e68660077f38/playlist.m3u8,playlist,surrit.com
https://missav123.com/en/gqn-012-uncensored-leak,,https://surrit.com/2ad30ad4-314a-4faa-b075-4f7b7c1443ee/1080p/video.m3u8,1080p,surrit.com
https://missav123.com/en/gqn-012-uncensored-leak,,https://surrit.com/2ad30ad4-314a-4faa-b075-4f7b7c1443ee/720p/video.m3u8,720p,surrit.com
https://missav123.com/en/gqn-012-uncensored-leak,,https://surrit.com/2ad30ad4-314a-4faa-b075-4f7b7c1443ee/playlist.m3u8,playlist,surrit.com
https://missav123.com/en/gvh-849-uncensored-leak,,https://surrit.com/cef3f2ab-7c48-4e2a-9e0d-5cbb35ea964e/1080p/video.m3u8,1080p,surrit.com
https://missav123.com/en/gvh-849-uncensored-leak,,https://surrit.com/cef3f2ab-7c48-4e2a-9e0d-5cbb35ea964e/720p/video.m3u8,720p,surrit.com
https://missav123.com/en/gvh-849-uncensored-leak,,https://surrit.com/cef3f2ab-7c48-4e2a-9e0d-5cbb35ea964e/playlist.m3u8,playlist,surrit.com
https://missav123.com/en/gvh-850-uncensored-leak,,https://surrit.com/9ee64bd2-cc8c-4797-9969-ae334914acbc/1080p/video.m3u8,1080p,surrit.com
https://missav123.com/en/gvh-850-uncensored-leak,,https://surrit.com/9ee64bd2-cc8c-4797-9969-ae334914acbc/720p/video.m3u8,720p,surrit.com
https://missav123.com/en/gvh-850-uncensored-leak,,https://surrit.com/9ee64bd2-cc8c-4797-9969-ae334914acbc/playlist.m3u8,playlist,surrit.com
https://missav123.com/en/gvh-852-uncensored-leak,,https://surrit.com/dd3e1062-d045-4bbb-b28c-85e63186b856/1080p/video.m3u8,1080p,surrit.com
https://missav123.com/en/gvh-852-uncensored-leak,,https://surrit.com/dd3e1062-d045-4bbb-b28c-85e63186b856/720p/video.m3u8,720p,surrit.com
https://missav123.com/en/gvh-852-uncensored-leak,,https://surrit.com/dd3e1062-d045-4bbb-b28c-85e63186b856/playlist.m3u8,playlist,surrit.com
https://missav123.com/en/gvh-854-uncensored-leak,,https://surrit.com/ad4c6983-f573-492d-ac70-4050495aa49c/720p/video.m3u8,720p,surrit.com
https://missav123.com/en/gvh-854-uncensored-leak,,https://surrit.com/ad4c6983-f573-492d-ac70-4050495aa49c/playlist.m3u8,playlist,surrit.com
https://missav123.com/en/gvh-856-uncensored-leak,,https://surrit.com/9995ac47-45bf-4de2-b5df-938ecf60fb5d/1080p/video.m3u8,1080p,surrit.com
https://missav123.com/en/gvh-856-uncensored-leak,,https://surrit.com/9995ac47-45bf-4de2-b5df-938ecf60fb5d/720p/video.m3u8,720p,surrit.com
https://missav123.com/en/gvh-856-uncensored-leak,,https://surrit.com/9995ac47-45bf-4de2-b5df-938ecf60fb5d/playlist.m3u8,playlist,surrit.com
https://missav123.com/en/gvh-857-uncensored-leak,,https://surrit.com/af7f1292-dab5-443d-8e92-12375f591f0c/1080p/video.m3u8,1080p,surrit.com
https://missav123.com/en/gvh-857-uncensored-leak,,https://surrit.com/af7f1292-dab5-443d-8e92-12375f591f0c/720p/video.m3u8,720p,surrit.com
https://missav123.com/en/gvh-857-uncensored-leak,,https://surrit.com/af7f1292-dab5-443d-8e92-12375f591f0c/playlist.m3u8,playlist,surrit.com
https://missav123.com/en/gvh-858-uncensored-leak,,https://surrit.com/21f6d18b-846e-494e-bd02-241901531f7d/1080p/video.m3u8,1080p,surrit.com
https://missav123.com/en/gvh-858-uncensored-leak,,https://surrit.com/21f6d18b-846e-494e-bd02-241901531f7d/720p/video.m3u8,720p,surrit.com
https://missav123.com/en/gvh-858-uncensored-leak,,https://surrit.com/21f6d18b-846e-494e-bd02-241901531f7d/playlist.m3u8,playlist,surrit.com
https://missav123.com/en/gvh-868,gvh-868,https://surrit.com/248b9b76-91c4-437e-b4e0-767dcbb23800/1080p/video.m3u8,1080p,surrit.com
https://missav123.com/en/gvh-868,gvh-868,https://surrit.com/248b9b76-91c4-437e-b4e0-767dcbb23800/720p/video.m3u8,720p,surrit.com
https://missav123.com/en/gvh-868,gvh-868,https://surrit.com/248b9b76-91c4-437e-b4e0-767dcbb23800/playlist.m3u8,playlist,surrit.com
https://missav123.com/en/hawa-383-uncensored-leak,,https://surrit.com/0f3bfa6e-22d3-4458-bb12-4e2be61e4d0f/1080p/video.m3u8,1080p,surrit.com
https://missav123.com/en/hawa-383-uncensored-leak,,https://surrit.com/0f3bfa6e-22d3-4458-bb12-4e2be61e4d0f/720p/video.m3u8,720p,surrit.com
https://missav123.com/en/hawa-383-uncensored-leak,,https://surrit.com/0f3bfa6e-22d3-4458-bb12-4e2be61e4d0f/playlist.m3u8,playlist,surrit.com
https://missav123.com/en/hbad-738-uncensored-leak,,https://surrit.com/9b4d35e7-aff2-4104-a6ad-1f522019079f/1080p/video.m3u8,1080p,surrit.com
https://missav123.com/en/hbad-738-uncensored-leak,,https://surrit.com/9b4d35e7-aff2-4104-a6ad-1f522019079f/720p/video.m3u8,720p,surrit.com
https://missav123.com/en/hbad-738-uncensored-leak,,https://surrit.com/9b4d35e7-aff2-4104-a6ad-1f522019079f/playlist.m3u8,playlist,surrit.com
https://missav123.com/en/hjmo-676-uncensored-leak,,https://surrit.com/95c3e188-f3ab-438f-93e7-287646a6ad1f/1080p/video.m3u8,1080p,surrit.com
https://missav123.com/en/hjmo-676-uncensored-leak,,https://surrit.com/95c3e188-f3ab-438f-93e7-287646a6ad1f/720p/video.m3u8,720p,surrit.com
https://missav123.com/en/hjmo-676-uncensored-leak,,https://surrit.com/95c3e188-f3ab-438f-93e7-287646a6ad1f/playlist.m3u8,playlist,surrit.com
https://missav123.com/en/hmn-697-english-subtitle,,https://surrit.com/846e36c9-f258-433e-b09d-c938a178ea6d/1080p/video.m3u8,1080p,surrit.com
https://missav123.com/en/hmn-697-english-subtitle,,https://surrit.com/846e36c9-f258-433e-b09d-c938a178ea6d/720p/video.m3u8,720p,surrit.com
https://missav123.com/en/hmn-697-english-subtitle,,https://surrit.com/846e36c9-f258-433e-b09d-c938a178ea6d/playlist.m3u8,playlist,surrit.com
https://missav123.com/en/hsoda-061-uncensored-leak,,https://surrit.com/4b3a5644-973b-4353-815d-10b702057919/1080p/video.m3u8,1080p,surrit.com
https://missav123.com/en/hsoda-061-uncensored-leak,,https://surrit.com/4b3a5644-973b-4353-815d-10b702057919/720p/video.m3u8,720p,surrit.com
https://missav123.com/en/hsoda-061-uncensored-leak,,https://surrit.com/4b3a5644-973b-4353-815d-10b702057919/playlist.m3u8,playlist,surrit.com
https://missav123.com/en/hsoda-130,hsoda-130,https://surrit.com/30e76ebb-bbe3-4c13-9c47-0318cc3c93a6/720p/video.m3u8,720p,surrit.com
https://missav123.com/en/hsoda-130,hsoda-130,https://surrit.com/30e76ebb-bbe3-4c13-9c47-0318cc3c93a6/playlist.m3u8,playlist,surrit.com
https://missav123.com/en/htms-119-english-subtitle,,https://surrit.com/733db06a-fb7d-4e66-b3f4-b6435f1f0f79/1080p/video.m3u8,1080p,surrit.com
https://missav123.com/en/htms-119-english-subtitle,,https://surrit.com/733db06a-fb7d-4e66-b3f4-b6435f1f0f79/720p/video.m3u8,720p,surrit.com
https://missav123.com/en/htms-119-english-subtitle,,https://surrit.com/733db06a-fb7d-4e66-b3f4-b6435f1f0f79/playlist.m3u8,playlist,surrit.com
https://missav123.com/en/huntc-278-uncensored-leak,,https://surrit.com/8fa6035f-4a57-4b42-9fd0-ac4c2adcec57/1080p/video.m3u8,1080p,surrit.com
https://missav123.com/en/huntc-278-uncensored-leak,,https://surrit.com/8fa6035f-4a57-4b42-9fd0-ac4c2adcec57/720p/video.m3u8,720p,surrit.com
https://missav123.com/en/huntc-278-uncensored-leak,,https://surrit.com/8fa6035f-4a57-4b42-9fd0-ac4c2adcec57/playlist.m3u8,playlist,surrit.com
https://missav123.com/en/huntc-615,huntc-615,https://surrit.com/518c1d81-9d6d-4ebe-86aa-797ffa9e3a4a/720p/video.m3u8,720p,surrit.com
https://missav123.com/en/huntc-615,huntc-615,https://surrit.com/518c1d81-9d6d-4ebe-86aa-797ffa9e3a4a/playlist.m3u8,playlist,surrit.com
https://missav123.com/en/hzgd-299-uncensored-leak,,https://surrit.com/bed0c5c6-1cf9-40a9-b823-b54eb8de90f8/1080p/video.m3u8,1080p,surrit.com
https://missav123.com/en/hzgd-299-uncensored-leak,,https://surrit.com/bed0c5c6-1cf9-40a9-b823-b54eb8de90f8/720p/video.m3u8,720p,surrit.com
https://missav123.com/en/hzgd-299-uncensored-leak,,https://surrit.com/bed0c5c6-1cf9-40a9-b823-b54eb8de90f8/playlist.m3u8,playlist,surrit.com
https://missav123.com/en/ipzz-502-uncensored-leak,,https://surrit.com/88f3037d-73e1-4334-99cf-b361d28775c6/1080p/video.m3u8,1080p,surrit.com
https://missav123.com/en/ipzz-502-uncensored-leak,,https://surrit.com/88f3037d-73e1-4334-99cf-b361d28775c6/720p/video.m3u8,720p,surrit.com
https://missav123.com/en/ipzz-502-uncensored-leak,,https://surrit.com/88f3037d-73e1-4334-99cf-b361d28775c6/playlist.m3u8,playlist,surrit.com
https://missav123.com/en/ipzz-505-uncensored-leak,,https://surrit.com/6483b852-525b-4031-ac91-02637c063770/1080p/video.m3u8,1080p,surrit.com
https://missav123.com/en/ipzz-505-uncensored-leak,,https://surrit.com/6483b852-525b-4031-ac91-02637c063770/720p/video.m3u8,720p,surrit.com
https://missav123.com/en/ipzz-505-uncensored-leak,,https://surrit.com/6483b852-525b-4031-ac91-02637c063770/playlist.m3u8,playlist,surrit.com
https://missav123.com/en/ipzz-506-uncensored-leak,,https://surrit.com/e9fe4d81-df0c-4381-b1ae-dbafadf2150b/1080p/video.m3u8,1080p,surrit.com
https://missav123.com/en/ipzz-506-uncensored-leak,,https://surrit.com/e9fe4d81-df0c-4381-b1ae-dbafadf2150b/720p/video.m3u8,720p,surrit.com
https://missav123.com/en/ipzz-506-uncensored-leak,,https://surrit.com/e9fe4d81-df0c-4381-b1ae-dbafadf2150b/playlist.m3u8,playlist,surrit.com
https://missav123.com/en/ipzz-521-uncensored-leak,,https://surrit.com/56eaff1d-78ce-4a27-a1f3-37ef66f069ea/1080p/video.m3u8,1080p,surrit.com
https://missav123.com/en/ipzz-521-uncensored-leak,,https://surrit.com/56eaff1d-78ce-4a27-a1f3-37ef66f069ea/720p/video.m3u8,720p,surrit.com
https://missav123.com/en/ipzz-521-uncensored-leak,,https://surrit.com/56eaff1d-78ce-4a27-a1f3-37ef66f069ea/playlist.m3u8,playlist,surrit.com
https://missav123.com/en/ipzz-564-uncensored-leak,,https://surrit.com/596cffd8-065c-4e2a-a0e2-20affea1f39c/1080p/video.m3u8,1080p,surrit.com
https://missav123.com/en/ipzz-564-uncensored-leak,,https://surrit.com/596cffd8-065c-4e2a-a0e2-20affea1f39c/720p/video.m3u8,720p,surrit.com
https://missav123.com/en/ipzz-564-uncensored-leak,,https://surrit.com/596cffd8-065c-4e2a-a0e2-20affea1f39c/playlist.m3u8,playlist,surrit.com
https://missav123.com/en/ipzz-926,ipzz-926,https://surrit.com/1635f944-7a7f-4c37-802e-1d1f9b31e753/1080p/video.m3u8,1080p,surrit.com
https://missav123.com/en/ipzz-926,ipzz-926,https://surrit.com/1635f944-7a7f-4c37-802e-1d1f9b31e753/720p/video.m3u8,720p,surrit.com
https://missav123.com/en/ipzz-926,ipzz-926,https://surrit.com/1635f944-7a7f-4c37-802e-1d1f9b31e753/playlist.m3u8,playlist,surrit.com
https://missav123.com/en/ipzz-932-uncensored-leak,,https://surrit.com/26839930-c1ef-4d41-9578-ea33886e3f35/720p/video.m3u8,720p,surrit.com
https://missav123.com/en/ipzz-932-uncensored-leak,,https://surrit.com/26839930-c1ef-4d41-9578-ea33886e3f35/playlist.m3u8,playlist,surrit.com
https://missav123.com/en/ipzz-958,ipzz-958,https://surrit.com/1d4b8ae7-c341-43d5-bc5b-0c1176f4596d/720p/video.m3u8,720p,surrit.com
https://missav123.com/en/ipzz-958,ipzz-958,https://surrit.com/1d4b8ae7-c341-43d5-bc5b-0c1176f4596d/playlist.m3u8,playlist,surrit.com
https://missav123.com/en/jera-044-uncensored-leak,,https://surrit.com/0e6e3e48-fe4e-4b37-962a-06d77c743299/1080p/video.m3u8,1080p,surrit.com
https://missav123.com/en/jera-044-uncensored-leak,,https://surrit.com/0e6e3e48-fe4e-4b37-962a-06d77c743299/720p/video.m3u8,720p,surrit.com
https://missav123.com/en/jera-044-uncensored-leak,,https://surrit.com/0e6e3e48-fe4e-4b37-962a-06d77c743299/playlist.m3u8,playlist,surrit.com
https://missav123.com/en/jera-046-uncensored-leak,,https://surrit.com/dfa5afac-3a9f-4966-bcf9-e2ac182a5aa4/1080p/video.m3u8,1080p,surrit.com
https://missav123.com/en/jera-046-uncensored-leak,,https://surrit.com/dfa5afac-3a9f-4966-bcf9-e2ac182a5aa4/720p/video.m3u8,720p,surrit.com
https://missav123.com/en/jera-046-uncensored-leak,,https://surrit.com/dfa5afac-3a9f-4966-bcf9-e2ac182a5aa4/playlist.m3u8,playlist,surrit.com
https://missav123.com/en/jkw-028-uncensored-leak,,https://surrit.com/7ff2af4a-a866-4670-ba41-de9cd0af22f2/1080p/video.m3u8,1080p,surrit.com
https://missav123.com/en/jkw-028-uncensored-leak,,https://surrit.com/7ff2af4a-a866-4670-ba41-de9cd0af22f2/720p/video.m3u8,720p,surrit.com
https://missav123.com/en/jkw-028-uncensored-leak,,https://surrit.com/7ff2af4a-a866-4670-ba41-de9cd0af22f2/playlist.m3u8,playlist,surrit.com
https://missav123.com/en/jnt-123-uncensored-leak,,https://surrit.com/5f623720-897b-4a30-83a8-ba51eba372d8/1080p/video.m3u8,1080p,surrit.com
https://missav123.com/en/jnt-123-uncensored-leak,,https://surrit.com/5f623720-897b-4a30-83a8-ba51eba372d8/720p/video.m3u8,720p,surrit.com
https://missav123.com/en/jnt-123-uncensored-leak,,https://surrit.com/5f623720-897b-4a30-83a8-ba51eba372d8/playlist.m3u8,720p,surrit.com
https://missav123.com/en/jul-211-uncensored-leak,,https://surrit.com/722b4fe7-2b03-4a73-b7aa-2d6d360274ff/1080p/video.m3u8,1080p,surrit.com
https://missav123.com/en/jul-211-uncensored-leak,,https://surrit.com/722b4fe7-2b03-4a73-b7aa-2d6d360274ff/720p/video.m3u8,720p,surrit.com
https://missav123.com/en/jul-211-uncensored-leak,,https://surrit.com/722b4fe7-2b03-4a73-b7aa-2d6d360274ff/playlist.m3u8,playlist,surrit.com
https://missav123.com/en/jul-273-uncensored-leak,,https://surrit.com/9094d644-f030-4695-97ce-988723d2219c/1080p/video.m3u8,1080p,surrit.com
https://missav123.com/en/jul-273-uncensored-leak,,https://surrit.com/9094d644-f030-4695-97ce-988723d2219c/720p/video.m3u8,720p,surrit.com
https://missav123.com/en/jul-273-uncensored-leak,,https://surrit.com/9094d644-f030-4695-97ce-988723d2219c/playlist.m3u8,playlist,surrit.com
https://missav123.com/en/jur-024-uncensored-leak,,https://surrit.com/456eff49-dd29-4ccc-b50b-c832525c94a4/1080p/video.m3u8,1080p,surrit.com
https://missav123.com/en/jur-024-uncensored-leak,,https://surrit.com/456eff49-dd29-4ccc-b50b-c832525c94a4/720p/video.m3u8,720p,surrit.com
https://missav123.com/en/jur-024-uncensored-leak,,https://surrit.com/456eff49-dd29-4ccc-b50b-c832525c94a4/playlist.m3u8,playlist,surrit.com
https://missav123.com/en/jur-033-uncensored-leak,,https://surrit.com/d7143a6a-72e9-49d0-aa16-f605c65d554d/1080p/video.m3u8,1080p,surrit.com
https://missav123.com/en/jur-033-uncensored-leak,,https://surrit.com/d7143a6a-72e9-49d0-aa16-f605c65d554d/720p/video.m3u8,720p,surrit.com
https://missav123.com/en/jur-033-uncensored-leak,,https://surrit.com/d7143a6a-72e9-49d0-aa16-f605c65d554d/playlist.m3u8,playlist,surrit.com
https://missav123.com/en/jur-161-uncensored-leak,,https://surrit.com/112eb181-2336-4f61-9613-85651f328211/1080p/video.m3u8,1080p,surrit.com
https://missav123.com/en/jur-161-uncensored-leak,,https://surrit.com/112eb181-2336-4f61-9613-85651f328211/720p/video.m3u8,720p,surrit.com
https://missav123.com/en/jur-161-uncensored-leak,,https://surrit.com/112eb181-2336-4f61-9613-85651f328211/playlist.m3u8,playlist,surrit.com
https://missav123.com/en/jur-186-uncensored-leak,,https://surrit.com/5072e85a-8a72-454f-80f0-cb2f7b813557/720p/video.m3u8,720p,surrit.com
https://missav123.com/en/jur-186-uncensored-leak,,https://surrit.com/5072e85a-8a72-454f-80f0-cb2f7b813557/playlist.m3u8,playlist,surrit.com
https://missav123.com/en/jur-194-uncensored-leak,,https://surrit.com/050b929c-33f5-4359-8f5f-a3b1b2ab63a4/1080p/video.m3u8,1080p,surrit.com
https://missav123.com/en/jur-194-uncensored-leak,,https://surrit.com/050b929c-33f5-4359-8f5f-a3b1b2ab63a4/720p/video.m3u8,720p,surrit.com
https://missav123.com/en/jur-194-uncensored-leak,,https://surrit.com/050b929c-33f5-4359-8f5f-a3b1b2ab63a4/playlist.m3u8,playlist,surrit.com
https://missav123.com/en/jur-237-uncensored-leak,,https://surrit.com/15c52183-b549-473c-85c7-dd834c2d3f5c/1080p/video.m3u8,1080p,surrit.com
https://missav123.com/en/jur-237-uncensored-leak,,https://surrit.com/15c52183-b549-473c-85c7-dd834c2d3f5c/720p/video.m3u8,720p,surrit.com
https://missav123.com/en/jur-237-uncensored-leak,,https://surrit.com/15c52183-b549-473c-85c7-dd834c2d3f5c/playlist.m3u8,playlist,surrit.com
https://missav123.com/en/jur-240-uncensored-leak,,https://surrit.com/dbbd501c-59ec-4dfe-a4ae-9156102c0965/1080p/video.m3u8,1080p,surrit.com
https://missav123.com/en/jur-240-uncensored-leak,,https://surrit.com/dbbd501c-59ec-4dfe-a4ae-9156102c0965/720p/video.m3u8,720p,surrit.com
https://missav123.com/en/jur-240-uncensored-leak,,https://surrit.com/dbbd501c-59ec-4dfe-a4ae-9156102c0965/playlist.m3u8,playlist,surrit.com
https://missav123.com/en/jur-244-uncensored-leak,,https://surrit.com/b23cfb71-a34c-4dfb-846f-acf8e4b9a470/1080p/video.m3u8,1080p,surrit.com
https://missav123.com/en/jur-244-uncensored-leak,,https://surrit.com/b23cfb71-a34c-4dfb-846f-acf8e4b9a470/720p/video.m3u8,720p,surrit.com
https://missav123.com/en/jur-244-uncensored-leak,,https://surrit.com/b23cfb71-a34c-4dfb-846f-acf8e4b9a470/playlist.m3u8,playlist,surrit.com
https://missav123.com/en/jur-502-english-subtitle,,https://surrit.com/b096c3f8-c866-4238-b3e1-000c0574f285/1080p/video.m3u8,1080p,surrit.com
https://missav123.com/en/jur-502-english-subtitle,,https://surrit.com/b096c3f8-c866-4238-b3e1-000c0574f285/720p/video.m3u8,720p,surrit.com
https://missav123.com/en/jur-502-english-subtitle,,https://surrit.com/b096c3f8-c866-4238-b3e1-000c0574f285/playlist.m3u8,playlist,surrit.com
https://missav123.com/en/jur-767,jur-767,https://surrit.com/01e26e70-f5f3-4503-ab17-d2aef8671da8/1080p/video.m3u8,1080p,surrit.com
https://missav123.com/en/jur-767,jur-767,https://surrit.com/01e26e70-f5f3-4503-ab17-d2aef8671da8/720p/video.m3u8,720p,surrit.com
https://missav123.com/en/jur-767,jur-767,https://surrit.com/01e26e70-f5f3-4503-ab17-d2aef8671da8/playlist.m3u8,playlist,surrit.com
https://missav123.com/en/jur-798,jur-798,https://surrit.com/8f87955c-3a51-4b1d-8416-d709cf1978f5/1080p/video.m3u8,1080p,surrit.com
https://missav123.com/en/jur-798,jur-798,https://surrit.com/8f87955c-3a51-4b1d-8416-d709cf1978f5/720p/video.m3u8,720p,surrit.com
https://missav123.com/en/jur-798,jur-798,https://surrit.com/8f87955c-3a51-4b1d-8416-d709cf1978f5/playlist.m3u8,playlist,surrit.com
https://missav123.com/en/jur-806,jur-806,https://surrit.com/8155a3f9-a1a5-4382-86f9-2e0a0c0a5109/720p/video.m3u8,720p,surrit.com
https://missav123.com/en/jur-806,jur-806,https://surrit.com/8155a3f9-a1a5-4382-86f9-2e0a0c0a5109/playlist.m3u8,playlist,surrit.com
https://missav123.com/en/jur-831,jur-831,https://surrit.com/521d96e9-4213-4da7-a465-f1f7cc811d23/1080p/video.m3u8,1080p,surrit.com
https://missav123.com/en/jur-831,jur-831,https://surrit.com/521d96e9-4213-4da7-a465-f1f7cc811d23/720p/video.m3u8,720p,surrit.com
https://missav123.com/en/jur-831,jur-831,https://surrit.com/521d96e9-4213-4da7-a465-f1f7cc811d23/playlist.m3u8,playlist,surrit.com
https://missav123.com/en/jura-207-uncensored-leak,,https://surrit.com/c44ac77a-718e-4f73-b135-a3b534cf4873/1080p/video.m3u8,1080p,surrit.com
https://missav123.com/en/jura-207-uncensored-leak,,https://surrit.com/c44ac77a-718e-4f73-b135-a3b534cf4873/720p/video.m3u8,720p,surrit.com
https://missav123.com/en/jura-207-uncensored-leak,,https://surrit.com/c44ac77a-718e-4f73-b135-a3b534cf4873/playlist.m3u8,playlist,surrit.com
https://missav123.com/en/ktb-120-uncensored-leak,,https://surrit.com/53a4faeb-6c98-44e2-91aa-4d9065d7f255/1080p/video.m3u8,1080p,surrit.com
https://missav123.com/en/ktb-120-uncensored-leak,,https://surrit.com/53a4faeb-6c98-44e2-91aa-4d9065d7f255/720p/video.m3u8,720p,surrit.com
https://missav123.com/en/ktb-120-uncensored-leak,,https://surrit.com/53a4faeb-6c98-44e2-91aa-4d9065d7f255/playlist.m3u8,playlist,surrit.com
https://missav123.com/en/luxu-966-uncensored-leak,,https://surrit.com/bde692b5-1a38-41e4-985f-03feec5a8c08/1080p/video.m3u8,1080p,surrit.com
https://missav123.com/en/luxu-966-uncensored-leak,,https://surrit.com/bde692b5-1a38-41e4-985f-03feec5a8c08/720p/video.m3u8,720p,surrit.com
https://missav123.com/en/luxu-966-uncensored-leak,,https://surrit.com/bde692b5-1a38-41e4-985f-03feec5a8c08/playlist.m3u8,playlist,surrit.com
https://missav123.com/en/meyd-378-uncensored-leak,,https://surrit.com/df265b87-d3ad-42fe-8ce5-905144e1c8ac/1080p/video.m3u8,1080p,surrit.com
https://missav123.com/en/meyd-378-uncensored-leak,,https://surrit.com/df265b87-d3ad-42fe-8ce5-905144e1c8ac/720p/video.m3u8,720p,surrit.com
https://missav123.com/en/meyd-378-uncensored-leak,,https://surrit.com/df265b87-d3ad-42fe-8ce5-905144e1c8ac/playlist.m3u8,playlist,surrit.com
https://missav123.com/en/mfcl-032-uncensored-leak,,https://surrit.com/7a2fb6fc-9fb7-4de9-bfa5-fa3871f212e4/1080p/video.m3u8,1080p,surrit.com
https://missav123.com/en/mfcl-032-uncensored-leak,,https://surrit.com/7a2fb6fc-9fb7-4de9-bfa5-fa3871f212e4/720p/video.m3u8,720p,surrit.com
https://missav123.com/en/mfcl-032-uncensored-leak,,https://surrit.com/7a2fb6fc-9fb7-4de9-bfa5-fa3871f212e4/playlist.m3u8,playlist,surrit.com
https://missav123.com/en/mfyd-003-english-subtitle,,https://surrit.com/9e21eb6d-8c85-43e3-8fae-2b5cdb7be491/1080p/video.m3u8,1080p,surrit.com
https://missav123.com/en/mfyd-003-english-subtitle,,https://surrit.com/9e21eb6d-8c85-43e3-8fae-2b5cdb7be491/720p/video.m3u8,720p,surrit.com
https://missav123.com/en/mfyd-003-english-subtitle,,https://surrit.com/9e21eb6d-8c85-43e3-8fae-2b5cdb7be491/playlist.m3u8,playlist,surrit.com
https://missav123.com/en/mkmp-747,mkmp-747,https://surrit.com/65cd21b8-4bb3-4b17-b0ab-39f5c306475b/1080p/video.m3u8,1080p,surrit.com
https://missav123.com/en/mkmp-747,mkmp-747,https://surrit.com/65cd21b8-4bb3-4b17-b0ab-39f5c306475b/720p/video.m3u8,720p,surrit.com
https://missav123.com/en/mkmp-747,mkmp-747,https://surrit.com/65cd21b8-4bb3-4b17-b0ab-39f5c306475b/playlist.m3u8,playlist,surrit.com
https://missav123.com/en/mkmp-750,mkmp-750,https://surrit.com/078ff8a4-3cc3-4517-ac90-3d39291de3eb/1080p/video.m3u8,1080p,surrit.com
https://missav123.com/en/mkmp-750,mkmp-750,https://surrit.com/078ff8a4-3cc3-4517-ac90-3d39291de3eb/720p/video.m3u8,720p,surrit.com
https://missav123.com/en/mkmp-750,mkmp-750,https://surrit.com/078ff8a4-3cc3-4517-ac90-3d39291de3eb/playlist.m3u8,playlist,surrit.com
https://missav123.com/en/mooc-025-uncensored-leak,,https://surrit.com/632b85a1-cd12-4242-93c1-46926ca011f4/1080p/video.m3u8,1080p,surrit.com
https://missav123.com/en/mooc-025-uncensored-leak,,https://surrit.com/632b85a1-cd12-4242-93c1-46926ca011f4/720p/video.m3u8,720p,surrit.com
https://missav123.com/en/mooc-025-uncensored-leak,,https://surrit.com/632b85a1-cd12-4242-93c1-46926ca011f4/playlist.m3u8,playlist,surrit.com
https://missav123.com/en/mopp-125-uncensored-leak,,https://surrit.com/4cbeece4-6e5a-46cd-85bb-08ed52578303/1080p/video.m3u8,1080p,surrit.com
https://missav123.com/en/mopp-125-uncensored-leak,,https://surrit.com/4cbeece4-6e5a-46cd-85bb-08ed52578303/720p/video.m3u8,720p,surrit.com
https://missav123.com/en/mopp-125-uncensored-leak,,https://surrit.com/4cbeece4-6e5a-46cd-85bb-08ed52578303/playlist.m3u8,playlist,surrit.com
https://missav123.com/en/murikuri-013-uncensored-leak,,https://surrit.com/a837cae9-d2ec-438b-8326-87b56e2b0822/1080p/video.m3u8,1080p,surrit.com
https://missav123.com/en/murikuri-013-uncensored-leak,,https://surrit.com/a837cae9-d2ec-438b-8326-87b56e2b0822/720p/video.m3u8,720p,surrit.com
https://missav123.com/en/murikuri-013-uncensored-leak,,https://surrit.com/a837cae9-d2ec-438b-8326-87b56e2b0822/playlist.m3u8,playlist,surrit.com
https://missav123.com/en/mvg-166-uncensored-leak,,https://surrit.com/c3e396f7-0eec-4cdb-960a-42b798d2c361/1080p/video.m3u8,1080p,surrit.com
https://missav123.com/en/mvg-166-uncensored-leak,,https://surrit.com/c3e396f7-0eec-4cdb-960a-42b798d2c361/720p/video.m3u8,720p,surrit.com
https://missav123.com/en/mvg-166-uncensored-leak,,https://surrit.com/c3e396f7-0eec-4cdb-960a-42b798d2c361/playlist.m3u8,playlist,surrit.com
https://missav123.com/en/mvg-167-uncensored-leak,,https://surrit.com/e834e5fd-8b45-410d-9925-bfd797ffb2d8/1080p/video.m3u8,1080p,surrit.com
https://missav123.com/en/mvg-167-uncensored-leak,,https://surrit.com/e834e5fd-8b45-410d-9925-bfd797ffb2d8/720p/video.m3u8,720p,surrit.com
https://missav123.com/en/mvg-167-uncensored-leak,,https://surrit.com/e834e5fd-8b45-410d-9925-bfd797ffb2d8/playlist.m3u8,playlist,surrit.com
https://missav123.com/en/mvg-170,mvg-170,https://surrit.com/6dd28f06-6098-47b9-bcab-1dee9577d9fa/1080p/video.m3u8,1080p,surrit.com
https://missav123.com/en/mvg-170,mvg-170,https://surrit.com/6dd28f06-6098-47b9-bcab-1dee9577d9fa/720p/video.m3u8,720p,surrit.com
https://missav123.com/en/mvg-170,mvg-170,https://surrit.com/6dd28f06-6098-47b9-bcab-1dee9577d9fa/playlist.m3u8,playlist,surrit.com
https://missav123.com/en/nact-167-uncensored-leak,,https://surrit.com/4556edd3-247e-4069-8b5c-050547f3799d/1080p/video.m3u8,1080p,surrit.com
https://missav123.com/en/nact-167-uncensored-leak,,https://surrit.com/4556edd3-247e-4069-8b5c-050547f3799d/720p/video.m3u8,720p,surrit.com
https://missav123.com/en/nact-167-uncensored-leak,,https://surrit.com/4556edd3-247e-4069-8b5c-050547f3799d/playlist.m3u8,playlist,surrit.com
https://missav123.com/en/nact-168-uncensored-leak,,https://surrit.com/ff7a094e-ed57-4a55-adaa-43a14204e227/1080p/video.m3u8,1080p,surrit.com
https://missav123.com/en/nact-168-uncensored-leak,,https://surrit.com/ff7a094e-ed57-4a55-adaa-43a14204e227/720p/video.m3u8,720p,surrit.com
https://missav123.com/en/nact-168-uncensored-leak,,https://surrit.com/ff7a094e-ed57-4a55-adaa-43a14204e227/playlist.m3u8,playlist,surrit.com
https://missav123.com/en/nhdtc-167-uncensored-leak,,https://surrit.com/e880c5fe-f2da-4cc0-a84a-dcbd9c0eddf6/1080p/video.m3u8,1080p,surrit.com
https://missav123.com/en/nhdtc-167-uncensored-leak,,https://surrit.com/e880c5fe-f2da-4cc0-a84a-dcbd9c0eddf6/720p/video.m3u8,720p,surrit.com
https://missav123.com/en/nhdtc-167-uncensored-leak,,https://surrit.com/e880c5fe-f2da-4cc0-a84a-dcbd9c0eddf6/playlist.m3u8,playlist,surrit.com
https://missav123.com/en/nsfs-143-uncensored-leak,,https://surrit.com/ff9d9ef9-b40b-43de-8b6d-1eef506bd97f/1080p/video.m3u8,1080p,surrit.com
https://missav123.com/en/nsfs-143-uncensored-leak,,https://surrit.com/ff9d9ef9-b40b-43de-8b6d-1eef506bd97f/720p/video.m3u8,720p,surrit.com
https://missav123.com/en/nsfs-143-uncensored-leak,,https://surrit.com/ff9d9ef9-b40b-43de-8b6d-1eef506bd97f/playlist.m3u8,playlist,surrit.com
https://missav123.com/en/nvh-082-uncensored-leak,,https://surrit.com/5be42652-42d3-4f46-9be7-56ba3d794c29/1080p/video.m3u8,1080p,surrit.com
https://missav123.com/en/nvh-082-uncensored-leak,,https://surrit.com/5be42652-42d3-4f46-9be7-56ba3d794c29/720p/video.m3u8,720p,surrit.com
https://missav123.com/en/nvh-082-uncensored-leak,,https://surrit.com/5be42652-42d3-4f46-9be7-56ba3d794c29/playlist.m3u8,playlist,surrit.com
https://missav123.com/en/rki-704-uncensored-leak,,https://surrit.com/2d0506ea-414c-4a3f-a05a-81c9f6213c68/1080p/video.m3u8,1080p,surrit.com
https://missav123.com/en/rki-704-uncensored-leak,,https://surrit.com/2d0506ea-414c-4a3f-a05a-81c9f6213c68/720p/video.m3u8,720p,surrit.com
https://missav123.com/en/rki-704-uncensored-leak,,https://surrit.com/2d0506ea-414c-4a3f-a05a-81c9f6213c68/playlist.m3u8,playlist,surrit.com
https://missav123.com/en/rlmp-005,rlmp-005,https://surrit.com/f55a3d5b-5516-4efb-b8fb-1fe5dbc29f18/1080p/video.m3u8,1080p,surrit.com
https://missav123.com/en/rlmp-005,rlmp-005,https://surrit.com/f55a3d5b-5516-4efb-b8fb-1fe5dbc29f18/720p/video.m3u8,720p,surrit.com
https://missav123.com/en/rlmp-005,rlmp-005,https://surrit.com/f55a3d5b-5516-4efb-b8fb-1fe5dbc29f18/playlist.m3u8,playlist,surrit.com
https://missav123.com/en/rlmp-006,rlmp-006,https://surrit.com/2797b6ff-33d5-4402-a0ab-7ed44e63393b/1080p/video.m3u8,1080p,surrit.com
https://missav123.com/en/rlmp-006,rlmp-006,https://surrit.com/2797b6ff-33d5-4402-a0ab-7ed44e63393b/720p/video.m3u8,720p,surrit.com
https://missav123.com/en/rlmp-006,rlmp-006,https://surrit.com/2797b6ff-33d5-4402-a0ab-7ed44e63393b/playlist.m3u8,playlist,surrit.com
https://missav123.com/en/roe-356-english-subtitle,,https://surrit.com/c09dfa46-3afb-4c71-860f-d1994fed119c/1080p/video.m3u8,1080p,surrit.com
https://missav123.com/en/roe-356-english-subtitle,,https://surrit.com/c09dfa46-3afb-4c71-860f-d1994fed119c/720p/video.m3u8,720p,surrit.com
https://missav123.com/en/roe-356-english-subtitle,,https://surrit.com/c09dfa46-3afb-4c71-860f-d1994fed119c/playlist.m3u8,playlist,surrit.com
https://missav123.com/en/roe-450-english-subtitle,,https://surrit.com/dd9eced1-08b9-40e1-a32f-dea1bf6f1e3c/1080p/video.m3u8,1080p,surrit.com
https://missav123.com/en/roe-450-english-subtitle,,https://surrit.com/dd9eced1-08b9-40e1-a32f-dea1bf6f1e3c/720p/video.m3u8,720p,surrit.com
https://missav123.com/en/roe-450-english-subtitle,,https://surrit.com/dd9eced1-08b9-40e1-a32f-dea1bf6f1e3c/playlist.m3u8,playlist,surrit.com
https://missav123.com/en/roe-459-english-subtitle,,https://surrit.com/9bf9d376-d1d5-4626-a4e9-ce5b90d86dea/480p/video.m3u8,480p,surrit.com
https://missav123.com/en/roe-459-english-subtitle,,https://surrit.com/9bf9d376-d1d5-4626-a4e9-ce5b90d86dea/playlist.m3u8,playlist,surrit.com
https://missav123.com/en/roe-468-english-subtitle,,https://surrit.com/770baa4a-bb99-437a-877e-49a29b3e9b14/480p/video.m3u8,480p,surrit.com
https://missav123.com/en/roe-468-english-subtitle,,https://surrit.com/770baa4a-bb99-437a-877e-49a29b3e9b14/playlist.m3u8,playlist,surrit.com
https://missav123.com/en/same-158-english-subtitle,,https://surrit.com/0322b79b-5a67-4e0e-a851-a8f445a9d954/1080p/video.m3u8,1080p,surrit.com
https://missav123.com/en/same-158-english-subtitle,,https://surrit.com/0322b79b-5a67-4e0e-a851-a8f445a9d954/720p/video.m3u8,720p,surrit.com
https://missav123.com/en/same-158-english-subtitle,,https://surrit.com/0322b79b-5a67-4e0e-a851-a8f445a9d954/playlist.m3u8,playlist,surrit.com
https://missav123.com/en/scr-349-uncensored-leak,,https://surrit.com/0a572f8a-36cc-49f1-80ea-c5957437d83c/1080p/video.m3u8,1080p,surrit.com
https://missav123.com/en/scr-349-uncensored-leak,,https://surrit.com/0a572f8a-36cc-49f1-80ea-c5957437d83c/720p/video.m3u8,720p,surrit.com
https://missav123.com/en/scr-349-uncensored-leak,,https://surrit.com/0a572f8a-36cc-49f1-80ea-c5957437d83c/playlist.m3u8,playlist,surrit.com
https://missav123.com/en/sgki-096-uncensored-leak,,https://surrit.com/35f39b66-c062-4362-8d69-547463c87390/1080p/video.m3u8,1080p,surrit.com
https://missav123.com/en/sgki-096-uncensored-leak,,https://surrit.com/35f39b66-c062-4362-8d69-547463c87390/720p/video.m3u8,720p,surrit.com
https://missav123.com/en/sgki-096-uncensored-leak,,https://surrit.com/35f39b66-c062-4362-8d69-547463c87390/playlist.m3u8,playlist,surrit.com
https://missav123.com/en/siro-5723-uncensored-leak,,https://surrit.com/656e2eb9-82b6-4ed4-9f52-cb8ce1c97305/1080p/video.m3u8,1080p,surrit.com
https://missav123.com/en/siro-5723-uncensored-leak,,https://surrit.com/656e2eb9-82b6-4ed4-9f52-cb8ce1c97305/720p/video.m3u8,720p,surrit.com
https://missav123.com/en/siro-5723-uncensored-leak,,https://surrit.com/656e2eb9-82b6-4ed4-9f52-cb8ce1c97305/playlist.m3u8,playlist,surrit.com
https://missav123.com/en/snos-163-english-subtitle,,https://surrit.com/308853d1-cd51-451d-a391-8d35a22855a9/480p/video.m3u8,480p,surrit.com
https://missav123.com/en/snos-163-english-subtitle,,https://surrit.com/308853d1-cd51-451d-a391-8d35a22855a9/playlist.m3u8,playlist,surrit.com
https://missav123.com/en/snos-270,snos-270,https://surrit.com/89606bf8-2d85-49a7-a462-9ea2c29b0d16/720p/video.m3u8,720p,surrit.com
https://missav123.com/en/snos-270,snos-270,https://surrit.com/89606bf8-2d85-49a7-a462-9ea2c29b0d16/playlist.m3u8,playlist,surrit.com
https://missav123.com/en/snos-306,snos-306,https://surrit.com/67709bbe-17d9-49b6-ab7e-7fe55adca251/720p/video.m3u8,720p,surrit.com
https://missav123.com/en/snos-306,snos-306,https://surrit.com/67709bbe-17d9-49b6-ab7e-7fe55adca251/playlist.m3u8,playlist,surrit.com
https://missav123.com/en/snos-321,snos-321,https://surrit.com/cbd3ae9a-1590-49e8-a62c-f21e6002f751/720p/video.m3u8,720p,surrit.com
https://missav123.com/en/snos-321,snos-321,https://surrit.com/cbd3ae9a-1590-49e8-a62c-f21e6002f751/playlist.m3u8,playlist,surrit.com
https://missav123.com/en/snos-353,snos-353,https://surrit.com/8428db31-80e8-4d6b-bb59-21a9b9e8480c/720p/video.m3u8,720p,surrit.com
https://missav123.com/en/snos-353,snos-353,https://surrit.com/8428db31-80e8-4d6b-bb59-21a9b9e8480c/playlist.m3u8,480p,surrit.com
https://missav123.com/en/snos-361,snos-361,https://surrit.com/9e3f04c8-001d-48a4-b5fd-f6dac26ccf95/720p/video.m3u8,720p,surrit.com
https://missav123.com/en/snos-361,snos-361,https://surrit.com/9e3f04c8-001d-48a4-b5fd-f6dac26ccf95/playlist.m3u8,playlist,surrit.com
https://missav123.com/en/sone-582-uncensored-leak,,https://surrit.com/6781ea7a-41fb-4a8c-9794-c9e6e561f1c6/1080p/video.m3u8,1080p,surrit.com
https://missav123.com/en/sone-582-uncensored-leak,,https://surrit.com/6781ea7a-41fb-4a8c-9794-c9e6e561f1c6/720p/video.m3u8,720p,surrit.com
https://missav123.com/en/sone-582-uncensored-leak,,https://surrit.com/6781ea7a-41fb-4a8c-9794-c9e6e561f1c6/playlist.m3u8,playlist,surrit.com
https://missav123.com/en/sone-607-uncensored-leak,,https://surrit.com/a0c42846-686d-4349-9654-1a7c9ab76a35/1080p/video.m3u8,1080p,surrit.com
https://missav123.com/en/sone-607-uncensored-leak,,https://surrit.com/a0c42846-686d-4349-9654-1a7c9ab76a35/720p/video.m3u8,720p,surrit.com
https://missav123.com/en/sone-607-uncensored-leak,,https://surrit.com/a0c42846-686d-4349-9654-1a7c9ab76a35/playlist.m3u8,playlist,surrit.com
https://missav123.com/en/sone-620-uncensored-leak,,https://surrit.com/8fb4400a-3b2a-441a-94f4-762b4d4c020c/1080p/video.m3u8,1080p,surrit.com
https://missav123.com/en/sone-620-uncensored-leak,,https://surrit.com/8fb4400a-3b2a-441a-94f4-762b4d4c020c/720p/video.m3u8,720p,surrit.com
https://missav123.com/en/sone-620-uncensored-leak,,https://surrit.com/8fb4400a-3b2a-441a-94f4-762b4d4c020c/playlist.m3u8,playlist,surrit.com
https://missav123.com/en/sone-621-uncensored-leak,,https://surrit.com/9b64c907-5c30-444e-b2dd-70bc53a01504/1080p/video.m3u8,1080p,surrit.com
https://missav123.com/en/sone-621-uncensored-leak,,https://surrit.com/9b64c907-5c30-444e-b2dd-70bc53a01504/720p/video.m3u8,720p,surrit.com
https://missav123.com/en/sone-621-uncensored-leak,,https://surrit.com/9b64c907-5c30-444e-b2dd-70bc53a01504/playlist.m3u8,playlist,surrit.com
https://missav123.com/en/sone-631-uncensored-leak,,https://surrit.com/8bc1b6d5-af4d-4172-8a9d-9abd7363e9e4/1080p/video.m3u8,1080p,surrit.com
https://missav123.com/en/sone-631-uncensored-leak,,https://surrit.com/8bc1b6d5-af4d-4172-8a9d-9abd7363e9e4/720p/video.m3u8,720p,surrit.com
https://missav123.com/en/sone-631-uncensored-leak,,https://surrit.com/8bc1b6d5-af4d-4172-8a9d-9abd7363e9e4/playlist.m3u8,playlist,surrit.com
https://missav123.com/en/sone-634-uncensored-leak,,https://surrit.com/845adbef-b1b3-40d0-a7ee-d36dd34a6e39/1080p/video.m3u8,1080p,surrit.com
https://missav123.com/en/sone-634-uncensored-leak,,https://surrit.com/845adbef-b1b3-40d0-a7ee-d36dd34a6e39/720p/video.m3u8,720p,surrit.com
https://missav123.com/en/sone-634-uncensored-leak,,https://surrit.com/845adbef-b1b3-40d0-a7ee-d36dd34a6e39/playlist.m3u8,playlist,surrit.com
https://missav123.com/en/sone-635-uncensored-leak,,https://surrit.com/5f61c950-9dfa-4781-9dda-cd01c9e7454c/1080p/video.m3u8,1080p,surrit.com
https://missav123.com/en/sone-635-uncensored-leak,,https://surrit.com/5f61c950-9dfa-4781-9dda-cd01c9e7454c/720p/video.m3u8,720p,surrit.com
https://missav123.com/en/sone-635-uncensored-leak,,https://surrit.com/5f61c950-9dfa-4781-9dda-cd01c9e7454c/playlist.m3u8,playlist,surrit.com
https://missav123.com/en/sone-636-uncensored-leak,,https://surrit.com/c1fe1e4e-bdd0-4eeb-81fe-af5652311dfa/1080p/video.m3u8,1080p,surrit.com
https://missav123.com/en/sone-636-uncensored-leak,,https://surrit.com/c1fe1e4e-bdd0-4eeb-81fe-af5652311dfa/720p/video.m3u8,720p,surrit.com
https://missav123.com/en/sone-636-uncensored-leak,,https://surrit.com/c1fe1e4e-bdd0-4eeb-81fe-af5652311dfa/playlist.m3u8,playlist,surrit.com
https://missav123.com/en/sone-639-uncensored-leak,,https://surrit.com/9e04e339-be52-4272-81db-5a82ac74fbcb/1080p/video.m3u8,1080p,surrit.com
https://missav123.com/en/sone-639-uncensored-leak,,https://surrit.com/9e04e339-be52-4272-81db-5a82ac74fbcb/720p/video.m3u8,720p,surrit.com
https://missav123.com/en/sone-639-uncensored-leak,,https://surrit.com/9e04e339-be52-4272-81db-5a82ac74fbcb/playlist.m3u8,playlist,surrit.com
https://missav123.com/en/sora-642-uncensored-leak,,https://surrit.com/921a6129-f736-4998-a27b-2a61eee52683/720p/video.m3u8,720p,surrit.com
https://missav123.com/en/sora-642-uncensored-leak,,https://surrit.com/921a6129-f736-4998-a27b-2a61eee52683/playlist.m3u8,playlist,surrit.com
https://missav123.com/en/sqte-573-uncensored-leak,,https://surrit.com/2ec65f5f-e7ab-4752-88cf-0f61684753e9/1080p/video.m3u8,1080p,surrit.com
https://missav123.com/en/sqte-573-uncensored-leak,,https://surrit.com/2ec65f5f-e7ab-4752-88cf-0f61684753e9/720p/video.m3u8,720p,surrit.com
https://missav123.com/en/sqte-573-uncensored-leak,,https://surrit.com/2ec65f5f-e7ab-4752-88cf-0f61684753e9/playlist.m3u8,playlist,surrit.com
https://missav123.com/en/stars-342-uncensored-leak,,https://surrit.com/4373901e-8cf6-4b67-833c-048d6ef9f87e/720p/video.m3u8,720p,surrit.com
https://missav123.com/en/stars-342-uncensored-leak,,https://surrit.com/4373901e-8cf6-4b67-833c-048d6ef9f87e/playlist.m3u8,playlist,surrit.com
https://missav123.com/en/start-242-uncensored-leak,,https://surrit.com/bf8df2db-8e96-41e7-a8a9-b89fa796f22c/720p/video.m3u8,720p,surrit.com
https://missav123.com/en/start-242-uncensored-leak,,https://surrit.com/bf8df2db-8e96-41e7-a8a9-b89fa796f22c/playlist.m3u8,playlist,surrit.com
https://missav123.com/en/start-587-uncensored-leak,,https://surrit.com/19262556-951c-48f5-bea3-5268f929109d/1080p/video.m3u8,1080p,surrit.com
https://missav123.com/en/start-587-uncensored-leak,,https://surrit.com/19262556-951c-48f5-bea3-5268f929109d/720p/video.m3u8,720p,surrit.com
https://missav123.com/en/start-587-uncensored-leak,,https://surrit.com/19262556-951c-48f5-bea3-5268f929109d/playlist.m3u8,playlist,surrit.com
https://missav123.com/en/start-609-uncensored-leak,,https://surrit.com/71e2cba9-0cd8-46b9-8a7a-455743257bd3/1080p/video.m3u8,1080p,surrit.com
https://missav123.com/en/start-609-uncensored-leak,,https://surrit.com/71e2cba9-0cd8-46b9-8a7a-455743257bd3/720p/video.m3u8,720p,surrit.com
https://missav123.com/en/start-609-uncensored-leak,,https://surrit.com/71e2cba9-0cd8-46b9-8a7a-455743257bd3/playlist.m3u8,playlist,surrit.com
https://missav123.com/en/sw-1061-uncensored-leak,,https://surrit.com/58f4ed07-8b10-49b3-993f-71ff1c7e0180/1080p/video.m3u8,1080p,surrit.com
https://missav123.com/en/sw-1061-uncensored-leak,,https://surrit.com/58f4ed07-8b10-49b3-993f-71ff1c7e0180/720p/video.m3u8,720p,surrit.com
https://missav123.com/en/sw-1061-uncensored-leak,,https://surrit.com/58f4ed07-8b10-49b3-993f-71ff1c7e0180/playlist.m3u8,playlist,surrit.com
https://missav123.com/en/tnoz-049,tnoz-049,https://surrit.com/ba97c800-a66f-4b1d-a500-8e84e60dbce5/1080p/video.m3u8,1080p,surrit.com
https://missav123.com/en/tnoz-049,tnoz-049,https://surrit.com/ba97c800-a66f-4b1d-a500-8e84e60dbce5/720p/video.m3u8,720p,surrit.com
https://missav123.com/en/tnoz-049,tnoz-049,https://surrit.com/ba97c800-a66f-4b1d-a500-8e84e60dbce5/playlist.m3u8,playlist,surrit.com
https://missav123.com/en/umd-1014-uncensored-leak,,https://surrit.com/6341a8ee-97ad-47b0-9e45-21a43c34d941/1080p/video.m3u8,1080p,surrit.com
https://missav123.com/en/umd-1014-uncensored-leak,,https://surrit.com/6341a8ee-97ad-47b0-9e45-21a43c34d941/720p/video.m3u8,720p,surrit.com
https://missav123.com/en/umd-1014-uncensored-leak,,https://surrit.com/6341a8ee-97ad-47b0-9e45-21a43c34d941/playlist.m3u8,playlist,surrit.com
https://missav123.com/en/urkn-2202,urkn-2202,https://surrit.com/bfd7e235-b3cd-46de-8e39-b592f20b6588/1080p/video.m3u8,1080p,surrit.com
https://missav123.com/en/urkn-2202,urkn-2202,https://surrit.com/bfd7e235-b3cd-46de-8e39-b592f20b6588/720p/video.m3u8,720p,surrit.com
https://missav123.com/en/urkn-2202,urkn-2202,https://surrit.com/bfd7e235-b3cd-46de-8e39-b592f20b6588/playlist.m3u8,playlist,surrit.com
https://missav123.com/en/urmt-008,urmt-008,https://surrit.com/19a25745-c4cc-4ac9-b74b-68db413a3cb3/1080p/video.m3u8,1080p,surrit.com
https://missav123.com/en/urmt-008,urmt-008,https://surrit.com/19a25745-c4cc-4ac9-b74b-68db413a3cb3/720p/video.m3u8,720p,surrit.com
https://missav123.com/en/urmt-008,urmt-008,https://surrit.com/19a25745-c4cc-4ac9-b74b-68db413a3cb3/playlist.m3u8,playlist,surrit.com
https://missav123.com/en/usag-096-uncensored-leak,,https://surrit.com/7e3f98b3-bf65-4509-bd19-85ef3699f65e/1080p/video.m3u8,1080p,surrit.com
https://missav123.com/en/usag-096-uncensored-leak,,https://surrit.com/7e3f98b3-bf65-4509-bd19-85ef3699f65e/720p/video.m3u8,720p,surrit.com
https://missav123.com/en/usag-096-uncensored-leak,,https://surrit.com/7e3f98b3-bf65-4509-bd19-85ef3699f65e/playlist.m3u8,playlist,surrit.com
https://missav123.com/en/vec-687-uncensored-leak,,https://surrit.com/46d0a29a-2a9c-4505-9dcd-49d645009882/1080p/video.m3u8,1080p,surrit.com
https://missav123.com/en/vec-687-uncensored-leak,,https://surrit.com/46d0a29a-2a9c-4505-9dcd-49d645009882/720p/video.m3u8,720p,surrit.com
https://missav123.com/en/vec-687-uncensored-leak,,https://surrit.com/46d0a29a-2a9c-4505-9dcd-49d645009882/playlist.m3u8,playlist,surrit.com
https://missav123.com/en/vrnc-043-uncensored-leak,,https://surrit.com/8951440a-2d58-4345-9065-d68af1d614f7/720p/video.m3u8,720p,surrit.com
https://missav123.com/en/vrnc-043-uncensored-leak,,https://surrit.com/8951440a-2d58-4345-9065-d68af1d614f7/playlist.m3u8,playlist,surrit.com
https://missav123.com/en/waaa-641-uncensored-leak,,https://surrit.com/2b370708-10d7-42fb-9371-095a0eee0b7c/1080p/video.m3u8,1080p,surrit.com
https://missav123.com/en/waaa-641-uncensored-leak,,https://surrit.com/2b370708-10d7-42fb-9371-095a0eee0b7c/720p/video.m3u8,720p,surrit.com
https://missav123.com/en/waaa-641-uncensored-leak,,https://surrit.com/2b370708-10d7-42fb-9371-095a0eee0b7c/playlist.m3u8,playlist,surrit.com
https://missav123.com/en/waaa-654-uncensored-leak,,https://surrit.com/633e1778-6a1e-4d0a-bd98-b549f182e4c6/1080p/video.m3u8,1080p,surrit.com
https://missav123.com/en/waaa-654-uncensored-leak,,https://surrit.com/633e1778-6a1e-4d0a-bd98-b549f182e4c6/720p/video.m3u8,720p,surrit.com
https://missav123.com/en/waaa-654-uncensored-leak,,https://surrit.com/633e1778-6a1e-4d0a-bd98-b549f182e4c6/playlist.m3u8,playlist,surrit.com
https://missav123.com/en/waaa-655-uncensored-leak,,https://surrit.com/3148f2c4-d7bc-4909-809e-79f375c3bb35/1080p/video.m3u8,1080p,surrit.com
https://missav123.com/en/waaa-655-uncensored-leak,,https://surrit.com/3148f2c4-d7bc-4909-809e-79f375c3bb35/720p/video.m3u8,720p,surrit.com
https://missav123.com/en/waaa-655-uncensored-leak,,https://surrit.com/3148f2c4-d7bc-4909-809e-79f375c3bb35/playlist.m3u8,playlist,surrit.com
https://missav123.com/en/waaa-657,waaa-657,https://surrit.com/ab6cba32-e531-4617-9090-c3a33b55ad76/720p/video.m3u8,720p,surrit.com
https://missav123.com/en/waaa-657,waaa-657,https://surrit.com/ab6cba32-e531-4617-9090-c3a33b55ad76/playlist.m3u8,playlist,surrit.com
https://missav123.com/en/waaa-657-uncensored-leak,,https://surrit.com/7812224c-5a1e-48c1-a87e-436cb464bff9/1080p/video.m3u8,1080p,surrit.com
https://missav123.com/en/waaa-657-uncensored-leak,,https://surrit.com/7812224c-5a1e-48c1-a87e-436cb464bff9/720p/video.m3u8,720p,surrit.com
https://missav123.com/en/waaa-657-uncensored-leak,,https://surrit.com/7812224c-5a1e-48c1-a87e-436cb464bff9/playlist.m3u8,playlist,surrit.com
https://missav123.com/en/waaa-658-uncensored-leak,,https://surrit.com/4d4bef69-8e1e-4976-8893-61a66208b2a5/1080p/video.m3u8,1080p,surrit.com
https://missav123.com/en/waaa-658-uncensored-leak,,https://surrit.com/4d4bef69-8e1e-4976-8893-61a66208b2a5/720p/video.m3u8,720p,surrit.com
https://missav123.com/en/waaa-658-uncensored-leak,,https://surrit.com/4d4bef69-8e1e-4976-8893-61a66208b2a5/playlist.m3u8,playlist,surrit.com
https://missav123.com/en/waaa-659-uncensored-leak,,https://surrit.com/d52e27b7-db67-4246-ab81-c264ebd66647/1080p/video.m3u8,1080p,surrit.com
https://missav123.com/en/waaa-659-uncensored-leak,,https://surrit.com/d52e27b7-db67-4246-ab81-c264ebd66647/720p/video.m3u8,720p,surrit.com
https://missav123.com/en/waaa-659-uncensored-leak,,https://surrit.com/d52e27b7-db67-4246-ab81-c264ebd66647/playlist.m3u8,playlist,surrit.com
https://missav123.com/en/waaa-661-uncensored-leak,,https://surrit.com/244c1407-5c5f-4a65-ba5c-66913fcd481f/1080p/video.m3u8,1080p,surrit.com
https://missav123.com/en/waaa-661-uncensored-leak,,https://surrit.com/244c1407-5c5f-4a65-ba5c-66913fcd481f/720p/video.m3u8,720p,surrit.com
https://missav123.com/en/waaa-661-uncensored-leak,,https://surrit.com/244c1407-5c5f-4a65-ba5c-66913fcd481f/playlist.m3u8,playlist,surrit.com
https://missav123.com/en/waaa-662-uncensored-leak,,https://surrit.com/c9133043-5d1d-40d4-8241-79d03a33c03b/1080p/video.m3u8,1080p,surrit.com
https://missav123.com/en/waaa-662-uncensored-leak,,https://surrit.com/c9133043-5d1d-40d4-8241-79d03a33c03b/720p/video.m3u8,720p,surrit.com
https://missav123.com/en/waaa-662-uncensored-leak,,https://surrit.com/c9133043-5d1d-40d4-8241-79d03a33c03b/playlist.m3u8,playlist,surrit.com
https://missav123.com/en/waaa-663-uncensored-leak,,https://surrit.com/48abf744-1463-4376-ba35-965f875206cf/1080p/video.m3u8,1080p,surrit.com
https://missav123.com/en/waaa-663-uncensored-leak,,https://surrit.com/48abf744-1463-4376-ba35-965f875206cf/720p/video.m3u8,720p,surrit.com
https://missav123.com/en/waaa-663-uncensored-leak,,https://surrit.com/48abf744-1463-4376-ba35-965f875206cf/playlist.m3u8,playlist,surrit.com
https://missav123.com/en/waaa-666-uncensored-leak,,https://surrit.com/494506c3-6ca5-4143-890a-abb434fb6868/1080p/video.m3u8,1080p,surrit.com
https://missav123.com/en/waaa-666-uncensored-leak,,https://surrit.com/494506c3-6ca5-4143-890a-abb434fb6868/720p/video.m3u8,720p,surrit.com
https://missav123.com/en/waaa-666-uncensored-leak,,https://surrit.com/494506c3-6ca5-4143-890a-abb434fb6868/playlist.m3u8,playlist,surrit.com
https://missav123.com/en/waaa-668-uncensored-leak,,https://surrit.com/0d37466a-16b9-4b0c-890d-2578ebe015ae/1080p/video.m3u8,1080p,surrit.com
https://missav123.com/en/waaa-668-uncensored-leak,,https://surrit.com/0d37466a-16b9-4b0c-890d-2578ebe015ae/720p/video.m3u8,720p,surrit.com
https://missav123.com/en/waaa-668-uncensored-leak,,https://surrit.com/0d37466a-16b9-4b0c-890d-2578ebe015ae/playlist.m3u8,playlist,surrit.com
https://missav123.com/en/waaa-669-uncensored-leak,,https://surrit.com/4a0f0880-aa9b-4906-aac1-23d1a7eca835/1080p/video.m3u8,1080p,surrit.com
https://missav123.com/en/waaa-669-uncensored-leak,,https://surrit.com/4a0f0880-aa9b-4906-aac1-23d1a7eca835/720p/video.m3u8,720p,surrit.com
https://missav123.com/en/waaa-669-uncensored-leak,,https://surrit.com/4a0f0880-aa9b-4906-aac1-23d1a7eca835/playlist.m3u8,playlist,surrit.com
https://missav123.com/en/waaa-670-uncensored-leak,,https://surrit.com/8f6c614e-1863-449b-9cac-a6d98ab81b71/1080p/video.m3u8,1080p,surrit.com
https://missav123.com/en/waaa-670-uncensored-leak,,https://surrit.com/8f6c614e-1863-449b-9cac-a6d98ab81b71/720p/video.m3u8,720p,surrit.com
https://missav123.com/en/waaa-670-uncensored-leak,,https://surrit.com/8f6c614e-1863-449b-9cac-a6d98ab81b71/playlist.m3u8,playlist,surrit.com
https://missav123.com/en/waaa-671,waaa-671,https://surrit.com/8a60c42f-0bc5-45f0-bc2c-d28634465301/1080p/video.m3u8,1080p,surrit.com
https://missav123.com/en/waaa-671,waaa-671,https://surrit.com/8a60c42f-0bc5-45f0-bc2c-d28634465301/720p/video.m3u8,720p,surrit.com
https://missav123.com/en/waaa-671,waaa-671,https://surrit.com/8a60c42f-0bc5-45f0-bc2c-d28634465301/playlist.m3u8,playlist,surrit.com
https://missav123.com/en/waaa-671-uncensored-leak,,https://surrit.com/e071ce43-8812-4122-b1bc-07d38aa00776/720p/video.m3u8,720p,surrit.com
https://missav123.com/en/waaa-671-uncensored-leak,,https://surrit.com/e071ce43-8812-4122-b1bc-07d38aa00776/playlist.m3u8,playlist,surrit.com
https://missav123.com/en/waaa-672-uncensored-leak,,https://surrit.com/6da3c063-4cb6-4742-8890-271d05eb0e72/1080p/video.m3u8,1080p,surrit.com
https://missav123.com/en/waaa-672-uncensored-leak,,https://surrit.com/6da3c063-4cb6-4742-8890-271d05eb0e72/720p/video.m3u8,720p,surrit.com
https://missav123.com/en/waaa-672-uncensored-leak,,https://surrit.com/6da3c063-4cb6-4742-8890-271d05eb0e72/playlist.m3u8,playlist,surrit.com
https://missav123.com/en/waaa-673-uncensored-leak,,https://surrit.com/624008cf-f68f-42cb-9d9f-2af6cb5b3fe2/1080p/video.m3u8,1080p,surrit.com
https://missav123.com/en/waaa-673-uncensored-leak,,https://surrit.com/624008cf-f68f-42cb-9d9f-2af6cb5b3fe2/720p/video.m3u8,720p,surrit.com
https://missav123.com/en/waaa-673-uncensored-leak,,https://surrit.com/624008cf-f68f-42cb-9d9f-2af6cb5b3fe2/playlist.m3u8,playlist,surrit.com
https://missav123.com/en/waaa-674-uncensored-leak,,https://surrit.com/b16c060b-ac55-45e6-8198-2bc446701d0e/1080p/video.m3u8,1080p,surrit.com
https://missav123.com/en/waaa-674-uncensored-leak,,https://surrit.com/b16c060b-ac55-45e6-8198-2bc446701d0e/720p/video.m3u8,720p,surrit.com
https://missav123.com/en/waaa-674-uncensored-leak,,https://surrit.com/b16c060b-ac55-45e6-8198-2bc446701d0e/playlist.m3u8,playlist,surrit.com
https://missav123.com/en/waaa-676-uncensored-leak,,https://surrit.com/2827bb29-ff3a-4ba3-87dc-564d8de53220/1080p/video.m3u8,1080p,surrit.com
https://missav123.com/en/waaa-676-uncensored-leak,,https://surrit.com/2827bb29-ff3a-4ba3-87dc-564d8de53220/720p/video.m3u8,720p,surrit.com
https://missav123.com/en/waaa-676-uncensored-leak,,https://surrit.com/2827bb29-ff3a-4ba3-87dc-564d8de53220/playlist.m3u8,playlist,surrit.com
https://missav123.com/en/waaa-678-uncensored-leak,,https://surrit.com/0af4dfee-a0ea-4b37-a16d-6fa12a9ab996/1080p/video.m3u8,1080p,surrit.com
https://missav123.com/en/waaa-678-uncensored-leak,,https://surrit.com/0af4dfee-a0ea-4b37-a16d-6fa12a9ab996/720p/video.m3u8,720p,surrit.com
https://missav123.com/en/waaa-678-uncensored-leak,,https://surrit.com/0af4dfee-a0ea-4b37-a16d-6fa12a9ab996/playlist.m3u8,playlist,surrit.com
https://missav123.com/en/waaa-679-uncensored-leak,,https://surrit.com/b23d2183-7c02-43ce-9a95-90fb4576dfb1/1080p/video.m3u8,1080p,surrit.com
https://missav123.com/en/waaa-679-uncensored-leak,,https://surrit.com/b23d2183-7c02-43ce-9a95-90fb4576dfb1/720p/video.m3u8,720p,surrit.com
https://missav123.com/en/waaa-679-uncensored-leak,,https://surrit.com/b23d2183-7c02-43ce-9a95-90fb4576dfb1/playlist.m3u8,playlist,surrit.com
