page_url,video_code,playlist_url,quality,source
https://missav123.com/dm1/en/fc2-ppv-4628415,,https://surrit.com/aa9babc9-1ff2-4fb8-89ed-c8f353ca9bcf/1080p/video.m3u8,1080p,surrit.com
https://missav123.com/dm1/en/fc2-ppv-4628415,,https://surrit.com/aa9babc9-1ff2-4fb8-89ed-c8f353ca9bcf/720p/video.m3u8,720p,surrit.com
https://missav123.com/dm1/en/fc2-ppv-4628415,,https://surrit.com/aa9babc9-1ff2-4fb8-89ed-c8f353ca9bcf/playlist.m3u8,playlist,surrit.com
https://missav123.com/dm1/en/hmn-653-uncensored-leak,,https://surrit.com/da50b557-2666-4e59-891a-b304bd5a45fa/1080p/video.m3u8,1080p,surrit.com
https://missav123.com/dm1/en/hmn-653-uncensored-leak,,https://surrit.com/da50b557-2666-4e59-891a-b304bd5a45fa/720p/video.m3u8,720p,surrit.com
https://missav123.com/dm1/en/hmn-653-uncensored-leak,,https://surrit.com/da50b557-2666-4e59-891a-b304bd5a45fa/playlist.m3u8,playlist,surrit.com
https://missav123.com/dm1/en/juy-925-english-subtitle,,https://surrit.com/2998453e-9a0e-41de-a49e-43df46f2eacf/720p/video.m3u8,720p,surrit.com
https://missav123.com/dm1/en/juy-925-english-subtitle,,https://surrit.com/2998453e-9a0e-41de-a49e-43df46f2eacf/playlist.m3u8,playlist,surrit.com
https://missav123.com/dm1/en/pppd-451-uncensored-leak,,https://surrit.com/8cb85228-5bd0-48f9-946f-9d5a4885b9ef/1080p/video.m3u8,1080p,surrit.com
https://missav123.com/dm1/en/pppd-451-uncensored-leak,,https://surrit.com/8cb85228-5bd0-48f9-946f-9d5a4885b9ef/720p/video.m3u8,720p,surrit.com
https://missav123.com/dm1/en/pppd-451-uncensored-leak,,https://surrit.com/8cb85228-5bd0-48f9-946f-9d5a4885b9ef/playlist.m3u8,playlist,surrit.com
https://missav123.com/dm1/en/real-885-uncensored-leak,,https://surrit.com/8a823f3d-9dac-456e-ad74-c4907faf0e84/1080p/video.m3u8,1080p,surrit.com
https://missav123.com/dm1/en/real-885-uncensored-leak,,https://surrit.com/8a823f3d-9dac-456e-ad74-c4907faf0e84/720p/video.m3u8,720p,surrit.com
https://missav123.com/dm1/en/real-885-uncensored-leak,,https://surrit.com/8a823f3d-9dac-456e-ad74-c4907faf0e84/playlist.m3u8,playlist,surrit.com
https://missav123.com/dm1/en/sone-562-uncensored-leak,,https://surrit.com/e627c638-4f21-4057-bfa5-15ecf6f37652/1080p/video.m3u8,1080p,surrit.com
https://missav123.com/dm1/en/sone-562-uncensored-leak,,https://surrit.com/e627c638-4f21-4057-bfa5-15ecf6f37652/720p/video.m3u8,720p,surrit.com
https://missav123.com/dm1/en/sone-562-uncensored-leak,,https://surrit.com/e627c638-4f21-4057-bfa5-15ecf6f37652/playlist.m3u8,playlist,surrit.com
https://missav123.com/dm1/en/sone-615-uncensored-leak,,https://surrit.com/34ca45c2-ea04-4496-b90f-a40ee128a6b2/720p/video.m3u8,720p,surrit.com
https://missav123.com/dm1/en/sone-615-uncensored-leak,,https://surrit.com/34ca45c2-ea04-4496-b90f-a40ee128a6b2/playlist.m3u8,playlist,surrit.com
https://missav123.com/dm1/en/start-169-uncensored-leak,,https://surrit.com/2edb5134-ece4-4049-9e0c-9ac9db69f57d/1080p/video.m3u8,1080p,surrit.com
https://missav123.com/dm1/en/start-169-uncensored-leak,,https://surrit.com/2edb5134-ece4-4049-9e0c-9ac9db69f57d/720p/video.m3u8,720p,surrit.com
https://missav123.com/dm1/en/start-169-uncensored-leak,,https://surrit.com/2edb5134-ece4-4049-9e0c-9ac9db69f57d/playlist.m3u8,playlist,surrit.com
https://missav123.com/dm13/en/stars-573-uncensored-leak,,https://surrit.com/96b5dd49-7435-43df-b22d-fbe932706922/1280x720/video.m3u8,720p,surrit.com
https://missav123.com/dm13/en/stars-573-uncensored-leak,,https://surrit.com/96b5dd49-7435-43df-b22d-fbe932706922/842x480/video.m3u8,480p,surrit.com
https://missav123.com/dm13/en/stars-573-uncensored-leak,,https://surrit.com/96b5dd49-7435-43df-b22d-fbe932706922/playlist.m3u8,playlist,surrit.com
https://missav123.com/dm14/en/fpre-004-uncensored-leak,,https://surrit.com/fae66c99-5962-4f7f-bc50-ef76f666bc5c/1280x720/video.m3u8,720p,surrit.com
https://missav123.com/dm14/en/fpre-004-uncensored-leak,,https://surrit.com/fae66c99-5962-4f7f-bc50-ef76f666bc5c/842x480/video.m3u8,480p,surrit.com
https://missav123.com/dm14/en/fpre-004-uncensored-leak,,https://surrit.com/fae66c99-5962-4f7f-bc50-ef76f666bc5c/playlist.m3u8,playlist,surrit.com
https://missav123.com/dm14/en/ipzz-301-uncensored-leak,,https://surrit.com/79517f66-e779-424c-94a9-c3745b65224f/1080p/video.m3u8,1080p,surrit.com
https://missav123.com/dm14/en/ipzz-301-uncensored-leak,,https://surrit.com/79517f66-e779-424c-94a9-c3745b65224f/720p/video.m3u8,720p,surrit.com
https://missav123.com/dm14/en/ipzz-301-uncensored-leak,,https://surrit.com/79517f66-e779-424c-94a9-c3745b65224f/playlist.m3u8,playlist,surrit.com
https://missav123.com/dm14/en/mudr-235-uncensored-leak,,https://surrit.com/0dc6630c-e5cb-4d1c-ba2a-4d601868e71f/1280x720/video.m3u8,720p,surrit.com
https://missav123.com/dm14/en/mudr-235-uncensored-leak,,https://surrit.com/0dc6630c-e5cb-4d1c-ba2a-4d601868e71f/842x480/video.m3u8,480p,surrit.com
https://missav123.com/dm14/en/mudr-235-uncensored-leak,,https://surrit.com/0dc6630c-e5cb-4d1c-ba2a-4d601868e71f/playlist.m3u8,playlist,surrit.com
https://missav123.com/dm14/en/sone-341-uncensored-leak,,https://surrit.com/8edbd1ea-b392-4c1b-b91a-d66fe45adb29/1080p/video.m3u8,1080p,surrit.com
https://missav123.com/dm14/en/sone-341-uncensored-leak,,https://surrit.com/8edbd1ea-b392-4c1b-b91a-d66fe45adb29/720p/video.m3u8,720p,surrit.com
https://missav123.com/dm14/en/sone-341-uncensored-leak,,https://surrit.com/8edbd1ea-b392-4c1b-b91a-d66fe45adb29/playlist.m3u8,playlist,surrit.com
https://missav123.com/dm15/en/dass-468-uncensored-leak,,https://surrit.com/70c7a77d-aa00-4ebe-8bda-4c31f48f92e6/1080p/video.m3u8,1080p,surrit.com
https://missav123.com/dm15/en/dass-468-uncensored-leak,,https://surrit.com/70c7a77d-aa00-4ebe-8bda-4c31f48f92e6/720p/video.m3u8,720p,surrit.com
https://missav123.com/dm15/en/dass-468-uncensored-leak,,https://surrit.com/70c7a77d-aa00-4ebe-8bda-4c31f48f92e6/playlist.m3u8,playlist,surrit.com
https://missav123.com/dm15/en/mimk-138-uncensored-leak,,https://surrit.com/a0e76827-a962-45d1-936e-cd877c37befc/1280x720/video.m3u8,720p,surrit.com
https://missav123.com/dm15/en/mimk-138-uncensored-leak,,https://surrit.com/a0e76827-a962-45d1-936e-cd877c37befc/842x480/video.m3u8,480p,surrit.com
https://missav123.com/dm15/en/mimk-138-uncensored-leak,,https://surrit.com/a0e76827-a962-45d1-936e-cd877c37befc/playlist.m3u8,playlist,surrit.com
https://missav123.com/dm15/en/ssis-870-uncensored-leak,,https://surrit.com/d6c1086d-23c5-4cda-a146-97878330ae09/720p/video.m3u8,720p,surrit.com
https://missav123.com/dm15/en/ssis-870-uncensored-leak,,https://surrit.com/d6c1086d-23c5-4cda-a146-97878330ae09/playlist.m3u8,playlist,surrit.com
https://missav123.com/dm15/en/ssis-951-uncensored-leak,,https://surrit.com/7010314a-0098-4094-ba6d-1e2516b5dac4/1280x720/video.m3u8,720p,surrit.com
https://missav123.com/dm15/en/ssis-951-uncensored-leak,,https://surrit.com/7010314a-0098-4094-ba6d-1e2516b5dac4/842x480/video.m3u8,480p,surrit.com
https://missav123.com/dm15/en/ssis-951-uncensored-leak,,https://surrit.com/7010314a-0098-4094-ba6d-1e2516b5dac4/playlist.m3u8,playlist,surrit.com
https://missav123.com/dm16/en/jul-876-uncensored-leak,,https://surrit.com/b1b00bb1-fdde-4f88-830c-33e63242f3f0/720p/video.m3u8,720p,surrit.com
https://missav123.com/dm16/en/jul-876-uncensored-leak,,https://surrit.com/b1b00bb1-fdde-4f88-830c-33e63242f3f0/playlist.m3u8,playlist,surrit.com
https://missav123.com/dm17/en/sone-525-uncensored-leak,,https://surrit.com/6f7ddfca-eff2-4cbb-b49b-94bac9d9c582/1080p/video.m3u8,1080p,surrit.com
https://missav123.com/dm17/en/sone-525-uncensored-leak,,https://surrit.com/6f7ddfca-eff2-4cbb-b49b-94bac9d9c582/720p/video.m3u8,720p,surrit.com
https://missav123.com/dm17/en/sone-525-uncensored-leak,,https://surrit.com/6f7ddfca-eff2-4cbb-b49b-94bac9d9c582/playlist.m3u8,playlist,surrit.com
https://missav123.com/dm19/en/meyd-928-uncensored-leak,,https://surrit.com/11a26896-d178-4e42-82cf-6528a70fb572/1080p/video.m3u8,1080p,surrit.com
https://missav123.com/dm19/en/meyd-928-uncensored-leak,,https://surrit.com/11a26896-d178-4e42-82cf-6528a70fb572/720p/video.m3u8,720p,surrit.com
https://missav123.com/dm19/en/meyd-928-uncensored-leak,,https://surrit.com/11a26896-d178-4e42-82cf-6528a70fb572/playlist.m3u8,playlist,surrit.com
https://missav123.com/dm2/en/juy-837-uncensored-leak,,https://surrit.com/0abe5b29-879b-4622-ab70-5625bdbb8796/1080p/video.m3u8,1080p,surrit.com
https://missav123.com/dm2/en/juy-837-uncensored-leak,,https://surrit.com/0abe5b29-879b-4622-ab70-5625bdbb8796/720p/video.m3u8,720p,surrit.com
https://missav123.com/dm2/en/juy-837-uncensored-leak,,https://surrit.com/0abe5b29-879b-4622-ab70-5625bdbb8796/playlist.m3u8,playlist,surrit.com
https://missav123.com/dm2/en/mide-903-uncensored-leak,,https://surrit.com/206bb723-d53b-446f-a607-58208408d313/720p/video.m3u8,720p,surrit.com
https://missav123.com/dm2/en/mide-903-uncensored-leak,,https://surrit.com/206bb723-d53b-446f-a607-58208408d313/playlist.m3u8,playlist,surrit.com
https://missav123.com/dm2/en/mimk-044-uncensored-leak,,https://surrit.com/469ee206-b8c6-4abc-96df-9fc36ebb5b2c/1080p/video.m3u8,1080p,surrit.com
https://missav123.com/dm2/en/mimk-044-uncensored-leak,,https://surrit.com/469ee206-b8c6-4abc-96df-9fc36ebb5b2c/720p/video.m3u8,720p,surrit.com
https://missav123.com/dm2/en/mimk-044-uncensored-leak,,https://surrit.com/469ee206-b8c6-4abc-96df-9fc36ebb5b2c/playlist.m3u8,playlist,surrit.com
https://missav123.com/dm2/en/sone-569-uncensored-leak,,https://surrit.com/c6380682-8239-4dcf-92c2-fbcee6a91807/1080p/video.m3u8,1080p,surrit.com
https://missav123.com/dm2/en/sone-569-uncensored-leak,,https://surrit.com/c6380682-8239-4dcf-92c2-fbcee6a91807/720p/video.m3u8,720p,surrit.com
https://missav123.com/dm2/en/sone-569-uncensored-leak,,https://surrit.com/c6380682-8239-4dcf-92c2-fbcee6a91807/playlist.m3u8,playlist,surrit.com
https://missav123.com/dm2/en/ssni-727-uncensored-leak,,https://surrit.com/695932e8-5220-4adc-b455-7929606ce2a3/1080p/video.m3u8,1080p,surrit.com
https://missav123.com/dm2/en/ssni-727-uncensored-leak,,https://surrit.com/695932e8-5220-4adc-b455-7929606ce2a3/720p/video.m3u8,720p,surrit.com
https://missav123.com/dm2/en/ssni-727-uncensored-leak,,https://surrit.com/695932e8-5220-4adc-b455-7929606ce2a3/playlist.m3u8,playlist,surrit.com
https://missav123.com/dm25/en/juq-446-uncensored-leak,,https://surrit.com/b563efdb-21ba-4059-99db-743149fce879/1280x720/video.m3u8,720p,surrit.com
https://missav123.com/dm25/en/juq-446-uncensored-leak,,https://surrit.com/b563efdb-21ba-4059-99db-743149fce879/842x480/video.m3u8,480p,surrit.com
https://missav123.com/dm25/en/juq-446-uncensored-leak,,https://surrit.com/b563efdb-21ba-4059-99db-743149fce879/playlist.m3u8,playlist,surrit.com
https://missav123.com/dm26/en/cjod-408-uncensored-leak,,https://surrit.com/a5331ac3-b9af-48b2-941c-7d0fd9f371e7/1080p/video.m3u8,1080p,surrit.com
https://missav123.com/dm26/en/cjod-408-uncensored-leak,,https://surrit.com/a5331ac3-b9af-48b2-941c-7d0fd9f371e7/720p/video.m3u8,720p,surrit.com
https://missav123.com/dm26/en/cjod-408-uncensored-leak,,https://surrit.com/a5331ac3-b9af-48b2-941c-7d0fd9f371e7/playlist.m3u8,playlist,surrit.com
https://missav123.com/dm26/en/jul-208-uncensored-leak,,https://surrit.com/b1dc8bf0-e87f-48b7-b872-870ec4ea60b2/480p/video.m3u8,480p,surrit.com
https://missav123.com/dm26/en/jul-208-uncensored-leak,,https://surrit.com/b1dc8bf0-e87f-48b7-b872-870ec4ea60b2/playlist.m3u8,playlist,surrit.com
https://missav123.com/dm26/en/jul-305-uncensored-leak,,https://surrit.com/0b7fc776-79ed-4560-a514-06d0fde1ed2e/1080p/video.m3u8,1080p,surrit.com
https://missav123.com/dm26/en/jul-305-uncensored-leak,,https://surrit.com/0b7fc776-79ed-4560-a514-06d0fde1ed2e/720p/video.m3u8,720p,surrit.com
https://missav123.com/dm26/en/jul-305-uncensored-leak,,https://surrit.com/0b7fc776-79ed-4560-a514-06d0fde1ed2e/playlist.m3u8,playlist,surrit.com
https://missav123.com/dm27/en/mide-781-uncensored-leak,,https://surrit.com/056f2df3-29e0-4676-8aa4-8876c4b2a1df/1080p/video.m3u8,1080p,surrit.com
https://missav123.com/dm27/en/mide-781-uncensored-leak,,https://surrit.com/056f2df3-29e0-4676-8aa4-8876c4b2a1df/720p/video.m3u8,720p,surrit.com
https://missav123.com/dm27/en/mide-781-uncensored-leak,,https://surrit.com/056f2df3-29e0-4676-8aa4-8876c4b2a1df/playlist.m3u8,playlist,surrit.com
https://missav123.com/dm28/en/miab-170-uncensored-leak,,https://surrit.com/4f301670-0ad7-4194-abce-f93efc76061a/1080p/video.m3u8,1080p,surrit.com
https://missav123.com/dm28/en/miab-170-uncensored-leak,,https://surrit.com/4f301670-0ad7-4194-abce-f93efc76061a/720p/video.m3u8,720p,surrit.com
https://missav123.com/dm28/en/miab-170-uncensored-leak,,https://surrit.com/4f301670-0ad7-4194-abce-f93efc76061a/playlist.m3u8,playlist,surrit.com
https://missav123.com/dm28/en/sone-146-uncensored-leak,,https://surrit.com/790092aa-b130-44d2-9111-bb524da16f89/1080p/video.m3u8,1080p,surrit.com
https://missav123.com/dm28/en/sone-146-uncensored-leak,,https://surrit.com/790092aa-b130-44d2-9111-bb524da16f89/720p/video.m3u8,720p,surrit.com
https://missav123.com/dm28/en/sone-146-uncensored-leak,,https://surrit.com/790092aa-b130-44d2-9111-bb524da16f89/playlist.m3u8,playlist,surrit.com
https://missav123.com/dm29/en/jux-816-uncensored-leak,,https://surrit.com/49f8f259-f610-404a-b1dd-9880f9ba068b/1280x720/video.m3u8,720p,surrit.com
https://missav123.com/dm29/en/jux-816-uncensored-leak,,https://surrit.com/49f8f259-f610-404a-b1dd-9880f9ba068b/842x480/video.m3u8,480p,surrit.com
https://missav123.com/dm29/en/jux-816-uncensored-leak,,https://surrit.com/49f8f259-f610-404a-b1dd-9880f9ba068b/playlist.m3u8,playlist,surrit.com
https://missav123.com/dm29/en/waaa-462-uncensored-leak,,https://surrit.com/cca75677-5a8a-453b-85d2-51d75e6c59b3/1080p/video.m3u8,1080p,surrit.com
https://missav123.com/dm29/en/waaa-462-uncensored-leak,,https://surrit.com/cca75677-5a8a-453b-85d2-51d75e6c59b3/720p/video.m3u8,720p,surrit.com
https://missav123.com/dm29/en/waaa-462-uncensored-leak,,https://surrit.com/cca75677-5a8a-453b-85d2-51d75e6c59b3/playlist.m3u8,playlist,surrit.com
https://missav123.com/dm3/en/sone-228-uncensored-leak,,https://surrit.com/8882e326-0ddb-4924-a481-d84f823a1b38/1080p/video.m3u8,1080p,surrit.com
https://missav123.com/dm3/en/sone-228-uncensored-leak,,https://surrit.com/8882e326-0ddb-4924-a481-d84f823a1b38/720p/video.m3u8,720p,surrit.com
https://missav123.com/dm3/en/sone-228-uncensored-leak,,https://surrit.com/8882e326-0ddb-4924-a481-d84f823a1b38/playlist.m3u8,playlist,surrit.com
https://missav123.com/dm30/en/sone-479-uncensored-leak,,https://surrit.com/0b7b1e14-8dec-4290-9a7d-ae8a32942aee/1080p/video.m3u8,1080p,surrit.com
https://missav123.com/dm30/en/sone-479-uncensored-leak,,https://surrit.com/0b7b1e14-8dec-4290-9a7d-ae8a32942aee/720p/video.m3u8,720p,surrit.com
https://missav123.com/dm30/en/sone-479-uncensored-leak,,https://surrit.com/0b7b1e14-8dec-4290-9a7d-ae8a32942aee/playlist.m3u8,playlist,surrit.com
https://missav123.com/dm31/en/ebwh-084-uncensored-leak,,https://surrit.com/3b98cab6-237f-4e3d-9bdb-559a9d8e8eec/1080p/video.m3u8,1080p,surrit.com
https://missav123.com/dm31/en/ebwh-084-uncensored-leak,,https://surrit.com/3b98cab6-237f-4e3d-9bdb-559a9d8e8eec/720p/video.m3u8,720p,surrit.com
https://missav123.com/dm31/en/ebwh-084-uncensored-leak,,https://surrit.com/3b98cab6-237f-4e3d-9bdb-559a9d8e8eec/playlist.m3u8,playlist,surrit.com
https://missav123.com/dm31/en/fc2-ppv-2430778,,https://surrit.com/2951af4d-d04e-42fc-8ed6-a1665599fc51/1280x720/video.m3u8,720p,surrit.com
https://missav123.com/dm31/en/fc2-ppv-2430778,,https://surrit.com/2951af4d-d04e-42fc-8ed6-a1665599fc51/842x480/video.m3u8,480p,surrit.com
https://missav123.com/dm31/en/fc2-ppv-2430778,,https://surrit.com/2951af4d-d04e-42fc-8ed6-a1665599fc51/playlist.m3u8,playlist,surrit.com
https://missav123.com/dm31/en/ipzz-492-uncensored-leak,,https://surrit.com/b02d4687-958f-4cf4-9986-56fbdfc1197b/1080p/video.m3u8,1080p,surrit.com
https://missav123.com/dm31/en/ipzz-492-uncensored-leak,,https://surrit.com/b02d4687-958f-4cf4-9986-56fbdfc1197b/720p/video.m3u8,720p,surrit.com
https://missav123.com/dm31/en/ipzz-492-uncensored-leak,,https://surrit.com/b02d4687-958f-4cf4-9986-56fbdfc1197b/playlist.m3u8,playlist,surrit.com
https://missav123.com/dm31/en/meyd-568-uncensored-leak,,https://surrit.com/998feecc-9bdd-48f1-82ff-ae5ba659cc04/1080p/video.m3u8,1080p,surrit.com
https://missav123.com/dm31/en/meyd-568-uncensored-leak,,https://surrit.com/998feecc-9bdd-48f1-82ff-ae5ba659cc04/720p/video.m3u8,720p,surrit.com
https://missav123.com/dm31/en/meyd-568-uncensored-leak,,https://surrit.com/998feecc-9bdd-48f1-82ff-ae5ba659cc04/playlist.m3u8,playlist,surrit.com
https://missav123.com/dm31/en/n0843,,https://surrit.com/602c934a-66a3-4177-adf5-760392825e36/1280x720/video.m3u8,720p,surrit.com
https://missav123.com/dm31/en/n0843,,https://surrit.com/602c934a-66a3-4177-adf5-760392825e36/842x480/video.m3u8,480p,surrit.com
https://missav123.com/dm31/en/n0843,,https://surrit.com/602c934a-66a3-4177-adf5-760392825e36/playlist.m3u8,playlist,surrit.com
https://missav123.com/dm32/en/juq-988-uncensored-leak,,https://surrit.com/91a89dce-305b-4c24-bfa0-2e87cb39b465/1080p/video.m3u8,1080p,surrit.com
https://missav123.com/dm32/en/juq-988-uncensored-leak,,https://surrit.com/91a89dce-305b-4c24-bfa0-2e87cb39b465/720p/video.m3u8,720p,surrit.com
https://missav123.com/dm32/en/juq-988-uncensored-leak,,https://surrit.com/91a89dce-305b-4c24-bfa0-2e87cb39b465/playlist.m3u8,playlist,surrit.com
https://missav123.com/dm34/en/tek-067-uncensored-leak,,https://surrit.com/f4501209-60e9-453b-bd70-2242ec42faa9/1080p/video.m3u8,1080p,surrit.com
https://missav123.com/dm34/en/tek-067-uncensored-leak,,https://surrit.com/f4501209-60e9-453b-bd70-2242ec42faa9/720p/video.m3u8,720p,surrit.com
https://missav123.com/dm34/en/tek-067-uncensored-leak,,https://surrit.com/f4501209-60e9-453b-bd70-2242ec42faa9/playlist.m3u8,playlist,surrit.com
https://missav123.com/dm36/en/ssni-799-uncensored-leak,,https://surrit.com/535e3314-fb11-48cd-bcdf-c5066bbc3265/1280x720/video.m3u8,720p,surrit.com
https://missav123.com/dm36/en/ssni-799-uncensored-leak,,https://surrit.com/535e3314-fb11-48cd-bcdf-c5066bbc3265/842x480/video.m3u8,480p,surrit.com
https://missav123.com/dm36/en/ssni-799-uncensored-leak,,https://surrit.com/535e3314-fb11-48cd-bcdf-c5066bbc3265/playlist.m3u8,playlist,surrit.com
https://missav123.com/dm39/en/ssis-116-uncensored-leak,,https://surrit.com/51dd0abc-b535-4cbb-a385-9a564fda9603/1280x720/video.m3u8,720p,surrit.com
https://missav123.com/dm39/en/ssis-116-uncensored-leak,,https://surrit.com/51dd0abc-b535-4cbb-a385-9a564fda9603/842x480/video.m3u8,480p,surrit.com
https://missav123.com/dm39/en/ssis-116-uncensored-leak,,https://surrit.com/51dd0abc-b535-4cbb-a385-9a564fda9603/playlist.m3u8,playlist,surrit.com
https://missav123.com/dm39/en/ssis-117-uncensored-leak,,https://surrit.com/c085d965-67aa-48e7-b9ec-5672d35117e2/1280x720/video.m3u8,720p,surrit.com
https://missav123.com/dm39/en/ssis-117-uncensored-leak,,https://surrit.com/c085d965-67aa-48e7-b9ec-5672d35117e2/842x480/video.m3u8,480p,surrit.com
https://missav123.com/dm39/en/ssis-117-uncensored-leak,,https://surrit.com/c085d965-67aa-48e7-b9ec-5672d35117e2/playlist.m3u8,playlist,surrit.com
https://missav123.com/dm4/en/aarm-250-uncensored-leak,,https://surrit.com/1c25585d-2d21-4aed-9326-d0b9dc624867/1080p/video.m3u8,1080p,surrit.com
https://missav123.com/dm4/en/aarm-250-uncensored-leak,,https://surrit.com/1c25585d-2d21-4aed-9326-d0b9dc624867/720p/video.m3u8,720p,surrit.com
https://missav123.com/dm4/en/aarm-250-uncensored-leak,,https://surrit.com/1c25585d-2d21-4aed-9326-d0b9dc624867/playlist.m3u8,playlist,surrit.com
https://missav123.com/dm40/en/jul-792-uncensored-leak,,https://surrit.com/23d6cd0b-e5cc-4e01-9b86-dd513c608980/1280x720/video.m3u8,720p,surrit.com
https://missav123.com/dm40/en/jul-792-uncensored-leak,,https://surrit.com/23d6cd0b-e5cc-4e01-9b86-dd513c608980/842x480/video.m3u8,480p,surrit.com
https://missav123.com/dm40/en/jul-792-uncensored-leak,,https://surrit.com/23d6cd0b-e5cc-4e01-9b86-dd513c608980/playlist.m3u8,playlist,surrit.com
https://missav123.com/dm41/en/miaa-430-uncensored-leak,,https://surrit.com/9191b376-a3e0-40b8-81f7-9caac78c24d7/720p/video.m3u8,720p,surrit.com
https://missav123.com/dm41/en/miaa-430-uncensored-leak,,https://surrit.com/9191b376-a3e0-40b8-81f7-9caac78c24d7/playlist.m3u8,playlist,surrit.com
https://missav123.com/dm41/en/ssni-466-uncensored-leak,,https://surrit.com/d4b63aba-bc73-4822-a7b4-29328656f4c5/1280x720/video.m3u8,720p,surrit.com
https://missav123.com/dm41/en/ssni-466-uncensored-leak,,https://surrit.com/d4b63aba-bc73-4822-a7b4-29328656f4c5/842x480/video.m3u8,480p,surrit.com
https://missav123.com/dm41/en/ssni-466-uncensored-leak,,https://surrit.com/d4b63aba-bc73-4822-a7b4-29328656f4c5/playlist.m3u8,playlist,surrit.com
https://missav123.com/dm42/en/adn-516-uncensored-leak,,https://surrit.com/41fa7b4d-95ec-47c8-9fe8-08cd10a7f1cc/1280x720/video.m3u8,720p,surrit.com
https://missav123.com/dm42/en/adn-516-uncensored-leak,,https://surrit.com/41fa7b4d-95ec-47c8-9fe8-08cd10a7f1cc/842x480/video.m3u8,480p,surrit.com
https://missav123.com/dm42/en/adn-516-uncensored-leak,,https://surrit.com/41fa7b4d-95ec-47c8-9fe8-08cd10a7f1cc/playlist.m3u8,playlist,surrit.com
https://missav123.com/dm42/en/dass-491-uncensored-leak,,https://surrit.com/03480528-5336-4a84-b0cf-6d8932f64bfe/1080p/video.m3u8,1080p,surrit.com
https://missav123.com/dm42/en/dass-491-uncensored-leak,,https://surrit.com/03480528-5336-4a84-b0cf-6d8932f64bfe/720p/video.m3u8,720p,surrit.com
https://missav123.com/dm42/en/dass-491-uncensored-leak,,https://surrit.com/03480528-5336-4a84-b0cf-6d8932f64bfe/playlist.m3u8,480p,surrit.com
https://missav123.com/dm42/en/miab-343-uncensored-leak,,https://surrit.com/d48d8a3f-3aa6-4385-9d88-67f4a7a53b46/1080p/video.m3u8,1080p,surrit.com
https://missav123.com/dm42/en/miab-343-uncensored-leak,,https://surrit.com/d48d8a3f-3aa6-4385-9d88-67f4a7a53b46/720p/video.m3u8,720p,surrit.com
https://missav123.com/dm42/en/miab-343-uncensored-leak,,https://surrit.com/d48d8a3f-3aa6-4385-9d88-67f4a7a53b46/playlist.m3u8,playlist,surrit.com
https://missav123.com/dm44/en/juq-797-uncensored-leak,,https://surrit.com/79b4d812-ba52-4849-a270-25b8557f557a/1080p/video.m3u8,1080p,surrit.com
https://missav123.com/dm44/en/juq-797-uncensored-leak,,https://surrit.com/79b4d812-ba52-4849-a270-25b8557f557a/720p/video.m3u8,720p,surrit.com
https://missav123.com/dm44/en/juq-797-uncensored-leak,,https://surrit.com/79b4d812-ba52-4849-a270-25b8557f557a/playlist.m3u8,playlist,surrit.com
https://missav123.com/dm44/en/same-090-uncensored-leak,,https://surrit.com/56855da2-32c7-4ef7-bdf4-3bbcd7f66b42/1280x720/video.m3u8,720p,surrit.com
https://missav123.com/dm44/en/same-090-uncensored-leak,,https://surrit.com/56855da2-32c7-4ef7-bdf4-3bbcd7f66b42/842x480/video.m3u8,480p,surrit.com
https://missav123.com/dm44/en/same-090-uncensored-leak,,https://surrit.com/56855da2-32c7-4ef7-bdf4-3bbcd7f66b42/playlist.m3u8,playlist,surrit.com
https://missav123.com/dm46/en/sone-499-uncensored-leak,,https://surrit.com/7a8e83b8-3e0b-4e5d-9ffc-d49e04f4493b/1080p/video.m3u8,1080p,surrit.com
https://missav123.com/dm46/en/sone-499-uncensored-leak,,https://surrit.com/7a8e83b8-3e0b-4e5d-9ffc-d49e04f4493b/720p/video.m3u8,720p,surrit.com
https://missav123.com/dm46/en/sone-499-uncensored-leak,,https://surrit.com/7a8e83b8-3e0b-4e5d-9ffc-d49e04f4493b/playlist.m3u8,playlist,surrit.com
https://missav123.com/dm49/en/ipzz-188-uncensored-leak,,https://surrit.com/135742e7-180f-48ff-9583-0c9d944c8fa7/1280x720/video.m3u8,720p,surrit.com
https://missav123.com/dm49/en/ipzz-188-uncensored-leak,,https://surrit.com/135742e7-180f-48ff-9583-0c9d944c8fa7/842x480/video.m3u8,480p,surrit.com
https://missav123.com/dm49/en/ipzz-188-uncensored-leak,,https://surrit.com/135742e7-180f-48ff-9583-0c9d944c8fa7/playlist.m3u8,playlist,surrit.com
https://missav123.com/dm5/en/fjin-058-uncensored-leak,,https://surrit.com/49194005-09fc-46a4-a188-5e67b4bde9f7/1080p/video.m3u8,1080p,surrit.com
https://missav123.com/dm5/en/fjin-058-uncensored-leak,,https://surrit.com/49194005-09fc-46a4-a188-5e67b4bde9f7/720p/video.m3u8,720p,surrit.com
https://missav123.com/dm5/en/fjin-058-uncensored-leak,,https://surrit.com/49194005-09fc-46a4-a188-5e67b4bde9f7/playlist.m3u8,playlist,surrit.com
https://missav123.com/dm5/en/homa-095-uncensored-leak,,https://surrit.com/9c548864-0bdf-48e4-ba88-55917d4672e1/1080p/video.m3u8,1080p,surrit.com
https://missav123.com/dm5/en/homa-095-uncensored-leak,,https://surrit.com/9c548864-0bdf-48e4-ba88-55917d4672e1/720p/video.m3u8,720p,surrit.com
https://missav123.com/dm5/en/homa-095-uncensored-leak,,https://surrit.com/9c548864-0bdf-48e4-ba88-55917d4672e1/playlist.m3u8,playlist,surrit.com
https://missav123.com/dm51/en/ure-055-uncensored-leak,,https://surrit.com/194b555f-fa50-443b-a478-5b2c1f45f858/1280x720/video.m3u8,720p,surrit.com
https://missav123.com/dm51/en/ure-055-uncensored-leak,,https://surrit.com/194b555f-fa50-443b-a478-5b2c1f45f858/842x480/video.m3u8,480p,surrit.com
https://missav123.com/dm51/en/ure-055-uncensored-leak,,https://surrit.com/194b555f-fa50-443b-a478-5b2c1f45f858/playlist.m3u8,playlist,surrit.com
https://missav123.com/dm52/en/ssis-211-uncensored-leak,,https://surrit.com/34a37cfb-b167-4fc5-a389-97f7af280a92/1280x720/video.m3u8,720p,surrit.com
https://missav123.com/dm52/en/ssis-211-uncensored-leak,,https://surrit.com/34a37cfb-b167-4fc5-a389-97f7af280a92/842x480/video.m3u8,480p,surrit.com
https://missav123.com/dm52/en/ssis-211-uncensored-leak,,https://surrit.com/34a37cfb-b167-4fc5-a389-97f7af280a92/playlist.m3u8,playlist,surrit.com
https://missav123.com/dm53/en/sone-248-uncensored-leak,,https://surrit.com/8ffc7c34-4712-48ab-9fee-66d8b148f33e/1080p/video.m3u8,1080p,surrit.com
https://missav123.com/dm53/en/sone-248-uncensored-leak,,https://surrit.com/8ffc7c34-4712-48ab-9fee-66d8b148f33e/720p/video.m3u8,720p,surrit.com
https://missav123.com/dm53/en/sone-248-uncensored-leak,,https://surrit.com/8ffc7c34-4712-48ab-9fee-66d8b148f33e/playlist.m3u8,playlist,surrit.com
https://missav123.com/dm53/en/ssis-221-uncensored-leak,,https://surrit.com/b658fe14-ee7e-4d67-809b-5a3f4d2ef412/1280x720/video.m3u8,720p,surrit.com
https://missav123.com/dm53/en/ssis-221-uncensored-leak,,https://surrit.com/b658fe14-ee7e-4d67-809b-5a3f4d2ef412/842x480/video.m3u8,480p,surrit.com
https://missav123.com/dm53/en/ssis-221-uncensored-leak,,https://surrit.com/b658fe14-ee7e-4d67-809b-5a3f4d2ef412/playlist.m3u8,playlist,surrit.com
https://missav123.com/dm53/en/ssis-978-uncensored-leak,,https://surrit.com/fe951eee-6213-4f90-a81a-ac947b0f2eb1/1280x720/video.m3u8,720p,surrit.com
https://missav123.com/dm53/en/ssis-978-uncensored-leak,,https://surrit.com/fe951eee-6213-4f90-a81a-ac947b0f2eb1/842x480/video.m3u8,480p,surrit.com
https://missav123.com/dm53/en/ssis-978-uncensored-leak,,https://surrit.com/fe951eee-6213-4f90-a81a-ac947b0f2eb1/playlist.m3u8,playlist,surrit.com
https://missav123.com/dm53/en/ssni-025-uncensored-leak,,https://surrit.com/521a046b-0772-48a1-ab7b-c40f5a259644/1280x720/video.m3u8,720p,surrit.com
https://missav123.com/dm53/en/ssni-025-uncensored-leak,,https://surrit.com/521a046b-0772-48a1-ab7b-c40f5a259644/842x480/video.m3u8,480p,surrit.com
https://missav123.com/dm53/en/ssni-025-uncensored-leak,,https://surrit.com/521a046b-0772-48a1-ab7b-c40f5a259644/playlist.m3u8,playlist,surrit.com
https://missav123.com/dm54/en/juny-106-uncensored-leak,,https://surrit.com/e3f1d02a-9313-4855-a325-2104c15d559f/1280x720/video.m3u8,720p,surrit.com
https://missav123.com/dm54/en/juny-106-uncensored-leak,,https://surrit.com/e3f1d02a-9313-4855-a325-2104c15d559f/842x480/video.m3u8,480p,surrit.com
https://missav123.com/dm54/en/juny-106-uncensored-leak,,https://surrit.com/e3f1d02a-9313-4855-a325-2104c15d559f/playlist.m3u8,playlist,surrit.com
https://missav123.com/dm54/en/pred-376-uncensored-leak,,https://surrit.com/9213fd56-899e-4f3c-8b7d-2282f56455a2/1280x720/video.m3u8,720p,surrit.com
https://missav123.com/dm54/en/pred-376-uncensored-leak,,https://surrit.com/9213fd56-899e-4f3c-8b7d-2282f56455a2/842x480/video.m3u8,480p,surrit.com
https://missav123.com/dm54/en/pred-376-uncensored-leak,,https://surrit.com/9213fd56-899e-4f3c-8b7d-2282f56455a2/playlist.m3u8,playlist,surrit.com
https://missav123.com/dm54/en/ssni-822-uncensored-leak,,https://surrit.com/4edfc1b9-f206-4c50-867c-6b953201343a/1280x720/video.m3u8,720p,surrit.com
https://missav123.com/dm54/en/ssni-822-uncensored-leak,,https://surrit.com/4edfc1b9-f206-4c50-867c-6b953201343a/842x480/video.m3u8,480p,surrit.com
https://missav123.com/dm54/en/ssni-822-uncensored-leak,,https://surrit.com/4edfc1b9-f206-4c50-867c-6b953201343a/playlist.m3u8,playlist,surrit.com
https://missav123.com/dm55/en/jul-880-uncensored-leak,,https://surrit.com/d0fb7eba-84fd-4702-8085-4384ea49bc09/1280x720/video.m3u8,720p,surrit.com
https://missav123.com/dm55/en/jul-880-uncensored-leak,,https://surrit.com/d0fb7eba-84fd-4702-8085-4384ea49bc09/842x480/video.m3u8,480p,surrit.com
https://missav123.com/dm55/en/jul-880-uncensored-leak,,https://surrit.com/d0fb7eba-84fd-4702-8085-4384ea49bc09/playlist.m3u8,playlist,surrit.com
https://missav123.com/dm56/en/cawd-658-uncensored-leak,,https://surrit.com/6371738f-3d77-46ce-9662-93135307e5b3/1080p/video.m3u8,1080p,surrit.com
https://missav123.com/dm56/en/cawd-658-uncensored-leak,,https://surrit.com/6371738f-3d77-46ce-9662-93135307e5b3/720p/video.m3u8,720p,surrit.com
https://missav123.com/dm56/en/cawd-658-uncensored-leak,,https://surrit.com/6371738f-3d77-46ce-9662-93135307e5b3/playlist.m3u8,playlist,surrit.com
https://missav123.com/dm56/en/midv-615-uncensored-leak,,https://surrit.com/43b4ebdc-997b-409c-8083-0426a3121a5e/1280x720/video.m3u8,720p,surrit.com
https://missav123.com/dm56/en/midv-615-uncensored-leak,,https://surrit.com/43b4ebdc-997b-409c-8083-0426a3121a5e/842x480/video.m3u8,480p,surrit.com
https://missav123.com/dm56/en/midv-615-uncensored-leak,,https://surrit.com/43b4ebdc-997b-409c-8083-0426a3121a5e/playlist.m3u8,playlist,surrit.com
https://missav123.com/dm57/en/ssni-977-uncensored-leak,,https://surrit.com/cd5c074a-0817-439c-b600-407a6a648103/1080p/video.m3u8,1080p,surrit.com
https://missav123.com/dm57/en/ssni-977-uncensored-leak,,https://surrit.com/cd5c074a-0817-439c-b600-407a6a648103/720p/video.m3u8,720p,surrit.com
https://missav123.com/dm57/en/ssni-977-uncensored-leak,,https://surrit.com/cd5c074a-0817-439c-b600-407a6a648103/playlist.m3u8,playlist,surrit.com
https://missav123.com/dm59/en/ipzz-162-uncensored-leak,,https://surrit.com/53fde770-53f9-4208-9121-9c816e9de46a/1280x720/video.m3u8,720p,surrit.com
https://missav123.com/dm59/en/ipzz-162-uncensored-leak,,https://surrit.com/53fde770-53f9-4208-9121-9c816e9de46a/842x480/video.m3u8,480p,surrit.com
https://missav123.com/dm59/en/ipzz-162-uncensored-leak,,https://surrit.com/53fde770-53f9-4208-9121-9c816e9de46a/playlist.m3u8,playlist,surrit.com
https://missav123.com/dm59/en/meyd-893-uncensored-leak,,https://surrit.com/bbb333b9-c2f9-45f6-acfc-0acfbeb92a22/1080p/video.m3u8,1080p,surrit.com
https://missav123.com/dm59/en/meyd-893-uncensored-leak,,https://surrit.com/bbb333b9-c2f9-45f6-acfc-0acfbeb92a22/720p/video.m3u8,720p,surrit.com
https://missav123.com/dm59/en/meyd-893-uncensored-leak,,https://surrit.com/bbb333b9-c2f9-45f6-acfc-0acfbeb92a22/playlist.m3u8,playlist,surrit.com
https://missav123.com/dm60/en/juq-982-uncensored-leak,,https://surrit.com/931eb7dc-8ae4-4fa3-868e-f1dd8046014c/720p/video.m3u8,720p,surrit.com
https://missav123.com/dm60/en/juq-982-uncensored-leak,,https://surrit.com/931eb7dc-8ae4-4fa3-868e-f1dd8046014c/playlist.m3u8,playlist,surrit.com
https://missav123.com/dm62/en/nima-030-uncensored-leak,,https://surrit.com/3f7f7b6e-2db7-4d15-9f1c-a15ac4937cca/1080p/video.m3u8,1080p,surrit.com
https://missav123.com/dm62/en/nima-030-uncensored-leak,,https://surrit.com/3f7f7b6e-2db7-4d15-9f1c-a15ac4937cca/720p/video.m3u8,720p,surrit.com
https://missav123.com/dm62/en/nima-030-uncensored-leak,,https://surrit.com/3f7f7b6e-2db7-4d15-9f1c-a15ac4937cca/playlist.m3u8,playlist,surrit.com
https://missav123.com/dm65/en/ipx-758-uncensored-leak,,https://surrit.com/a53c2489-24d6-48e5-aa5f-06085f18fed3/1280x720/video.m3u8,720p,surrit.com
https://missav123.com/dm65/en/ipx-758-uncensored-leak,,https://surrit.com/a53c2489-24d6-48e5-aa5f-06085f18fed3/842x480/video.m3u8,480p,surrit.com
https://missav123.com/dm65/en/ipx-758-uncensored-leak,,https://surrit.com/a53c2489-24d6-48e5-aa5f-06085f18fed3/playlist.m3u8,playlist,surrit.com
https://missav123.com/dm65/en/ssis-306-uncensored-leak,,https://surrit.com/30558968-a5f4-4608-ae8e-cf7134bc0ede/1280x720/video.m3u8,720p,surrit.com
https://missav123.com/dm65/en/ssis-306-uncensored-leak,,https://surrit.com/30558968-a5f4-4608-ae8e-cf7134bc0ede/842x480/video.m3u8,480p,surrit.com
https://missav123.com/dm65/en/ssis-306-uncensored-leak,,https://surrit.com/30558968-a5f4-4608-ae8e-cf7134bc0ede/playlist.m3u8,playlist,surrit.com
https://missav123.com/dm66/en/ipzz-153-uncensored-leak,,https://surrit.com/d1450139-a732-4842-b012-b0612b8c5a7e/1280x720/video.m3u8,720p,surrit.com
https://missav123.com/dm66/en/ipzz-153-uncensored-leak,,https://surrit.com/d1450139-a732-4842-b012-b0612b8c5a7e/842x480/video.m3u8,480p,surrit.com
https://missav123.com/dm66/en/ipzz-153-uncensored-leak,,https://surrit.com/d1450139-a732-4842-b012-b0612b8c5a7e/playlist.m3u8,playlist,surrit.com
https://missav123.com/dm67/en/achj-005-uncensored-leak,,https://surrit.com/51e77f82-8d1f-4fde-8b41-53170f001aad/1280x720/video.m3u8,720p,surrit.com
https://missav123.com/dm67/en/achj-005-uncensored-leak,,https://surrit.com/51e77f82-8d1f-4fde-8b41-53170f001aad/842x480/video.m3u8,480p,surrit.com
https://missav123.com/dm67/en/achj-005-uncensored-leak,,https://surrit.com/51e77f82-8d1f-4fde-8b41-53170f001aad/playlist.m3u8,playlist,surrit.com
https://missav123.com/dm67/en/midv-643-uncensored-leak,,https://surrit.com/511e19ea-8d1c-4549-a47d-0f9f616c9e33/1080p/video.m3u8,1080p,surrit.com
https://missav123.com/dm67/en/midv-643-uncensored-leak,,https://surrit.com/511e19ea-8d1c-4549-a47d-0f9f616c9e33/720p/video.m3u8,720p,surrit.com
https://missav123.com/dm67/en/midv-643-uncensored-leak,,https://surrit.com/511e19ea-8d1c-4549-a47d-0f9f616c9e33/playlist.m3u8,playlist,surrit.com
https://missav123.com/dm69/en/cawd-621-uncensored-leak,,https://surrit.com/fdd9638e-28a0-4d75-9093-e80f0bdbc97f/1280x720/video.m3u8,720p,surrit.com
https://missav123.com/dm69/en/cawd-621-uncensored-leak,,https://surrit.com/fdd9638e-28a0-4d75-9093-e80f0bdbc97f/842x480/video.m3u8,480p,surrit.com
https://missav123.com/dm69/en/cawd-621-uncensored-leak,,https://surrit.com/fdd9638e-28a0-4d75-9093-e80f0bdbc97f/playlist.m3u8,playlist,surrit.com
https://missav123.com/dm69/en/ssis-509-uncensored-leak,,https://surrit.com/02966a00-04e2-44cb-b3ee-a57ce5bb9f99/1280x720/video.m3u8,720p,surrit.com
https://missav123.com/dm69/en/ssis-509-uncensored-leak,,https://surrit.com/02966a00-04e2-44cb-b3ee-a57ce5bb9f99/842x480/video.m3u8,480p,surrit.com
https://missav123.com/dm69/en/ssis-509-uncensored-leak,,https://surrit.com/02966a00-04e2-44cb-b3ee-a57ce5bb9f99/playlist.m3u8,playlist,surrit.com
https://missav123.com/dm70/en/ssis-615-uncensored-leak,,https://surrit.com/fa9ac0d8-dfe9-4813-87e0-e52821e4f6e2/1280x720/video.m3u8,720p,surrit.com
https://missav123.com/dm70/en/ssis-615-uncensored-leak,,https://surrit.com/fa9ac0d8-dfe9-4813-87e0-e52821e4f6e2/842x480/video.m3u8,480p,surrit.com
https://missav123.com/dm70/en/ssis-615-uncensored-leak,,https://surrit.com/fa9ac0d8-dfe9-4813-87e0-e52821e4f6e2/playlist.m3u8,playlist,surrit.com
https://missav123.com/dm77/en/midv-229-uncensored-leak,,https://surrit.com/07bae3f6-5c90-40a0-8993-7f49ef16216f/1280x720/video.m3u8,720p,surrit.com
https://missav123.com/dm77/en/midv-229-uncensored-leak,,https://surrit.com/07bae3f6-5c90-40a0-8993-7f49ef16216f/842x480/video.m3u8,480p,surrit.com
https://missav123.com/dm77/en/midv-229-uncensored-leak,,https://surrit.com/07bae3f6-5c90-40a0-8993-7f49ef16216f/playlist.m3u8,playlist,surrit.com
https://missav123.com/dm79/en/ssis-532-uncensored-leak,,https://surrit.com/3b55cdf2-43e7-45f3-9f2a-56ca9768ba8b/1280x720/video.m3u8,720p,surrit.com
https://missav123.com/dm79/en/ssis-532-uncensored-leak,,https://surrit.com/3b55cdf2-43e7-45f3-9f2a-56ca9768ba8b/842x480/video.m3u8,480p,surrit.com
https://missav123.com/dm79/en/ssis-532-uncensored-leak,,https://surrit.com/3b55cdf2-43e7-45f3-9f2a-56ca9768ba8b/playlist.m3u8,playlist,surrit.com
https://missav123.com/dm80/en/ipx-940-uncensored-leak,,https://surrit.com/f35fc5c6-6a97-4392-bb18-8f37b98b804f/1280x720/video.m3u8,720p,surrit.com
https://missav123.com/dm80/en/ipx-940-uncensored-leak,,https://surrit.com/f35fc5c6-6a97-4392-bb18-8f37b98b804f/842x480/video.m3u8,480p,surrit.com
https://missav123.com/dm80/en/ipx-940-uncensored-leak,,https://surrit.com/f35fc5c6-6a97-4392-bb18-8f37b98b804f/playlist.m3u8,playlist,surrit.com
https://missav123.com/dm81/en/ipx-883-uncensored-leak,,https://surrit.com/26758194-9358-4e41-8b9f-5bf3a4b65424/1280x720/video.m3u8,720p,surrit.com
https://missav123.com/dm81/en/ipx-883-uncensored-leak,,https://surrit.com/26758194-9358-4e41-8b9f-5bf3a4b65424/842x480/video.m3u8,480p,surrit.com
https://missav123.com/dm81/en/ipx-883-uncensored-leak,,https://surrit.com/26758194-9358-4e41-8b9f-5bf3a4b65424/playlist.m3u8,playlist,surrit.com
https://missav123.com/dm81/en/miaa-692-uncensored-leak,,https://surrit.com/79ab0abc-bce8-40ce-9dc8-ccecc91ec75d/1280x720/video.m3u8,720p,surrit.com
https://missav123.com/dm81/en/miaa-692-uncensored-leak,,https://surrit.com/79ab0abc-bce8-40ce-9dc8-ccecc91ec75d/842x480/video.m3u8,480p,surrit.com
https://missav123.com/dm81/en/miaa-692-uncensored-leak,,https://surrit.com/79ab0abc-bce8-40ce-9dc8-ccecc91ec75d/playlist.m3u8,playlist,surrit.com
https://missav123.com/dm84/en/ipx-934-uncensored-leak,,https://surrit.com/cb8040db-9ccf-43d8-937e-4b1b507ea9f0/1280x720/video.m3u8,720p,surrit.com
https://missav123.com/dm84/en/ipx-934-uncensored-leak,,https://surrit.com/cb8040db-9ccf-43d8-937e-4b1b507ea9f0/842x480/video.m3u8,480p,surrit.com
https://missav123.com/dm84/en/ipx-934-uncensored-leak,,https://surrit.com/cb8040db-9ccf-43d8-937e-4b1b507ea9f0/playlist.m3u8,playlist,surrit.com
https://missav123.com/dm99/en/ipx-974-uncensored-leak,,https://surrit.com/286bc129-e178-41e2-b91e-ecc882ec650d/1280x720/video.m3u8,720p,surrit.com
https://missav123.com/dm99/en/ipx-974-uncensored-leak,,https://surrit.com/286bc129-e178-41e2-b91e-ecc882ec650d/842x480/video.m3u8,480p,surrit.com
https://missav123.com/dm99/en/ipx-974-uncensored-leak,,https://surrit.com/286bc129-e178-41e2-b91e-ecc882ec650d/playlist.m3u8,playlist,surrit.com
https://missav123.com/en/abf-187-uncensored-leak,,https://surrit.com/b0748bca-40f7-4433-8d59-aea5a94fa20e/1080p/video.m3u8,1080p,surrit.com
https://missav123.com/en/abf-187-uncensored-leak,,https://surrit.com/b0748bca-40f7-4433-8d59-aea5a94fa20e/720p/video.m3u8,720p,surrit.com
https://missav123.com/en/abf-187-uncensored-leak,,https://surrit.com/b0748bca-40f7-4433-8d59-aea5a94fa20e/playlist.m3u8,playlist,surrit.com
https://missav123.com/en/abf-223-english-subtitle,,https://surrit.com/ac272383-17e0-4107-86f0-71fe4c1dcf30/1080p/video.m3u8,1080p,surrit.com
https://missav123.com/en/abf-223-english-subtitle,,https://surrit.com/ac272383-17e0-4107-86f0-71fe4c1dcf30/720p/video.m3u8,720p,surrit.com
https://missav123.com/en/abf-223-english-subtitle,,https://surrit.com/ac272383-17e0-4107-86f0-71fe4c1dcf30/playlist.m3u8,playlist,surrit.com
https://missav123.com/en/abf-226-english-subtitle,,https://surrit.com/fff1c2af-e685-4bca-8aa4-9345e88c7bf2/1080p/video.m3u8,1080p,surrit.com
https://missav123.com/en/abf-226-english-subtitle,,https://surrit.com/fff1c2af-e685-4bca-8aa4-9345e88c7bf2/720p/video.m3u8,720p,surrit.com
https://missav123.com/en/abf-226-english-subtitle,,https://surrit.com/fff1c2af-e685-4bca-8aa4-9345e88c7bf2/playlist.m3u8,playlist,surrit.com
https://missav123.com/en/adn-655-english-subtitle,,https://surrit.com/4373b90e-012a-40bc-a4f4-014fd160155e/1080p/video.m3u8,1080p,surrit.com
https://missav123.com/en/adn-655-english-subtitle,,https://surrit.com/4373b90e-012a-40bc-a4f4-014fd160155e/720p/video.m3u8,720p,surrit.com
https://missav123.com/en/adn-655-english-subtitle,,https://surrit.com/4373b90e-012a-40bc-a4f4-014fd160155e/playlist.m3u8,playlist,surrit.com
https://missav123.com/en/adn-659-english-subtitle,,https://surrit.com/75208269-328e-489a-a849-8e2af4e0ebaf/1080p/video.m3u8,1080p,surrit.com
https://missav123.com/en/adn-659-english-subtitle,,https://surrit.com/75208269-328e-489a-a849-8e2af4e0ebaf/720p/video.m3u8,720p,surrit.com
https://missav123.com/en/adn-659-english-subtitle,,https://surrit.com/75208269-328e-489a-a849-8e2af4e0ebaf/playlist.m3u8,playlist,surrit.com
https://missav123.com/en/adn-663-uncensored-leak,,https://surrit.com/e3e0878f-3607-42ee-95e1-1eda571d961a/1080p/video.m3u8,1080p,surrit.com
https://missav123.com/en/adn-663-uncensored-leak,,https://surrit.com/e3e0878f-3607-42ee-95e1-1eda571d961a/720p/video.m3u8,720p,surrit.com
https://missav123.com/en/adn-663-uncensored-leak,,https://surrit.com/e3e0878f-3607-42ee-95e1-1eda571d961a/playlist.m3u8,playlist,surrit.com
https://missav123.com/en/adn-664-english-subtitle,,https://surrit.com/ded092d8-a6ba-463d-9851-e2b9e38e711d/1080p/video.m3u8,1080p,surrit.com
https://missav123.com/en/adn-664-english-subtitle,,https://surrit.com/ded092d8-a6ba-463d-9851-e2b9e38e711d/720p/video.m3u8,720p,surrit.com
https://missav123.com/en/adn-664-english-subtitle,,https://surrit.com/ded092d8-a6ba-463d-9851-e2b9e38e711d/playlist.m3u8,playlist,surrit.com
https://missav123.com/en/adn-677-english-subtitle,,https://surrit.com/cd34375a-fe42-48d0-b309-4ba446cd0476/1080p/video.m3u8,1080p,surrit.com
https://missav123.com/en/adn-677-english-subtitle,,https://surrit.com/cd34375a-fe42-48d0-b309-4ba446cd0476/720p/video.m3u8,720p,surrit.com
https://missav123.com/en/adn-677-english-subtitle,,https://surrit.com/cd34375a-fe42-48d0-b309-4ba446cd0476/playlist.m3u8,playlist,surrit.com
https://missav123.com/en/adn-678-english-subtitle,,https://surrit.com/29f8c845-0aff-4e2c-883d-1f4fd5c557ad/1080p/video.m3u8,1080p,surrit.com
https://missav123.com/en/adn-678-english-subtitle,,https://surrit.com/29f8c845-0aff-4e2c-883d-1f4fd5c557ad/720p/video.m3u8,720p,surrit.com
https://missav123.com/en/adn-678-english-subtitle,,https://surrit.com/29f8c845-0aff-4e2c-883d-1f4fd5c557ad/playlist.m3u8,playlist,surrit.com
https://missav123.com/en/adn-684-english-subtitle,,https://surrit.com/849ce327-d482-4017-ba03-aa21ea39fed7/1080p/video.m3u8,1080p,surrit.com
https://missav123.com/en/adn-684-english-subtitle,,https://surrit.com/849ce327-d482-4017-ba03-aa21ea39fed7/720p/video.m3u8,720p,surrit.com
https://missav123.com/en/adn-684-english-subtitle,,https://surrit.com/849ce327-d482-4017-ba03-aa21ea39fed7/playlist.m3u8,playlist,surrit.com
https://missav123.com/en/apak-336-uncensored-leak,,https://surrit.com/4ef76922-83e2-433e-bc9e-98786c8a1a9d/1080p/video.m3u8,1080p,surrit.com
https://missav123.com/en/apak-336-uncensored-leak,,https://surrit.com/4ef76922-83e2-433e-bc9e-98786c8a1a9d/720p/video.m3u8,720p,surrit.com
https://missav123.com/en/apak-336-uncensored-leak,,https://surrit.com/4ef76922-83e2-433e-bc9e-98786c8a1a9d/playlist.m3u8,playlist,surrit.com
https://missav123.com/en/apkh-198-uncensored-leak,,https://surrit.com/9c2d6550-f65a-401c-8958-eaaebe309faa/1080p/video.m3u8,1080p,surrit.com
https://missav123.com/en/apkh-198-uncensored-leak,,https://surrit.com/9c2d6550-f65a-401c-8958-eaaebe309faa/720p/video.m3u8,720p,surrit.com
https://missav123.com/en/apkh-198-uncensored-leak,,https://surrit.com/9c2d6550-f65a-401c-8958-eaaebe309faa/playlist.m3u8,playlist,surrit.com
https://missav123.com/en/apns-419-uncensored-leak,,https://surrit.com/009c1652-e4ba-463e-bd1b-b08a9f35e5dd/1080p/video.m3u8,1080p,surrit.com
https://missav123.com/en/apns-419-uncensored-leak,,https://surrit.com/009c1652-e4ba-463e-bd1b-b08a9f35e5dd/720p/video.m3u8,720p,surrit.com
https://missav123.com/en/apns-419-uncensored-leak,,https://surrit.com/009c1652-e4ba-463e-bd1b-b08a9f35e5dd/playlist.m3u8,playlist,surrit.com
https://missav123.com/en/beaf-226-uncensored-leak,,https://surrit.com/c02dbf65-7d99-4e08-adfc-99abffbc1e73/1080p/video.m3u8,1080p,surrit.com
https://missav123.com/en/beaf-226-uncensored-leak,,https://surrit.com/c02dbf65-7d99-4e08-adfc-99abffbc1e73/720p/video.m3u8,720p,surrit.com
https://missav123.com/en/beaf-226-uncensored-leak,,https://surrit.com/c02dbf65-7d99-4e08-adfc-99abffbc1e73/playlist.m3u8,playlist,surrit.com
https://missav123.com/en/caribbeancom-090126-001,,https://surrit.com/11fb8ad4-0ec4-49d7-b9ef-03a1b6a775a9/720p/video.m3u8,720p,surrit.com
https://missav123.com/en/caribbeancom-090126-001,,https://surrit.com/11fb8ad4-0ec4-49d7-b9ef-03a1b6a775a9/playlist.m3u8,playlist,surrit.com
https://missav123.com/en/caribbeancom-090226-001,,https://surrit.com/8a1454a2-fcea-423a-97f8-126a735ebc2f/720p/video.m3u8,720p,surrit.com
https://missav123.com/en/caribbeancom-090226-001,,https://surrit.com/8a1454a2-fcea-423a-97f8-126a735ebc2f/playlist.m3u8,playlist,surrit.com
https://missav123.com/en/dandya-047-uncensored-leak,,https://surrit.com/a70ea16c-113f-4ad8-9d0d-de1637fd76c9/1080p/video.m3u8,1080p,surrit.com
https://missav123.com/en/dandya-047-uncensored-leak,,https://surrit.com/a70ea16c-113f-4ad8-9d0d-de1637fd76c9/720p/video.m3u8,720p,surrit.com
https://missav123.com/en/dandya-047-uncensored-leak,,https://surrit.com/a70ea16c-113f-4ad8-9d0d-de1637fd76c9/playlist.m3u8,playlist,surrit.com
https://missav123.com/en/dandya-048-uncensored-leak,,https://surrit.com/29d69671-5303-44e1-ac20-2a21fa12a73b/1080p/video.m3u8,1080p,surrit.com
https://missav123.com/en/dandya-048-uncensored-leak,,https://surrit.com/29d69671-5303-44e1-ac20-2a21fa12a73b/720p/video.m3u8,720p,surrit.com
https://missav123.com/en/dandya-048-uncensored-leak,,https://surrit.com/29d69671-5303-44e1-ac20-2a21fa12a73b/playlist.m3u8,playlist,surrit.com
https://missav123.com/en/dass-566-uncensored-leak,,https://surrit.com/c9582652-3bea-4ec6-b931-e668ba3bff7a/1080p/video.m3u8,1080p,surrit.com
https://missav123.com/en/dass-566-uncensored-leak,,https://surrit.com/c9582652-3bea-4ec6-b931-e668ba3bff7a/720p/video.m3u8,720p,surrit.com
https://missav123.com/en/dass-566-uncensored-leak,,https://surrit.com/c9582652-3bea-4ec6-b931-e668ba3bff7a/playlist.m3u8,playlist,surrit.com
https://missav123.com/en/dass-572-uncensored-leak,,https://surrit.com/cc43aeef-5a2e-4c77-bb17-998dea81ef9c/1080p/video.m3u8,1080p,surrit.com
https://missav123.com/en/dass-572-uncensored-leak,,https://surrit.com/cc43aeef-5a2e-4c77-bb17-998dea81ef9c/720p/video.m3u8,720p,surrit.com
https://missav123.com/en/dass-572-uncensored-leak,,https://surrit.com/cc43aeef-5a2e-4c77-bb17-998dea81ef9c/playlist.m3u8,playlist,surrit.com
https://missav123.com/en/dass-601-uncensored-leak,,https://surrit.com/d26c727e-4b85-44a1-b9c8-78e39246613c/1080p/video.m3u8,1080p,surrit.com
https://missav123.com/en/dass-601-uncensored-leak,,https://surrit.com/d26c727e-4b85-44a1-b9c8-78e39246613c/720p/video.m3u8,720p,surrit.com
https://missav123.com/en/dass-601-uncensored-leak,,https://surrit.com/d26c727e-4b85-44a1-b9c8-78e39246613c/playlist.m3u8,playlist,surrit.com
https://missav123.com/en/dldss-302-uncensored-leak,,https://surrit.com/63ec4656-d2d3-49e0-aa39-04eb794e2ed3/1080p/video.m3u8,1080p,surrit.com
https://missav123.com/en/dldss-302-uncensored-leak,,https://surrit.com/63ec4656-d2d3-49e0-aa39-04eb794e2ed3/720p/video.m3u8,720p,surrit.com
https://missav123.com/en/dldss-302-uncensored-leak,,https://surrit.com/63ec4656-d2d3-49e0-aa39-04eb794e2ed3/playlist.m3u8,playlist,surrit.com
https://missav123.com/en/dldss-343-uncensored-leak,,https://surrit.com/3303b244-68e0-4f3e-aafe-3a466e858047/1080p/video.m3u8,1080p,surrit.com
https://missav123.com/en/dldss-343-uncensored-leak,,https://surrit.com/3303b244-68e0-4f3e-aafe-3a466e858047/720p/video.m3u8,720p,surrit.com
https://missav123.com/en/dldss-343-uncensored-leak,,https://surrit.com/3303b244-68e0-4f3e-aafe-3a466e858047/playlist.m3u8,playlist,surrit.com
https://missav123.com/en/dldss-531,dldss-531,https://surrit.com/f7badbd6-7924-4580-9a97-e56bfd55f880/1080p/video.m3u8,1080p,surrit.com
https://missav123.com/en/dldss-531,dldss-531,https://surrit.com/f7badbd6-7924-4580-9a97-e56bfd55f880/720p/video.m3u8,720p,surrit.com
https://missav123.com/en/dldss-531,dldss-531,https://surrit.com/f7badbd6-7924-4580-9a97-e56bfd55f880/playlist.m3u8,playlist,surrit.com
https://missav123.com/en/dldss-544-uncensored-leak,,https://surrit.com/e88d6ab0-3d87-4b94-9493-c58fff72e880/1080p/video.m3u8,1080p,surrit.com
https://missav123.com/en/dldss-544-uncensored-leak,,https://surrit.com/e88d6ab0-3d87-4b94-9493-c58fff72e880/720p/video.m3u8,720p,surrit.com
https://missav123.com/en/dldss-544-uncensored-leak,,https://surrit.com/e88d6ab0-3d87-4b94-9493-c58fff72e880/playlist.m3u8,playlist,surrit.com
https://missav123.com/en/doks-688,doks-688,https://surrit.com/b6808631-b5ec-43be-8ee4-c7e684a95ff9/1080p/video.m3u8,1080p,surrit.com
https://missav123.com/en/doks-688,doks-688,https://surrit.com/b6808631-b5ec-43be-8ee4-c7e684a95ff9/720p/video.m3u8,720p,surrit.com
https://missav123.com/en/doks-688,doks-688,https://surrit.com/b6808631-b5ec-43be-8ee4-c7e684a95ff9/playlist.m3u8,playlist,surrit.com
https://missav123.com/en/dvaj-454-english-subtitle,,https://surrit.com/9d2aae8f-818a-45cf-8e98-7280a1811200/720p/video.m3u8,720p,surrit.com
https://missav123.com/en/dvaj-454-english-subtitle,,https://surrit.com/9d2aae8f-818a-45cf-8e98-7280a1811200/playlist.m3u8,playlist,surrit.com
https://missav123.com/en/dvmm-232-english-subtitle,,https://surrit.com/e0eda781-0590-4bda-8e98-3f0c1c81e1fe/720p/video.m3u8,720p,surrit.com
https://missav123.com/en/dvmm-232-english-subtitle,,https://surrit.com/e0eda781-0590-4bda-8e98-3f0c1c81e1fe/playlist.m3u8,playlist,surrit.com
https://missav123.com/en/fc2-ppv-4587943,,https://surrit.com/d8dfdb5c-fa36-4370-9032-65e1cf5a2b87/720p/video.m3u8,720p,surrit.com
https://missav123.com/en/fc2-ppv-4587943,,https://surrit.com/d8dfdb5c-fa36-4370-9032-65e1cf5a2b87/playlist.m3u8,playlist,surrit.com
https://missav123.com/en/fc2-ppv-4960166,,https://surrit.com/eb75f047-a578-403c-aa1b-4da77e23503d/1080p/video.m3u8,1080p,surrit.com
https://missav123.com/en/fc2-ppv-4960166,,https://surrit.com/eb75f047-a578-403c-aa1b-4da77e23503d/720p/video.m3u8,720p,surrit.com
https://missav123.com/en/fc2-ppv-4960166,,https://surrit.com/eb75f047-a578-403c-aa1b-4da77e23503d/playlist.m3u8,playlist,surrit.com
https://missav123.com/en/fc2-ppv-4964835,,https://surrit.com/4e5c3ea8-301b-4b57-9059-76c622091bf4/720p/video.m3u8,720p,surrit.com
https://missav123.com/en/fc2-ppv-4964835,,https://surrit.com/4e5c3ea8-301b-4b57-9059-76c622091bf4/playlist.m3u8,playlist,surrit.com
https://missav123.com/en/fc2-ppv-4967758,,https://surrit.com/92fa7189-980f-4f0a-b83a-a1973b1ad8dc/720p/video.m3u8,720p,surrit.com
https://missav123.com/en/fc2-ppv-4967758,,https://surrit.com/92fa7189-980f-4f0a-b83a-a1973b1ad8dc/playlist.m3u8,playlist,surrit.com
https://missav123.com/en/fc2-ppv-4968610,,https://surrit.com/a263ab9c-f104-4ed1-9829-e3c2702bf127/720p/video.m3u8,720p,surrit.com
https://missav123.com/en/fc2-ppv-4968610,,https://surrit.com/a263ab9c-f104-4ed1-9829-e3c2702bf127/playlist.m3u8,playlist,surrit.com
https://missav123.com/en/fc2-ppv-4968748,,https://surrit.com/9369201e-0b04-4bce-bce3-0fc4094471ed/720p/video.m3u8,720p,surrit.com
https://missav123.com/en/fc2-ppv-4968748,,https://surrit.com/9369201e-0b04-4bce-bce3-0fc4094471ed/playlist.m3u8,playlist,surrit.com
https://missav123.com/en/fc2-ppv-4969038,,https://surrit.com/469a521c-9557-41d1-99c4-abc619fc7bfe/1080p/video.m3u8,1080p,surrit.com
https://missav123.com/en/fc2-ppv-4969038,,https://surrit.com/469a521c-9557-41d1-99c4-abc619fc7bfe/720p/video.m3u8,720p,surrit.com
https://missav123.com/en/fc2-ppv-4969038,,https://surrit.com/469a521c-9557-41d1-99c4-abc619fc7bfe/playlist.m3u8,playlist,surrit.com
https://missav123.com/en/fc2-ppv-4969287,,https://surrit.com/075554c4-1873-4e69-864b-b50e9225de09/1080p/video.m3u8,1080p,surrit.com
https://missav123.com/en/fc2-ppv-4969287,,https://surrit.com/075554c4-1873-4e69-864b-b50e9225de09/720p/video.m3u8,720p,surrit.com
https://missav123.com/en/fc2-ppv-4969287,,https://surrit.com/075554c4-1873-4e69-864b-b50e9225de09/playlist.m3u8,playlist,surrit.com
https://missav123.com/en/fc2-ppv-4969402,,https://surrit.com/fab8e7aa-e29a-476b-8625-af06001e521c/480p/video.m3u8,480p,surrit.com
https://missav123.com/en/fc2-ppv-4969402,,https://surrit.com/fab8e7aa-e29a-476b-8625-af06001e521c/playlist.m3u8,playlist,surrit.com
https://missav123.com/en/fc2-ppv-4969417,,https://surrit.com/fa20be2e-66e9-4c60-913e-1776f2b5dc46/720p/video.m3u8,720p,surrit.com
https://missav123.com/en/fc2-ppv-4969417,,https://surrit.com/fa20be2e-66e9-4c60-913e-1776f2b5dc46/playlist.m3u8,playlist,surrit.com
https://missav123.com/en/fc2-ppv-4969688,,https://surrit.com/35c1e244-8c44-4f2e-862a-1b0d59f563cd/1080p/video.m3u8,1080p,surrit.com
https://missav123.com/en/fc2-ppv-4969688,,https://surrit.com/35c1e244-8c44-4f2e-862a-1b0d59f563cd/720p/video.m3u8,720p,surrit.com
https://missav123.com/en/fc2-ppv-4969688,,https://surrit.com/35c1e244-8c44-4f2e-862a-1b0d59f563cd/playlist.m3u8,playlist,surrit.com
https://missav123.com/en/fc2-ppv-4970405,,https://surrit.com/72e7907c-85ae-4f2a-844f-09a816c0d38d/720p/video.m3u8,720p,surrit.com
https://missav123.com/en/fc2-ppv-4970405,,https://surrit.com/72e7907c-85ae-4f2a-844f-09a816c0d38d/playlist.m3u8,playlist,surrit.com
https://missav123.com/en/fc2-ppv-4970451,,https://surrit.com/45cab9cc-1ec9-4186-a5e6-997e5bc0dd3b/720p/video.m3u8,720p,surrit.com
https://missav123.com/en/fc2-ppv-4970451,,https://surrit.com/45cab9cc-1ec9-4186-a5e6-997e5bc0dd3b/playlist.m3u8,playlist,surrit.com
https://missav123.com/en/fc2-ppv-4970453,,https://surrit.com/a808e3d3-201a-4098-8da5-1d6311039a17/720p/video.m3u8,720p,surrit.com
https://missav123.com/en/fc2-ppv-4970453,,https://surrit.com/a808e3d3-201a-4098-8da5-1d6311039a17/playlist.m3u8,playlist,surrit.com
https://missav123.com/en/fsdss-687-uncensored-leak,,https://surrit.com/ed2f60af-e8b6-4761-bba0-5a0e5863e2a3/1280x720/video.m3u8,720p,surrit.com
https://missav123.com/en/fsdss-687-uncensored-leak,,https://surrit.com/ed2f60af-e8b6-4761-bba0-5a0e5863e2a3/842x480/video.m3u8,480p,surrit.com
https://missav123.com/en/fsdss-687-uncensored-leak,,https://surrit.com/ed2f60af-e8b6-4761-bba0-5a0e5863e2a3/playlist.m3u8,playlist,surrit.com
https://missav123.com/en/fsdss-856-uncensored-leak,,https://surrit.com/2c4bd602-2cfe-4b6a-b76f-301cdf59e8b5/1080p/video.m3u8,1080p,surrit.com
https://missav123.com/en/fsdss-856-uncensored-leak,,https://surrit.com/2c4bd602-2cfe-4b6a-b76f-301cdf59e8b5/720p/video.m3u8,720p,surrit.com
https://missav123.com/en/fsdss-856-uncensored-leak,,https://surrit.com/2c4bd602-2cfe-4b6a-b76f-301cdf59e8b5/playlist.m3u8,playlist,surrit.com
https://missav123.com/en/fsdss-913-uncensored-leak,,https://surrit.com/0313dd4f-b969-45a2-8762-0c9c1b67dd7a/1080p/video.m3u8,1080p,surrit.com
https://missav123.com/en/fsdss-913-uncensored-leak,,https://surrit.com/0313dd4f-b969-45a2-8762-0c9c1b67dd7a/720p/video.m3u8,720p,surrit.com
https://missav123.com/en/fsdss-913-uncensored-leak,,https://surrit.com/0313dd4f-b969-45a2-8762-0c9c1b67dd7a/playlist.m3u8,playlist,surrit.com
https://missav123.com/en/fsdss-918-uncensored-leak,,https://surrit.com/d549be51-d76d-4eb6-b536-ff35b76758f2/1080p/video.m3u8,1080p,surrit.com
https://missav123.com/en/fsdss-918-uncensored-leak,,https://surrit.com/d549be51-d76d-4eb6-b536-ff35b76758f2/720p/video.m3u8,720p,surrit.com
https://missav123.com/en/fsdss-918-uncensored-leak,,https://surrit.com/d549be51-d76d-4eb6-b536-ff35b76758f2/playlist.m3u8,playlist,surrit.com
https://missav123.com/en/gana-3426-uncensored-leak,,https://surrit.com/32264086-73a3-4687-9dcf-458219c5dd26/1080p/video.m3u8,1080p,surrit.com
https://missav123.com/en/gana-3426-uncensored-leak,,https://surrit.com/32264086-73a3-4687-9dcf-458219c5dd26/720p/video.m3u8,720p,surrit.com
https://missav123.com/en/gana-3426-uncensored-leak,,https://surrit.com/32264086-73a3-4687-9dcf-458219c5dd26/playlist.m3u8,playlist,surrit.com
https://missav123.com/en/gana-3437-uncensored-leak,,https://surrit.com/3e1ca7ae-4dd6-44d8-8b20-711df677c94a/1080p/video.m3u8,1080p,surrit.com
https://missav123.com/en/gana-3437-uncensored-leak,,https://surrit.com/3e1ca7ae-4dd6-44d8-8b20-711df677c94a/720p/video.m3u8,720p,surrit.com
https://missav123.com/en/gana-3437-uncensored-leak,,https://surrit.com/3e1ca7ae-4dd6-44d8-8b20-711df677c94a/playlist.m3u8,playlist,surrit.com
https://missav123.com/en/gana-3442,gana-3442,https://surrit.com/cadd7ebb-a856-4ad4-8d3e-707591e8aeda/720p/video.m3u8,720p,surrit.com
https://missav123.com/en/gana-3442,gana-3442,https://surrit.com/cadd7ebb-a856-4ad4-8d3e-707591e8aeda/playlist.m3u8,playlist,surrit.com
https://missav123.com/en/gqn-011-uncensored-leak,,https://surrit.com/a1b207a4-c530-4228-8b66-3fccbcc0e433/1080p/video.m3u8,1080p,surrit.com
https://missav123.com/en/gqn-011-uncensored-leak,,https://surrit.com/a1b207a4-c530-4228-8b66-3fccbcc0e433/720p/video.m3u8,720p,surrit.com
https://missav123.com/en/gqn-011-uncensored-leak,,https://surrit.com/a1b207a4-c530-4228-8b66-3fccbcc0e433/playlist.m3u8,playlist,surrit.com
https://missav123.com/en/gqn-012-uncensored-leak,,https://surrit.com/2ad30ad4-314a-4faa-b075-4f7b7c1443ee/1080p/video.m3u8,1080p,surrit.com
https://missav123.com/en/gqn-012-uncensored-leak,,https://surrit.com/2ad30ad4-314a-4faa-b075-4f7b7c1443ee/720p/video.m3u8,720p,surrit.com
https://missav123.com/en/gqn-012-uncensored-leak,,https://surrit.com/2ad30ad4-314a-4faa-b075-4f7b7c1443ee/playlist.m3u8,playlist,surrit.com
https://missav123.com/en/gvh-841-uncensored-leak,,https://surrit.com/9d8bfef1-7076-4bc1-afbf-573f1648bbbe/1080p/video.m3u8,1080p,surrit.com
https://missav123.com/en/gvh-841-uncensored-leak,,https://surrit.com/9d8bfef1-7076-4bc1-afbf-573f1648bbbe/720p/video.m3u8,720p,surrit.com
https://missav123.com/en/gvh-841-uncensored-leak,,https://surrit.com/9d8bfef1-7076-4bc1-afbf-573f1648bbbe/playlist.m3u8,playlist,surrit.com
https://missav123.com/en/gvh-844-uncensored-leak,,https://surrit.com/f1ed3090-28ec-4ac7-9324-c96949a4cf6e/1080p/video.m3u8,1080p,surrit.com
https://missav123.com/en/gvh-844-uncensored-leak,,https://surrit.com/f1ed3090-28ec-4ac7-9324-c96949a4cf6e/720p/video.m3u8,720p,surrit.com
https://missav123.com/en/gvh-844-uncensored-leak,,https://surrit.com/f1ed3090-28ec-4ac7-9324-c96949a4cf6e/playlist.m3u8,playlist,surrit.com
https://missav123.com/en/gvh-849-uncensored-leak,,https://surrit.com/cef3f2ab-7c48-4e2a-9e0d-5cbb35ea964e/1080p/video.m3u8,1080p,surrit.com
https://missav123.com/en/gvh-849-uncensored-leak,,https://surrit.com/cef3f2ab-7c48-4e2a-9e0d-5cbb35ea964e/720p/video.m3u8,720p,surrit.com
https://missav123.com/en/gvh-849-uncensored-leak,,https://surrit.com/cef3f2ab-7c48-4e2a-9e0d-5cbb35ea964e/playlist.m3u8,playlist,surrit.com
https://missav123.com/en/gvh-850-uncensored-leak,,https://surrit.com/9ee64bd2-cc8c-4797-9969-ae334914acbc/1080p/video.m3u8,1080p,surrit.com
https://missav123.com/en/gvh-850-uncensored-leak,,https://surrit.com/9ee64bd2-cc8c-4797-9969-ae334914acbc/720p/video.m3u8,720p,surrit.com
https://missav123.com/en/gvh-850-uncensored-leak,,https://surrit.com/9ee64bd2-cc8c-4797-9969-ae334914acbc/playlist.m3u8,playlist,surrit.com
https://missav123.com/en/gvh-851-uncensored-leak,,https://surrit.com/51ef2f98-27f5-4231-9064-43806169a946/1080p/video.m3u8,1080p,surrit.com
https://missav123.com/en/gvh-851-uncensored-leak,,https://surrit.com/51ef2f98-27f5-4231-9064-43806169a946/720p/video.m3u8,720p,surrit.com
https://missav123.com/en/gvh-851-uncensored-leak,,https://surrit.com/51ef2f98-27f5-4231-9064-43806169a946/playlist.m3u8,playlist,surrit.com
https://missav123.com/en/gvh-852-uncensored-leak,,https://surrit.com/dd3e1062-d045-4bbb-b28c-85e63186b856/1080p/video.m3u8,1080p,surrit.com
https://missav123.com/en/gvh-852-uncensored-leak,,https://surrit.com/dd3e1062-d045-4bbb-b28c-85e63186b856/720p/video.m3u8,720p,surrit.com
https://missav123.com/en/gvh-852-uncensored-leak,,https://surrit.com/dd3e1062-d045-4bbb-b28c-85e63186b856/playlist.m3u8,playlist,surrit.com
https://missav123.com/en/gvh-854-uncensored-leak,,https://surrit.com/ad4c6983-f573-492d-ac70-4050495aa49c/720p/video.m3u8,720p,surrit.com
https://missav123.com/en/gvh-854-uncensored-leak,,https://surrit.com/ad4c6983-f573-492d-ac70-4050495aa49c/playlist.m3u8,playlist,surrit.com
https://missav123.com/en/gvh-856-uncensored-leak,,https://surrit.com/9995ac47-45bf-4de2-b5df-938ecf60fb5d/1080p/video.m3u8,1080p,surrit.com
https://missav123.com/en/gvh-856-uncensored-leak,,https://surrit.com/9995ac47-45bf-4de2-b5df-938ecf60fb5d/720p/video.m3u8,720p,surrit.com
https://missav123.com/en/gvh-856-uncensored-leak,,https://surrit.com/9995ac47-45bf-4de2-b5df-938ecf60fb5d/playlist.m3u8,playlist,surrit.com
https://missav123.com/en/gvh-857-uncensored-leak,,https://surrit.com/af7f1292-dab5-443d-8e92-12375f591f0c/1080p/video.m3u8,1080p,surrit.com
https://missav123.com/en/gvh-857-uncensored-leak,,https://surrit.com/af7f1292-dab5-443d-8e92-12375f591f0c/720p/video.m3u8,720p,surrit.com
https://missav123.com/en/gvh-857-uncensored-leak,,https://surrit.com/af7f1292-dab5-443d-8e92-12375f591f0c/playlist.m3u8,playlist,surrit.com
https://missav123.com/en/gvh-858-uncensored-leak,,https://surrit.com/21f6d18b-846e-494e-bd02-241901531f7d/1080p/video.m3u8,1080p,surrit.com
https://missav123.com/en/gvh-858-uncensored-leak,,https://surrit.com/21f6d18b-846e-494e-bd02-241901531f7d/720p/video.m3u8,720p,surrit.com
https://missav123.com/en/gvh-858-uncensored-leak,,https://surrit.com/21f6d18b-846e-494e-bd02-241901531f7d/playlist.m3u8,playlist,surrit.com
https://missav123.com/en/gvh-873-uncensored-leak,,https://surrit.com/b4b7892d-4238-4de7-b9b3-77edd129fe0a/1080p/video.m3u8,1080p,surrit.com
https://missav123.com/en/gvh-873-uncensored-leak,,https://surrit.com/b4b7892d-4238-4de7-b9b3-77edd129fe0a/720p/video.m3u8,720p,surrit.com
https://missav123.com/en/gvh-873-uncensored-leak,,https://surrit.com/b4b7892d-4238-4de7-b9b3-77edd129fe0a/playlist.m3u8,playlist,surrit.com
https://missav123.com/en/gvh-875-uncensored-leak,,https://surrit.com/241252b8-2a32-4d74-a268-95b81e8ae0bf/1080p/video.m3u8,1080p,surrit.com
https://missav123.com/en/gvh-875-uncensored-leak,,https://surrit.com/241252b8-2a32-4d74-a268-95b81e8ae0bf/720p/video.m3u8,720p,surrit.com
https://missav123.com/en/gvh-875-uncensored-leak,,https://surrit.com/241252b8-2a32-4d74-a268-95b81e8ae0bf/playlist.m3u8,playlist,surrit.com
https://missav123.com/en/heyzo-3929,heyzo-3929,https://surrit.com/bff610b7-516d-4bc2-9966-a641b824d7bb/720p/video.m3u8,720p,surrit.com
https://missav123.com/en/heyzo-3929,heyzo-3929,https://surrit.com/bff610b7-516d-4bc2-9966-a641b824d7bb/playlist.m3u8,playlist,surrit.com
https://missav123.com/en/hmn-697-english-subtitle,,https://surrit.com/846e36c9-f258-433e-b09d-c938a178ea6d/1080p/video.m3u8,1080p,surrit.com
https://missav123.com/en/hmn-697-english-subtitle,,https://surrit.com/846e36c9-f258-433e-b09d-c938a178ea6d/720p/video.m3u8,720p,surrit.com
https://missav123.com/en/hmn-697-english-subtitle,,https://surrit.com/846e36c9-f258-433e-b09d-c938a178ea6d/playlist.m3u8,playlist,surrit.com
https://missav123.com/en/hsoda-060-uncensored-leak,,https://surrit.com/39d38d75-c119-4b35-8457-d919e49801ba/1080p/video.m3u8,1080p,surrit.com
https://missav123.com/en/hsoda-060-uncensored-leak,,https://surrit.com/39d38d75-c119-4b35-8457-d919e49801ba/720p/video.m3u8,720p,surrit.com
https://missav123.com/en/hsoda-060-uncensored-leak,,https://surrit.com/39d38d75-c119-4b35-8457-d919e49801ba/playlist.m3u8,playlist,surrit.com
https://missav123.com/en/hsoda-061-uncensored-leak,,https://surrit.com/4b3a5644-973b-4353-815d-10b702057919/1080p/video.m3u8,1080p,surrit.com
https://missav123.com/en/hsoda-061-uncensored-leak,,https://surrit.com/4b3a5644-973b-4353-815d-10b702057919/720p/video.m3u8,720p,surrit.com
https://missav123.com/en/hsoda-061-uncensored-leak,,https://surrit.com/4b3a5644-973b-4353-815d-10b702057919/playlist.m3u8,playlist,surrit.com
https://missav123.com/en/htms-119-english-subtitle,,https://surrit.com/733db06a-fb7d-4e66-b3f4-b6435f1f0f79/1080p/video.m3u8,1080p,surrit.com
https://missav123.com/en/htms-119-english-subtitle,,https://surrit.com/733db06a-fb7d-4e66-b3f4-b6435f1f0f79/720p/video.m3u8,720p,surrit.com
https://missav123.com/en/htms-119-english-subtitle,,https://surrit.com/733db06a-fb7d-4e66-b3f4-b6435f1f0f79/playlist.m3u8,playlist,surrit.com
https://missav123.com/en/huntc-278-uncensored-leak,,https://surrit.com/8fa6035f-4a57-4b42-9fd0-ac4c2adcec57/1080p/video.m3u8,1080p,surrit.com
https://missav123.com/en/huntc-278-uncensored-leak,,https://surrit.com/8fa6035f-4a57-4b42-9fd0-ac4c2adcec57/720p/video.m3u8,720p,surrit.com
https://missav123.com/en/huntc-278-uncensored-leak,,https://surrit.com/8fa6035f-4a57-4b42-9fd0-ac4c2adcec57/playlist.m3u8,playlist,surrit.com
https://missav123.com/en/hzgd-299-uncensored-leak,,https://surrit.com/bed0c5c6-1cf9-40a9-b823-b54eb8de90f8/1080p/video.m3u8,1080p,surrit.com
https://missav123.com/en/hzgd-299-uncensored-leak,,https://surrit.com/bed0c5c6-1cf9-40a9-b823-b54eb8de90f8/720p/video.m3u8,720p,surrit.com
https://missav123.com/en/hzgd-299-uncensored-leak,,https://surrit.com/bed0c5c6-1cf9-40a9-b823-b54eb8de90f8/playlist.m3u8,playlist,surrit.com
https://missav123.com/en/instv-731,instv-731,https://surrit.com/429fc918-230a-4c72-8308-6f7ff513226b/1080p/video.m3u8,1080p,surrit.com
https://missav123.com/en/instv-731,instv-731,https://surrit.com/429fc918-230a-4c72-8308-6f7ff513226b/720p/video.m3u8,720p,surrit.com
https://missav123.com/en/instv-731,instv-731,https://surrit.com/429fc918-230a-4c72-8308-6f7ff513226b/playlist.m3u8,playlist,surrit.com
https://missav123.com/en/ipzz-497-uncensored-leak,,https://surrit.com/8a45920b-03b1-451a-a0eb-821810a57737/1080p/video.m3u8,1080p,surrit.com
https://missav123.com/en/ipzz-497-uncensored-leak,,https://surrit.com/8a45920b-03b1-451a-a0eb-821810a57737/720p/video.m3u8,720p,surrit.com
https://missav123.com/en/ipzz-497-uncensored-leak,,https://surrit.com/8a45920b-03b1-451a-a0eb-821810a57737/playlist.m3u8,playlist,surrit.com
https://missav123.com/en/ipzz-502-uncensored-leak,,https://surrit.com/88f3037d-73e1-4334-99cf-b361d28775c6/1080p/video.m3u8,1080p,surrit.com
https://missav123.com/en/ipzz-502-uncensored-leak,,https://surrit.com/88f3037d-73e1-4334-99cf-b361d28775c6/720p/video.m3u8,720p,surrit.com
https://missav123.com/en/ipzz-502-uncensored-leak,,https://surrit.com/88f3037d-73e1-4334-99cf-b361d28775c6/playlist.m3u8,playlist,surrit.com
https://missav123.com/en/ipzz-505-uncensored-leak,,https://surrit.com/6483b852-525b-4031-ac91-02637c063770/1080p/video.m3u8,1080p,surrit.com
https://missav123.com/en/ipzz-505-uncensored-leak,,https://surrit.com/6483b852-525b-4031-ac91-02637c063770/720p/video.m3u8,720p,surrit.com
https://missav123.com/en/ipzz-505-uncensored-leak,,https://surrit.com/6483b852-525b-4031-ac91-02637c063770/playlist.m3u8,playlist,surrit.com
https://missav123.com/en/ipzz-506-uncensored-leak,,https://surrit.com/e9fe4d81-df0c-4381-b1ae-dbafadf2150b/1080p/video.m3u8,1080p,surrit.com
https://missav123.com/en/ipzz-506-uncensored-leak,,https://surrit.com/e9fe4d81-df0c-4381-b1ae-dbafadf2150b/720p/video.m3u8,720p,surrit.com
https://missav123.com/en/ipzz-506-uncensored-leak,,https://surrit.com/e9fe4d81-df0c-4381-b1ae-dbafadf2150b/playlist.m3u8,playlist,surrit.com
https://missav123.com/en/ipzz-507-uncensored-leak,,https://surrit.com/cb8d49c1-0441-4965-8c0c-f15e87a1c07c/1080p/video.m3u8,1080p,surrit.com
https://missav123.com/en/ipzz-507-uncensored-leak,,https://surrit.com/cb8d49c1-0441-4965-8c0c-f15e87a1c07c/720p/video.m3u8,720p,surrit.com
https://missav123.com/en/ipzz-507-uncensored-leak,,https://surrit.com/cb8d49c1-0441-4965-8c0c-f15e87a1c07c/playlist.m3u8,playlist,surrit.com
https://missav123.com/en/ipzz-519-uncensored-leak,,https://surrit.com/1805bdaf-a6c3-4621-9967-8ab283087221/1080p/video.m3u8,1080p,surrit.com
https://missav123.com/en/ipzz-519-uncensored-leak,,https://surrit.com/1805bdaf-a6c3-4621-9967-8ab283087221/720p/video.m3u8,720p,surrit.com
https://missav123.com/en/ipzz-519-uncensored-leak,,https://surrit.com/1805bdaf-a6c3-4621-9967-8ab283087221/playlist.m3u8,playlist,surrit.com
https://missav123.com/en/ipzz-521-uncensored-leak,,https://surrit.com/56eaff1d-78ce-4a27-a1f3-37ef66f069ea/1080p/video.m3u8,1080p,surrit.com
https://missav123.com/en/ipzz-521-uncensored-leak,,https://surrit.com/56eaff1d-78ce-4a27-a1f3-37ef66f069ea/720p/video.m3u8,720p,surrit.com
https://missav123.com/en/ipzz-521-uncensored-leak,,https://surrit.com/56eaff1d-78ce-4a27-a1f3-37ef66f069ea/playlist.m3u8,playlist,surrit.com
https://missav123.com/en/ipzz-564-uncensored-leak,,https://surrit.com/596cffd8-065c-4e2a-a0e2-20affea1f39c/1080p/video.m3u8,1080p,surrit.com
https://missav123.com/en/ipzz-564-uncensored-leak,,https://surrit.com/596cffd8-065c-4e2a-a0e2-20affea1f39c/720p/video.m3u8,720p,surrit.com
https://missav123.com/en/ipzz-564-uncensored-leak,,https://surrit.com/596cffd8-065c-4e2a-a0e2-20affea1f39c/playlist.m3u8,playlist,surrit.com
https://missav123.com/en/jjee-006-english-subtitle,,https://surrit.com/ecf55294-29a7-41ca-bd7d-3ef778e85d53/1080p/video.m3u8,1080p,surrit.com
https://missav123.com/en/jjee-006-english-subtitle,,https://surrit.com/ecf55294-29a7-41ca-bd7d-3ef778e85d53/720p/video.m3u8,720p,surrit.com
https://missav123.com/en/jjee-006-english-subtitle,,https://surrit.com/ecf55294-29a7-41ca-bd7d-3ef778e85d53/playlist.m3u8,playlist,surrit.com
https://missav123.com/en/jul-211-uncensored-leak,,https://surrit.com/722b4fe7-2b03-4a73-b7aa-2d6d360274ff/1080p/video.m3u8,1080p,surrit.com
https://missav123.com/en/jul-211-uncensored-leak,,https://surrit.com/722b4fe7-2b03-4a73-b7aa-2d6d360274ff/720p/video.m3u8,720p,surrit.com
https://missav123.com/en/jul-211-uncensored-leak,,https://surrit.com/722b4fe7-2b03-4a73-b7aa-2d6d360274ff/playlist.m3u8,playlist,surrit.com
https://missav123.com/en/jul-273-uncensored-leak,,https://surrit.com/9094d644-f030-4695-97ce-988723d2219c/1080p/video.m3u8,1080p,surrit.com
https://missav123.com/en/jul-273-uncensored-leak,,https://surrit.com/9094d644-f030-4695-97ce-988723d2219c/720p/video.m3u8,720p,surrit.com
https://missav123.com/en/jul-273-uncensored-leak,,https://surrit.com/9094d644-f030-4695-97ce-988723d2219c/playlist.m3u8,playlist,surrit.com
https://missav123.com/en/juny-152-english-subtitle,,https://surrit.com/0b00bb27-69bd-4523-9e71-5f87977fb1f9/1080p/video.m3u8,1080p,surrit.com
https://missav123.com/en/juny-152-english-subtitle,,https://surrit.com/0b00bb27-69bd-4523-9e71-5f87977fb1f9/720p/video.m3u8,720p,surrit.com
https://missav123.com/en/juny-152-english-subtitle,,https://surrit.com/0b00bb27-69bd-4523-9e71-5f87977fb1f9/playlist.m3u8,playlist,surrit.com
https://missav123.com/en/jur-024-uncensored-leak,,https://surrit.com/456eff49-dd29-4ccc-b50b-c832525c94a4/1080p/video.m3u8,1080p,surrit.com
https://missav123.com/en/jur-024-uncensored-leak,,https://surrit.com/456eff49-dd29-4ccc-b50b-c832525c94a4/720p/video.m3u8,720p,surrit.com
https://missav123.com/en/jur-024-uncensored-leak,,https://surrit.com/456eff49-dd29-4ccc-b50b-c832525c94a4/playlist.m3u8,playlist,surrit.com
https://missav123.com/en/jur-033-uncensored-leak,,https://surrit.com/d7143a6a-72e9-49d0-aa16-f605c65d554d/1080p/video.m3u8,1080p,surrit.com
https://missav123.com/en/jur-033-uncensored-leak,,https://surrit.com/d7143a6a-72e9-49d0-aa16-f605c65d554d/720p/video.m3u8,720p,surrit.com
https://missav123.com/en/jur-033-uncensored-leak,,https://surrit.com/d7143a6a-72e9-49d0-aa16-f605c65d554d/playlist.m3u8,playlist,surrit.com
https://missav123.com/en/jur-161-uncensored-leak,,https://surrit.com/112eb181-2336-4f61-9613-85651f328211/1080p/video.m3u8,1080p,surrit.com
https://missav123.com/en/jur-161-uncensored-leak,,https://surrit.com/112eb181-2336-4f61-9613-85651f328211/720p/video.m3u8,720p,surrit.com
https://missav123.com/en/jur-161-uncensored-leak,,https://surrit.com/112eb181-2336-4f61-9613-85651f328211/playlist.m3u8,playlist,surrit.com
https://missav123.com/en/jur-186-uncensored-leak,,https://surrit.com/5072e85a-8a72-454f-80f0-cb2f7b813557/720p/video.m3u8,720p,surrit.com
https://missav123.com/en/jur-186-uncensored-leak,,https://surrit.com/5072e85a-8a72-454f-80f0-cb2f7b813557/playlist.m3u8,playlist,surrit.com
https://missav123.com/en/jur-194-uncensored-leak,,https://surrit.com/050b929c-33f5-4359-8f5f-a3b1b2ab63a4/1080p/video.m3u8,1080p,surrit.com
https://missav123.com/en/jur-194-uncensored-leak,,https://surrit.com/050b929c-33f5-4359-8f5f-a3b1b2ab63a4/720p/video.m3u8,720p,surrit.com
https://missav123.com/en/jur-194-uncensored-leak,,https://surrit.com/050b929c-33f5-4359-8f5f-a3b1b2ab63a4/playlist.m3u8,playlist,surrit.com
https://missav123.com/en/jur-237-uncensored-leak,,https://surrit.com/15c52183-b549-473c-85c7-dd834c2d3f5c/1080p/video.m3u8,1080p,surrit.com
https://missav123.com/en/jur-237-uncensored-leak,,https://surrit.com/15c52183-b549-473c-85c7-dd834c2d3f5c/720p/video.m3u8,720p,surrit.com
https://missav123.com/en/jur-237-uncensored-leak,,https://surrit.com/15c52183-b549-473c-85c7-dd834c2d3f5c/playlist.m3u8,playlist,surrit.com
https://missav123.com/en/jur-240-uncensored-leak,,https://surrit.com/dbbd501c-59ec-4dfe-a4ae-9156102c0965/1080p/video.m3u8,1080p,surrit.com
https://missav123.com/en/jur-240-uncensored-leak,,https://surrit.com/dbbd501c-59ec-4dfe-a4ae-9156102c0965/720p/video.m3u8,720p,surrit.com
https://missav123.com/en/jur-240-uncensored-leak,,https://surrit.com/dbbd501c-59ec-4dfe-a4ae-9156102c0965/playlist.m3u8,playlist,surrit.com
https://missav123.com/en/jur-244-uncensored-leak,,https://surrit.com/b23cfb71-a34c-4dfb-846f-acf8e4b9a470/1080p/video.m3u8,1080p,surrit.com
https://missav123.com/en/jur-244-uncensored-leak,,https://surrit.com/b23cfb71-a34c-4dfb-846f-acf8e4b9a470/720p/video.m3u8,720p,surrit.com
https://missav123.com/en/jur-244-uncensored-leak,,https://surrit.com/b23cfb71-a34c-4dfb-846f-acf8e4b9a470/playlist.m3u8,playlist,surrit.com
https://missav123.com/en/jur-263-uncensored-leak,,https://surrit.com/d483b855-4121-4a52-b684-d9ef4778653d/1080p/video.m3u8,1080p,surrit.com
https://missav123.com/en/jur-263-uncensored-leak,,https://surrit.com/d483b855-4121-4a52-b684-d9ef4778653d/720p/video.m3u8,720p,surrit.com
https://missav123.com/en/jur-263-uncensored-leak,,https://surrit.com/d483b855-4121-4a52-b684-d9ef4778653d/playlist.m3u8,playlist,surrit.com
https://missav123.com/en/jur-502-english-subtitle,,https://surrit.com/b096c3f8-c866-4238-b3e1-000c0574f285/1080p/video.m3u8,1080p,surrit.com
https://missav123.com/en/jur-502-english-subtitle,,https://surrit.com/b096c3f8-c866-4238-b3e1-000c0574f285/720p/video.m3u8,720p,surrit.com
https://missav123.com/en/jur-502-english-subtitle,,https://surrit.com/b096c3f8-c866-4238-b3e1-000c0574f285/playlist.m3u8,playlist,surrit.com
https://missav123.com/en/juta-165-english-subtitle,,https://surrit.com/9c0ab6e5-5fdb-4953-b9c0-fa40c6cdd822/1080p/video.m3u8,1080p,surrit.com
https://missav123.com/en/juta-165-english-subtitle,,https://surrit.com/9c0ab6e5-5fdb-4953-b9c0-fa40c6cdd822/720p/video.m3u8,720p,surrit.com
https://missav123.com/en/juta-165-english-subtitle,,https://surrit.com/9c0ab6e5-5fdb-4953-b9c0-fa40c6cdd822/playlist.m3u8,playlist,surrit.com
https://missav123.com/en/luxu-966-uncensored-leak,,https://surrit.com/bde692b5-1a38-41e4-985f-03feec5a8c08/1080p/video.m3u8,1080p,surrit.com
https://missav123.com/en/luxu-966-uncensored-leak,,https://surrit.com/bde692b5-1a38-41e4-985f-03feec5a8c08/720p/video.m3u8,720p,surrit.com
https://missav123.com/en/luxu-966-uncensored-leak,,https://surrit.com/bde692b5-1a38-41e4-985f-03feec5a8c08/playlist.m3u8,playlist,surrit.com
https://missav123.com/en/maan-1191-uncensored-leak,,https://surrit.com/04a92e9c-ed3d-4d68-9a6f-619a46681ad4/1080p/video.m3u8,1080p,surrit.com
https://missav123.com/en/maan-1191-uncensored-leak,,https://surrit.com/04a92e9c-ed3d-4d68-9a6f-619a46681ad4/720p/video.m3u8,720p,surrit.com
https://missav123.com/en/maan-1191-uncensored-leak,,https://surrit.com/04a92e9c-ed3d-4d68-9a6f-619a46681ad4/playlist.m3u8,playlist,surrit.com
https://missav123.com/en/maan-1192-uncensored-leak,,https://surrit.com/2fbae8c2-da75-4612-8a48-0f37c39450d6/1080p/video.m3u8,1080p,surrit.com
https://missav123.com/en/maan-1192-uncensored-leak,,https://surrit.com/2fbae8c2-da75-4612-8a48-0f37c39450d6/720p/video.m3u8,720p,surrit.com
https://missav123.com/en/maan-1192-uncensored-leak,,https://surrit.com/2fbae8c2-da75-4612-8a48-0f37c39450d6/playlist.m3u8,playlist,surrit.com
https://missav123.com/en/meyd-970-english-subtitle,,https://surrit.com/9f50ca70-134a-4ee4-9d4e-7e84ae88abfc/1080p/video.m3u8,1080p,surrit.com
https://missav123.com/en/meyd-970-english-subtitle,,https://surrit.com/9f50ca70-134a-4ee4-9d4e-7e84ae88abfc/720p/video.m3u8,720p,surrit.com
https://missav123.com/en/meyd-970-english-subtitle,,https://surrit.com/9f50ca70-134a-4ee4-9d4e-7e84ae88abfc/playlist.m3u8,playlist,surrit.com
https://missav123.com/en/meyd-983-english-subtitle,,https://surrit.com/008349de-4868-4e0f-bb1c-75887e6a9a25/1080p/video.m3u8,1080p,surrit.com
https://missav123.com/en/meyd-983-english-subtitle,,https://surrit.com/008349de-4868-4e0f-bb1c-75887e6a9a25/720p/video.m3u8,720p,surrit.com
https://missav123.com/en/meyd-983-english-subtitle,,https://surrit.com/008349de-4868-4e0f-bb1c-75887e6a9a25/playlist.m3u8,playlist,surrit.com
https://missav123.com/en/meyd-985-uncensored-leak,,https://surrit.com/b1ea1265-3046-4b40-8a0c-e7d95c514575/1080p/video.m3u8,1080p,surrit.com
https://missav123.com/en/meyd-985-uncensored-leak,,https://surrit.com/b1ea1265-3046-4b40-8a0c-e7d95c514575/720p/video.m3u8,720p,surrit.com
https://missav123.com/en/meyd-985-uncensored-leak,,https://surrit.com/b1ea1265-3046-4b40-8a0c-e7d95c514575/playlist.m3u8,playlist,surrit.com
https://missav123.com/en/meyd-988-uncensored-leak,,https://surrit.com/9ca4ee00-45b4-4a9c-8f64-5f9e579a0d1c/1080p/video.m3u8,1080p,surrit.com
https://missav123.com/en/meyd-988-uncensored-leak,,https://surrit.com/9ca4ee00-45b4-4a9c-8f64-5f9e579a0d1c/720p/video.m3u8,720p,surrit.com
https://missav123.com/en/meyd-988-uncensored-leak,,https://surrit.com/9ca4ee00-45b4-4a9c-8f64-5f9e579a0d1c/playlist.m3u8,playlist,surrit.com
https://missav123.com/en/meyd-990-english-subtitle,,https://surrit.com/245615ea-efb0-4f07-9853-f52e8054b428/1080p/video.m3u8,1080p,surrit.com
https://missav123.com/en/meyd-990-english-subtitle,,https://surrit.com/245615ea-efb0-4f07-9853-f52e8054b428/720p/video.m3u8,720p,surrit.com
https://missav123.com/en/meyd-990-english-subtitle,,https://surrit.com/245615ea-efb0-4f07-9853-f52e8054b428/playlist.m3u8,playlist,surrit.com
https://missav123.com/en/meyd-996-english-subtitle,,https://surrit.com/75ba6797-c633-4976-bbc2-251f34b9ffe1/1080p/video.m3u8,1080p,surrit.com
https://missav123.com/en/meyd-996-english-subtitle,,https://surrit.com/75ba6797-c633-4976-bbc2-251f34b9ffe1/720p/video.m3u8,720p,surrit.com
https://missav123.com/en/meyd-996-english-subtitle,,https://surrit.com/75ba6797-c633-4976-bbc2-251f34b9ffe1/playlist.m3u8,playlist,surrit.com
https://missav123.com/en/meyd-998-english-subtitle,,https://surrit.com/04a144e3-2f97-4a72-986b-691c9c262553/1080p/video.m3u8,1080p,surrit.com
https://missav123.com/en/meyd-998-english-subtitle,,https://surrit.com/04a144e3-2f97-4a72-986b-691c9c262553/720p/video.m3u8,720p,surrit.com
https://missav123.com/en/meyd-998-english-subtitle,,https://surrit.com/04a144e3-2f97-4a72-986b-691c9c262553/playlist.m3u8,playlist,surrit.com
https://missav123.com/en/mfcg-009-uncensored-leak,,https://surrit.com/66fdab5f-c934-46d8-8074-24b2544d398a/1080p/video.m3u8,1080p,surrit.com
https://missav123.com/en/mfcg-009-uncensored-leak,,https://surrit.com/66fdab5f-c934-46d8-8074-24b2544d398a/720p/video.m3u8,720p,surrit.com
https://missav123.com/en/mfcg-009-uncensored-leak,,https://surrit.com/66fdab5f-c934-46d8-8074-24b2544d398a/playlist.m3u8,playlist,surrit.com
https://missav123.com/en/mfyd-003-english-subtitle,,https://surrit.com/9e21eb6d-8c85-43e3-8fae-2b5cdb7be491/1080p/video.m3u8,1080p,surrit.com
https://missav123.com/en/mfyd-003-english-subtitle,,https://surrit.com/9e21eb6d-8c85-43e3-8fae-2b5cdb7be491/720p/video.m3u8,720p,surrit.com
https://missav123.com/en/mfyd-003-english-subtitle,,https://surrit.com/9e21eb6d-8c85-43e3-8fae-2b5cdb7be491/playlist.m3u8,playlist,surrit.com
https://missav123.com/en/mgold-057-uncensored-leak,,https://surrit.com/0f1cfc89-1c1e-4868-9192-a1195299637f/1080p/video.m3u8,1080p,surrit.com
https://missav123.com/en/mgold-057-uncensored-leak,,https://surrit.com/0f1cfc89-1c1e-4868-9192-a1195299637f/720p/video.m3u8,720p,surrit.com
https://missav123.com/en/mgold-057-uncensored-leak,,https://surrit.com/0f1cfc89-1c1e-4868-9192-a1195299637f/playlist.m3u8,playlist,surrit.com
https://missav123.com/en/miab-428-english-subtitle,,https://surrit.com/2944e1b6-eb0d-4c6d-88d5-5864a3422b45/720p/video.m3u8,720p,surrit.com
https://missav123.com/en/miab-428-english-subtitle,,https://surrit.com/2944e1b6-eb0d-4c6d-88d5-5864a3422b45/playlist.m3u8,playlist,surrit.com
https://missav123.com/en/miab-433-english-subtitle,,https://surrit.com/36e3b730-6ead-4b21-8941-760a5a9fc20a/1080p/video.m3u8,1080p,surrit.com
https://missav123.com/en/miab-433-english-subtitle,,https://surrit.com/36e3b730-6ead-4b21-8941-760a5a9fc20a/720p/video.m3u8,720p,surrit.com
https://missav123.com/en/miab-433-english-subtitle,,https://surrit.com/36e3b730-6ead-4b21-8941-760a5a9fc20a/playlist.m3u8,playlist,surrit.com
https://missav123.com/en/miab-472-english-subtitle,,https://surrit.com/42af7388-1324-46ba-be0c-fc21fbba5b7f/720p/video.m3u8,720p,surrit.com
https://missav123.com/en/miab-472-english-subtitle,,https://surrit.com/42af7388-1324-46ba-be0c-fc21fbba5b7f/playlist.m3u8,playlist,surrit.com
https://missav123.com/en/mida-098-english-subtitle,,https://surrit.com/00f6943b-20f5-4e6d-a781-397da7c7cf57/480p/video.m3u8,480p,surrit.com
https://missav123.com/en/mida-098-english-subtitle,,https://surrit.com/00f6943b-20f5-4e6d-a781-397da7c7cf57/playlist.m3u8,playlist,surrit.com
https://missav123.com/en/midv-852-english-subtitle,,https://surrit.com/b0b696b2-4d29-405f-a782-31c93b5eb2ff/1080p/video.m3u8,1080p,surrit.com
https://missav123.com/en/midv-852-english-subtitle,,https://surrit.com/b0b696b2-4d29-405f-a782-31c93b5eb2ff/720p/video.m3u8,720p,surrit.com
https://missav123.com/en/midv-852-english-subtitle,,https://surrit.com/b0b696b2-4d29-405f-a782-31c93b5eb2ff/playlist.m3u8,playlist,surrit.com
https://missav123.com/en/mifd-570-english-subtitle,,https://surrit.com/491f448e-aa76-4876-87a2-c31ddc8b08d5/1080p/video.m3u8,1080p,surrit.com
https://missav123.com/en/mifd-570-english-subtitle,,https://surrit.com/491f448e-aa76-4876-87a2-c31ddc8b08d5/720p/video.m3u8,720p,surrit.com
https://missav123.com/en/mifd-570-english-subtitle,,https://surrit.com/491f448e-aa76-4876-87a2-c31ddc8b08d5/playlist.m3u8,playlist,surrit.com
https://missav123.com/en/mifd-603-english-subtitle,,https://surrit.com/b9c9cbb4-b742-4777-8278-c8b8313a8416/1080p/video.m3u8,1080p,surrit.com
https://missav123.com/en/mifd-603-english-subtitle,,https://surrit.com/b9c9cbb4-b742-4777-8278-c8b8313a8416/720p/video.m3u8,720p,surrit.com
https://missav123.com/en/mifd-603-english-subtitle,,https://surrit.com/b9c9cbb4-b742-4777-8278-c8b8313a8416/playlist.m3u8,playlist,surrit.com
https://missav123.com/en/mium-1483-uncensored-leak,,https://surrit.com/b77427c8-9de2-4ab1-940e-9c6210312aaa/1080p/video.m3u8,1080p,surrit.com
https://missav123.com/en/mium-1483-uncensored-leak,,https://surrit.com/b77427c8-9de2-4ab1-940e-9c6210312aaa/720p/video.m3u8,720p,surrit.com
https://missav123.com/en/mium-1483-uncensored-leak,,https://surrit.com/b77427c8-9de2-4ab1-940e-9c6210312aaa/playlist.m3u8,playlist,surrit.com
https://missav123.com/en/mkmp-577-uncensored-leak,,https://surrit.com/48f0449a-35da-4644-ab02-f931e4084e84/1080p/video.m3u8,1080p,surrit.com
https://missav123.com/en/mkmp-577-uncensored-leak,,https://surrit.com/48f0449a-35da-4644-ab02-f931e4084e84/720p/video.m3u8,720p,surrit.com
https://missav123.com/en/mkmp-577-uncensored-leak,,https://surrit.com/48f0449a-35da-4644-ab02-f931e4084e84/playlist.m3u8,playlist,surrit.com
https://missav123.com/en/mmkz-166-uncensored-leak,,https://surrit.com/7cf0e6aa-4d9c-4bb1-be9e-322725d5f6e8/1080p/video.m3u8,1080p,surrit.com
https://missav123.com/en/mmkz-166-uncensored-leak,,https://surrit.com/7cf0e6aa-4d9c-4bb1-be9e-322725d5f6e8/720p/video.m3u8,720p,surrit.com
https://missav123.com/en/mmkz-166-uncensored-leak,,https://surrit.com/7cf0e6aa-4d9c-4bb1-be9e-322725d5f6e8/playlist.m3u8,playlist,surrit.com
https://missav123.com/en/mrxd-047-uncensored-leak,,https://surrit.com/aee708c3-269d-4c82-8963-49eccfd92150/1080p/video.m3u8,1080p,surrit.com
https://missav123.com/en/mrxd-047-uncensored-leak,,https://surrit.com/aee708c3-269d-4c82-8963-49eccfd92150/720p/video.m3u8,720p,surrit.com
https://missav123.com/en/mrxd-047-uncensored-leak,,https://surrit.com/aee708c3-269d-4c82-8963-49eccfd92150/playlist.m3u8,playlist,surrit.com
https://missav123.com/en/musume-090126_01,,https://surrit.com/e5b4780b-4ebb-4667-9131-c3f9817b2155/720p/video.m3u8,720p,surrit.com
https://missav123.com/en/musume-090126_01,,https://surrit.com/e5b4780b-4ebb-4667-9131-c3f9817b2155/playlist.m3u8,playlist,surrit.com
https://missav123.com/en/mvg-161-uncensored-leak,,https://surrit.com/8f36e716-4f20-4395-923c-6f44d67f47cc/1080p/video.m3u8,1080p,surrit.com
https://missav123.com/en/mvg-161-uncensored-leak,,https://surrit.com/8f36e716-4f20-4395-923c-6f44d67f47cc/720p/video.m3u8,720p,surrit.com
https://missav123.com/en/mvg-161-uncensored-leak,,https://surrit.com/8f36e716-4f20-4395-923c-6f44d67f47cc/playlist.m3u8,playlist,surrit.com
https://missav123.com/en/mvg-166-uncensored-leak,,https://surrit.com/c3e396f7-0eec-4cdb-960a-42b798d2c361/1080p/video.m3u8,1080p,surrit.com
https://missav123.com/en/mvg-166-uncensored-leak,,https://surrit.com/c3e396f7-0eec-4cdb-960a-42b798d2c361/720p/video.m3u8,720p,surrit.com
https://missav123.com/en/mvg-166-uncensored-leak,,https://surrit.com/c3e396f7-0eec-4cdb-960a-42b798d2c361/playlist.m3u8,playlist,surrit.com
https://missav123.com/en/mvg-167-uncensored-leak,,https://surrit.com/e834e5fd-8b45-410d-9925-bfd797ffb2d8/1080p/video.m3u8,1080p,surrit.com
https://missav123.com/en/mvg-167-uncensored-leak,,https://surrit.com/e834e5fd-8b45-410d-9925-bfd797ffb2d8/720p/video.m3u8,720p,surrit.com
https://missav123.com/en/mvg-167-uncensored-leak,,https://surrit.com/e834e5fd-8b45-410d-9925-bfd797ffb2d8/playlist.m3u8,playlist,surrit.com
https://missav123.com/en/mvg-171-uncensored-leak,,https://surrit.com/048b37ba-9d40-467e-a9d3-63f41d31f051/1080p/video.m3u8,1080p,surrit.com
https://missav123.com/en/mvg-171-uncensored-leak,,https://surrit.com/048b37ba-9d40-467e-a9d3-63f41d31f051/720p/video.m3u8,720p,surrit.com
https://missav123.com/en/mvg-171-uncensored-leak,,https://surrit.com/048b37ba-9d40-467e-a9d3-63f41d31f051/playlist.m3u8,playlist,surrit.com
https://missav123.com/en/ngod-253-uncensored-leak,,https://surrit.com/7414d12e-1b46-4939-8f5f-4b3e487f0d93/1080p/video.m3u8,1080p,surrit.com
https://missav123.com/en/ngod-253-uncensored-leak,,https://surrit.com/7414d12e-1b46-4939-8f5f-4b3e487f0d93/720p/video.m3u8,720p,surrit.com
https://missav123.com/en/ngod-253-uncensored-leak,,https://surrit.com/7414d12e-1b46-4939-8f5f-4b3e487f0d93/playlist.m3u8,playlist,surrit.com
https://missav123.com/en/ngod-255-uncensored-leak,,https://surrit.com/8ddfc2ac-81a1-4166-816d-c791ce788239/1080p/video.m3u8,1080p,surrit.com
https://missav123.com/en/ngod-255-uncensored-leak,,https://surrit.com/8ddfc2ac-81a1-4166-816d-c791ce788239/720p/video.m3u8,720p,surrit.com
https://missav123.com/en/ngod-255-uncensored-leak,,https://surrit.com/8ddfc2ac-81a1-4166-816d-c791ce788239/playlist.m3u8,playlist,surrit.com
https://missav123.com/en/nld-033,nld-033,https://surrit.com/769aee53-6759-4434-9fa4-e619f05230dc/720p/video.m3u8,720p,surrit.com
https://missav123.com/en/nld-033,nld-033,https://surrit.com/769aee53-6759-4434-9fa4-e619f05230dc/playlist.m3u8,playlist,surrit.com
https://missav123.com/en/npjs-274-uncensored-leak,,https://surrit.com/4c5b9879-7a9b-4a61-b8ee-32488acd0af0/1080p/video.m3u8,1080p,surrit.com
https://missav123.com/en/npjs-274-uncensored-leak,,https://surrit.com/4c5b9879-7a9b-4a61-b8ee-32488acd0af0/720p/video.m3u8,720p,surrit.com
https://missav123.com/en/npjs-274-uncensored-leak,,https://surrit.com/4c5b9879-7a9b-4a61-b8ee-32488acd0af0/playlist.m3u8,playlist,surrit.com
https://missav123.com/en/nsfs-143-uncensored-leak,,https://surrit.com/ff9d9ef9-b40b-43de-8b6d-1eef506bd97f/1080p/video.m3u8,1080p,surrit.com
https://missav123.com/en/nsfs-143-uncensored-leak,,https://surrit.com/ff9d9ef9-b40b-43de-8b6d-1eef506bd97f/720p/video.m3u8,720p,surrit.com
https://missav123.com/en/nsfs-143-uncensored-leak,,https://surrit.com/ff9d9ef9-b40b-43de-8b6d-1eef506bd97f/playlist.m3u8,playlist,surrit.com
https://missav123.com/en/nvh-078-uncensored-leak,,https://surrit.com/82a413dc-4c12-4f0e-8404-9d266670aa2d/1080p/video.m3u8,1080p,surrit.com
https://missav123.com/en/nvh-078-uncensored-leak,,https://surrit.com/82a413dc-4c12-4f0e-8404-9d266670aa2d/720p/video.m3u8,720p,surrit.com
https://missav123.com/en/nvh-078-uncensored-leak,,https://surrit.com/82a413dc-4c12-4f0e-8404-9d266670aa2d/playlist.m3u8,playlist,surrit.com
https://missav123.com/en/nvh-080-uncensored-leak,,https://surrit.com/f44cb01f-ec69-41cc-a9cf-803ccd6dfff4/1080p/video.m3u8,1080p,surrit.com
https://missav123.com/en/nvh-080-uncensored-leak,,https://surrit.com/f44cb01f-ec69-41cc-a9cf-803ccd6dfff4/720p/video.m3u8,720p,surrit.com
https://missav123.com/en/nvh-080-uncensored-leak,,https://surrit.com/f44cb01f-ec69-41cc-a9cf-803ccd6dfff4/playlist.m3u8,playlist,surrit.com
https://missav123.com/en/nvh-082-uncensored-leak,,https://surrit.com/5be42652-42d3-4f46-9be7-56ba3d794c29/1080p/video.m3u8,1080p,surrit.com
https://missav123.com/en/nvh-082-uncensored-leak,,https://surrit.com/5be42652-42d3-4f46-9be7-56ba3d794c29/720p/video.m3u8,720p,surrit.com
https://missav123.com/en/nvh-082-uncensored-leak,,https://surrit.com/5be42652-42d3-4f46-9be7-56ba3d794c29/playlist.m3u8,playlist,surrit.com
https://missav123.com/en/pacopacomama-090126_100,,https://surrit.com/5739f594-c5d1-4e2a-a29e-daac3088cacf/720p/video.m3u8,720p,surrit.com
https://missav123.com/en/pacopacomama-090126_100,,https://surrit.com/5739f594-c5d1-4e2a-a29e-daac3088cacf/playlist.m3u8,playlist,surrit.com
https://missav123.com/en/pppe-315-english-subtitle,,https://surrit.com/96c132e7-31ff-4288-be01-090520e761bc/1080p/video.m3u8,1080p,surrit.com
https://missav123.com/en/pppe-315-english-subtitle,,https://surrit.com/96c132e7-31ff-4288-be01-090520e761bc/720p/video.m3u8,720p,surrit.com
https://missav123.com/en/pppe-315-english-subtitle,,https://surrit.com/96c132e7-31ff-4288-be01-090520e761bc/playlist.m3u8,playlist,surrit.com
https://missav123.com/en/real-875-uncensored-leak,,https://surrit.com/f3a69b7c-fb73-43be-aee7-984fd6fe7cc4/1080p/video.m3u8,1080p,surrit.com
https://missav123.com/en/real-875-uncensored-leak,,https://surrit.com/f3a69b7c-fb73-43be-aee7-984fd6fe7cc4/720p/video.m3u8,720p,surrit.com
https://missav123.com/en/real-875-uncensored-leak,,https://surrit.com/f3a69b7c-fb73-43be-aee7-984fd6fe7cc4/playlist.m3u8,playlist,surrit.com
https://missav123.com/en/rki-704-uncensored-leak,,https://surrit.com/2d0506ea-414c-4a3f-a05a-81c9f6213c68/1080p/video.m3u8,1080p,surrit.com
https://missav123.com/en/rki-704-uncensored-leak,,https://surrit.com/2d0506ea-414c-4a3f-a05a-81c9f6213c68/720p/video.m3u8,720p,surrit.com
https://missav123.com/en/rki-704-uncensored-leak,,https://surrit.com/2d0506ea-414c-4a3f-a05a-81c9f6213c68/playlist.m3u8,playlist,surrit.com
https://missav123.com/en/roe-356-english-subtitle,,https://surrit.com/c09dfa46-3afb-4c71-860f-d1994fed119c/1080p/video.m3u8,1080p,surrit.com
https://missav123.com/en/roe-356-english-subtitle,,https://surrit.com/c09dfa46-3afb-4c71-860f-d1994fed119c/720p/video.m3u8,720p,surrit.com
https://missav123.com/en/roe-356-english-subtitle,,https://surrit.com/c09dfa46-3afb-4c71-860f-d1994fed119c/playlist.m3u8,playlist,surrit.com
https://missav123.com/en/roe-450-english-subtitle,,https://surrit.com/dd9eced1-08b9-40e1-a32f-dea1bf6f1e3c/1080p/video.m3u8,1080p,surrit.com
https://missav123.com/en/roe-450-english-subtitle,,https://surrit.com/dd9eced1-08b9-40e1-a32f-dea1bf6f1e3c/720p/video.m3u8,720p,surrit.com
https://missav123.com/en/roe-450-english-subtitle,,https://surrit.com/dd9eced1-08b9-40e1-a32f-dea1bf6f1e3c/playlist.m3u8,playlist,surrit.com
https://missav123.com/en/roe-459-english-subtitle,,https://surrit.com/9bf9d376-d1d5-4626-a4e9-ce5b90d86dea/480p/video.m3u8,480p,surrit.com
https://missav123.com/en/roe-459-english-subtitle,,https://surrit.com/9bf9d376-d1d5-4626-a4e9-ce5b90d86dea/playlist.m3u8,playlist,surrit.com
https://missav123.com/en/roe-468-english-subtitle,,https://surrit.com/770baa4a-bb99-437a-877e-49a29b3e9b14/480p/video.m3u8,480p,surrit.com
https://missav123.com/en/roe-468-english-subtitle,,https://surrit.com/770baa4a-bb99-437a-877e-49a29b3e9b14/playlist.m3u8,playlist,surrit.com
https://missav123.com/en/same-158-english-subtitle,,https://surrit.com/0322b79b-5a67-4e0e-a851-a8f445a9d954/1080p/video.m3u8,1080p,surrit.com
https://missav123.com/en/same-158-english-subtitle,,https://surrit.com/0322b79b-5a67-4e0e-a851-a8f445a9d954/720p/video.m3u8,720p,surrit.com
https://missav123.com/en/same-158-english-subtitle,,https://surrit.com/0322b79b-5a67-4e0e-a851-a8f445a9d954/playlist.m3u8,playlist,surrit.com
https://missav123.com/en/san-484-uncensored-leak,,https://surrit.com/615843bd-5fd7-4b22-bab7-139dcc06ed44/1080p/video.m3u8,1080p,surrit.com
https://missav123.com/en/san-484-uncensored-leak,,https://surrit.com/615843bd-5fd7-4b22-bab7-139dcc06ed44/720p/video.m3u8,720p,surrit.com
https://missav123.com/en/san-484-uncensored-leak,,https://surrit.com/615843bd-5fd7-4b22-bab7-139dcc06ed44/playlist.m3u8,playlist,surrit.com
https://missav123.com/en/san-485-uncensored-leak,,https://surrit.com/449b8af0-0dcf-4330-90a1-b00a6156cea3/1080p/video.m3u8,1080p,surrit.com
https://missav123.com/en/san-485-uncensored-leak,,https://surrit.com/449b8af0-0dcf-4330-90a1-b00a6156cea3/720p/video.m3u8,720p,surrit.com
https://missav123.com/en/san-485-uncensored-leak,,https://surrit.com/449b8af0-0dcf-4330-90a1-b00a6156cea3/playlist.m3u8,playlist,surrit.com
https://missav123.com/en/san-486-uncensored-leak,,https://surrit.com/5ca70021-8cab-4a07-9dec-f4d72e7f4e65/1080p/video.m3u8,1080p,surrit.com
https://missav123.com/en/san-486-uncensored-leak,,https://surrit.com/5ca70021-8cab-4a07-9dec-f4d72e7f4e65/720p/video.m3u8,720p,surrit.com
https://missav123.com/en/san-486-uncensored-leak,,https://surrit.com/5ca70021-8cab-4a07-9dec-f4d72e7f4e65/playlist.m3u8,playlist,surrit.com
https://missav123.com/en/san-487-uncensored-leak,,https://surrit.com/ea20eda2-96f5-4131-81a0-3307e55a5bd2/1080p/video.m3u8,1080p,surrit.com
https://missav123.com/en/san-487-uncensored-leak,,https://surrit.com/ea20eda2-96f5-4131-81a0-3307e55a5bd2/720p/video.m3u8,720p,surrit.com
https://missav123.com/en/san-487-uncensored-leak,,https://surrit.com/ea20eda2-96f5-4131-81a0-3307e55a5bd2/playlist.m3u8,playlist,surrit.com
https://missav123.com/en/simh-008-uncensored-leak,,https://surrit.com/e885b825-6318-4182-b102-6f3e40478609/1080p/video.m3u8,1080p,surrit.com
https://missav123.com/en/simh-008-uncensored-leak,,https://surrit.com/e885b825-6318-4182-b102-6f3e40478609/720p/video.m3u8,720p,surrit.com
https://missav123.com/en/simh-008-uncensored-leak,,https://surrit.com/e885b825-6318-4182-b102-6f3e40478609/playlist.m3u8,playlist,surrit.com
https://missav123.com/en/siro-5730-uncensored-leak,,https://surrit.com/c12fad05-7a68-4de7-b9cd-1eebd0622255/1080p/video.m3u8,1080p,surrit.com
https://missav123.com/en/siro-5730-uncensored-leak,,https://surrit.com/c12fad05-7a68-4de7-b9cd-1eebd0622255/720p/video.m3u8,720p,surrit.com
https://missav123.com/en/siro-5730-uncensored-leak,,https://surrit.com/c12fad05-7a68-4de7-b9cd-1eebd0622255/playlist.m3u8,playlist,surrit.com
https://missav123.com/en/snos-163-english-subtitle,,https://surrit.com/308853d1-cd51-451d-a391-8d35a22855a9/480p/video.m3u8,480p,surrit.com
https://missav123.com/en/snos-163-english-subtitle,,https://surrit.com/308853d1-cd51-451d-a391-8d35a22855a9/playlist.m3u8,playlist,surrit.com
https://missav123.com/en/snos-360-uncensored-leak,,https://surrit.com/bf47fe4d-69b4-496b-92bb-00d9e1786ae2/1080p/video.m3u8,1080p,surrit.com
https://missav123.com/en/snos-360-uncensored-leak,,https://surrit.com/bf47fe4d-69b4-496b-92bb-00d9e1786ae2/720p/video.m3u8,720p,surrit.com
https://missav123.com/en/snos-360-uncensored-leak,,https://surrit.com/bf47fe4d-69b4-496b-92bb-00d9e1786ae2/playlist.m3u8,playlist,surrit.com
https://missav123.com/en/sone-582-uncensored-leak,,https://surrit.com/6781ea7a-41fb-4a8c-9794-c9e6e561f1c6/1080p/video.m3u8,1080p,surrit.com
https://missav123.com/en/sone-582-uncensored-leak,,https://surrit.com/6781ea7a-41fb-4a8c-9794-c9e6e561f1c6/720p/video.m3u8,720p,surrit.com
https://missav123.com/en/sone-582-uncensored-leak,,https://surrit.com/6781ea7a-41fb-4a8c-9794-c9e6e561f1c6/playlist.m3u8,playlist,surrit.com
https://missav123.com/en/sone-607-uncensored-leak,,https://surrit.com/a0c42846-686d-4349-9654-1a7c9ab76a35/1080p/video.m3u8,1080p,surrit.com
https://missav123.com/en/sone-607-uncensored-leak,,https://surrit.com/a0c42846-686d-4349-9654-1a7c9ab76a35/720p/video.m3u8,720p,surrit.com
https://missav123.com/en/sone-607-uncensored-leak,,https://surrit.com/a0c42846-686d-4349-9654-1a7c9ab76a35/playlist.m3u8,playlist,surrit.com
https://missav123.com/en/sone-620-uncensored-leak,,https://surrit.com/8fb4400a-3b2a-441a-94f4-762b4d4c020c/1080p/video.m3u8,1080p,surrit.com
https://missav123.com/en/sone-620-uncensored-leak,,https://surrit.com/8fb4400a-3b2a-441a-94f4-762b4d4c020c/720p/video.m3u8,720p,surrit.com
https://missav123.com/en/sone-620-uncensored-leak,,https://surrit.com/8fb4400a-3b2a-441a-94f4-762b4d4c020c/playlist.m3u8,playlist,surrit.com
https://missav123.com/en/sone-621-uncensored-leak,,https://surrit.com/9b64c907-5c30-444e-b2dd-70bc53a01504/1080p/video.m3u8,1080p,surrit.com
https://missav123.com/en/sone-621-uncensored-leak,,https://surrit.com/9b64c907-5c30-444e-b2dd-70bc53a01504/720p/video.m3u8,720p,surrit.com
https://missav123.com/en/sone-621-uncensored-leak,,https://surrit.com/9b64c907-5c30-444e-b2dd-70bc53a01504/playlist.m3u8,playlist,surrit.com
https://missav123.com/en/sone-631-uncensored-leak,,https://surrit.com/8bc1b6d5-af4d-4172-8a9d-9abd7363e9e4/1080p/video.m3u8,1080p,surrit.com
https://missav123.com/en/sone-631-uncensored-leak,,https://surrit.com/8bc1b6d5-af4d-4172-8a9d-9abd7363e9e4/720p/video.m3u8,720p,surrit.com
https://missav123.com/en/sone-631-uncensored-leak,,https://surrit.com/8bc1b6d5-af4d-4172-8a9d-9abd7363e9e4/playlist.m3u8,playlist,surrit.com
https://missav123.com/en/sone-634-uncensored-leak,,https://surrit.com/845adbef-b1b3-40d0-a7ee-d36dd34a6e39/1080p/video.m3u8,1080p,surrit.com
https://missav123.com/en/sone-634-uncensored-leak,,https://surrit.com/845adbef-b1b3-40d0-a7ee-d36dd34a6e39/720p/video.m3u8,720p,surrit.com
https://missav123.com/en/sone-634-uncensored-leak,,https://surrit.com/845adbef-b1b3-40d0-a7ee-d36dd34a6e39/playlist.m3u8,playlist,surrit.com
https://missav123.com/en/sone-636-uncensored-leak,,https://surrit.com/c1fe1e4e-bdd0-4eeb-81fe-af5652311dfa/1080p/video.m3u8,1080p,surrit.com
https://missav123.com/en/sone-636-uncensored-leak,,https://surrit.com/c1fe1e4e-bdd0-4eeb-81fe-af5652311dfa/720p/video.m3u8,720p,surrit.com
https://missav123.com/en/sone-636-uncensored-leak,,https://surrit.com/c1fe1e4e-bdd0-4eeb-81fe-af5652311dfa/playlist.m3u8,playlist,surrit.com
https://missav123.com/en/sone-639-uncensored-leak,,https://surrit.com/9e04e339-be52-4272-81db-5a82ac74fbcb/1080p/video.m3u8,1080p,surrit.com
https://missav123.com/en/sone-639-uncensored-leak,,https://surrit.com/9e04e339-be52-4272-81db-5a82ac74fbcb/720p/video.m3u8,720p,surrit.com
https://missav123.com/en/sone-639-uncensored-leak,,https://surrit.com/9e04e339-be52-4272-81db-5a82ac74fbcb/playlist.m3u8,playlist,surrit.com
https://missav123.com/en/sora-645-uncensored-leak,,https://surrit.com/628f89db-b958-45c8-97b1-3affd9b0897a/1080p/video.m3u8,1080p,surrit.com
https://missav123.com/en/sora-645-uncensored-leak,,https://surrit.com/628f89db-b958-45c8-97b1-3affd9b0897a/720p/video.m3u8,720p,surrit.com
https://missav123.com/en/sora-645-uncensored-leak,,https://surrit.com/628f89db-b958-45c8-97b1-3affd9b0897a/playlist.m3u8,playlist,surrit.com
https://missav123.com/en/sora-646-uncensored-leak,,https://surrit.com/e779f232-2185-48cd-8084-a7a6fece03b0/1080p/video.m3u8,1080p,surrit.com
https://missav123.com/en/sora-646-uncensored-leak,,https://surrit.com/e779f232-2185-48cd-8084-a7a6fece03b0/720p/video.m3u8,720p,surrit.com
https://missav123.com/en/sora-646-uncensored-leak,,https://surrit.com/e779f232-2185-48cd-8084-a7a6fece03b0/playlist.m3u8,playlist,surrit.com
https://missav123.com/en/sora-647-uncensored-leak,,https://surrit.com/f621fa01-bd78-4d8f-94a1-a0e6129cfe81/1080p/video.m3u8,1080p,surrit.com
https://missav123.com/en/sora-647-uncensored-leak,,https://surrit.com/f621fa01-bd78-4d8f-94a1-a0e6129cfe81/720p/video.m3u8,720p,surrit.com
https://missav123.com/en/sora-647-uncensored-leak,,https://surrit.com/f621fa01-bd78-4d8f-94a1-a0e6129cfe81/playlist.m3u8,playlist,surrit.com
https://missav123.com/en/sora-648-uncensored-leak,,https://surrit.com/6841b47f-3981-4bc2-83cf-ad4c9f3bfd36/1080p/video.m3u8,1080p,surrit.com
https://missav123.com/en/sora-648-uncensored-leak,,https://surrit.com/6841b47f-3981-4bc2-83cf-ad4c9f3bfd36/720p/video.m3u8,720p,surrit.com
https://missav123.com/en/sora-648-uncensored-leak,,https://surrit.com/6841b47f-3981-4bc2-83cf-ad4c9f3bfd36/playlist.m3u8,playlist,surrit.com
https://missav123.com/en/sqte-712-uncensored-leak,,https://surrit.com/077379b9-e73f-4d81-8b2d-b643f6055993/1080p/video.m3u8,1080p,surrit.com
https://missav123.com/en/sqte-712-uncensored-leak,,https://surrit.com/077379b9-e73f-4d81-8b2d-b643f6055993/720p/video.m3u8,720p,surrit.com
https://missav123.com/en/sqte-712-uncensored-leak,,https://surrit.com/077379b9-e73f-4d81-8b2d-b643f6055993/playlist.m3u8,playlist,surrit.com
https://missav123.com/en/sqte-713-uncensored-leak,,https://surrit.com/6de51d9b-01b7-421a-a567-ee2ab73ab8ae/1080p/video.m3u8,1080p,surrit.com
https://missav123.com/en/sqte-713-uncensored-leak,,https://surrit.com/6de51d9b-01b7-421a-a567-ee2ab73ab8ae/720p/video.m3u8,720p,surrit.com
https://missav123.com/en/sqte-713-uncensored-leak,,https://surrit.com/6de51d9b-01b7-421a-a567-ee2ab73ab8ae/playlist.m3u8,playlist,surrit.com
https://missav123.com/en/stars-342-uncensored-leak,,https://surrit.com/4373901e-8cf6-4b67-833c-048d6ef9f87e/720p/video.m3u8,720p,surrit.com
https://missav123.com/en/stars-342-uncensored-leak,,https://surrit.com/4373901e-8cf6-4b67-833c-048d6ef9f87e/playlist.m3u8,playlist,surrit.com
https://missav123.com/en/start-023-uncensored-leak,,https://surrit.com/ac932ff4-3540-41f6-917d-953f9a4fb6ef/1080p/video.m3u8,1080p,surrit.com
https://missav123.com/en/start-023-uncensored-leak,,https://surrit.com/ac932ff4-3540-41f6-917d-953f9a4fb6ef/720p/video.m3u8,720p,surrit.com
https://missav123.com/en/start-023-uncensored-leak,,https://surrit.com/ac932ff4-3540-41f6-917d-953f9a4fb6ef/playlist.m3u8,playlist,surrit.com
https://missav123.com/en/start-242-uncensored-leak,,https://surrit.com/bf8df2db-8e96-41e7-a8a9-b89fa796f22c/720p/video.m3u8,720p,surrit.com
https://missav123.com/en/start-242-uncensored-leak,,https://surrit.com/bf8df2db-8e96-41e7-a8a9-b89fa796f22c/playlist.m3u8,playlist,surrit.com
https://missav123.com/en/start-262-uncensored-leak,,https://surrit.com/0cec3826-094c-4179-95db-3cbcc1b8cb4c/1080p/video.m3u8,1080p,surrit.com
https://missav123.com/en/start-262-uncensored-leak,,https://surrit.com/0cec3826-094c-4179-95db-3cbcc1b8cb4c/720p/video.m3u8,720p,surrit.com
https://missav123.com/en/start-262-uncensored-leak,,https://surrit.com/0cec3826-094c-4179-95db-3cbcc1b8cb4c/playlist.m3u8,playlist,surrit.com
https://missav123.com/en/start-601,start-601,https://surrit.com/bb656702-c48a-4f5d-908c-0f1e38b6156c/1080p/video.m3u8,1080p,surrit.com
https://missav123.com/en/start-601,start-601,https://surrit.com/bb656702-c48a-4f5d-908c-0f1e38b6156c/720p/video.m3u8,720p,surrit.com
https://missav123.com/en/start-601,start-601,https://surrit.com/bb656702-c48a-4f5d-908c-0f1e38b6156c/playlist.m3u8,playlist,surrit.com
https://missav123.com/en/start-602-uncensored-leak,,https://surrit.com/79406850-42cf-4d9f-8743-7ebe0f2dbbfc/1080p/video.m3u8,1080p,surrit.com
https://missav123.com/en/start-602-uncensored-leak,,https://surrit.com/79406850-42cf-4d9f-8743-7ebe0f2dbbfc/720p/video.m3u8,720p,surrit.com
https://missav123.com/en/start-602-uncensored-leak,,https://surrit.com/79406850-42cf-4d9f-8743-7ebe0f2dbbfc/playlist.m3u8,playlist,surrit.com
https://missav123.com/en/start-629,start-629,https://surrit.com/f7fb16d4-a12c-4d9e-8b25-0234b5c046e0/1080p/video.m3u8,1080p,surrit.com
https://missav123.com/en/start-629,start-629,https://surrit.com/f7fb16d4-a12c-4d9e-8b25-0234b5c046e0/720p/video.m3u8,720p,surrit.com
https://missav123.com/en/start-629,start-629,https://surrit.com/f7fb16d4-a12c-4d9e-8b25-0234b5c046e0/playlist.m3u8,playlist,surrit.com
https://missav123.com/en/tchr-029-uncensored-leak,,https://surrit.com/b9ebf85c-f31e-4dee-8bd9-b98dfc0d4398/1080p/video.m3u8,1080p,surrit.com
https://missav123.com/en/tchr-029-uncensored-leak,,https://surrit.com/b9ebf85c-f31e-4dee-8bd9-b98dfc0d4398/720p/video.m3u8,720p,surrit.com
https://missav123.com/en/tchr-029-uncensored-leak,,https://surrit.com/b9ebf85c-f31e-4dee-8bd9-b98dfc0d4398/playlist.m3u8,playlist,surrit.com
https://missav123.com/en/vdd-208-uncensored-leak,,https://surrit.com/16a85839-4f51-4e0b-8e5d-1048a65f82e2/1080p/video.m3u8,1080p,surrit.com
https://missav123.com/en/vdd-208-uncensored-leak,,https://surrit.com/16a85839-4f51-4e0b-8e5d-1048a65f82e2/720p/video.m3u8,720p,surrit.com
https://missav123.com/en/vdd-208-uncensored-leak,,https://surrit.com/16a85839-4f51-4e0b-8e5d-1048a65f82e2/playlist.m3u8,playlist,surrit.com
https://missav123.com/en/vec-687-uncensored-leak,,https://surrit.com/46d0a29a-2a9c-4505-9dcd-49d645009882/1080p/video.m3u8,1080p,surrit.com
https://missav123.com/en/vec-687-uncensored-leak,,https://surrit.com/46d0a29a-2a9c-4505-9dcd-49d645009882/720p/video.m3u8,720p,surrit.com
https://missav123.com/en/vec-687-uncensored-leak,,https://surrit.com/46d0a29a-2a9c-4505-9dcd-49d645009882/playlist.m3u8,playlist,surrit.com
https://missav123.com/en/vod-039-english-subtitle,,https://surrit.com/1491dc4b-4fc0-4eff-9abd-6788a4fbefaf/1080p/video.m3u8,1080p,surrit.com
https://missav123.com/en/vod-039-english-subtitle,,https://surrit.com/1491dc4b-4fc0-4eff-9abd-6788a4fbefaf/720p/video.m3u8,720p,surrit.com
https://missav123.com/en/vod-039-english-subtitle,,https://surrit.com/1491dc4b-4fc0-4eff-9abd-6788a4fbefaf/playlist.m3u8,playlist,surrit.com
https://missav123.com/en/vrnc-043-uncensored-leak,,https://surrit.com/8951440a-2d58-4345-9065-d68af1d614f7/720p/video.m3u8,720p,surrit.com
https://missav123.com/en/vrnc-043-uncensored-leak,,https://surrit.com/8951440a-2d58-4345-9065-d68af1d614f7/playlist.m3u8,playlist,surrit.com
https://missav123.com/en/waaa-674-uncensored-leak,,https://surrit.com/b16c060b-ac55-45e6-8198-2bc446701d0e/1080p/video.m3u8,1080p,surrit.com
https://missav123.com/en/waaa-674-uncensored-leak,,https://surrit.com/b16c060b-ac55-45e6-8198-2bc446701d0e/720p/video.m3u8,720p,surrit.com
https://missav123.com/en/waaa-674-uncensored-leak,,https://surrit.com/b16c060b-ac55-45e6-8198-2bc446701d0e/playlist.m3u8,playlist,surrit.com
https://missav123.com/en/waaa-677-uncensored-leak,,https://surrit.com/666e9695-c4c4-4654-a784-2358d708de4e/1080p/video.m3u8,1080p,surrit.com
https://missav123.com/en/waaa-677-uncensored-leak,,https://surrit.com/666e9695-c4c4-4654-a784-2358d708de4e/720p/video.m3u8,720p,surrit.com
https://missav123.com/en/waaa-677-uncensored-leak,,https://surrit.com/666e9695-c4c4-4654-a784-2358d708de4e/playlist.m3u8,playlist,surrit.com
https://missav123.com/en/waaa-680,waaa-680,https://surrit.com/2139294a-d3c1-48bf-96b1-3c80d5dcb368/720p/video.m3u8,720p,surrit.com
https://missav123.com/en/waaa-680,waaa-680,https://surrit.com/2139294a-d3c1-48bf-96b1-3c80d5dcb368/playlist.m3u8,playlist,surrit.com
https://missav123.com/en/waaa-682-uncensored-leak,,https://surrit.com/dddaad12-6d0a-4587-991a-92f4559a7591/1080p/video.m3u8,1080p,surrit.com
https://missav123.com/en/waaa-682-uncensored-leak,,https://surrit.com/dddaad12-6d0a-4587-991a-92f4559a7591/720p/video.m3u8,720p,surrit.com
https://missav123.com/en/waaa-682-uncensored-leak,,https://surrit.com/dddaad12-6d0a-4587-991a-92f4559a7591/playlist.m3u8,playlist,surrit.com
https://missav123.com/en/waaa-684,waaa-684,https://surrit.com/9ae5bfa7-ba6e-4ef1-aad6-a23172fb67ab/720p/video.m3u8,720p,surrit.com
https://missav123.com/en/waaa-684,waaa-684,https://surrit.com/9ae5bfa7-ba6e-4ef1-aad6-a23172fb67ab/playlist.m3u8,playlist,surrit.com
https://missav123.com/en/waaa-684-uncensored-leak,,https://surrit.com/1897d5b8-4789-4bf8-b286-5988c1bb3cd4/1080p/video.m3u8,1080p,surrit.com
https://missav123.com/en/waaa-684-uncensored-leak,,https://surrit.com/1897d5b8-4789-4bf8-b286-5988c1bb3cd4/720p/video.m3u8,720p,surrit.com
https://missav123.com/en/waaa-684-uncensored-leak,,https://surrit.com/1897d5b8-4789-4bf8-b286-5988c1bb3cd4/playlist.m3u8,playlist,surrit.com
https://missav123.com/en/waaa-685-uncensored-leak,,https://surrit.com/5de19a49-fb90-49c7-887e-9c4e9e6594b2/1080p/video.m3u8,1080p,surrit.com
https://missav123.com/en/waaa-685-uncensored-leak,,https://surrit.com/5de19a49-fb90-49c7-887e-9c4e9e6594b2/720p/video.m3u8,720p,surrit.com
https://missav123.com/en/waaa-685-uncensored-leak,,https://surrit.com/5de19a49-fb90-49c7-887e-9c4e9e6594b2/playlist.m3u8,playlist,surrit.com
https://missav123.com/en/waaa-686-uncensored-leak,,https://surrit.com/e8cfae94-a366-4ee1-aa81-e3c7a7f1bf75/1080p/video.m3u8,1080p,surrit.com
https://missav123.com/en/waaa-686-uncensored-leak,,https://surrit.com/e8cfae94-a366-4ee1-aa81-e3c7a7f1bf75/720p/video.m3u8,720p,surrit.com
https://missav123.com/en/waaa-686-uncensored-leak,,https://surrit.com/e8cfae94-a366-4ee1-aa81-e3c7a7f1bf75/playlist.m3u8,playlist,surrit.com
https://missav123.com/en/ymdd-507-uncensored-leak,,https://surrit.com/9ef04c1e-3871-4acb-91e1-883efe920bf9/1080p/video.m3u8,1080p,surrit.com
https://missav123.com/en/ymdd-507-uncensored-leak,,https://surrit.com/9ef04c1e-3871-4acb-91e1-883efe920bf9/720p/video.m3u8,720p,surrit.com
https://missav123.com/en/ymdd-507-uncensored-leak,,https://surrit.com/9ef04c1e-3871-4acb-91e1-883efe920bf9/playlist.m3u8,playlist,surrit.com
https://missav123.com/en/ymds-307-uncensored-leak,,https://surrit.com/d20a7d9c-52db-4f17-8e13-769bf0aee3a5/1080p/video.m3u8,1080p,surrit.com
https://missav123.com/en/ymds-307-uncensored-leak,,https://surrit.com/d20a7d9c-52db-4f17-8e13-769bf0aee3a5/720p/video.m3u8,720p,surrit.com
https://missav123.com/en/ymds-307-uncensored-leak,,https://surrit.com/d20a7d9c-52db-4f17-8e13-769bf0aee3a5/playlist.m3u8,playlist,surrit.com
https://missav123.com/en/ymds-310-uncensored-leak,,https://surrit.com/1a17e79b-1845-45af-8978-ca949c129046/1080p/video.m3u8,1080p,surrit.com
https://missav123.com/en/ymds-310-uncensored-leak,,https://surrit.com/1a17e79b-1845-45af-8978-ca949c129046/720p/video.m3u8,720p,surrit.com
https://missav123.com/en/ymds-310-uncensored-leak,,https://surrit.com/1a17e79b-1845-45af-8978-ca949c129046/playlist.m3u8,playlist,surrit.com
https://missav123.com/en/ymds-311-uncensored-leak,,https://surrit.com/c3a61325-2afb-4c5d-9452-f2498aeaff86/1080p/video.m3u8,1080p,surrit.com
https://missav123.com/en/ymds-311-uncensored-leak,,https://surrit.com/c3a61325-2afb-4c5d-9452-f2498aeaff86/720p/video.m3u8,720p,surrit.com
https://missav123.com/en/ymds-311-uncensored-leak,,https://surrit.com/c3a61325-2afb-4c5d-9452-f2498aeaff86/playlist.m3u8,playlist,surrit.com
https://missav123.com/en/ymds-313,ymds-313,https://surrit.com/7c134e76-5d3d-49cf-9277-4d983eb2c61a/1080p/video.m3u8,1080p,surrit.com
https://missav123.com/en/ymds-313,ymds-313,https://surrit.com/7c134e76-5d3d-49cf-9277-4d983eb2c61a/720p/video.m3u8,720p,surrit.com
https://missav123.com/en/ymds-313,ymds-313,https://surrit.com/7c134e76-5d3d-49cf-9277-4d983eb2c61a/playlist.m3u8,playlist,surrit.com
